[{"AC": 3, "AF": 25, "AR": 0, "AS": 11, "AST": 5, "AY": 3, "AwayTeam": "Wolfsburg", "Date": "2010-08-20", "FTAG": 1, "FTHG": 2, "FTR": "H", "HC": 9, "HF": 6, "HR": 0, "HS": 17, "HST": 5, "HTAG": 0, "HTHG": 1, "HTR": "H", "HY": 1, "HomeTeam": "Bayern Munich"},{"AC": 6, "AF": 25, "AR": 0, "AS": 17, "AST": 6, "AY": 2, "AwayTeam": "Kaiserslautern", "Date": "2010-08-21", "FTAG": 3, "FTHG": 1, "FTR": "A", "HC": 5, "HF": 10, "HR": 1, "HS": 10, "HST": 4, "HTAG": 0, "HTHG": 1, "HTR": "H", "HY": 1, "HomeTeam": "FC Koln"},{"AC": 6, "AF": 13, "AR": 0, "AS": 17, "AST": 7, "AY": 0, "AwayTeam": "St Pauli", "Date": "2010-08-21", "FTAG": 3, "FTHG": 1, "FTR": "A", "HC": 3, "HF": 12, "HR": 0, "HS": 9, "HST": 3, "HTAG": 0, "HTHG": 0, "HTR": "D", "HY": 0, "HomeTeam": "Freiburg"},{"AC": 4, "AF": 17, "AR": 1, "AS": 13, "AST": 4, "AY": 0, "AwayTeam": "Schalke 04", "Date": "2010-08-21", "FTAG": 1, "FTHG": 2, "FTR": "H", "HC": 7, "HF": 11, "HR": 0, "HS": 18, "HST": 6, "HTAG": 0, "HTHG": 0, "HTR": "D", "HY": 2, "HomeTeam": "Hamburg"},{"AC": 6, "AF": 14, "AR": 0, "AS": 17, "AST": 3, "AY": 1, "AwayTeam": "Ein Frankfurt", "Date": "2010-08-21", "FTAG": 1, "FTHG": 2, "FTR": "H", "HC": 2, "HF": 9, "HR": 0, "HS": 13, "HST": 7, "HTAG": 1, "HTHG": 1, "HTR": "D", "HY": 0, "HomeTeam": "Hannover"},{"AC": 5, "AF": 16, "AR": 0, "AS": 10, "AST": 2, "AY": 2, "AwayTeam": "Werder Bremen", "Date": "2010-08-21", "FTAG": 1, "FTHG": 4, "FTR": "H", "HC": 5, "HF": 24, "HR": 0, "HS": 10, "HST": 7, "HTAG": 1, "HTHG": 4, "HTR": "H", "HY": 1, "HomeTeam": "Hoffenheim"},{"AC": 5, "AF": 18, "AR": 0, "AS": 10, "AST": 5, "AY": 1, "AwayTeam": "Nurnberg", "Date": "2010-08-21", "FTAG": 1, "FTHG": 1, "FTR": "D", "HC": 6, "HF": 15, "HR": 0, "HS": 12, "HST": 5, "HTAG": 1, "HTHG": 1, "HTR": "D", "HY": 1, "HomeTeam": "M'gladbach"},{"AC": 1, "AF": 13, "AR": 0, "AS": 15, "AST": 4, "AY": 0, "AwayTeam": "Leverkusen", "Date": "2010-08-22", "FTAG": 2, "FTHG": 0, "FTR": "A", "HC": 8, "HF": 20, "HR": 0, "HS": 14, "HST": 6, "HTAG": 2, "HTHG": 0, "HTR": "A", "HY": 0, "HomeTeam": "Dortmund"},{"AC": 4, "AF": 13, "AR": 0, "AS": 14, "AST": 5, "AY": 1, "AwayTeam": "Stuttgart", "Date": "2010-08-22", "FTAG": 0, "FTHG": 2, "FTR": "H", "HC": 5, "HF": 16, "HR": 0, "HS": 17, "HST": 6, "HTAG": 0, "HTHG": 1, "HTR": "H", "HY": 4, "HomeTeam": "Mainz"},{"AC": 7, "AF": 13, "AR": 0, "AS": 20, "AST": 3, "AY": 1, "AwayTeam": "Bayern Munich", "Date": "2010-08-27", "FTAG": 0, "FTHG": 2, "FTR": "H", "HC": 7, "HF": 24, "HR": 1, "HS": 11, "HST": 2, "HTAG": 0, "HTHG": 2, "HTR": "H", "HY": 0, "HomeTeam": "Kaiserslautern"},{"AC": 6, "AF": 12, "AR": 0, "AS": 14, "AST": 4, "AY": 1, "AwayTeam": "Hamburg", "Date": "2010-08-28", "FTAG": 3, "FTHG": 1, "FTR": "A", "HC": 4, "HF": 12, "HR": 0, "HS": 12, "HST": 7, "HTAG": 0, "HTHG": 1, "HTR": "H", "HY": 2, "HomeTeam": "Ein Frankfurt"},{"AC": 2, "AF": 28, "AR": 0, "AS": 5, "AST": 3, "AY": 1, "AwayTeam": "Freiburg", "Date": "2010-08-28", "FTAG": 2, "FTHG": 1, "FTR": "A", "HC": 4, "HF": 12, "HR": 0, "HS": 17, "HST": 4, "HTAG": 1, "HTHG": 1, "HTR": "D", "HY": 2, "HomeTeam": "Nurnberg"},{"AC": 1, "AF": 22, "AR": 0, "AS": 11, "AST": 4, "AY": 2, "AwayTeam": "Hannover", "Date": "2010-08-28", "FTAG": 2, "FTHG": 1, "FTR": "A", "HC": 15, "HF": 10, "HR": 0, "HS": 15, "HST": 5, "HTAG": 1, "HTHG": 0, "HTR": "A", "HY": 2, "HomeTeam": "Schalke 04"},{"AC": 9, "AF": 16, "AR": 0, "AS": 8, "AST": 3, "AY": 0, "AwayTeam": "Hoffenheim", "Date": "2010-08-28", "FTAG": 1, "FTHG": 0, "FTR": "A", "HC": 5, "HF": 16, "HR": 0, "HS": 12, "HST": 4, "HTAG": 0, "HTHG": 0, "HTR": "D", "HY": 2, "HomeTeam": "St Pauli"},{"AC": 7, "AF": 18, "AR": 0, "AS": 11, "AST": 5, "AY": 2, "AwayTeam": "FC Koln", "Date": "2010-08-28", "FTAG": 2, "FTHG": 4, "FTR": "H", "HC": 6, "HF": 14, "HR": 0, "HS": 17, "HST": 9, "HTAG": 1, "HTHG": 2, "HTR": "H", "HY": 1, "HomeTeam": "Werder Bremen"},{"AC": 5, "AF": 19, "AR": 0, "AS": 13, "AST": 4, "AY": 3, "AwayTeam": "Mainz", "Date": "2010-08-28", "FTAG": 4, "FTHG": 3, "FTR": "A", "HC": 5, "HF": 11, "HR": 0, "HS": 8, "HST": 4, "HTAG": 1, "HTHG": 3, "HTR": "H", "HY": 3, "HomeTeam": "Wolfsburg"},{"AC": 8, "AF": 11, "AR": 0, "AS": 16, "AST": 10, "AY": 1, "AwayTeam": "M'gladbach", "Date": "2010-08-29", "FTAG": 6, "FTHG": 3, "FTR": "A", "HC": 4, "HF": 12, "HR": 0, "HS": 12, "HST": 6, "HTAG": 3, "HTHG": 1, "HTR": "A", "HY": 1, "HomeTeam": "Leverkusen"},{"AC": 3, "AF": 18, "AR": 0, "AS": 16, "AST": 9, "AY": 2, "AwayTeam": "Dortmund", "Date": "2010-08-29", "FTAG": 3, "FTHG": 1, "FTR": "A", "HC": 7, "HF": 16, "HR": 0, "HS": 11, "HST": 5, "HTAG": 3, "HTHG": 0, "HTR": "A", "HY": 0, "HomeTeam": "Stuttgart"},{"AC": 6, "AF": 16, "AR": 0, "AS": 14, "AST": 5, "AY": 1, "AwayTeam": "Schalke 04", "Date": "2010-09-10", "FTAG": 0, "FTHG": 2, "FTR": "H", "HC": 3, "HF": 18, "HR": 0, "HS": 23, "HST": 8, "HTAG": 0, "HTHG": 1, "HTR": "H", "HY": 1, "HomeTeam": "Hoffenheim"},{"AC": 4, "AF": 13, "AR": 0, "AS": 13, "AST": 3, "AY": 0, "AwayTeam": "Werder Bremen", "Date": "2010-09-11", "FTAG": 0, "FTHG": 0, "FTR": "D", "HC": 11, "HF": 14, "HR": 0, "HS": 14, "HST": 7, "HTAG": 0, "HTHG": 0, "HTR": "D", "HY": 0, "HomeTeam": "Bayern Munich"},{"AC": 0, "AF": 23, "AR": 0, "AS": 6, "AST": 1, "AY": 3, "AwayTeam": "Wolfsburg", "Date": "2010-09-11", "FTAG": 0, "FTHG": 2, "FTR": "H", "HC": 4, "HF": 18, "HR": 0, "HS": 20, "HST": 10, "HTAG": 0, "HTHG": 0, "HTR": "D", "HY": 2, "HomeTeam": "Dortmund"},{"AC": 7, "AF": 17, "AR": 0, "AS": 18, "AST": 8, "AY": 1, "AwayTeam": "Stuttgart", "Date": "2010-09-11", "FTAG": 1, "FTHG": 2, "FTR": "H", "HC": 6, "HF": 20, "HR": 0, "HS": 19, "HST": 5, "HTAG": 1, "HTHG": 0, "HTR": "A", "HY": 1, "HomeTeam": "Freiburg"},{"AC": 2, "AF": 18, "AR": 0, "AS": 10, "AST": 3, "AY": 3, "AwayTeam": "Nurnberg", "Date": "2010-09-11", "FTAG": 1, "FTHG": 1, "FTR": "D", "HC": 4, "HF": 12, "HR": 0, "HS": 7, "HST": 2, "HTAG": 0, "HTHG": 0, "HTR": "D", "HY": 3, "HomeTeam": "Hamburg"},{"AC": 5, "AF": 14, "AR": 0, "AS": 12, "AST": 4, "AY": 4, "AwayTeam": "Leverkusen", "Date": "2010-09-11", "FTAG": 2, "FTHG": 2, "FTR": "D", "HC": 6, "HF": 18, "HR": 1, "HS": 9, "HST": 3, "HTAG": 0, "HTHG": 1, "HTR": "H", "HY": 2, "HomeTeam": "Hannover"},{"AC": 6, "AF": 12, "AR": 0, "AS": 11, "AST": 6, "AY": 2, "AwayTeam": "Ein Frankfurt", "Date": "2010-09-11", "FTAG": 4, "FTHG": 0, "FTR": "A", "HC": 9, "HF": 18, "HR": 0, "HS": 16, "HST": 5, "HTAG": 2, "HTHG": 0, "HTR": "A", "HY": 3, "HomeTeam": "M'gladbach"},{"AC": 10, "AF": 15, "AR": 0, "AS": 11, "AST": 1, "AY": 3, "AwayTeam": "St Pauli", "Date": "2010-09-12", "FTAG": 0, "FTHG": 1, "FTR": "H", "HC": 6, "HF": 19, "HR": 0, "HS": 15, "HST": 6, "HTAG": 0, "HTHG": 1, "HTR": "H", "HY": 3, "HomeTeam": "FC Koln"},{"AC": 7, "AF": 25, "AR": 0, "AS": 10, "AST": 4, "AY": 5, "AwayTeam": "Kaiserslautern", "Date": "2010-09-12", "FTAG": 1, "FTHG": 2, "FTR": "H", "HC": 2, "HF": 12, "HR": 0, "HS": 16, "HST": 5, "HTAG": 1, "HTHG": 0, "HTR": "A", "HY": 1, "HomeTeam": "Mainz"},{"AC": 4, "AF": 17, "AR": 0, "AS": 17, "AST": 5, "AY": 2, "AwayTeam": "Freiburg", "Date": "2010-09-17", "FTAG": 1, "FTHG": 0, "FTR": "A", "HC": 4, "HF": 13, "HR": 0, "HS": 10, "HST": 3, "HTAG": 0, "HTHG": 0, "HTR": "D", "HY": 1, "HomeTeam": "Ein Frankfurt"},{"AC": 1, "AF": 20, "AR": 0, "AS": 8, "AST": 2, "AY": 1, "AwayTeam": "FC Koln", "Date": "2010-09-18", "FTAG": 0, "FTHG": 0, "FTR": "D", "HC": 10, "HF": 10, "HR": 0, "HS": 21, "HST": 4, "HTAG": 0, "HTHG": 0, "HTR": "D", "HY": 0, "HomeTeam": "Bayern Munich"},{"AC": 3, "AF": 16, "AR": 0, "AS": 6, "AST": 4, "AY": 0, "AwayTeam": "Hoffenheim", "Date": "2010-09-18", "FTAG": 2, "FTHG": 2, "FTR": "D", "HC": 9, "HF": 17, "HR": 0, "HS": 16, "HST": 5, "HTAG": 1, "HTHG": 0, "HTR": "A", "HY": 1, "HomeTeam": "Kaiserslautern"},{"AC": 4, "AF": 15, "AR": 0, "AS": 7, "AST": 2, "AY": 2, "AwayTeam": "M'gladbach", "Date": "2010-09-18", "FTAG": 0, "FTHG": 7, "FTR": "H", "HC": 8, "HF": 10, "HR": 0, "HS": 24, "HST": 12, "HTAG": 0, "HTHG": 2, "HTR": "H", "HY": 0, "HomeTeam": "Stuttgart"},{"AC": 6, "AF": 10, "AR": 0, "AS": 11, "AST": 7, "AY": 1, "AwayTeam": "Mainz", "Date": "2010-09-18", "FTAG": 2, "FTHG": 0, "FTR": "A", "HC": 5, "HF": 11, "HR": 0, "HS": 12, "HST": 4, "HTAG": 0, "HTHG": 0, "HTR": "D", "HY": 1, "HomeTeam": "Werder Bremen"},{"AC": 5, "AF": 17, "AR": 0, "AS": 9, "AST": 1, "AY": 2, "AwayTeam": "Hannover", "Date": "2010-09-18", "FTAG": 0, "FTHG": 2, "FTR": "H", "HC": 3, "HF": 13, "HR": 0, "HS": 12, "HST": 6, "HTAG": 0, "HTHG": 0, "HTR": "D", "HY": 2, "HomeTeam": "Wolfsburg"},{"AC": 2, "AF": 16, "AR": 0, "AS": 7, "AST": 2, "AY": 2, "AwayTeam": "Nurnberg", "Date": "2010-09-19", "FTAG": 0, "FTHG": 0, "FTR": "D", "HC": 3, "HF": 10, "HR": 0, "HS": 10, "HST": 3, "HTAG": 0, "HTHG": 0, "HTR": "D", "HY": 1, "HomeTeam": "Leverkusen"},{"AC": 10, "AF": 15, "AR": 0, "AS": 23, "AST": 11, "AY": 3, "AwayTeam": "Dortmund", "Date": "2010-09-19", "FTAG": 3, "FTHG": 1, "FTR": "A", "HC": 4, "HF": 16, "HR": 1, "HS": 8, "HST": 1, "HTAG": 1, "HTHG": 0, "HTR": "A", "HY": 0, "HomeTeam": "Schalke 04"},{"AC": 5, "AF": 15, "AR": 0, "AS": 10, "AST": 2, "AY": 2, "AwayTeam": "Hamburg", "Date": "2010-09-19", "FTAG": 1, "FTHG": 1, "FTR": "D", "HC": 6, "HF": 19, "HR": 0, "HS": 7, "HST": 3, "HTAG": 0, "HTHG": 0, "HTR": "D", "HY": 2, "HomeTeam": "St Pauli"},{"AC": 2, "AF": 18, "AR": 0, "AS": 12, "AST": 2, "AY": 3, "AwayTeam": "Werder Bremen", "Date": "2010-09-21", "FTAG": 1, "FTHG": 4, "FTR": "H", "HC": 5, "HF": 21, "HR": 0, "HS": 14, "HST": 8, "HTAG": 1, "HTHG": 1, "HTR": "D", "HY": 2, "HomeTeam": "Hannover"},{"AC": 8, "AF": 15, "AR": 0, "AS": 12, "AST": 6, "AY": 2, "AwayTeam": "Bayern Munich", "Date": "2010-09-21", "FTAG": 2, "FTHG": 1, "FTR": "A", "HC": 3, "HF": 12, "HR": 0, "HS": 11, "HST": 3, "HTAG": 0, "HTHG": 1, "HTR": "H", "HY": 1, "HomeTeam": "Hoffenheim"},{"AC": 1, "AF": 21, "AR": 0, "AS": 8, "AST": 2, "AY": 3, "AwayTeam": "FC Koln", "Date": "2010-09-21", "FTAG": 0, "FTHG": 2, "FTR": "H", "HC": 9, "HF": 17, "HR": 0, "HS": 20, "HST": 7, "HTAG": 0, "HTHG": 0, "HTR": "D", "HY": 3, "HomeTeam": "Mainz"},{"AC": 4, "AF": 16, "AR": 0, "AS": 9, "AST": 3, "AY": 4, "AwayTeam": "Kaiserslautern", "Date": "2010-09-22", "FTAG": 0, "FTHG": 5, "FTR": "H", "HC": 1, "HF": 8, "HR": 0, "HS": 21, "HST": 11, "HTAG": 0, "HTHG": 2, "HTR": "H", "HY": 1, "HomeTeam": "Dortmund"},{"AC": 2, "AF": 12, "AR": 0, "AS": 7, "AST": 6, "AY": 3, "AwayTeam": "Schalke 04", "Date": "2010-09-22", "FTAG": 2, "FTHG": 1, "FTR": "A", "HC": 7, "HF": 16, "HR": 1, "HS": 8, "HST": 1, "HTAG": 1, "HTHG": 0, "HTR": "A", "HY": 3, "HomeTeam": "Freiburg"},{"AC": 1, "AF": 15, "AR": 0, "AS": 8, "AST": 4, "AY": 0, "AwayTeam": "Wolfsburg", "Date": "2010-09-22", "FTAG": 3, "FTHG": 1, "FTR": "A", "HC": 15, "HF": 10, "HR": 0, "HS": 19, "HST": 7, "HTAG": 1, "HTHG": 1, "HTR": "D", "HY": 0, "HomeTeam": "Hamburg"},{"AC": 7, "AF": 18, "AR": 1, "AS": 7, "AST": 3, "AY": 1, "AwayTeam": "Ein Frankfurt", "Date": "2010-09-22", "FTAG": 1, "FTHG": 2, "FTR": "H", "HC": 4, "HF": 9, "HR": 0, "HS": 13, "HST": 4, "HTAG": 1, "HTHG": 1, "HTR": "D", "HY": 2, "HomeTeam": "Leverkusen"},{"AC": 7, "AF": 17, "AR": 0, "AS": 11, "AST": 5, "AY": 2, "AwayTeam": "St Pauli", "Date": "2010-09-22", "FTAG": 2, "FTHG": 1, "FTR": "A", "HC": 2, "HF": 18, "HR": 1, "HS": 16, "HST": 5, "HTAG": 0, "HTHG": 1, "HTR": "H", "HY": 1, "HomeTeam": "M'gladbach"},{"AC": 5, "AF": 17, "AR": 0, "AS": 9, "AST": 2, "AY": 3, "AwayTeam": "Stuttgart", "Date": "2010-09-22", "FTAG": 1, "FTHG": 2, "FTR": "H", "HC": 0, "HF": 17, "HR": 1, "HS": 11, "HST": 3, "HTAG": 0, "HTHG": 1, "HTR": "H", "HY": 3, "HomeTeam": "Nurnberg"},{"AC": 9, "AF": 20, "AR": 0, "AS": 13, "AST": 4, "AY": 1, "AwayTeam": "Hoffenheim", "Date": "2010-09-24", "FTAG": 1, "FTHG": 1, "FTR": "D", "HC": 8, "HF": 16, "HR": 0, "HS": 13, "HST": 6, "HTAG": 0, "HTHG": 1, "HTR": "H", "HY": 3, "HomeTeam": "FC Koln"},{"AC": 5, "AF": 27, "AR": 0, "AS": 7, "AST": 4, "AY": 2, "AwayTeam": "Mainz", "Date": "2010-09-25", "FTAG": 2, "FTHG": 1, "FTR": "A", "HC": 7, "HF": 11, "HR": 0, "HS": 14, "HST": 4, "HTAG": 1, "HTHG": 1, "HTR": "D", "HY": 0, "HomeTeam": "Bayern Munich"},{"AC": 5, "AF": 14, "AR": 0, "AS": 15, "AST": 1, "AY": 1, "AwayTeam": "Nurnberg", "Date": "2010-09-25", "FTAG": 0, "FTHG": 2, "FTR": "H", "HC": 7, "HF": 17, "HR": 0, "HS": 12, "HST": 4, "HTAG": 0, "HTHG": 1, "HTR": "H", "HY": 4, "HomeTeam": "Ein Frankfurt"},{"AC": 2, "AF": 23, "AR": 1, "AS": 11, "AST": 6, "AY": 4, "AwayTeam": "M'gladbach", "Date": "2010-09-25", "FTAG": 2, "FTHG": 2, "FTR": "D", "HC": 11, "HF": 18, "HR": 0, "HS": 22, "HST": 8, "HTAG": 2, "HTHG": 0, "HTR": "A", "HY": 1, "HomeTeam": "Schalke 04"},{"AC": 3, "AF": 20, "AR": 0, "AS": 11, "AST": 6, "AY": 0, "AwayTeam": "Dortmund", "Date": "2010-09-25", "FTAG": 3, "FTHG": 1, "FTR": "A", "HC": 9, "HF": 12, "HR": 0, "HS": 11, "HST": 2, "HTAG": 1, "HTHG": 1, "HTR": "D", "HY": 0, "HomeTeam": "St Pauli"},{"AC": 7, "AF": 26, "AR": 0, "AS": 16, "AST": 9, "AY": 1, "AwayTeam": "Leverkusen", "Date": "2010-09-25", "FTAG": 4, "FTHG": 1, "FTR": "A", "HC": 3, "HF": 24, "HR": 1, "HS": 6, "HST": 1, "HTAG": 2, "HTHG": 0, "HTR": "A", "HY": 2, "HomeTeam": "Stuttgart"},{"AC": 7, "AF": 16, "AR": 0, "AS": 13, "AST": 5, "AY": 2, "AwayTeam": "Hamburg", "Date": "2010-09-25", "FTAG": 2, "FTHG": 3, "FTR": "H", "HC": 3, "HF": 19, "HR": 0, "HS": 15, "HST": 7, "HTAG": 0, "HTHG": 2, "HTR": "H", "HY": 2, "HomeTeam": "Werder Bremen"},{"AC": 4, "AF": 20, "AR": 0, "AS": 5, "AST": 2, "AY": 3, "AwayTeam": "Hannover", "Date": "2010-09-26", "FTAG": 1, "FTHG": 0, "FTR": "A", "HC": 7, "HF": 18, "HR": 0, "HS": 19, "HST": 5, "HTAG": 1, "HTHG": 0, "HTR": "A", "HY": 0, "HomeTeam": "Kaiserslautern"},{"AC": 3, "AF": 17, "AR": 0, "AS": 15, "AST": 5, "AY": 2, "AwayTeam": "Freiburg", "Date": "2010-09-26", "FTAG": 1, "FTHG": 2, "FTR": "H", "HC": 5, "HF": 13, "HR": 0, "HS": 13, "HST": 5, "HTAG": 1, "HTHG": 1, "HTR": "D", "HY": 1, "HomeTeam": "Wolfsburg"},{"AC": 3, "AF": 16, "AR": 0, "AS": 10, "AST": 4, "AY": 2, "AwayTeam": "St Pauli", "Date": "2010-10-01", "FTAG": 1, "FTHG": 0, "FTR": "A", "HC": 3, "HF": 15, "HR": 1, "HS": 7, "HST": 2, "HTAG": 1, "HTHG": 0, "HTR": "A", "HY": 2, "HomeTeam": "Hannover"},{"AC": 4, "AF": 19, "AR": 0, "AS": 12, "AST": 5, "AY": 4, "AwayTeam": "FC Koln", "Date": "2010-10-02", "FTAG": 2, "FTHG": 3, "FTR": "H", "HC": 5, "HF": 10, "HR": 0, "HS": 13, "HST": 4, "HTAG": 1, "HTHG": 2, "HTR": "H", "HY": 1, "HomeTeam": "Freiburg"},{"AC": 7, "AF": 29, "AR": 0, "AS": 8, "AST": 2, "AY": 2, "AwayTeam": "Kaiserslautern", "Date": "2010-10-02", "FTAG": 1, "FTHG": 2, "FTR": "H", "HC": 8, "HF": 13, "HR": 0, "HS": 12, "HST": 5, "HTAG": 1, "HTHG": 0, "HTR": "A", "HY": 1, "HomeTeam": "Hamburg"},{"AC": 11, "AF": 22, "AR": 1, "AS": 17, "AST": 6, "AY": 5, "AwayTeam": "Hoffenheim", "Date": "2010-10-02", "FTAG": 2, "FTHG": 4, "FTR": "H", "HC": 4, "HF": 15, "HR": 0, "HS": 12, "HST": 5, "HTAG": 1, "HTHG": 1, "HTR": "D", "HY": 1, "HomeTeam": "Mainz"},{"AC": 3, "AF": 15, "AR": 0, "AS": 11, "AST": 2, "AY": 2, "AwayTeam": "Wolfsburg", "Date": "2010-10-02", "FTAG": 1, "FTHG": 1, "FTR": "D", "HC": 5, "HF": 9, "HR": 0, "HS": 26, "HST": 8, "HTAG": 1, "HTHG": 0, "HTR": "A", "HY": 2, "HomeTeam": "M'gladbach"},{"AC": 5, "AF": 22, "AR": 1, "AS": 6, "AST": 2, "AY": 3, "AwayTeam": "Schalke 04", "Date": "2010-10-02", "FTAG": 1, "FTHG": 2, "FTR": "H", "HC": 5, "HF": 11, "HR": 0, "HS": 10, "HST": 4, "HTAG": 0, "HTHG": 0, "HTR": "D", "HY": 1, "HomeTeam": "Nurnberg"},{"AC": 8, "AF": 17, "AR": 0, "AS": 9, "AST": 2, "AY": 3, "AwayTeam": "Bayern Munich", "Date": "2010-10-03", "FTAG": 0, "FTHG": 2, "FTR": "H", "HC": 1, "HF": 17, "HR": 0, "HS": 13, "HST": 3, "HTAG": 0, "HTHG": 0, "HTR": "D", "HY": 0, "HomeTeam": "Dortmund"},{"AC": 3, "AF": 19, "AR": 0, "AS": 10, "AST": 3, "AY": 4, "AwayTeam": "Werder Bremen", "Date": "2010-10-03", "FTAG": 2, "FTHG": 2, "FTR": "D", "HC": 4, "HF": 13, "HR": 0, "HS": 17, "HST": 6, "HTAG": 0, "HTHG": 1, "HTR": "H", "HY": 2, "HomeTeam": "Leverkusen"},{"AC": 3, "AF": 15, "AR": 0, "AS": 12, "AST": 3, "AY": 4, "AwayTeam": "Ein Frankfurt", "Date": "2010-10-03", "FTAG": 2, "FTHG": 1, "FTR": "A", "HC": 6, "HF": 16, "HR": 1, "HS": 13, "HST": 5, "HTAG": 1, "HTHG": 0, "HTR": "A", "HY": 2, "HomeTeam": "Stuttgart"},{"AC": 2, "AF": 17, "AR": 0, "AS": 20, "AST": 5, "AY": 4, "AwayTeam": "Dortmund", "Date": "2010-10-15", "FTAG": 2, "FTHG": 1, "FTR": "A", "HC": 4, "HF": 24, "HR": 0, "HS": 16, "HST": 5, "HTAG": 1, "HTHG": 0, "HTR": "A", "HY": 2, "HomeTeam": "FC Koln"},{"AC": 3, "AF": 18, "AR": 0, "AS": 7, "AST": 1, "AY": 1, "AwayTeam": "Hannover", "Date": "2010-10-16", "FTAG": 0, "FTHG": 3, "FTR": "H", "HC": 5, "HF": 9, "HR": 0, "HS": 15, "HST": 8, "HTAG": 0, "HTHG": 1, "HTR": "H", "HY": 3, "HomeTeam": "Bayern Munich"},{"AC": 4, "AF": 14, "AR": 0, "AS": 12, "AST": 4, "AY": 3, "AwayTeam": "Hamburg", "Date": "2010-10-16", "FTAG": 1, "FTHG": 0, "FTR": "A", "HC": 7, "HF": 14, "HR": 0, "HS": 13, "HST": 5, "HTAG": 0, "HTHG": 0, "HTR": "D", "HY": 1, "HomeTeam": "Mainz"},{"AC": 3, "AF": 13, "AR": 0, "AS": 10, "AST": 6, "AY": 3, "AwayTeam": "Stuttgart", "Date": "2010-10-16", "FTAG": 2, "FTHG": 2, "FTR": "D", "HC": 7, "HF": 16, "HR": 0, "HS": 16, "HST": 5, "HTAG": 1, "HTHG": 1, "HTR": "D", "HY": 0, "HomeTeam": "Schalke 04"},{"AC": 6, "AF": 18, "AR": 0, "AS": 14, "AST": 6, "AY": 3, "AwayTeam": "Nurnberg", "Date": "2010-10-16", "FTAG": 2, "FTHG": 3, "FTR": "H", "HC": 6, "HF": 14, "HR": 0, "HS": 14, "HST": 7, "HTAG": 0, "HTHG": 1, "HTR": "H", "HY": 2, "HomeTeam": "St Pauli"},{"AC": 0, "AF": 19, "AR": 0, "AS": 13, "AST": 3, "AY": 0, "AwayTeam": "Freiburg", "Date": "2010-10-16", "FTAG": 1, "FTHG": 2, "FTR": "H", "HC": 11, "HF": 13, "HR": 0, "HS": 21, "HST": 6, "HTAG": 0, "HTHG": 1, "HTR": "H", "HY": 0, "HomeTeam": "Werder Bremen"},{"AC": 7, "AF": 15, "AR": 0, "AS": 16, "AST": 5, "AY": 5, "AwayTeam": "Leverkusen", "Date": "2010-10-16", "FTAG": 3, "FTHG": 2, "FTR": "A", "HC": 5, "HF": 14, "HR": 0, "HS": 9, "HST": 5, "HTAG": 0, "HTHG": 1, "HTR": "H", "HY": 1, "HomeTeam": "Wolfsburg"},{"AC": 6, "AF": 19, "AR": 2, "AS": 12, "AST": 6, "AY": 3, "AwayTeam": "M'gladbach", "Date": "2010-10-17", "FTAG": 2, "FTHG": 3, "FTR": "H", "HC": 9, "HF": 23, "HR": 0, "HS": 27, "HST": 6, "HTAG": 1, "HTHG": 0, "HTR": "A", "HY": 1, "HomeTeam": "Hoffenheim"},{"AC": 2, "AF": 16, "AR": 0, "AS": 9, "AST": 6, "AY": 3, "AwayTeam": "Ein Frankfurt", "Date": "2010-10-17", "FTAG": 3, "FTHG": 0, "FTR": "A", "HC": 4, "HF": 18, "HR": 0, "HS": 10, "HST": 3, "HTAG": 1, "HTHG": 0, "HTR": "A", "HY": 1, "HomeTeam": "Kaiserslautern"},{"AC": 2, "AF": 13, "AR": 0, "AS": 11, "AST": 1, "AY": 2, "AwayTeam": "Bayern Munich", "Date": "2010-10-22", "FTAG": 0, "FTHG": 0, "FTR": "D", "HC": 5, "HF": 7, "HR": 0, "HS": 16, "HST": 3, "HTAG": 0, "HTHG": 0, "HTR": "D", "HY": 1, "HomeTeam": "Hamburg"},{"AC": 5, "AF": 19, "AR": 0, "AS": 5, "AST": 2, "AY": 1, "AwayTeam": "Schalke 04", "Date": "2010-10-23", "FTAG": 0, "FTHG": 0, "FTR": "D", "HC": 8, "HF": 11, "HR": 0, "HS": 17, "HST": 1, "HTAG": 0, "HTHG": 0, "HTR": "D", "HY": 2, "HomeTeam": "Ein Frankfurt"},{"AC": 7, "AF": 15, "AR": 0, "AS": 17, "AST": 2, "AY": 1, "AwayTeam": "Kaiserslautern", "Date": "2010-10-23", "FTAG": 1, "FTHG": 2, "FTR": "H", "HC": 6, "HF": 18, "HR": 0, "HS": 13, "HST": 5, "HTAG": 1, "HTHG": 1, "HTR": "D", "HY": 2, "HomeTeam": "Freiburg"},{"AC": 11, "AF": 18, "AR": 0, "AS": 9, "AST": 2, "AY": 1, "AwayTeam": "FC Koln", "Date": "2010-10-23", "FTAG": 1, "FTHG": 2, "FTR": "H", "HC": 3, "HF": 15, "HR": 0, "HS": 8, "HST": 4, "HTAG": 0, "HTHG": 2, "HTR": "H", "HY": 1, "HomeTeam": "Hannover"},{"AC": 3, "AF": 19, "AR": 0, "AS": 14, "AST": 7, "AY": 2, "AwayTeam": "Werder Bremen", "Date": "2010-10-23", "FTAG": 4, "FTHG": 1, "FTR": "A", "HC": 3, "HF": 16, "HR": 0, "HS": 17, "HST": 9, "HTAG": 2, "HTHG": 0, "HTR": "A", "HY": 2, "HomeTeam": "M'gladbach"},{"AC": 4, "AF": 15, "AR": 0, "AS": 8, "AST": 2, "AY": 3, "AwayTeam": "Wolfsburg", "Date": "2010-10-23", "FTAG": 1, "FTHG": 2, "FTR": "H", "HC": 4, "HF": 12, "HR": 0, "HS": 17, "HST": 4, "HTAG": 1, "HTHG": 1, "HTR": "D", "HY": 1, "HomeTeam": "Nurnberg"},{"AC": 3, "AF": 31, "AR": 1, "AS": 9, "AST": 5, "AY": 3, "AwayTeam": "Hoffenheim", "Date": "2010-10-24", "FTAG": 1, "FTHG": 1, "FTR": "D", "HC": 8, "HF": 8, "HR": 0, "HS": 17, "HST": 4, "HTAG": 1, "HTHG": 0, "HTR": "A", "HY": 1, "HomeTeam": "Dortmund"},{"AC": 3, "AF": 20, "AR": 0, "AS": 10, "AST": 4, "AY": 1, "AwayTeam": "Mainz", "Date": "2010-10-24", "FTAG": 1, "FTHG": 0, "FTR": "A", "HC": 9, "HF": 16, "HR": 0, "HS": 16, "HST": 2, "HTAG": 0, "HTHG": 0, "HTR": "D", "HY": 0, "HomeTeam": "Leverkusen"},{"AC": 4, "AF": 19, "AR": 0, "AS": 17, "AST": 5, "AY": 2, "AwayTeam": "St Pauli", "Date": "2010-10-24", "FTAG": 0, "FTHG": 2, "FTR": "H", "HC": 5, "HF": 16, "HR": 0, "HS": 15, "HST": 7, "HTAG": 0, "HTHG": 1, "HTR": "H", "HY": 3, "HomeTeam": "Stuttgart"},{"AC": 1, "AF": 12, "AR": 0, "AS": 6, "AST": 2, "AY": 3, "AwayTeam": "Freiburg", "Date": "2010-10-29", "FTAG": 2, "FTHG": 4, "FTR": "H", "HC": 4, "HF": 8, "HR": 0, "HS": 16, "HST": 5, "HTAG": 0, "HTHG": 1, "HTR": "H", "HY": 0, "HomeTeam": "Bayern Munich"},{"AC": 3, "AF": 22, "AR": 0, "AS": 11, "AST": 4, "AY": 1, "AwayTeam": "Hamburg", "Date": "2010-10-30", "FTAG": 2, "FTHG": 3, "FTR": "H", "HC": 6, "HF": 21, "HR": 0, "HS": 8, "HST": 3, "HTAG": 2, "HTHG": 2, "HTR": "D", "HY": 2, "HomeTeam": "FC Koln"},{"AC": 4, "AF": 15, "AR": 0, "AS": 13, "AST": 3, "AY": 1, "AwayTeam": "M'gladbach", "Date": "2010-10-30", "FTAG": 0, "FTHG": 3, "FTR": "H", "HC": 9, "HF": 22, "HR": 0, "HS": 14, "HST": 5, "HTAG": 0, "HTHG": 0, "HTR": "D", "HY": 2, "HomeTeam": "Kaiserslautern"},{"AC": 5, "AF": 10, "AR": 0, "AS": 11, "AST": 3, "AY": 0, "AwayTeam": "Leverkusen", "Date": "2010-10-30", "FTAG": 1, "FTHG": 0, "FTR": "A", "HC": 5, "HF": 21, "HR": 0, "HS": 7, "HST": 4, "HTAG": 0, "HTHG": 0, "HTR": "D", "HY": 1, "HomeTeam": "Schalke 04"},{"AC": 4, "AF": 18, "AR": 0, "AS": 8, "AST": 4, "AY": 2, "AwayTeam": "Ein Frankfurt", "Date": "2010-10-30", "FTAG": 3, "FTHG": 1, "FTR": "A", "HC": 6, "HF": 22, "HR": 1, "HS": 14, "HST": 3, "HTAG": 1, "HTHG": 1, "HTR": "D", "HY": 2, "HomeTeam": "St Pauli"},{"AC": 2, "AF": 15, "AR": 0, "AS": 17, "AST": 8, "AY": 2, "AwayTeam": "Nurnberg", "Date": "2010-10-30", "FTAG": 3, "FTHG": 2, "FTR": "A", "HC": 4, "HF": 23, "HR": 0, "HS": 12, "HST": 6, "HTAG": 1, "HTHG": 1, "HTR": "D", "HY": 2, "HomeTeam": "Werder Bremen"},{"AC": 4, "AF": 14, "AR": 0, "AS": 12, "AST": 6, "AY": 2, "AwayTeam": "Stuttgart", "Date": "2010-10-30", "FTAG": 0, "FTHG": 2, "FTR": "H", "HC": 7, "HF": 12, "HR": 0, "HS": 18, "HST": 9, "HTAG": 0, "HTHG": 1, "HTR": "H", "HY": 0, "HomeTeam": "Wolfsburg"},{"AC": 2, "AF": 15, "AR": 1, "AS": 5, "AST": 2, "AY": 1, "AwayTeam": "Hannover", "Date": "2010-10-31", "FTAG": 0, "FTHG": 4, "FTR": "H", "HC": 4, "HF": 10, "HR": 0, "HS": 18, "HST": 7, "HTAG": 0, "HTHG": 1, "HTR": "H", "HY": 1, "HomeTeam": "Hoffenheim"},{"AC": 8, "AF": 25, "AR": 0, "AS": 17, "AST": 8, "AY": 0, "AwayTeam": "Dortmund", "Date": "2010-10-31", "FTAG": 2, "FTHG": 0, "FTR": "A", "HC": 5, "HF": 13, "HR": 0, "HS": 11, "HST": 4, "HTAG": 1, "HTHG": 0, "HTR": "A", "HY": 1, "HomeTeam": "Mainz"},{"AC": 3, "AF": 11, "AR": 0, "AS": 6, "AST": 0, "AY": 2, "AwayTeam": "St Pauli", "Date": "2010-11-05", "FTAG": 0, "FTHG": 3, "FTR": "H", "HC": 5, "HF": 15, "HR": 0, "HS": 13, "HST": 6, "HTAG": 0, "HTHG": 1, "HTR": "H", "HY": 1, "HomeTeam": "Schalke 04"},{"AC": 4, "AF": 25, "AR": 0, "AS": 13, "AST": 7, "AY": 2, "AwayTeam": "Wolfsburg", "Date": "2010-11-06", "FTAG": 1, "FTHG": 3, "FTR": "H", "HC": 3, "HF": 18, "HR": 0, "HS": 15, "HST": 8, "HTAG": 0, "HTHG": 2, "HTR": "H", "HY": 1, "HomeTeam": "Ein Frankfurt"},{"AC": 9, "AF": 17, "AR": 0, "AS": 6, "AST": 1, "AY": 1, "AwayTeam": "Mainz", "Date": "2010-11-06", "FTAG": 0, "FTHG": 1, "FTR": "H", "HC": 3, "HF": 18, "HR": 0, "HS": 14, "HST": 4, "HTAG": 0, "HTHG": 0, "HTR": "D", "HY": 2, "HomeTeam": "Freiburg"},{"AC": 6, "AF": 27, "AR": 0, "AS": 13, "AST": 6, "AY": 4, "AwayTeam": "Hoffenheim", "Date": "2010-11-06", "FTAG": 1, "FTHG": 2, "FTR": "H", "HC": 8, "HF": 15, "HR": 0, "HS": 18, "HST": 2, "HTAG": 1, "HTHG": 1, "HTR": "D", "HY": 1, "HomeTeam": "Hamburg"},{"AC": 9, "AF": 8, "AR": 0, "AS": 16, "AST": 6, "AY": 0, "AwayTeam": "Bayern Munich", "Date": "2010-11-06", "FTAG": 3, "FTHG": 3, "FTR": "D", "HC": 2, "HF": 14, "HR": 0, "HS": 9, "HST": 4, "HTAG": 2, "HTHG": 1, "HTR": "A", "HY": 1, "HomeTeam": "M'gladbach"},{"AC": 7, "AF": 15, "AR": 0, "AS": 7, "AST": 4, "AY": 1, "AwayTeam": "FC Koln", "Date": "2010-11-06", "FTAG": 1, "FTHG": 3, "FTR": "H", "HC": 13, "HF": 8, "HR": 0, "HS": 20, "HST": 6, "HTAG": 1, "HTHG": 2, "HTR": "H", "HY": 1, "HomeTeam": "Nurnberg"},{"AC": 4, "AF": 10, "AR": 0, "AS": 19, "AST": 13, "AY": 2, "AwayTeam": "Dortmund", "Date": "2010-11-07", "FTAG": 4, "FTHG": 0, "FTR": "A", "HC": 2, "HF": 18, "HR": 1, "HS": 7, "HST": 2, "HTAG": 1, "HTHG": 0, "HTR": "A", "HY": 0, "HomeTeam": "Hannover"},{"AC": 2, "AF": 20, "AR": 0, "AS": 12, "AST": 4, "AY": 3, "AwayTeam": "Kaiserslautern", "Date": "2010-11-07", "FTAG": 1, "FTHG": 3, "FTR": "H", "HC": 6, "HF": 14, "HR": 0, "HS": 25, "HST": 7, "HTAG": 1, "HTHG": 1, "HTR": "D", "HY": 1, "HomeTeam": "Leverkusen"},{"AC": 7, "AF": 15, "AR": 0, "AS": 11, "AST": 4, "AY": 0, "AwayTeam": "Werder Bremen", "Date": "2010-11-07", "FTAG": 0, "FTHG": 6, "FTR": "H", "HC": 5, "HF": 10, "HR": 0, "HS": 16, "HST": 12, "HTAG": 0, "HTHG": 3, "HTR": "H", "HY": 1, "HomeTeam": "Stuttgart"},{"AC": 0, "AF": 17, "AR": 0, "AS": 7, "AST": 1, "AY": 1, "AwayTeam": "Hamburg", "Date": "2010-11-12", "FTAG": 0, "FTHG": 2, "FTR": "H", "HC": 4, "HF": 22, "HR": 0, "HS": 11, "HST": 4, "HTAG": 0, "HTHG": 0, "HTR": "D", "HY": 0, "HomeTeam": "Dortmund"},{"AC": 7, "AF": 19, "AR": 0, "AS": 19, "AST": 4, "AY": 2, "AwayTeam": "M'gladbach", "Date": "2010-11-13", "FTAG": 4, "FTHG": 0, "FTR": "A", "HC": 6, "HF": 16, "HR": 0, "HS": 17, "HST": 3, "HTAG": 0, "HTHG": 0, "HTR": "D", "HY": 0, "HomeTeam": "FC Koln"},{"AC": 4, "AF": 18, "AR": 0, "AS": 12, "AST": 7, "AY": 2, "AwayTeam": "Stuttgart", "Date": "2010-11-13", "FTAG": 3, "FTHG": 3, "FTR": "D", "HC": 3, "HF": 17, "HR": 0, "HS": 16, "HST": 5, "HTAG": 2, "HTHG": 0, "HTR": "A", "HY": 3, "HomeTeam": "Kaiserslautern"},{"AC": 7, "AF": 22, "AR": 1, "AS": 12, "AST": 5, "AY": 1, "AwayTeam": "Hannover", "Date": "2010-11-13", "FTAG": 1, "FTHG": 0, "FTR": "A", "HC": 3, "HF": 14, "HR": 0, "HS": 12, "HST": 2, "HTAG": 1, "HTHG": 0, "HTR": "A", "HY": 0, "HomeTeam": "Mainz"},{"AC": 3, "AF": 16, "AR": 0, "AS": 23, "AST": 8, "AY": 4, "AwayTeam": "Leverkusen", "Date": "2010-11-13", "FTAG": 1, "FTHG": 0, "FTR": "A", "HC": 1, "HF": 22, "HR": 0, "HS": 8, "HST": 1, "HTAG": 0, "HTHG": 0, "HTR": "D", "HY": 3, "HomeTeam": "St Pauli"},{"AC": 3, "AF": 9, "AR": 0, "AS": 13, "AST": 1, "AY": 1, "AwayTeam": "Ein Frankfurt", "Date": "2010-11-13", "FTAG": 0, "FTHG": 0, "FTR": "D", "HC": 10, "HF": 14, "HR": 0, "HS": 18, "HST": 7, "HTAG": 0, "HTHG": 0, "HTR": "D", "HY": 1, "HomeTeam": "Werder Bremen"},{"AC": 7, "AF": 20, "AR": 0, "AS": 13, "AST": 5, "AY": 3, "AwayTeam": "Schalke 04", "Date": "2010-11-13", "FTAG": 2, "FTHG": 2, "FTR": "D", "HC": 7, "HF": 12, "HR": 1, "HS": 17, "HST": 4, "HTAG": 1, "HTHG": 2, "HTR": "H", "HY": 2, "HomeTeam": "Wolfsburg"},{"AC": 2, "AF": 9, "AR": 0, "AS": 12, "AST": 2, "AY": 1, "AwayTeam": "Nurnberg", "Date": "2010-11-14", "FTAG": 0, "FTHG": 3, "FTR": "H", "HC": 3, "HF": 16, "HR": 0, "HS": 13, "HST": 7, "HTAG": 0, "HTHG": 1, "HTR": "H", "HY": 1, "HomeTeam": "Bayern Munich"},{"AC": 6, "AF": 20, "AR": 0, "AS": 10, "AST": 3, "AY": 1, "AwayTeam": "Freiburg", "Date": "2010-11-14", "FTAG": 1, "FTHG": 0, "FTR": "A", "HC": 3, "HF": 16, "HR": 0, "HS": 12, "HST": 7, "HTAG": 0, "HTHG": 0, "HTR": "D", "HY": 0, "HomeTeam": "Hoffenheim"},{"AC": 6, "AF": 21, "AR": 0, "AS": 18, "AST": 9, "AY": 4, "AwayTeam": "Hoffenheim", "Date": "2010-11-20", "FTAG": 4, "FTHG": 0, "FTR": "A", "HC": 2, "HF": 12, "HR": 0, "HS": 8, "HST": 3, "HTAG": 1, "HTHG": 0, "HTR": "A", "HY": 4, "HomeTeam": "Ein Frankfurt"},{"AC": 6, "AF": 10, "AR": 0, "AS": 18, "AST": 8, "AY": 1, "AwayTeam": "Dortmund", "Date": "2010-11-20", "FTAG": 2, "FTHG": 1, "FTR": "A", "HC": 3, "HF": 8, "HR": 0, "HS": 9, "HST": 2, "HTAG": 0, "HTHG": 1, "HTR": "H", "HY": 0, "HomeTeam": "Freiburg"},{"AC": 4, "AF": 20, "AR": 0, "AS": 11, "AST": 4, "AY": 4, "AwayTeam": "Hamburg", "Date": "2010-11-20", "FTAG": 2, "FTHG": 3, "FTR": "H", "HC": 6, "HF": 18, "HR": 0, "HS": 14, "HST": 5, "HTAG": 1, "HTHG": 1, "HTR": "D", "HY": 2, "HomeTeam": "Hannover"},{"AC": 5, "AF": 14, "AR": 0, "AS": 8, "AST": 1, "AY": 2, "AwayTeam": "Bayern Munich", "Date": "2010-11-20", "FTAG": 1, "FTHG": 1, "FTR": "D", "HC": 4, "HF": 23, "HR": 0, "HS": 17, "HST": 8, "HTAG": 1, "HTHG": 1, "HTR": "D", "HY": 2, "HomeTeam": "Leverkusen"},{"AC": 4, "AF": 13, "AR": 0, "AS": 16, "AST": 8, "AY": 1, "AwayTeam": "Mainz", "Date": "2010-11-20", "FTAG": 3, "FTHG": 2, "FTR": "A", "HC": 3, "HF": 20, "HR": 0, "HS": 8, "HST": 4, "HTAG": 0, "HTHG": 0, "HTR": "D", "HY": 1, "HomeTeam": "M'gladbach"},{"AC": 4, "AF": 18, "AR": 1, "AS": 10, "AST": 7, "AY": 3, "AwayTeam": "Kaiserslautern", "Date": "2010-11-20", "FTAG": 3, "FTHG": 1, "FTR": "A", "HC": 8, "HF": 12, "HR": 0, "HS": 18, "HST": 6, "HTAG": 3, "HTHG": 0, "HTR": "A", "HY": 1, "HomeTeam": "Nurnberg"},{"AC": 2, "AF": 14, "AR": 1, "AS": 10, "AST": 2, "AY": 1, "AwayTeam": "Werder Bremen", "Date": "2010-11-20", "FTAG": 0, "FTHG": 4, "FTR": "H", "HC": 8, "HF": 19, "HR": 0, "HS": 14, "HST": 8, "HTAG": 0, "HTHG": 2, "HTR": "H", "HY": 1, "HomeTeam": "Schalke 04"},{"AC": 4, "AF": 27, "AR": 0, "AS": 3, "AST": 2, "AY": 3, "AwayTeam": "Wolfsburg", "Date": "2010-11-21", "FTAG": 1, "FTHG": 1, "FTR": "D", "HC": 2, "HF": 14, "HR": 0, "HS": 18, "HST": 5, "HTAG": 0, "HTHG": 1, "HTR": "H", "HY": 0, "HomeTeam": "St Pauli"},{"AC": 9, "AF": 15, "AR": 0, "AS": 18, "AST": 8, "AY": 3, "AwayTeam": "FC Koln", "Date": "2010-11-21", "FTAG": 1, "FTHG": 0, "FTR": "A", "HC": 10, "HF": 16, "HR": 0, "HS": 20, "HST": 5, "HTAG": 0, "HTHG": 0, "HTR": "D", "HY": 4, "HomeTeam": "Stuttgart"},{"AC": 4, "AF": 15, "AR": 0, "AS": 13, "AST": 3, "AY": 2, "AwayTeam": "Nurnberg", "Date": "2010-11-26", "FTAG": 0, "FTHG": 3, "FTR": "H", "HC": 1, "HF": 17, "HR": 0, "HS": 10, "HST": 4, "HTAG": 0, "HTHG": 1, "HTR": "H", "HY": 4, "HomeTeam": "Mainz"},{"AC": 7, "AF": 11, "AR": 0, "AS": 8, "AST": 4, "AY": 0, "AwayTeam": "Ein Frankfurt", "Date": "2010-11-27", "FTAG": 1, "FTHG": 4, "FTR": "H", "HC": 15, "HF": 11, "HR": 0, "HS": 25, "HST": 8, "HTAG": 1, "HTHG": 1, "HTR": "D", "HY": 1, "HomeTeam": "Bayern Munich"},{"AC": 1, "AF": 13, "AR": 0, "AS": 8, "AST": 4, "AY": 1, "AwayTeam": "M'gladbach", "Date": "2010-11-27", "FTAG": 1, "FTHG": 4, "FTR": "H", "HC": 7, "HF": 15, "HR": 0, "HS": 22, "HST": 8, "HTAG": 1, "HTHG": 1, "HTR": "D", "HY": 1, "HomeTeam": "Dortmund"},{"AC": 7, "AF": 16, "AR": 1, "AS": 14, "AST": 3, "AY": 3, "AwayTeam": "Stuttgart", "Date": "2010-11-27", "FTAG": 2, "FTHG": 4, "FTR": "H", "HC": 6, "HF": 9, "HR": 0, "HS": 15, "HST": 8, "HTAG": 1, "HTHG": 3, "HTR": "H", "HY": 2, "HomeTeam": "Hamburg"},{"AC": 4, "AF": 15, "AR": 0, "AS": 13, "AST": 2, "AY": 1, "AwayTeam": "Freiburg", "Date": "2010-11-27", "FTAG": 0, "FTHG": 3, "FTR": "H", "HC": 7, "HF": 18, "HR": 0, "HS": 12, "HST": 8, "HTAG": 0, "HTHG": 1, "HTR": "H", "HY": 0, "HomeTeam": "Hannover"},{"AC": 2, "AF": 19, "AR": 0, "AS": 7, "AST": 2, "AY": 3, "AwayTeam": "Leverkusen", "Date": "2010-11-27", "FTAG": 2, "FTHG": 2, "FTR": "D", "HC": 5, "HF": 18, "HR": 0, "HS": 15, "HST": 6, "HTAG": 2, "HTHG": 1, "HTR": "A", "HY": 1, "HomeTeam": "Hoffenheim"},{"AC": 2, "AF": 16, "AR": 0, "AS": 6, "AST": 3, "AY": 2, "AwayTeam": "Schalke 04", "Date": "2010-11-27", "FTAG": 0, "FTHG": 5, "FTR": "H", "HC": 8, "HF": 19, "HR": 0, "HS": 15, "HST": 8, "HTAG": 0, "HTHG": 2, "HTR": "H", "HY": 3, "HomeTeam": "Kaiserslautern"},{"AC": 2, "AF": 16, "AR": 0, "AS": 11, "AST": 1, "AY": 2, "AwayTeam": "Wolfsburg", "Date": "2010-11-28", "FTAG": 1, "FTHG": 1, "FTR": "D", "HC": 3, "HF": 10, "HR": 0, "HS": 13, "HST": 3, "HTAG": 0, "HTHG": 0, "HTR": "D", "HY": 2, "HomeTeam": "FC Koln"},{"AC": 10, "AF": 16, "AR": 1, "AS": 16, "AST": 4, "AY": 0, "AwayTeam": "St Pauli", "Date": "2010-11-28", "FTAG": 0, "FTHG": 3, "FTR": "H", "HC": 5, "HF": 14, "HR": 1, "HS": 14, "HST": 8, "HTAG": 0, "HTHG": 2, "HTR": "H", "HY": 2, "HomeTeam": "Werder Bremen"},{"AC": 3, "AF": 15, "AR": 0, "AS": 12, "AST": 4, "AY": 3, "AwayTeam": "Kaiserslautern", "Date": "2010-12-03", "FTAG": 0, "FTHG": 1, "FTR": "H", "HC": 2, "HF": 11, "HR": 0, "HS": 16, "HST": 6, "HTAG": 0, "HTHG": 0, "HTR": "D", "HY": 1, "HomeTeam": "St Pauli"},{"AC": 5, "AF": 27, "AR": 0, "AS": 10, "AST": 2, "AY": 2, "AwayTeam": "Mainz", "Date": "2010-12-04", "FTAG": 1, "FTHG": 2, "FTR": "H", "HC": 2, "HF": 21, "HR": 0, "HS": 15, "HST": 4, "HTAG": 1, "HTHG": 1, "HTR": "D", "HY": 0, "HomeTeam": "Ein Frankfurt"},{"AC": 4, "AF": 15, "AR": 0, "AS": 12, "AST": 6, "AY": 0, "AwayTeam": "Hamburg", "Date": "2010-12-04", "FTAG": 0, "FTHG": 1, "FTR": "H", "HC": 8, "HF": 16, "HR": 0, "HS": 10, "HST": 4, "HTAG": 0, "HTHG": 1, "HTR": "H", "HY": 1, "HomeTeam": "Freiburg"},{"AC": 3, "AF": 17, "AR": 0, "AS": 12, "AST": 4, "AY": 1, "AwayTeam": "Hannover", "Date": "2010-12-04", "FTAG": 2, "FTHG": 1, "FTR": "A", "HC": 1, "HF": 11, "HR": 1, "HS": 15, "HST": 3, "HTAG": 0, "HTHG": 1, "HTR": "H", "HY": 2, "HomeTeam": "M'gladbach"},{"AC": 9, "AF": 7, "AR": 0, "AS": 17, "AST": 5, "AY": 1, "AwayTeam": "Bayern Munich", "Date": "2010-12-04", "FTAG": 0, "FTHG": 2, "FTR": "H", "HC": 4, "HF": 13, "HR": 0, "HS": 12, "HST": 4, "HTAG": 0, "HTHG": 0, "HTR": "D", "HY": 0, "HomeTeam": "Schalke 04"},{"AC": 2, "AF": 19, "AR": 1, "AS": 11, "AST": 7, "AY": 2, "AwayTeam": "Hoffenheim", "Date": "2010-12-04", "FTAG": 1, "FTHG": 1, "FTR": "D", "HC": 4, "HF": 18, "HR": 0, "HS": 19, "HST": 5, "HTAG": 1, "HTHG": 1, "HTR": "D", "HY": 3, "HomeTeam": "Stuttgart"},{"AC": 7, "AF": 16, "AR": 0, "AS": 15, "AST": 7, "AY": 1, "AwayTeam": "Werder Bremen", "Date": "2010-12-04", "FTAG": 0, "FTHG": 0, "FTR": "D", "HC": 2, "HF": 19, "HR": 0, "HS": 11, "HST": 4, "HTAG": 0, "HTHG": 0, "HTR": "D", "HY": 3, "HomeTeam": "Wolfsburg"},{"AC": 0, "AF": 19, "AR": 0, "AS": 14, "AST": 5, "AY": 1, "AwayTeam": "FC Koln", "Date": "2010-12-05", "FTAG": 2, "FTHG": 3, "FTR": "H", "HC": 5, "HF": 9, "HR": 0, "HS": 11, "HST": 5, "HTAG": 1, "HTHG": 1, "HTR": "D", "HY": 1, "HomeTeam": "Leverkusen"},{"AC": 6, "AF": 17, "AR": 0, "AS": 16, "AST": 7, "AY": 2, "AwayTeam": "Dortmund", "Date": "2010-12-05", "FTAG": 2, "FTHG": 0, "FTR": "A", "HC": 3, "HF": 13, "HR": 0, "HS": 7, "HST": 1, "HTAG": 1, "HTHG": 0, "HTR": "A", "HY": 2, "HomeTeam": "Nurnberg"},{"AC": 3, "AF": 18, "AR": 0, "AS": 22, "AST": 3, "AY": 3, "AwayTeam": "Stuttgart", "Date": "2010-12-10", "FTAG": 1, "FTHG": 2, "FTR": "H", "HC": 5, "HF": 15, "HR": 0, "HS": 16, "HST": 8, "HTAG": 0, "HTHG": 1, "HTR": "H", "HY": 2, "HomeTeam": "Hannover"},{"AC": 4, "AF": 21, "AR": 1, "AS": 9, "AST": 1, "AY": 1, "AwayTeam": "St Pauli", "Date": "2010-12-11", "FTAG": 0, "FTHG": 3, "FTR": "H", "HC": 13, "HF": 13, "HR": 0, "HS": 22, "HST": 10, "HTAG": 0, "HTHG": 1, "HTR": "H", "HY": 0, "HomeTeam": "Bayern Munich"},{"AC": 5, "AF": 22, "AR": 0, "AS": 8, "AST": 2, "AY": 5, "AwayTeam": "Werder Bremen", "Date": "2010-12-11", "FTAG": 0, "FTHG": 2, "FTR": "H", "HC": 3, "HF": 20, "HR": 0, "HS": 11, "HST": 5, "HTAG": 0, "HTHG": 1, "HTR": "H", "HY": 2, "HomeTeam": "Dortmund"},{"AC": 6, "AF": 14, "AR": 0, "AS": 14, "AST": 3, "AY": 3, "AwayTeam": "Ein Frankfurt", "Date": "2010-12-11", "FTAG": 0, "FTHG": 1, "FTR": "H", "HC": 7, "HF": 20, "HR": 0, "HS": 10, "HST": 5, "HTAG": 0, "HTHG": 0, "HTR": "D", "HY": 5, "HomeTeam": "FC Koln"},{"AC": 4, "AF": 18, "AR": 0, "AS": 16, "AST": 8, "AY": 3, "AwayTeam": "Leverkusen", "Date": "2010-12-11", "FTAG": 4, "FTHG": 2, "FTR": "A", "HC": 3, "HF": 23, "HR": 0, "HS": 8, "HST": 3, "HTAG": 1, "HTHG": 0, "HTR": "A", "HY": 3, "HomeTeam": "Hamburg"},{"AC": 5, "AF": 23, "AR": 0, "AS": 11, "AST": 4, "AY": 3, "AwayTeam": "Nurnberg", "Date": "2010-12-11", "FTAG": 1, "FTHG": 1, "FTR": "D", "HC": 11, "HF": 18, "HR": 0, "HS": 19, "HST": 4, "HTAG": 0, "HTHG": 0, "HTR": "D", "HY": 1, "HomeTeam": "Hoffenheim"},{"AC": 0, "AF": 16, "AR": 0, "AS": 5, "AST": 0, "AY": 3, "AwayTeam": "Wolfsburg", "Date": "2010-12-11", "FTAG": 0, "FTHG": 0, "FTR": "D", "HC": 5, "HF": 15, "HR": 0, "HS": 18, "HST": 2, "HTAG": 0, "HTHG": 0, "HTR": "D", "HY": 1, "HomeTeam": "Kaiserslautern"},{"AC": 2, "AF": 14, "AR": 0, "AS": 14, "AST": 6, "AY": 2, "AwayTeam": "M'gladbach", "Date": "2010-12-12", "FTAG": 0, "FTHG": 3, "FTR": "H", "HC": 7, "HF": 14, "HR": 0, "HS": 22, "HST": 8, "HTAG": 0, "HTHG": 2, "HTR": "H", "HY": 1, "HomeTeam": "Freiburg"},{"AC": 10, "AF": 20, "AR": 0, "AS": 10, "AST": 2, "AY": 2, "AwayTeam": "Schalke 04", "Date": "2010-12-12", "FTAG": 1, "FTHG": 0, "FTR": "A", "HC": 1, "HF": 11, "HR": 0, "HS": 7, "HST": 4, "HTAG": 1, "HTHG": 0, "HTR": "A", "HY": 3, "HomeTeam": "Mainz"},{"AC": 8, "AF": 11, "AR": 0, "AS": 15, "AST": 9, "AY": 0, "AwayTeam": "Hamburg", "Date": "2010-12-17", "FTAG": 2, "FTHG": 1, "FTR": "A", "HC": 5, "HF": 12, "HR": 0, "HS": 18, "HST": 8, "HTAG": 0, "HTHG": 0, "HTR": "D", "HY": 1, "HomeTeam": "M'gladbach"},{"AC": 8, "AF": 14, "AR": 0, "AS": 9, "AST": 1, "AY": 2, "AwayTeam": "Dortmund", "Date": "2010-12-18", "FTAG": 0, "FTHG": 1, "FTR": "H", "HC": 3, "HF": 18, "HR": 0, "HS": 12, "HST": 4, "HTAG": 0, "HTHG": 0, "HTR": "D", "HY": 2, "HomeTeam": "Ein Frankfurt"},{"AC": 3, "AF": 23, "AR": 0, "AS": 5, "AST": 1, "AY": 4, "AwayTeam": "Hannover", "Date": "2010-12-18", "FTAG": 1, "FTHG": 3, "FTR": "H", "HC": 6, "HF": 24, "HR": 0, "HS": 19, "HST": 9, "HTAG": 0, "HTHG": 2, "HTR": "H", "HY": 1, "HomeTeam": "Nurnberg"},{"AC": 6, "AF": 13, "AR": 0, "AS": 6, "AST": 1, "AY": 1, "AwayTeam": "FC Koln", "Date": "2010-12-18", "FTAG": 0, "FTHG": 3, "FTR": "H", "HC": 6, "HF": 10, "HR": 0, "HS": 16, "HST": 6, "HTAG": 0, "HTHG": 1, "HTR": "H", "HY": 0, "HomeTeam": "Schalke 04"},{"AC": 8, "AF": 18, "AR": 0, "AS": 20, "AST": 7, "AY": 1, "AwayTeam": "Mainz", "Date": "2010-12-18", "FTAG": 4, "FTHG": 2, "FTR": "A", "HC": 11, "HF": 21, "HR": 0, "HS": 14, "HST": 6, "HTAG": 3, "HTHG": 1, "HTR": "A", "HY": 2, "HomeTeam": "St Pauli"},{"AC": 2, "AF": 15, "AR": 1, "AS": 17, "AST": 7, "AY": 2, "AwayTeam": "Kaiserslautern", "Date": "2010-12-18", "FTAG": 2, "FTHG": 1, "FTR": "A", "HC": 8, "HF": 16, "HR": 1, "HS": 22, "HST": 5, "HTAG": 1, "HTHG": 1, "HTR": "D", "HY": 2, "HomeTeam": "Werder Bremen"},{"AC": 3, "AF": 15, "AR": 0, "AS": 15, "AST": 7, "AY": 1, "AwayTeam": "Hoffenheim", "Date": "2010-12-18", "FTAG": 2, "FTHG": 2, "FTR": "D", "HC": 4, "HF": 22, "HR": 0, "HS": 13, "HST": 5, "HTAG": 2, "HTHG": 0, "HTR": "A", "HY": 2, "HomeTeam": "Wolfsburg"},{"AC": 1, "AF": 15, "AR": 0, "AS": 8, "AST": 4, "AY": 1, "AwayTeam": "Freiburg", "Date": "2010-12-19", "FTAG": 2, "FTHG": 2, "FTR": "D", "HC": 3, "HF": 17, "HR": 0, "HS": 14, "HST": 6, "HTAG": 1, "HTHG": 1, "HTR": "D", "HY": 3, "HomeTeam": "Leverkusen"},{"AC": 4, "AF": 16, "AR": 0, "AS": 10, "AST": 9, "AY": 1, "AwayTeam": "Bayern Munich", "Date": "2010-12-19", "FTAG": 5, "FTHG": 3, "FTR": "A", "HC": 3, "HF": 20, "HR": 0, "HS": 12, "HST": 7, "HTAG": 3, "HTHG": 0, "HTR": "A", "HY": 3, "HomeTeam": "Stuttgart"},{"AC": 7, "AF": 18, "AR": 0, "AS": 11, "AST": 5, "AY": 1, "AwayTeam": "Dortmund", "Date": "2011-01-14", "FTAG": 3, "FTHG": 1, "FTR": "A", "HC": 6, "HF": 11, "HR": 0, "HS": 12, "HST": 3, "HTAG": 0, "HTHG": 0, "HTR": "D", "HY": 2, "HomeTeam": "Leverkusen"},{"AC": 3, "AF": 29, "AR": 0, "AS": 6, "AST": 3, "AY": 3, "AwayTeam": "M'gladbach", "Date": "2011-01-15", "FTAG": 1, "FTHG": 0, "FTR": "A", "HC": 6, "HF": 16, "HR": 0, "HS": 17, "HST": 4, "HTAG": 1, "HTHG": 0, "HTR": "A", "HY": 1, "HomeTeam": "Nurnberg"},{"AC": 5, "AF": 12, "AR": 0, "AS": 9, "AST": 3, "AY": 3, "AwayTeam": "Hamburg", "Date": "2011-01-15", "FTAG": 1, "FTHG": 0, "FTR": "A", "HC": 7, "HF": 26, "HR": 0, "HS": 10, "HST": 1, "HTAG": 0, "HTHG": 0, "HTR": "D", "HY": 3, "HomeTeam": "Schalke 04"},{"AC": 3, "AF": 20, "AR": 0, "AS": 9, "AST": 7, "AY": 1, "AwayTeam": "Freiburg", "Date": "2011-01-15", "FTAG": 2, "FTHG": 2, "FTR": "D", "HC": 5, "HF": 15, "HR": 0, "HS": 11, "HST": 6, "HTAG": 0, "HTHG": 1, "HTR": "H", "HY": 1, "HomeTeam": "St Pauli"},{"AC": 7, "AF": 14, "AR": 0, "AS": 16, "AST": 4, "AY": 2, "AwayTeam": "Mainz", "Date": "2011-01-15", "FTAG": 0, "FTHG": 1, "FTR": "H", "HC": 6, "HF": 20, "HR": 0, "HS": 7, "HST": 2, "HTAG": 0, "HTHG": 0, "HTR": "D", "HY": 1, "HomeTeam": "Stuttgart"},{"AC": 4, "AF": 19, "AR": 0, "AS": 8, "AST": 2, "AY": 2, "AwayTeam": "Hoffenheim", "Date": "2011-01-15", "FTAG": 1, "FTHG": 2, "FTR": "H", "HC": 8, "HF": 24, "HR": 0, "HS": 12, "HST": 4, "HTAG": 0, "HTHG": 1, "HTR": "H", "HY": 3, "HomeTeam": "Werder Bremen"},{"AC": 9, "AF": 16, "AR": 0, "AS": 14, "AST": 6, "AY": 2, "AwayTeam": "Bayern Munich", "Date": "2011-01-15", "FTAG": 1, "FTHG": 1, "FTR": "D", "HC": 5, "HF": 16, "HR": 0, "HS": 10, "HST": 4, "HTAG": 1, "HTHG": 0, "HTR": "A", "HY": 2, "HomeTeam": "Wolfsburg"},{"AC": 5, "AF": 26, "AR": 0, "AS": 16, "AST": 6, "AY": 1, "AwayTeam": "Hannover", "Date": "2011-01-16", "FTAG": 3, "FTHG": 0, "FTR": "A", "HC": 5, "HF": 13, "HR": 0, "HS": 12, "HST": 4, "HTAG": 2, "HTHG": 0, "HTR": "A", "HY": 1, "HomeTeam": "Ein Frankfurt"},{"AC": 4, "AF": 24, "AR": 0, "AS": 14, "AST": 3, "AY": 6, "AwayTeam": "FC Koln", "Date": "2011-01-16", "FTAG": 1, "FTHG": 1, "FTR": "D", "HC": 10, "HF": 18, "HR": 1, "HS": 15, "HST": 4, "HTAG": 1, "HTHG": 0, "HTR": "A", "HY": 1, "HomeTeam": "Kaiserslautern"},{"AC": 4, "AF": 15, "AR": 0, "AS": 6, "AST": 1, "AY": 0, "AwayTeam": "Ein Frankfurt", "Date": "2011-01-21", "FTAG": 0, "FTHG": 1, "FTR": "H", "HC": 6, "HF": 13, "HR": 0, "HS": 9, "HST": 4, "HTAG": 0, "HTHG": 0, "HTR": "D", "HY": 0, "HomeTeam": "Hamburg"},{"AC": 5, "AF": 11, "AR": 0, "AS": 13, "AST": 6, "AY": 3, "AwayTeam": "Kaiserslautern", "Date": "2011-01-22", "FTAG": 1, "FTHG": 5, "FTR": "H", "HC": 6, "HF": 8, "HR": 0, "HS": 19, "HST": 9, "HTAG": 0, "HTHG": 1, "HTR": "H", "HY": 0, "HomeTeam": "Bayern Munich"},{"AC": 6, "AF": 8, "AR": 0, "AS": 7, "AST": 3, "AY": 2, "AwayTeam": "Stuttgart", "Date": "2011-01-22", "FTAG": 1, "FTHG": 1, "FTR": "D", "HC": 8, "HF": 9, "HR": 0, "HS": 18, "HST": 7, "HTAG": 0, "HTHG": 1, "HTR": "H", "HY": 0, "HomeTeam": "Dortmund"},{"AC": 3, "AF": 25, "AR": 0, "AS": 3, "AST": 1, "AY": 2, "AwayTeam": "Werder Bremen", "Date": "2011-01-22", "FTAG": 0, "FTHG": 3, "FTR": "H", "HC": 7, "HF": 11, "HR": 0, "HS": 11, "HST": 5, "HTAG": 0, "HTHG": 2, "HTR": "H", "HY": 3, "HomeTeam": "FC Koln"},{"AC": 5, "AF": 13, "AR": 0, "AS": 11, "AST": 2, "AY": 1, "AwayTeam": "Nurnberg", "Date": "2011-01-22", "FTAG": 1, "FTHG": 1, "FTR": "D", "HC": 4, "HF": 21, "HR": 0, "HS": 6, "HST": 2, "HTAG": 0, "HTHG": 1, "HTR": "H", "HY": 0, "HomeTeam": "Freiburg"},{"AC": 5, "AF": 21, "AR": 0, "AS": 11, "AST": 4, "AY": 2, "AwayTeam": "Schalke 04", "Date": "2011-01-22", "FTAG": 1, "FTHG": 0, "FTR": "A", "HC": 4, "HF": 11, "HR": 0, "HS": 11, "HST": 4, "HTAG": 1, "HTHG": 0, "HTR": "A", "HY": 1, "HomeTeam": "Hannover"},{"AC": 5, "AF": 23, "AR": 0, "AS": 8, "AST": 2, "AY": 1, "AwayTeam": "Wolfsburg", "Date": "2011-01-22", "FTAG": 1, "FTHG": 0, "FTR": "A", "HC": 3, "HF": 16, "HR": 0, "HS": 14, "HST": 3, "HTAG": 0, "HTHG": 0, "HTR": "D", "HY": 1, "HomeTeam": "Mainz"},{"AC": 4, "AF": 16, "AR": 0, "AS": 14, "AST": 5, "AY": 1, "AwayTeam": "St Pauli", "Date": "2011-01-23", "FTAG": 2, "FTHG": 2, "FTR": "D", "HC": 4, "HF": 25, "HR": 0, "HS": 10, "HST": 4, "HTAG": 0, "HTHG": 1, "HTR": "H", "HY": 1, "HomeTeam": "Hoffenheim"},{"AC": 1, "AF": 15, "AR": 0, "AS": 8, "AST": 4, "AY": 1, "AwayTeam": "Leverkusen", "Date": "2011-01-23", "FTAG": 3, "FTHG": 1, "FTR": "A", "HC": 3, "HF": 19, "HR": 0, "HS": 16, "HST": 6, "HTAG": 2, "HTHG": 0, "HTR": "A", "HY": 1, "HomeTeam": "M'gladbach"},{"AC": 3, "AF": 12, "AR": 0, "AS": 9, "AST": 3, "AY": 0, "AwayTeam": "Hannover", "Date": "2011-01-28", "FTAG": 0, "FTHG": 2, "FTR": "H", "HC": 5, "HF": 18, "HR": 0, "HS": 11, "HST": 6, "HTAG": 0, "HTHG": 2, "HTR": "H", "HY": 0, "HomeTeam": "Leverkusen"},{"AC": 3, "AF": 16, "AR": 0, "AS": 12, "AST": 5, "AY": 0, "AwayTeam": "Mainz", "Date": "2011-01-29", "FTAG": 1, "FTHG": 0, "FTR": "A", "HC": 6, "HF": 15, "HR": 0, "HS": 17, "HST": 6, "HTAG": 1, "HTHG": 0, "HTR": "A", "HY": 1, "HomeTeam": "Kaiserslautern"},{"AC": 3, "AF": 20, "AR": 1, "AS": 7, "AST": 1, "AY": 2, "AwayTeam": "Hamburg", "Date": "2011-01-29", "FTAG": 0, "FTHG": 2, "FTR": "H", "HC": 6, "HF": 18, "HR": 0, "HS": 17, "HST": 7, "HTAG": 0, "HTHG": 0, "HTR": "D", "HY": 1, "HomeTeam": "Nurnberg"},{"AC": 4, "AF": 16, "AR": 0, "AS": 16, "AST": 5, "AY": 1, "AwayTeam": "Hoffenheim", "Date": "2011-01-29", "FTAG": 1, "FTHG": 0, "FTR": "A", "HC": 9, "HF": 19, "HR": 0, "HS": 10, "HST": 1, "HTAG": 1, "HTHG": 0, "HTR": "A", "HY": 2, "HomeTeam": "Schalke 04"},{"AC": 2, "AF": 16, "AR": 0, "AS": 3, "AST": 2, "AY": 4, "AwayTeam": "FC Koln", "Date": "2011-01-29", "FTAG": 0, "FTHG": 3, "FTR": "H", "HC": 11, "HF": 16, "HR": 0, "HS": 30, "HST": 10, "HTAG": 0, "HTHG": 2, "HTR": "H", "HY": 0, "HomeTeam": "St Pauli"},{"AC": 4, "AF": 18, "AR": 0, "AS": 17, "AST": 6, "AY": 2, "AwayTeam": "Bayern Munich", "Date": "2011-01-29", "FTAG": 3, "FTHG": 1, "FTR": "A", "HC": 7, "HF": 21, "HR": 1, "HS": 9, "HST": 4, "HTAG": 0, "HTHG": 0, "HTR": "D", "HY": 2, "HomeTeam": "Werder Bremen"},{"AC": 3, "AF": 12, "AR": 0, "AS": 17, "AST": 8, "AY": 2, "AwayTeam": "Dortmund", "Date": "2011-01-29", "FTAG": 3, "FTHG": 0, "FTR": "A", "HC": 4, "HF": 18, "HR": 0, "HS": 9, "HST": 2, "HTAG": 2, "HTHG": 0, "HTR": "A", "HY": 2, "HomeTeam": "Wolfsburg"},{"AC": 4, "AF": 18, "AR": 0, "AS": 16, "AST": 7, "AY": 2, "AwayTeam": "M'gladbach", "Date": "2011-01-30", "FTAG": 1, "FTHG": 0, "FTR": "A", "HC": 4, "HF": 7, "HR": 0, "HS": 17, "HST": 2, "HTAG": 0, "HTHG": 0, "HTR": "D", "HY": 0, "HomeTeam": "Ein Frankfurt"},{"AC": 3, "AF": 20, "AR": 0, "AS": 9, "AST": 3, "AY": 2, "AwayTeam": "Freiburg", "Date": "2011-01-30", "FTAG": 1, "FTHG": 0, "FTR": "A", "HC": 9, "HF": 10, "HR": 0, "HS": 15, "HST": 4, "HTAG": 1, "HTHG": 0, "HTR": "A", "HY": 0, "HomeTeam": "Stuttgart"},{"AC": 2, "AF": 19, "AR": 0, "AS": 6, "AST": 2, "AY": 3, "AwayTeam": "Schalke 04", "Date": "2011-02-04", "FTAG": 0, "FTHG": 0, "FTR": "D", "HC": 1, "HF": 13, "HR": 0, "HS": 21, "HST": 9, "HTAG": 0, "HTHG": 0, "HTR": "D", "HY": 2, "HomeTeam": "Dortmund"},{"AC": 7, "AF": 17, "AR": 0, "AS": 12, "AST": 4, "AY": 2, "AwayTeam": "Bayern Munich", "Date": "2011-02-05", "FTAG": 2, "FTHG": 3, "FTR": "H", "HC": 5, "HF": 19, "HR": 0, "HS": 17, "HST": 6, "HTAG": 2, "HTHG": 0, "HTR": "A", "HY": 0, "HomeTeam": "FC Koln"},{"AC": 4, "AF": 16, "AR": 0, "AS": 12, "AST": 3, "AY": 3, "AwayTeam": "Wolfsburg", "Date": "2011-02-05", "FTAG": 0, "FTHG": 1, "FTR": "H", "HC": 4, "HF": 18, "HR": 0, "HS": 10, "HST": 4, "HTAG": 0, "HTHG": 1, "HTR": "H", "HY": 1, "HomeTeam": "Hannover"},{"AC": 7, "AF": 24, "AR": 0, "AS": 24, "AST": 7, "AY": 2, "AwayTeam": "Kaiserslautern", "Date": "2011-02-05", "FTAG": 2, "FTHG": 3, "FTR": "H", "HC": 4, "HF": 17, "HR": 1, "HS": 17, "HST": 8, "HTAG": 0, "HTHG": 2, "HTR": "H", "HY": 1, "HomeTeam": "Hoffenheim"},{"AC": 3, "AF": 24, "AR": 0, "AS": 9, "AST": 3, "AY": 4, "AwayTeam": "Werder Bremen", "Date": "2011-02-05", "FTAG": 1, "FTHG": 1, "FTR": "D", "HC": 6, "HF": 19, "HR": 0, "HS": 10, "HST": 5, "HTAG": 0, "HTHG": 1, "HTR": "H", "HY": 1, "HomeTeam": "Mainz"},{"AC": 3, "AF": 14, "AR": 0, "AS": 9, "AST": 3, "AY": 2, "AwayTeam": "Stuttgart", "Date": "2011-02-05", "FTAG": 3, "FTHG": 2, "FTR": "A", "HC": 5, "HF": 19, "HR": 1, "HS": 12, "HST": 5, "HTAG": 0, "HTHG": 2, "HTR": "H", "HY": 1, "HomeTeam": "M'gladbach"},{"AC": 2, "AF": 19, "AR": 0, "AS": 11, "AST": 0, "AY": 3, "AwayTeam": "Leverkusen", "Date": "2011-02-05", "FTAG": 0, "FTHG": 1, "FTR": "H", "HC": 3, "HF": 25, "HR": 1, "HS": 9, "HST": 3, "HTAG": 0, "HTHG": 0, "HTR": "D", "HY": 1, "HomeTeam": "Nurnberg"},{"AC": 6, "AF": 21, "AR": 0, "AS": 12, "AST": 3, "AY": 2, "AwayTeam": "Ein Frankfurt", "Date": "2011-02-06", "FTAG": 0, "FTHG": 0, "FTR": "D", "HC": 5, "HF": 14, "HR": 0, "HS": 12, "HST": 0, "HTAG": 0, "HTHG": 0, "HTR": "D", "HY": 0, "HomeTeam": "Freiburg"},{"AC": 3, "AF": 17, "AR": 0, "AS": 14, "AST": 4, "AY": 4, "AwayTeam": "Hoffenheim", "Date": "2011-02-12", "FTAG": 0, "FTHG": 4, "FTR": "H", "HC": 8, "HF": 5, "HR": 0, "HS": 17, "HST": 11, "HTAG": 0, "HTHG": 2, "HTR": "H", "HY": 0, "HomeTeam": "Bayern Munich"},{"AC": 6, "AF": 15, "AR": 0, "AS": 12, "AST": 6, "AY": 1, "AwayTeam": "Leverkusen", "Date": "2011-02-12", "FTAG": 3, "FTHG": 0, "FTR": "A", "HC": 1, "HF": 25, "HR": 0, "HS": 12, "HST": 3, "HTAG": 2, "HTHG": 0, "HTR": "A", "HY": 3, "HomeTeam": "Ein Frankfurt"},{"AC": 2, "AF": 16, "AR": 1, "AS": 17, "AST": 6, "AY": 0, "AwayTeam": "Dortmund", "Date": "2011-02-12", "FTAG": 1, "FTHG": 1, "FTR": "D", "HC": 6, "HF": 14, "HR": 0, "HS": 15, "HST": 3, "HTAG": 0, "HTHG": 0, "HTR": "D", "HY": 1, "HomeTeam": "Kaiserslautern"},{"AC": 0, "AF": 22, "AR": 0, "AS": 3, "AST": 1, "AY": 2, "AwayTeam": "Freiburg", "Date": "2011-02-12", "FTAG": 0, "FTHG": 1, "FTR": "H", "HC": 12, "HF": 7, "HR": 0, "HS": 20, "HST": 7, "HTAG": 0, "HTHG": 0, "HTR": "D", "HY": 2, "HomeTeam": "Schalke 04"},{"AC": 1, "AF": 15, "AR": 1, "AS": 7, "AST": 2, "AY": 1, "AwayTeam": "M'gladbach", "Date": "2011-02-12", "FTAG": 1, "FTHG": 3, "FTR": "H", "HC": 9, "HF": 14, "HR": 0, "HS": 23, "HST": 9, "HTAG": 1, "HTHG": 1, "HTR": "D", "HY": 1, "HomeTeam": "St Pauli"},{"AC": 7, "AF": 21, "AR": 0, "AS": 20, "AST": 10, "AY": 1, "AwayTeam": "Nurnberg", "Date": "2011-02-12", "FTAG": 4, "FTHG": 1, "FTR": "A", "HC": 3, "HF": 10, "HR": 0, "HS": 10, "HST": 5, "HTAG": 2, "HTHG": 1, "HTR": "A", "HY": 3, "HomeTeam": "Stuttgart"},{"AC": 5, "AF": 15, "AR": 0, "AS": 9, "AST": 4, "AY": 1, "AwayTeam": "Hamburg", "Date": "2011-02-12", "FTAG": 1, "FTHG": 0, "FTR": "A", "HC": 5, "HF": 25, "HR": 0, "HS": 8, "HST": 1, "HTAG": 1, "HTHG": 0, "HTR": "A", "HY": 4, "HomeTeam": "Wolfsburg"},{"AC": 1, "AF": 17, "AR": 0, "AS": 9, "AST": 4, "AY": 1, "AwayTeam": "Mainz", "Date": "2011-02-13", "FTAG": 2, "FTHG": 4, "FTR": "H", "HC": 5, "HF": 20, "HR": 0, "HS": 15, "HST": 9, "HTAG": 1, "HTHG": 2, "HTR": "H", "HY": 2, "HomeTeam": "FC Koln"},{"AC": 3, "AF": 21, "AR": 0, "AS": 6, "AST": 4, "AY": 3, "AwayTeam": "Hannover", "Date": "2011-02-13", "FTAG": 1, "FTHG": 1, "FTR": "D", "HC": 11, "HF": 18, "HR": 0, "HS": 13, "HST": 5, "HTAG": 1, "HTHG": 0, "HTR": "A", "HY": 0, "HomeTeam": "Werder Bremen"},{"AC": 5, "AF": 19, "AR": 0, "AS": 5, "AST": 3, "AY": 2, "AwayTeam": "St Pauli", "Date": "2011-02-16", "FTAG": 1, "FTHG": 0, "FTR": "A", "HC": 11, "HF": 15, "HR": 0, "HS": 22, "HST": 6, "HTAG": 0, "HTHG": 0, "HTR": "D", "HY": 4, "HomeTeam": "Hamburg"},{"AC": 1, "AF": 21, "AR": 0, "AS": 3, "AST": 1, "AY": 2, "AwayTeam": "Ein Frankfurt", "Date": "2011-02-18", "FTAG": 0, "FTHG": 3, "FTR": "H", "HC": 8, "HF": 13, "HR": 0, "HS": 16, "HST": 7, "HTAG": 0, "HTHG": 0, "HTR": "D", "HY": 2, "HomeTeam": "Nurnberg"},{"AC": 1, "AF": 14, "AR": 0, "AS": 3, "AST": 1, "AY": 2, "AwayTeam": "St Pauli", "Date": "2011-02-19", "FTAG": 0, "FTHG": 2, "FTR": "H", "HC": 8, "HF": 16, "HR": 0, "HS": 25, "HST": 12, "HTAG": 0, "HTHG": 1, "HTR": "H", "HY": 1, "HomeTeam": "Dortmund"},{"AC": 9, "AF": 12, "AR": 0, "AS": 18, "AST": 8, "AY": 0, "AwayTeam": "Wolfsburg", "Date": "2011-02-19", "FTAG": 1, "FTHG": 2, "FTR": "H", "HC": 7, "HF": 14, "HR": 0, "HS": 14, "HST": 5, "HTAG": 1, "HTHG": 1, "HTR": "D", "HY": 3, "HomeTeam": "Freiburg"},{"AC": 3, "AF": 19, "AR": 0, "AS": 8, "AST": 2, "AY": 3, "AwayTeam": "Werder Bremen", "Date": "2011-02-19", "FTAG": 0, "FTHG": 4, "FTR": "H", "HC": 6, "HF": 21, "HR": 0, "HS": 14, "HST": 6, "HTAG": 0, "HTHG": 1, "HTR": "H", "HY": 3, "HomeTeam": "Hamburg"},{"AC": 6, "AF": 14, "AR": 0, "AS": 10, "AST": 4, "AY": 1, "AwayTeam": "Kaiserslautern", "Date": "2011-02-19", "FTAG": 0, "FTHG": 3, "FTR": "H", "HC": 7, "HF": 12, "HR": 0, "HS": 12, "HST": 5, "HTAG": 0, "HTHG": 2, "HTR": "H", "HY": 1, "HomeTeam": "Hannover"},{"AC": 1, "AF": 21, "AR": 0, "AS": 8, "AST": 2, "AY": 5, "AwayTeam": "FC Koln", "Date": "2011-02-19", "FTAG": 1, "FTHG": 1, "FTR": "D", "HC": 4, "HF": 20, "HR": 0, "HS": 17, "HST": 4, "HTAG": 0, "HTHG": 0, "HTR": "D", "HY": 2, "HomeTeam": "Hoffenheim"},{"AC": 11, "AF": 13, "AR": 0, "AS": 19, "AST": 9, "AY": 1, "AwayTeam": "Bayern Munich", "Date": "2011-02-19", "FTAG": 3, "FTHG": 1, "FTR": "A", "HC": 4, "HF": 18, "HR": 0, "HS": 18, "HST": 7, "HTAG": 1, "HTHG": 0, "HTR": "A", "HY": 2, "HomeTeam": "Mainz"},{"AC": 4, "AF": 12, "AR": 0, "AS": 11, "AST": 4, "AY": 2, "AwayTeam": "Stuttgart", "Date": "2011-02-20", "FTAG": 2, "FTHG": 4, "FTR": "H", "HC": 6, "HF": 11, "HR": 0, "HS": 18, "HST": 7, "HTAG": 1, "HTHG": 2, "HTR": "H", "HY": 1, "HomeTeam": "Leverkusen"},{"AC": 0, "AF": 17, "AR": 0, "AS": 4, "AST": 1, "AY": 0, "AwayTeam": "Schalke 04", "Date": "2011-02-20", "FTAG": 1, "FTHG": 2, "FTR": "H", "HC": 3, "HF": 19, "HR": 0, "HS": 13, "HST": 7, "HTAG": 1, "HTHG": 2, "HTR": "H", "HY": 0, "HomeTeam": "M'gladbach"},{"AC": 3, "AF": 25, "AR": 0, "AS": 14, "AST": 6, "AY": 3, "AwayTeam": "M'gladbach", "Date": "2011-02-25", "FTAG": 1, "FTHG": 2, "FTR": "H", "HC": 5, "HF": 17, "HR": 0, "HS": 15, "HST": 6, "HTAG": 0, "HTHG": 2, "HTR": "H", "HY": 4, "HomeTeam": "Wolfsburg"},{"AC": 4, "AF": 11, "AR": 0, "AS": 16, "AST": 5, "AY": 3, "AwayTeam": "Dortmund", "Date": "2011-02-26", "FTAG": 3, "FTHG": 1, "FTR": "A", "HC": 10, "HF": 10, "HR": 0, "HS": 14, "HST": 4, "HTAG": 2, "HTHG": 1, "HTR": "A", "HY": 2, "HomeTeam": "Bayern Munich"},{"AC": 5, "AF": 20, "AR": 0, "AS": 12, "AST": 1, "AY": 3, "AwayTeam": "Freiburg", "Date": "2011-02-26", "FTAG": 0, "FTHG": 1, "FTR": "H", "HC": 8, "HF": 12, "HR": 0, "HS": 22, "HST": 6, "HTAG": 0, "HTHG": 0, "HTR": "D", "HY": 2, "HomeTeam": "FC Koln"},{"AC": 4, "AF": 23, "AR": 0, "AS": 10, "AST": 7, "AY": 0, "AwayTeam": "Mainz", "Date": "2011-02-26", "FTAG": 2, "FTHG": 1, "FTR": "A", "HC": 6, "HF": 18, "HR": 0, "HS": 13, "HST": 4, "HTAG": 1, "HTHG": 0, "HTR": "A", "HY": 1, "HomeTeam": "Hoffenheim"},{"AC": 3, "AF": 10, "AR": 0, "AS": 16, "AST": 5, "AY": 0, "AwayTeam": "Hamburg", "Date": "2011-02-26", "FTAG": 1, "FTHG": 1, "FTR": "D", "HC": 4, "HF": 17, "HR": 0, "HS": 16, "HST": 8, "HTAG": 0, "HTHG": 1, "HTR": "H", "HY": 3, "HomeTeam": "Kaiserslautern"},{"AC": 3, "AF": 17, "AR": 0, "AS": 16, "AST": 4, "AY": 3, "AwayTeam": "Nurnberg", "Date": "2011-02-26", "FTAG": 1, "FTHG": 1, "FTR": "D", "HC": 10, "HF": 13, "HR": 0, "HS": 16, "HST": 8, "HTAG": 1, "HTHG": 0, "HTR": "A", "HY": 1, "HomeTeam": "Schalke 04"},{"AC": 5, "AF": 21, "AR": 0, "AS": 8, "AST": 5, "AY": 2, "AwayTeam": "Hannover", "Date": "2011-02-26", "FTAG": 1, "FTHG": 0, "FTR": "A", "HC": 3, "HF": 20, "HR": 0, "HS": 7, "HST": 1, "HTAG": 0, "HTHG": 0, "HTR": "D", "HY": 0, "HomeTeam": "St Pauli"},{"AC": 3, "AF": 13, "AR": 1, "AS": 11, "AST": 6, "AY": 1, "AwayTeam": "Stuttgart", "Date": "2011-02-27", "FTAG": 2, "FTHG": 0, "FTR": "A", "HC": 13, "HF": 19, "HR": 0, "HS": 30, "HST": 5, "HTAG": 0, "HTHG": 0, "HTR": "D", "HY": 2, "HomeTeam": "Ein Frankfurt"},{"AC": 6, "AF": 11, "AR": 1, "AS": 17, "AST": 6, "AY": 1, "AwayTeam": "Leverkusen", "Date": "2011-02-27", "FTAG": 2, "FTHG": 2, "FTR": "D", "HC": 2, "HF": 19, "HR": 0, "HS": 9, "HST": 6, "HTAG": 1, "HTHG": 0, "HTR": "A", "HY": 2, "HomeTeam": "Werder Bremen"},{"AC": 3, "AF": 18, "AR": 0, "AS": 7, "AST": 1, "AY": 3, "AwayTeam": "FC Koln", "Date": "2011-03-04", "FTAG": 0, "FTHG": 1, "FTR": "H", "HC": 10, "HF": 19, "HR": 0, "HS": 24, "HST": 8, "HTAG": 0, "HTHG": 1, "HTR": "H", "HY": 0, "HomeTeam": "Dortmund"},{"AC": 5, "AF": 22, "AR": 0, "AS": 9, "AST": 2, "AY": 3, "AwayTeam": "Kaiserslautern", "Date": "2011-03-05", "FTAG": 0, "FTHG": 0, "FTR": "D", "HC": 2, "HF": 10, "HR": 0, "HS": 6, "HST": 0, "HTAG": 0, "HTHG": 0, "HTR": "D", "HY": 4, "HomeTeam": "Ein Frankfurt"},{"AC": 2, "AF": 9, "AR": 1, "AS": 12, "AST": 6, "AY": 1, "AwayTeam": "Bayern Munich", "Date": "2011-03-05", "FTAG": 1, "FTHG": 3, "FTR": "H", "HC": 2, "HF": 24, "HR": 0, "HS": 13, "HST": 7, "HTAG": 0, "HTHG": 1, "HTR": "H", "HY": 3, "HomeTeam": "Hannover"},{"AC": 2, "AF": 15, "AR": 0, "AS": 9, "AST": 1, "AY": 4, "AwayTeam": "Wolfsburg", "Date": "2011-03-05", "FTAG": 0, "FTHG": 3, "FTR": "H", "HC": 7, "HF": 19, "HR": 0, "HS": 14, "HST": 9, "HTAG": 0, "HTHG": 3, "HTR": "H", "HY": 0, "HomeTeam": "Leverkusen"},{"AC": 4, "AF": 30, "AR": 0, "AS": 9, "AST": 0, "AY": 4, "AwayTeam": "Hoffenheim", "Date": "2011-03-05", "FTAG": 0, "FTHG": 2, "FTR": "H", "HC": 8, "HF": 17, "HR": 0, "HS": 13, "HST": 6, "HTAG": 0, "HTHG": 0, "HTR": "D", "HY": 1, "HomeTeam": "M'gladbach"},{"AC": 1, "AF": 16, "AR": 0, "AS": 4, "AST": 1, "AY": 3, "AwayTeam": "St Pauli", "Date": "2011-03-05", "FTAG": 0, "FTHG": 5, "FTR": "H", "HC": 4, "HF": 17, "HR": 0, "HS": 20, "HST": 7, "HTAG": 0, "HTHG": 3, "HTR": "H", "HY": 1, "HomeTeam": "Nurnberg"},{"AC": 5, "AF": 18, "AR": 1, "AS": 14, "AST": 3, "AY": 2, "AwayTeam": "Schalke 04", "Date": "2011-03-05", "FTAG": 0, "FTHG": 1, "FTR": "H", "HC": 5, "HF": 12, "HR": 0, "HS": 22, "HST": 5, "HTAG": 0, "HTHG": 1, "HTR": "H", "HY": 1, "HomeTeam": "Stuttgart"},{"AC": 4, "AF": 21, "AR": 0, "AS": 16, "AST": 7, "AY": 6, "AwayTeam": "Werder Bremen", "Date": "2011-03-06", "FTAG": 3, "FTHG": 1, "FTR": "A", "HC": 3, "HF": 19, "HR": 0, "HS": 9, "HST": 1, "HTAG": 1, "HTHG": 0, "HTR": "A", "HY": 3, "HomeTeam": "Freiburg"},{"AC": 5, "AF": 15, "AR": 0, "AS": 12, "AST": 6, "AY": 2, "AwayTeam": "Mainz", "Date": "2011-03-06", "FTAG": 4, "FTHG": 2, "FTR": "A", "HC": 4, "HF": 17, "HR": 0, "HS": 8, "HST": 4, "HTAG": 0, "HTHG": 1, "HTR": "H", "HY": 2, "HomeTeam": "Hamburg"},{"AC": 6, "AF": 20, "AR": 0, "AS": 14, "AST": 4, "AY": 3, "AwayTeam": "Hannover", "Date": "2011-03-11", "FTAG": 0, "FTHG": 4, "FTR": "H", "HC": 2, "HF": 15, "HR": 0, "HS": 12, "HST": 7, "HTAG": 0, "HTHG": 1, "HTR": "H", "HY": 0, "HomeTeam": "FC Koln"},{"AC": 4, "AF": 12, "AR": 0, "AS": 10, "AST": 3, "AY": 1, "AwayTeam": "Hamburg", "Date": "2011-03-12", "FTAG": 0, "FTHG": 6, "FTR": "H", "HC": 4, "HF": 11, "HR": 0, "HS": 17, "HST": 8, "HTAG": 0, "HTHG": 1, "HTR": "H", "HY": 2, "HomeTeam": "Bayern Munich"},{"AC": 5, "AF": 15, "AR": 0, "AS": 16, "AST": 3, "AY": 1, "AwayTeam": "Dortmund", "Date": "2011-03-12", "FTAG": 0, "FTHG": 1, "FTR": "H", "HC": 2, "HF": 21, "HR": 0, "HS": 11, "HST": 4, "HTAG": 0, "HTHG": 0, "HTR": "D", "HY": 2, "HomeTeam": "Hoffenheim"},{"AC": 3, "AF": 15, "AR": 0, "AS": 9, "AST": 2, "AY": 0, "AwayTeam": "Freiburg", "Date": "2011-03-12", "FTAG": 1, "FTHG": 2, "FTR": "H", "HC": 3, "HF": 14, "HR": 0, "HS": 19, "HST": 6, "HTAG": 1, "HTHG": 1, "HTR": "D", "HY": 0, "HomeTeam": "Kaiserslautern"},{"AC": 3, "AF": 19, "AR": 0, "AS": 7, "AST": 5, "AY": 3, "AwayTeam": "Ein Frankfurt", "Date": "2011-03-12", "FTAG": 1, "FTHG": 2, "FTR": "H", "HC": 6, "HF": 17, "HR": 0, "HS": 9, "HST": 5, "HTAG": 0, "HTHG": 1, "HTR": "H", "HY": 1, "HomeTeam": "Schalke 04"},{"AC": 7, "AF": 9, "AR": 0, "AS": 12, "AST": 3, "AY": 0, "AwayTeam": "M'gladbach", "Date": "2011-03-12", "FTAG": 1, "FTHG": 1, "FTR": "D", "HC": 9, "HF": 12, "HR": 0, "HS": 18, "HST": 5, "HTAG": 0, "HTHG": 1, "HTR": "H", "HY": 3, "HomeTeam": "Werder Bremen"},{"AC": 5, "AF": 28, "AR": 0, "AS": 8, "AST": 4, "AY": 3, "AwayTeam": "Nurnberg", "Date": "2011-03-12", "FTAG": 2, "FTHG": 1, "FTR": "A", "HC": 2, "HF": 19, "HR": 0, "HS": 12, "HST": 5, "HTAG": 1, "HTHG": 1, "HTR": "D", "HY": 2, "HomeTeam": "Wolfsburg"},{"AC": 4, "AF": 15, "AR": 0, "AS": 14, "AST": 3, "AY": 3, "AwayTeam": "Leverkusen", "Date": "2011-03-13", "FTAG": 1, "FTHG": 0, "FTR": "A", "HC": 6, "HF": 25, "HR": 0, "HS": 5, "HST": 1, "HTAG": 0, "HTHG": 0, "HTR": "D", "HY": 3, "HomeTeam": "Mainz"},{"AC": 2, "AF": 15, "AR": 0, "AS": 17, "AST": 9, "AY": 2, "AwayTeam": "Stuttgart", "Date": "2011-03-13", "FTAG": 2, "FTHG": 1, "FTR": "A", "HC": 5, "HF": 19, "HR": 0, "HS": 9, "HST": 2, "HTAG": 1, "HTHG": 1, "HTR": "D", "HY": 2, "HomeTeam": "St Pauli"},{"AC": 3, "AF": 20, "AR": 0, "AS": 13, "AST": 3, "AY": 0, "AwayTeam": "Kaiserslautern", "Date": "2011-03-18", "FTAG": 1, "FTHG": 0, "FTR": "A", "HC": 4, "HF": 15, "HR": 0, "HS": 8, "HST": 4, "HTAG": 0, "HTHG": 0, "HTR": "D", "HY": 2, "HomeTeam": "M'gladbach"},{"AC": 2, "AF": 14, "AR": 0, "AS": 9, "AST": 3, "AY": 1, "AwayTeam": "Mainz", "Date": "2011-03-19", "FTAG": 1, "FTHG": 1, "FTR": "D", "HC": 7, "HF": 13, "HR": 0, "HS": 15, "HST": 3, "HTAG": 0, "HTHG": 1, "HTR": "H", "HY": 1, "HomeTeam": "Dortmund"},{"AC": 3, "AF": 23, "AR": 0, "AS": 11, "AST": 3, "AY": 4, "AwayTeam": "St Pauli", "Date": "2011-03-19", "FTAG": 1, "FTHG": 2, "FTR": "H", "HC": 3, "HF": 18, "HR": 0, "HS": 13, "HST": 6, "HTAG": 1, "HTHG": 1, "HTR": "D", "HY": 1, "HomeTeam": "Ein Frankfurt"},{"AC": 6, "AF": 18, "AR": 0, "AS": 11, "AST": 6, "AY": 0, "AwayTeam": "Bayern Munich", "Date": "2011-03-19", "FTAG": 2, "FTHG": 1, "FTR": "A", "HC": 5, "HF": 14, "HR": 0, "HS": 12, "HST": 4, "HTAG": 1, "HTHG": 1, "HTR": "D", "HY": 2, "HomeTeam": "Freiburg"},{"AC": 1, "AF": 20, "AR": 0, "AS": 9, "AST": 3, "AY": 2, "AwayTeam": "FC Koln", "Date": "2011-03-19", "FTAG": 2, "FTHG": 6, "FTR": "H", "HC": 2, "HF": 14, "HR": 0, "HS": 21, "HST": 7, "HTAG": 0, "HTHG": 4, "HTR": "H", "HY": 1, "HomeTeam": "Hamburg"},{"AC": 4, "AF": 21, "AR": 0, "AS": 12, "AST": 2, "AY": 1, "AwayTeam": "Hoffenheim", "Date": "2011-03-19", "FTAG": 0, "FTHG": 2, "FTR": "H", "HC": 4, "HF": 14, "HR": 0, "HS": 9, "HST": 3, "HTAG": 0, "HTHG": 1, "HTR": "H", "HY": 0, "HomeTeam": "Hannover"},{"AC": 7, "AF": 19, "AR": 0, "AS": 8, "AST": 6, "AY": 3, "AwayTeam": "Werder Bremen", "Date": "2011-03-19", "FTAG": 3, "FTHG": 1, "FTR": "A", "HC": 3, "HF": 18, "HR": 1, "HS": 8, "HST": 4, "HTAG": 1, "HTHG": 1, "HTR": "D", "HY": 3, "HomeTeam": "Nurnberg"},{"AC": 3, "AF": 24, "AR": 0, "AS": 7, "AST": 5, "AY": 3, "AwayTeam": "Schalke 04", "Date": "2011-03-20", "FTAG": 0, "FTHG": 2, "FTR": "H", "HC": 8, "HF": 14, "HR": 0, "HS": 13, "HST": 7, "HTAG": 0, "HTHG": 2, "HTR": "H", "HY": 2, "HomeTeam": "Leverkusen"},{"AC": 3, "AF": 22, "AR": 0, "AS": 9, "AST": 6, "AY": 3, "AwayTeam": "Wolfsburg", "Date": "2011-03-20", "FTAG": 1, "FTHG": 1, "FTR": "D", "HC": 1, "HF": 18, "HR": 0, "HS": 16, "HST": 4, "HTAG": 1, "HTHG": 0, "HTR": "A", "HY": 1, "HomeTeam": "Stuttgart"},{"AC": 5, "AF": 13, "AR": 0, "AS": 11, "AST": 3, "AY": 2, "AwayTeam": "Schalke 04", "Date": "2011-04-01", "FTAG": 2, "FTHG": 0, "FTR": "A", "HC": 7, "HF": 16, "HR": 2, "HS": 17, "HST": 2, "HTAG": 1, "HTHG": 0, "HTR": "A", "HY": 1, "HomeTeam": "St Pauli"},{"AC": 4, "AF": 16, "AR": 0, "AS": 7, "AST": 2, "AY": 1, "AwayTeam": "M'gladbach", "Date": "2011-04-02", "FTAG": 0, "FTHG": 1, "FTR": "H", "HC": 7, "HF": 11, "HR": 0, "HS": 16, "HST": 5, "HTAG": 0, "HTHG": 0, "HTR": "D", "HY": 2, "HomeTeam": "Bayern Munich"},{"AC": 6, "AF": 10, "AR": 0, "AS": 7, "AST": 3, "AY": 2, "AwayTeam": "Hannover", "Date": "2011-04-02", "FTAG": 1, "FTHG": 4, "FTR": "H", "HC": 4, "HF": 8, "HR": 0, "HS": 21, "HST": 10, "HTAG": 0, "HTHG": 0, "HTR": "D", "HY": 1, "HomeTeam": "Dortmund"},{"AC": 5, "AF": 12, "AR": 0, "AS": 6, "AST": 2, "AY": 1, "AwayTeam": "Hamburg", "Date": "2011-04-02", "FTAG": 0, "FTHG": 0, "FTR": "D", "HC": 4, "HF": 18, "HR": 0, "HS": 16, "HST": 3, "HTAG": 0, "HTHG": 0, "HTR": "D", "HY": 2, "HomeTeam": "Hoffenheim"},{"AC": 1, "AF": 15, "AR": 0, "AS": 9, "AST": 5, "AY": 2, "AwayTeam": "Leverkusen", "Date": "2011-04-02", "FTAG": 1, "FTHG": 0, "FTR": "A", "HC": 3, "HF": 22, "HR": 0, "HS": 6, "HST": 1, "HTAG": 0, "HTHG": 0, "HTR": "D", "HY": 1, "HomeTeam": "Kaiserslautern"},{"AC": 1, "AF": 22, "AR": 0, "AS": 7, "AST": 1, "AY": 3, "AwayTeam": "Freiburg", "Date": "2011-04-02", "FTAG": 1, "FTHG": 1, "FTR": "D", "HC": 5, "HF": 15, "HR": 0, "HS": 12, "HST": 3, "HTAG": 1, "HTHG": 0, "HTR": "A", "HY": 1, "HomeTeam": "Mainz"},{"AC": 3, "AF": 23, "AR": 0, "AS": 6, "AST": 2, "AY": 3, "AwayTeam": "Stuttgart", "Date": "2011-04-02", "FTAG": 1, "FTHG": 1, "FTR": "D", "HC": 12, "HF": 12, "HR": 0, "HS": 27, "HST": 8, "HTAG": 1, "HTHG": 1, "HTR": "D", "HY": 1, "HomeTeam": "Werder Bremen"},{"AC": 5, "AF": 23, "AR": 0, "AS": 12, "AST": 4, "AY": 2, "AwayTeam": "Nurnberg", "Date": "2011-04-03", "FTAG": 0, "FTHG": 1, "FTR": "H", "HC": 3, "HF": 27, "HR": 0, "HS": 15, "HST": 3, "HTAG": 0, "HTHG": 0, "HTR": "D", "HY": 2, "HomeTeam": "FC Koln"},{"AC": 1, "AF": 14, "AR": 0, "AS": 6, "AST": 4, "AY": 5, "AwayTeam": "Ein Frankfurt", "Date": "2011-04-03", "FTAG": 1, "FTHG": 1, "FTR": "D", "HC": 14, "HF": 12, "HR": 1, "HS": 27, "HST": 9, "HTAG": 0, "HTHG": 0, "HTR": "D", "HY": 1, "HomeTeam": "Wolfsburg"},{"AC": 6, "AF": 21, "AR": 0, "AS": 19, "AST": 6, "AY": 3, "AwayTeam": "Werder Bremen", "Date": "2011-04-08", "FTAG": 1, "FTHG": 1, "FTR": "D", "HC": 8, "HF": 25, "HR": 0, "HS": 14, "HST": 8, "HTAG": 0, "HTHG": 0, "HTR": "D", "HY": 3, "HomeTeam": "Ein Frankfurt"},{"AC": 4, "AF": 20, "AR": 0, "AS": 15, "AST": 9, "AY": 5, "AwayTeam": "Hoffenheim", "Date": "2011-04-09", "FTAG": 2, "FTHG": 3, "FTR": "H", "HC": 6, "HF": 12, "HR": 1, "HS": 14, "HST": 5, "HTAG": 2, "HTHG": 1, "HTR": "A", "HY": 1, "HomeTeam": "Freiburg"},{"AC": 4, "AF": 13, "AR": 0, "AS": 15, "AST": 7, "AY": 1, "AwayTeam": "Dortmund", "Date": "2011-04-09", "FTAG": 1, "FTHG": 1, "FTR": "D", "HC": 2, "HF": 21, "HR": 1, "HS": 8, "HST": 4, "HTAG": 0, "HTHG": 1, "HTR": "H", "HY": 0, "HomeTeam": "Hamburg"},{"AC": 4, "AF": 14, "AR": 1, "AS": 9, "AST": 4, "AY": 3, "AwayTeam": "Mainz", "Date": "2011-04-09", "FTAG": 0, "FTHG": 2, "FTR": "H", "HC": 15, "HF": 14, "HR": 0, "HS": 21, "HST": 9, "HTAG": 0, "HTHG": 1, "HTR": "H", "HY": 1, "HomeTeam": "Hannover"},{"AC": 6, "AF": 21, "AR": 1, "AS": 9, "AST": 4, "AY": 2, "AwayTeam": "Bayern Munich", "Date": "2011-04-09", "FTAG": 1, "FTHG": 1, "FTR": "D", "HC": 6, "HF": 15, "HR": 0, "HS": 24, "HST": 3, "HTAG": 1, "HTHG": 0, "HTR": "A", "HY": 2, "HomeTeam": "Nurnberg"},{"AC": 5, "AF": 17, "AR": 0, "AS": 6, "AST": 1, "AY": 3, "AwayTeam": "Wolfsburg", "Date": "2011-04-09", "FTAG": 0, "FTHG": 1, "FTR": "H", "HC": 5, "HF": 16, "HR": 0, "HS": 13, "HST": 4, "HTAG": 0, "HTHG": 0, "HTR": "D", "HY": 1, "HomeTeam": "Schalke 04"},{"AC": 4, "AF": 18, "AR": 0, "AS": 15, "AST": 5, "AY": 2, "AwayTeam": "Kaiserslautern", "Date": "2011-04-09", "FTAG": 4, "FTHG": 2, "FTR": "A", "HC": 4, "HF": 20, "HR": 0, "HS": 8, "HST": 3, "HTAG": 1, "HTHG": 2, "HTR": "H", "HY": 1, "HomeTeam": "Stuttgart"},{"AC": 1, "AF": 22, "AR": 0, "AS": 6, "AST": 1, "AY": 3, "AwayTeam": "St Pauli", "Date": "2011-04-10", "FTAG": 1, "FTHG": 2, "FTR": "H", "HC": 4, "HF": 15, "HR": 0, "HS": 19, "HST": 5, "HTAG": 0, "HTHG": 0, "HTR": "D", "HY": 1, "HomeTeam": "Leverkusen"},{"AC": 6, "AF": 19, "AR": 0, "AS": 8, "AST": 4, "AY": 2, "AwayTeam": "FC Koln", "Date": "2011-04-10", "FTAG": 1, "FTHG": 5, "FTR": "H", "HC": 4, "HF": 13, "HR": 0, "HS": 19, "HST": 10, "HTAG": 0, "HTHG": 3, "HTR": "H", "HY": 1, "HomeTeam": "M'gladbach"},{"AC": 4, "AF": 11, "AR": 1, "AS": 11, "AST": 3, "AY": 1, "AwayTeam": "M'gladbach", "Date": "2011-04-15", "FTAG": 0, "FTHG": 1, "FTR": "H", "HC": 6, "HF": 17, "HR": 0, "HS": 10, "HST": 2, "HTAG": 0, "HTHG": 0, "HTR": "D", "HY": 1, "HomeTeam": "Mainz"},{"AC": 7, "AF": 19, "AR": 0, "AS": 22, "AST": 11, "AY": 2, "AwayTeam": "Stuttgart", "Date": "2011-04-16", "FTAG": 3, "FTHG": 1, "FTR": "A", "HC": 2, "HF": 26, "HR": 0, "HS": 13, "HST": 4, "HTAG": 0, "HTHG": 0, "HTR": "D", "HY": 6, "HomeTeam": "FC Koln"},{"AC": 4, "AF": 19, "AR": 0, "AS": 15, "AST": 6, "AY": 3, "AwayTeam": "Hannover", "Date": "2011-04-16", "FTAG": 0, "FTHG": 0, "FTR": "D", "HC": 7, "HF": 12, "HR": 0, "HS": 11, "HST": 3, "HTAG": 0, "HTHG": 0, "HTR": "D", "HY": 1, "HomeTeam": "Hamburg"},{"AC": 8, "AF": 9, "AR": 0, "AS": 13, "AST": 5, "AY": 3, "AwayTeam": "Ein Frankfurt", "Date": "2011-04-16", "FTAG": 0, "FTHG": 1, "FTR": "H", "HC": 3, "HF": 20, "HR": 0, "HS": 16, "HST": 4, "HTAG": 0, "HTHG": 0, "HTR": "D", "HY": 3, "HomeTeam": "Hoffenheim"},{"AC": 6, "AF": 13, "AR": 0, "AS": 12, "AST": 7, "AY": 2, "AwayTeam": "Nurnberg", "Date": "2011-04-16", "FTAG": 2, "FTHG": 0, "FTR": "A", "HC": 0, "HF": 17, "HR": 0, "HS": 10, "HST": 2, "HTAG": 1, "HTHG": 0, "HTR": "A", "HY": 1, "HomeTeam": "Kaiserslautern"},{"AC": 3, "AF": 24, "AR": 0, "AS": 14, "AST": 6, "AY": 3, "AwayTeam": "Schalke 04", "Date": "2011-04-16", "FTAG": 1, "FTHG": 1, "FTR": "D", "HC": 8, "HF": 12, "HR": 0, "HS": 15, "HST": 5, "HTAG": 0, "HTHG": 0, "HTR": "D", "HY": 0, "HomeTeam": "Werder Bremen"},{"AC": 7, "AF": 12, "AR": 0, "AS": 19, "AST": 8, "AY": 2, "AwayTeam": "St Pauli", "Date": "2011-04-16", "FTAG": 2, "FTHG": 2, "FTR": "D", "HC": 4, "HF": 14, "HR": 0, "HS": 9, "HST": 3, "HTAG": 0, "HTHG": 1, "HTR": "H", "HY": 2, "HomeTeam": "Wolfsburg"},{"AC": 2, "AF": 12, "AR": 0, "AS": 7, "AST": 3, "AY": 1, "AwayTeam": "Leverkusen", "Date": "2011-04-17", "FTAG": 1, "FTHG": 5, "FTR": "H", "HC": 3, "HF": 15, "HR": 0, "HS": 5, "HST": 4, "HTAG": 0, "HTHG": 4, "HTR": "H", "HY": 1, "HomeTeam": "Bayern Munich"},{"AC": 1, "AF": 23, "AR": 0, "AS": 2, "AST": 2, "AY": 2, "AwayTeam": "Freiburg", "Date": "2011-04-17", "FTAG": 0, "FTHG": 3, "FTR": "H", "HC": 4, "HF": 13, "HR": 0, "HS": 20, "HST": 5, "HTAG": 0, "HTHG": 2, "HTR": "H", "HY": 1, "HomeTeam": "Dortmund"},{"AC": 2, "AF": 17, "AR": 0, "AS": 9, "AST": 5, "AY": 2, "AwayTeam": "Hannover", "Date": "2011-04-21", "FTAG": 3, "FTHG": 1, "FTR": "A", "HC": 7, "HF": 8, "HR": 0, "HS": 14, "HST": 7, "HTAG": 2, "HTHG": 0, "HTR": "A", "HY": 0, "HomeTeam": "Freiburg"},{"AC": 9, "AF": 15, "AR": 0, "AS": 18, "AST": 9, "AY": 3, "AwayTeam": "Bayern Munich", "Date": "2011-04-23", "FTAG": 1, "FTHG": 1, "FTR": "D", "HC": 0, "HF": 13, "HR": 0, "HS": 8, "HST": 2, "HTAG": 0, "HTHG": 0, "HTR": "D", "HY": 4, "HomeTeam": "Ein Frankfurt"},{"AC": 2, "AF": 16, "AR": 0, "AS": 9, "AST": 3, "AY": 1, "AwayTeam": "Hoffenheim", "Date": "2011-04-23", "FTAG": 1, "FTHG": 2, "FTR": "H", "HC": 7, "HF": 14, "HR": 0, "HS": 15, "HST": 4, "HTAG": 1, "HTHG": 1, "HTR": "D", "HY": 0, "HomeTeam": "Leverkusen"},{"AC": 11, "AF": 13, "AR": 0, "AS": 21, "AST": 8, "AY": 0, "AwayTeam": "Dortmund", "Date": "2011-04-23", "FTAG": 0, "FTHG": 1, "FTR": "H", "HC": 3, "HF": 7, "HR": 0, "HS": 7, "HST": 2, "HTAG": 0, "HTHG": 1, "HTR": "H", "HY": 0, "HomeTeam": "M'gladbach"},{"AC": 3, "AF": 19, "AR": 0, "AS": 9, "AST": 3, "AY": 3, "AwayTeam": "Kaiserslautern", "Date": "2011-04-23", "FTAG": 1, "FTHG": 0, "FTR": "A", "HC": 6, "HF": 10, "HR": 0, "HS": 11, "HST": 2, "HTAG": 1, "HTHG": 0, "HTR": "A", "HY": 0, "HomeTeam": "Schalke 04"},{"AC": 4, "AF": 13, "AR": 0, "AS": 14, "AST": 4, "AY": 0, "AwayTeam": "Werder Bremen", "Date": "2011-04-23", "FTAG": 3, "FTHG": 1, "FTR": "A", "HC": 4, "HF": 22, "HR": 0, "HS": 5, "HST": 3, "HTAG": 0, "HTHG": 1, "HTR": "H", "HY": 2, "HomeTeam": "St Pauli"},{"AC": 6, "AF": 12, "AR": 0, "AS": 11, "AST": 4, "AY": 0, "AwayTeam": "Hamburg", "Date": "2011-04-23", "FTAG": 0, "FTHG": 3, "FTR": "H", "HC": 3, "HF": 9, "HR": 0, "HS": 14, "HST": 6, "HTAG": 0, "HTHG": 1, "HTR": "H", "HY": 2, "HomeTeam": "Stuttgart"},{"AC": 1, "AF": 14, "AR": 0, "AS": 10, "AST": 1, "AY": 3, "AwayTeam": "Mainz", "Date": "2011-04-24", "FTAG": 0, "FTHG": 0, "FTR": "D", "HC": 5, "HF": 15, "HR": 0, "HS": 11, "HST": 2, "HTAG": 0, "HTHG": 0, "HTR": "D", "HY": 5, "HomeTeam": "Nurnberg"},{"AC": 2, "AF": 17, "AR": 0, "AS": 14, "AST": 4, "AY": 0, "AwayTeam": "FC Koln", "Date": "2011-04-24", "FTAG": 1, "FTHG": 4, "FTR": "H", "HC": 7, "HF": 18, "HR": 0, "HS": 18, "HST": 9, "HTAG": 1, "HTHG": 2, "HTR": "H", "HY": 0, "HomeTeam": "Wolfsburg"},{"AC": 3, "AF": 15, "AR": 0, "AS": 15, "AST": 6, "AY": 1, "AwayTeam": "St Pauli", "Date": "2011-04-29", "FTAG": 0, "FTHG": 2, "FTR": "H", "HC": 5, "HF": 19, "HR": 0, "HS": 17, "HST": 5, "HTAG": 0, "HTHG": 1, "HTR": "H", "HY": 0, "HomeTeam": "Kaiserslautern"},{"AC": 5, "AF": 22, "AR": 0, "AS": 10, "AST": 2, "AY": 4, "AwayTeam": "Wolfsburg", "Date": "2011-04-29", "FTAG": 1, "FTHG": 0, "FTR": "A", "HC": 9, "HF": 11, "HR": 0, "HS": 14, "HST": 4, "HTAG": 1, "HTHG": 0, "HTR": "A", "HY": 2, "HomeTeam": "Werder Bremen"},{"AC": 1, "AF": 19, "AR": 0, "AS": 3, "AST": 0, "AY": 2, "AwayTeam": "Schalke 04", "Date": "2011-04-30", "FTAG": 1, "FTHG": 4, "FTR": "H", "HC": 7, "HF": 9, "HR": 0, "HS": 22, "HST": 8, "HTAG": 1, "HTHG": 3, "HTR": "H", "HY": 1, "HomeTeam": "Bayern Munich"},{"AC": 4, "AF": 13, "AR": 0, "AS": 8, "AST": 2, "AY": 2, "AwayTeam": "Nurnberg", "Date": "2011-04-30", "FTAG": 0, "FTHG": 2, "FTR": "H", "HC": 4, "HF": 20, "HR": 0, "HS": 11, "HST": 5, "HTAG": 0, "HTHG": 2, "HTR": "H", "HY": 1, "HomeTeam": "Dortmund"},{"AC": 6, "AF": 19, "AR": 0, "AS": 16, "AST": 4, "AY": 2, "AwayTeam": "Leverkusen", "Date": "2011-04-30", "FTAG": 0, "FTHG": 2, "FTR": "H", "HC": 1, "HF": 18, "HR": 0, "HS": 4, "HST": 4, "HTAG": 0, "HTHG": 0, "HTR": "D", "HY": 2, "HomeTeam": "FC Koln"},{"AC": 1, "AF": 14, "AR": 0, "AS": 9, "AST": 5, "AY": 1, "AwayTeam": "Freiburg", "Date": "2011-04-30", "FTAG": 2, "FTHG": 0, "FTR": "A", "HC": 4, "HF": 26, "HR": 0, "HS": 16, "HST": 5, "HTAG": 1, "HTHG": 0, "HTR": "A", "HY": 3, "HomeTeam": "Hamburg"},{"AC": 2, "AF": 9, "AR": 0, "AS": 15, "AST": 4, "AY": 0, "AwayTeam": "M'gladbach", "Date": "2011-04-30", "FTAG": 1, "FTHG": 0, "FTR": "A", "HC": 7, "HF": 9, "HR": 0, "HS": 10, "HST": 2, "HTAG": 0, "HTHG": 0, "HTR": "D", "HY": 2, "HomeTeam": "Hannover"},{"AC": 4, "AF": 14, "AR": 0, "AS": 14, "AST": 4, "AY": 2, "AwayTeam": "Stuttgart", "Date": "2011-04-30", "FTAG": 2, "FTHG": 1, "FTR": "A", "HC": 3, "HF": 19, "HR": 0, "HS": 14, "HST": 5, "HTAG": 0, "HTHG": 1, "HTR": "H", "HY": 2, "HomeTeam": "Hoffenheim"},{"AC": 1, "AF": 16, "AR": 1, "AS": 7, "AST": 2, "AY": 2, "AwayTeam": "Ein Frankfurt", "Date": "2011-04-30", "FTAG": 0, "FTHG": 3, "FTR": "H", "HC": 5, "HF": 19, "HR": 0, "HS": 23, "HST": 11, "HTAG": 0, "HTHG": 3, "HTR": "H", "HY": 1, "HomeTeam": "Mainz"},{"AC": 3, "AF": 18, "AR": 0, "AS": 10, "AST": 7, "AY": 3, "AwayTeam": "FC Koln", "Date": "2011-05-07", "FTAG": 2, "FTHG": 0, "FTR": "A", "HC": 2, "HF": 10, "HR": 0, "HS": 11, "HST": 0, "HTAG": 1, "HTHG": 0, "HTR": "A", "HY": 3, "HomeTeam": "Ein Frankfurt"},{"AC": 3, "AF": 20, "AR": 0, "AS": 11, "AST": 5, "AY": 3, "AwayTeam": "Hamburg", "Date": "2011-05-07", "FTAG": 1, "FTHG": 1, "FTR": "D", "HC": 5, "HF": 13, "HR": 0, "HS": 13, "HST": 3, "HTAG": 1, "HTHG": 0, "HTR": "A", "HY": 1, "HomeTeam": "Leverkusen"},{"AC": 9, "AF": 15, "AR": 1, "AS": 6, "AST": 3, "AY": 1, "AwayTeam": "Freiburg", "Date": "2011-05-07", "FTAG": 0, "FTHG": 2, "FTR": "H", "HC": 3, "HF": 20, "HR": 0, "HS": 10, "HST": 5, "HTAG": 0, "HTHG": 0, "HTR": "D", "HY": 2, "HomeTeam": "M'gladbach"},{"AC": 4, "AF": 20, "AR": 0, "AS": 15, "AST": 4, "AY": 2, "AwayTeam": "Hoffenheim", "Date": "2011-05-07", "FTAG": 2, "FTHG": 1, "FTR": "A", "HC": 9, "HF": 15, "HR": 0, "HS": 11, "HST": 5, "HTAG": 1, "HTHG": 1, "HTR": "D", "HY": 0, "HomeTeam": "Nurnberg"},{"AC": 5, "AF": 14, "AR": 0, "AS": 9, "AST": 4, "AY": 1, "AwayTeam": "Mainz", "Date": "2011-05-07", "FTAG": 3, "FTHG": 1, "FTR": "A", "HC": 7, "HF": 14, "HR": 0, "HS": 15, "HST": 4, "HTAG": 0, "HTHG": 0, "HTR": "D", "HY": 2, "HomeTeam": "Schalke 04"},{"AC": 8, "AF": 15, "AR": 0, "AS": 17, "AST": 10, "AY": 2, "AwayTeam": "Bayern Munich", "Date": "2011-05-07", "FTAG": 8, "FTHG": 1, "FTR": "A", "HC": 3, "HF": 15, "HR": 0, "HS": 12, "HST": 5, "HTAG": 2, "HTHG": 0, "HTR": "A", "HY": 3, "HomeTeam": "St Pauli"},{"AC": 0, "AF": 24, "AR": 0, "AS": 11, "AST": 3, "AY": 1, "AwayTeam": "Hannover", "Date": "2011-05-07", "FTAG": 1, "FTHG": 2, "FTR": "H", "HC": 2, "HF": 20, "HR": 0, "HS": 13, "HST": 4, "HTAG": 0, "HTHG": 0, "HTR": "D", "HY": 2, "HomeTeam": "Stuttgart"},{"AC": 10, "AF": 9, "AR": 0, "AS": 12, "AST": 2, "AY": 0, "AwayTeam": "Dortmund", "Date": "2011-05-07", "FTAG": 0, "FTHG": 2, "FTR": "H", "HC": 2, "HF": 11, "HR": 0, "HS": 11, "HST": 4, "HTAG": 0, "HTHG": 1, "HTR": "H", "HY": 2, "HomeTeam": "Werder Bremen"},{"AC": 3, "AF": 22, "AR": 0, "AS": 3, "AST": 2, "AY": 1, "AwayTeam": "Kaiserslautern", "Date": "2011-05-07", "FTAG": 2, "FTHG": 1, "FTR": "A", "HC": 10, "HF": 18, "HR": 0, "HS": 21, "HST": 3, "HTAG": 2, "HTHG": 1, "HTR": "A", "HY": 0, "HomeTeam": "Wolfsburg"},{"AC": 4, "AF": 21, "AR": 0, "AS": 10, "AST": 5, "AY": 2, "AwayTeam": "Stuttgart", "Date": "2011-05-14", "FTAG": 1, "FTHG": 2, "FTR": "H", "HC": 6, "HF": 17, "HR": 0, "HS": 10, "HST": 5, "HTAG": 1, "HTHG": 1, "HTR": "D", "HY": 2, "HomeTeam": "Bayern Munich"},{"AC": 4, "AF": 10, "AR": 1, "AS": 9, "AST": 3, "AY": 2, "AwayTeam": "Ein Frankfurt", "Date": "2011-05-14", "FTAG": 1, "FTHG": 3, "FTR": "H", "HC": 7, "HF": 9, "HR": 0, "HS": 18, "HST": 11, "HTAG": 0, "HTHG": 0, "HTR": "D", "HY": 1, "HomeTeam": "Dortmund"},{"AC": 10, "AF": 23, "AR": 0, "AS": 17, "AST": 5, "AY": 1, "AwayTeam": "Schalke 04", "Date": "2011-05-14", "FTAG": 1, "FTHG": 2, "FTR": "H", "HC": 4, "HF": 21, "HR": 0, "HS": 10, "HST": 6, "HTAG": 0, "HTHG": 1, "HTR": "H", "HY": 2, "HomeTeam": "FC Koln"},{"AC": 9, "AF": 20, "AR": 0, "AS": 13, "AST": 6, "AY": 1, "AwayTeam": "Leverkusen", "Date": "2011-05-14", "FTAG": 1, "FTHG": 0, "FTR": "A", "HC": 1, "HF": 8, "HR": 0, "HS": 8, "HST": 2, "HTAG": 1, "HTHG": 0, "HTR": "A", "HY": 0, "HomeTeam": "Freiburg"},{"AC": 5, "AF": 10, "AR": 0, "AS": 9, "AST": 3, "AY": 2, "AwayTeam": "M'gladbach", "Date": "2011-05-14", "FTAG": 1, "FTHG": 1, "FTR": "D", "HC": 7, "HF": 8, "HR": 0, "HS": 16, "HST": 4, "HTAG": 1, "HTHG": 0, "HTR": "A", "HY": 1, "HomeTeam": "Hamburg"},{"AC": 4, "AF": 23, "AR": 0, "AS": 9, "AST": 2, "AY": 2, "AwayTeam": "Nurnberg", "Date": "2011-05-14", "FTAG": 1, "FTHG": 3, "FTR": "H", "HC": 5, "HF": 22, "HR": 0, "HS": 20, "HST": 5, "HTAG": 1, "HTHG": 1, "HTR": "D", "HY": 2, "HomeTeam": "Hannover"},{"AC": 7, "AF": 17, "AR": 0, "AS": 20, "AST": 6, "AY": 1, "AwayTeam": "Wolfsburg", "Date": "2011-05-14", "FTAG": 3, "FTHG": 1, "FTR": "A", "HC": 7, "HF": 11, "HR": 0, "HS": 17, "HST": 4, "HTAG": 0, "HTHG": 0, "HTR": "D", "HY": 0, "HomeTeam": "Hoffenheim"},{"AC": 8, "AF": 10, "AR": 0, "AS": 17, "AST": 7, "AY": 2, "AwayTeam": "Werder Bremen", "Date": "2011-05-14", "FTAG": 2, "FTHG": 3, "FTR": "H", "HC": 4, "HF": 14, "HR": 0, "HS": 12, "HST": 4, "HTAG": 1, "HTHG": 3, "HTR": "H", "HY": 0, "HomeTeam": "Kaiserslautern"},{"AC": 3, "AF": 13, "AR": 0, "AS": 14, "AST": 4, "AY": 2, "AwayTeam": "St Pauli", "Date": "2011-05-14", "FTAG": 1, "FTHG": 2, "FTR": "H", "HC": 7, "HF": 11, "HR": 0, "HS": 19, "HST": 7, "HTAG": 1, "HTHG": 0, "HTR": "A", "HY": 0, "HomeTeam": "Mainz"}]