[{"AC": 2, "AF": 14, "AR": 0, "AS": 10, "AST": 3, "AY": 2, "AwayTeam": "Werder Bremen", "Date": "2012-08-24", "FTAG": 1, "FTHG": 2, "FTR": "H", "HC": 7, "HF": 18, "HR": 0, "HS": 19, "HST": 6, "HTAG": 0, "HTHG": 1, "HTR": "H", "HY": 2, "HomeTeam": "Dortmund"},{"AC": 0, "AF": 14, "AR": 0, "AS": 9, "AST": 4, "AY": 2, "AwayTeam": "Fortuna Dusseldorf", "Date": "2012-08-25", "FTAG": 2, "FTHG": 0, "FTR": "A", "HC": 3, "HF": 16, "HR": 0, "HS": 16, "HST": 4, "HTAG": 0, "HTHG": 0, "HTR": "D", "HY": 3, "HomeTeam": "Augsburg"},{"AC": 7, "AF": 22, "AR": 0, "AS": 19, "AST": 10, "AY": 2, "AwayTeam": "Leverkusen", "Date": "2012-08-25", "FTAG": 1, "FTHG": 2, "FTR": "H", "HC": 6, "HF": 15, "HR": 0, "HS": 20, "HST": 4, "HTAG": 1, "HTHG": 0, "HTR": "A", "HY": 1, "HomeTeam": "Ein Frankfurt"},{"AC": 8, "AF": 13, "AR": 0, "AS": 8, "AST": 3, "AY": 2, "AwayTeam": "Mainz", "Date": "2012-08-25", "FTAG": 1, "FTHG": 1, "FTR": "D", "HC": 9, "HF": 14, "HR": 0, "HS": 8, "HST": 4, "HTAG": 0, "HTHG": 0, "HTR": "D", "HY": 0, "HomeTeam": "Freiburg"},{"AC": 4, "AF": 13, "AR": 0, "AS": 19, "AST": 9, "AY": 2, "AwayTeam": "Bayern Munich", "Date": "2012-08-25", "FTAG": 3, "FTHG": 0, "FTR": "A", "HC": 2, "HF": 21, "HR": 0, "HS": 6, "HST": 2, "HTAG": 1, "HTHG": 0, "HTR": "A", "HY": 2, "HomeTeam": "Greuther Furth"},{"AC": 6, "AF": 20, "AR": 0, "AS": 18, "AST": 8, "AY": 2, "AwayTeam": "Nurnberg", "Date": "2012-08-25", "FTAG": 1, "FTHG": 0, "FTR": "A", "HC": 9, "HF": 16, "HR": 0, "HS": 11, "HST": 5, "HTAG": 0, "HTHG": 0, "HTR": "D", "HY": 4, "HomeTeam": "Hamburg"},{"AC": 4, "AF": 6, "AR": 0, "AS": 14, "AST": 8, "AY": 0, "AwayTeam": "Hoffenheim", "Date": "2012-08-25", "FTAG": 1, "FTHG": 2, "FTR": "H", "HC": 6, "HF": 9, "HR": 0, "HS": 7, "HST": 3, "HTAG": 0, "HTHG": 1, "HTR": "H", "HY": 2, "HomeTeam": "M'gladbach"},{"AC": 6, "AF": 23, "AR": 0, "AS": 13, "AST": 3, "AY": 0, "AwayTeam": "Wolfsburg", "Date": "2012-08-25", "FTAG": 1, "FTHG": 0, "FTR": "A", "HC": 7, "HF": 16, "HR": 0, "HS": 10, "HST": 5, "HTAG": 0, "HTHG": 0, "HTR": "D", "HY": 1, "HomeTeam": "Stuttgart"},{"AC": 6, "AF": 16, "AR": 0, "AS": 15, "AST": 7, "AY": 3, "AwayTeam": "Schalke 04", "Date": "2012-08-26", "FTAG": 2, "FTHG": 2, "FTR": "D", "HC": 3, "HF": 12, "HR": 0, "HS": 9, "HST": 2, "HTAG": 0, "HTHG": 1, "HTR": "H", "HY": 1, "HomeTeam": "Hannover"},{"AC": 0, "AF": 23, "AR": 0, "AS": 7, "AST": 2, "AY": 3, "AwayTeam": "Greuther Furth", "Date": "2012-08-31", "FTAG": 1, "FTHG": 0, "FTR": "A", "HC": 8, "HF": 17, "HR": 0, "HS": 11, "HST": 3, "HTAG": 0, "HTHG": 0, "HTR": "D", "HY": 1, "HomeTeam": "Mainz"},{"AC": 4, "AF": 23, "AR": 0, "AS": 13, "AST": 4, "AY": 2, "AwayTeam": "M'gladbach", "Date": "2012-09-01", "FTAG": 0, "FTHG": 0, "FTR": "D", "HC": 5, "HF": 15, "HR": 0, "HS": 5, "HST": 0, "HTAG": 0, "HTHG": 0, "HTR": "D", "HY": 3, "HomeTeam": "Fortuna Dusseldorf"},{"AC": 5, "AF": 17, "AR": 0, "AS": 17, "AST": 5, "AY": 2, "AwayTeam": "Ein Frankfurt", "Date": "2012-09-01", "FTAG": 4, "FTHG": 0, "FTR": "A", "HC": 2, "HF": 16, "HR": 2, "HS": 7, "HST": 3, "HTAG": 2, "HTHG": 0, "HTR": "A", "HY": 1, "HomeTeam": "Hoffenheim"},{"AC": 4, "AF": 24, "AR": 0, "AS": 8, "AST": 1, "AY": 1, "AwayTeam": "Freiburg", "Date": "2012-09-01", "FTAG": 0, "FTHG": 2, "FTR": "H", "HC": 5, "HF": 19, "HR": 0, "HS": 14, "HST": 10, "HTAG": 0, "HTHG": 1, "HTR": "H", "HY": 1, "HomeTeam": "Leverkusen"},{"AC": 11, "AF": 17, "AR": 0, "AS": 18, "AST": 6, "AY": 2, "AwayTeam": "Dortmund", "Date": "2012-09-01", "FTAG": 1, "FTHG": 1, "FTR": "D", "HC": 4, "HF": 12, "HR": 0, "HS": 6, "HST": 3, "HTAG": 1, "HTHG": 1, "HTR": "D", "HY": 2, "HomeTeam": "Nurnberg"},{"AC": 5, "AF": 14, "AR": 0, "AS": 22, "AST": 4, "AY": 2, "AwayTeam": "Augsburg", "Date": "2012-09-01", "FTAG": 1, "FTHG": 3, "FTR": "H", "HC": 6, "HF": 11, "HR": 0, "HS": 12, "HST": 6, "HTAG": 0, "HTHG": 1, "HTR": "H", "HY": 1, "HomeTeam": "Schalke 04"},{"AC": 5, "AF": 20, "AR": 0, "AS": 11, "AST": 4, "AY": 1, "AwayTeam": "Hamburg", "Date": "2012-09-01", "FTAG": 0, "FTHG": 2, "FTR": "H", "HC": 7, "HF": 7, "HR": 0, "HS": 16, "HST": 9, "HTAG": 0, "HTHG": 0, "HTR": "D", "HY": 0, "HomeTeam": "Werder Bremen"},{"AC": 3, "AF": 8, "AR": 1, "AS": 7, "AST": 4, "AY": 1, "AwayTeam": "Stuttgart", "Date": "2012-09-02", "FTAG": 1, "FTHG": 6, "FTR": "H", "HC": 5, "HF": 13, "HR": 0, "HS": 16, "HST": 13, "HTAG": 1, "HTHG": 3, "HTR": "H", "HY": 1, "HomeTeam": "Bayern Munich"},{"AC": 3, "AF": 20, "AR": 0, "AS": 16, "AST": 7, "AY": 1, "AwayTeam": "Hannover", "Date": "2012-09-02", "FTAG": 4, "FTHG": 0, "FTR": "A", "HC": 0, "HF": 24, "HR": 1, "HS": 5, "HST": 1, "HTAG": 2, "HTHG": 0, "HTR": "A", "HY": 2, "HomeTeam": "Wolfsburg"},{"AC": 3, "AF": 25, "AR": 0, "AS": 11, "AST": 4, "AY": 2, "AwayTeam": "Wolfsburg", "Date": "2012-09-14", "FTAG": 0, "FTHG": 0, "FTR": "D", "HC": 5, "HF": 14, "HR": 0, "HS": 7, "HST": 2, "HTAG": 0, "HTHG": 0, "HTR": "D", "HY": 1, "HomeTeam": "Augsburg"},{"AC": 2, "AF": 18, "AR": 0, "AS": 7, "AST": 1, "AY": 2, "AwayTeam": "Mainz", "Date": "2012-09-15", "FTAG": 1, "FTHG": 3, "FTR": "H", "HC": 10, "HF": 12, "HR": 0, "HS": 21, "HST": 9, "HTAG": 0, "HTHG": 2, "HTR": "H", "HY": 1, "HomeTeam": "Bayern Munich"},{"AC": 2, "AF": 14, "AR": 0, "AS": 6, "AST": 2, "AY": 2, "AwayTeam": "Leverkusen", "Date": "2012-09-15", "FTAG": 0, "FTHG": 3, "FTR": "H", "HC": 9, "HF": 10, "HR": 0, "HS": 14, "HST": 7, "HTAG": 0, "HTHG": 2, "HTR": "H", "HY": 1, "HomeTeam": "Dortmund"},{"AC": 4, "AF": 14, "AR": 0, "AS": 10, "AST": 4, "AY": 0, "AwayTeam": "Schalke 04", "Date": "2012-09-15", "FTAG": 2, "FTHG": 0, "FTR": "A", "HC": 5, "HF": 18, "HR": 0, "HS": 9, "HST": 0, "HTAG": 0, "HTHG": 0, "HTR": "D", "HY": 2, "HomeTeam": "Greuther Furth"},{"AC": 4, "AF": 19, "AR": 0, "AS": 11, "AST": 4, "AY": 3, "AwayTeam": "Werder Bremen", "Date": "2012-09-15", "FTAG": 2, "FTHG": 3, "FTR": "H", "HC": 7, "HF": 19, "HR": 1, "HS": 13, "HST": 5, "HTAG": 1, "HTHG": 2, "HTR": "H", "HY": 3, "HomeTeam": "Hannover"},{"AC": 6, "AF": 17, "AR": 0, "AS": 11, "AST": 3, "AY": 2, "AwayTeam": "Nurnberg", "Date": "2012-09-15", "FTAG": 3, "FTHG": 2, "FTR": "A", "HC": 5, "HF": 12, "HR": 0, "HS": 14, "HST": 6, "HTAG": 2, "HTHG": 1, "HTR": "A", "HY": 2, "HomeTeam": "M'gladbach"},{"AC": 4, "AF": 13, "AR": 0, "AS": 6, "AST": 2, "AY": 0, "AwayTeam": "Fortuna Dusseldorf", "Date": "2012-09-15", "FTAG": 0, "FTHG": 0, "FTR": "D", "HC": 7, "HF": 19, "HR": 0, "HS": 10, "HST": 3, "HTAG": 0, "HTHG": 0, "HTR": "D", "HY": 1, "HomeTeam": "Stuttgart"},{"AC": 6, "AF": 19, "AR": 1, "AS": 14, "AST": 7, "AY": 1, "AwayTeam": "Hamburg", "Date": "2012-09-16", "FTAG": 2, "FTHG": 3, "FTR": "H", "HC": 7, "HF": 15, "HR": 0, "HS": 17, "HST": 6, "HTAG": 1, "HTHG": 2, "HTR": "H", "HY": 0, "HomeTeam": "Ein Frankfurt"},{"AC": 2, "AF": 18, "AR": 0, "AS": 9, "AST": 5, "AY": 5, "AwayTeam": "Hoffenheim", "Date": "2012-09-16", "FTAG": 3, "FTHG": 5, "FTR": "H", "HC": 11, "HF": 11, "HR": 0, "HS": 23, "HST": 9, "HTAG": 1, "HTHG": 2, "HTR": "H", "HY": 2, "HomeTeam": "Freiburg"},{"AC": 5, "AF": 17, "AR": 0, "AS": 12, "AST": 5, "AY": 3, "AwayTeam": "Ein Frankfurt", "Date": "2012-09-21", "FTAG": 2, "FTHG": 1, "FTR": "A", "HC": 8, "HF": 9, "HR": 0, "HS": 14, "HST": 5, "HTAG": 1, "HTHG": 0, "HTR": "A", "HY": 1, "HomeTeam": "Nurnberg"},{"AC": 6, "AF": 17, "AR": 0, "AS": 11, "AST": 3, "AY": 2, "AwayTeam": "Freiburg", "Date": "2012-09-22", "FTAG": 0, "FTHG": 0, "FTR": "D", "HC": 3, "HF": 13, "HR": 0, "HS": 11, "HST": 2, "HTAG": 0, "HTHG": 0, "HTR": "D", "HY": 2, "HomeTeam": "Fortuna Dusseldorf"},{"AC": 10, "AF": 11, "AR": 0, "AS": 28, "AST": 12, "AY": 1, "AwayTeam": "Dortmund", "Date": "2012-09-22", "FTAG": 2, "FTHG": 3, "FTR": "H", "HC": 2, "HF": 20, "HR": 0, "HS": 7, "HST": 3, "HTAG": 0, "HTHG": 1, "HTR": "H", "HY": 3, "HomeTeam": "Hamburg"},{"AC": 6, "AF": 17, "AR": 0, "AS": 11, "AST": 3, "AY": 2, "AwayTeam": "Augsburg", "Date": "2012-09-22", "FTAG": 0, "FTHG": 2, "FTR": "H", "HC": 4, "HF": 23, "HR": 0, "HS": 11, "HST": 5, "HTAG": 0, "HTHG": 2, "HTR": "H", "HY": 0, "HomeTeam": "Mainz"},{"AC": 3, "AF": 18, "AR": 0, "AS": 13, "AST": 5, "AY": 0, "AwayTeam": "Bayern Munich", "Date": "2012-09-22", "FTAG": 2, "FTHG": 0, "FTR": "A", "HC": 2, "HF": 14, "HR": 0, "HS": 14, "HST": 5, "HTAG": 0, "HTHG": 0, "HTR": "D", "HY": 2, "HomeTeam": "Schalke 04"},{"AC": 2, "AF": 22, "AR": 0, "AS": 8, "AST": 1, "AY": 2, "AwayTeam": "Greuther Furth", "Date": "2012-09-22", "FTAG": 1, "FTHG": 1, "FTR": "D", "HC": 7, "HF": 20, "HR": 0, "HS": 12, "HST": 5, "HTAG": 1, "HTHG": 1, "HTR": "D", "HY": 0, "HomeTeam": "Wolfsburg"},{"AC": 2, "AF": 18, "AR": 0, "AS": 5, "AST": 2, "AY": 2, "AwayTeam": "Hannover", "Date": "2012-09-23", "FTAG": 1, "FTHG": 3, "FTR": "H", "HC": 8, "HF": 13, "HR": 0, "HS": 16, "HST": 6, "HTAG": 1, "HTHG": 1, "HTR": "D", "HY": 3, "HomeTeam": "Hoffenheim"},{"AC": 3, "AF": 12, "AR": 0, "AS": 5, "AST": 1, "AY": 4, "AwayTeam": "M'gladbach", "Date": "2012-09-23", "FTAG": 1, "FTHG": 1, "FTR": "D", "HC": 10, "HF": 13, "HR": 0, "HS": 31, "HST": 9, "HTAG": 1, "HTHG": 1, "HTR": "D", "HY": 0, "HomeTeam": "Leverkusen"},{"AC": 7, "AF": 13, "AR": 1, "AS": 13, "AST": 2, "AY": 0, "AwayTeam": "Stuttgart", "Date": "2012-09-23", "FTAG": 2, "FTHG": 2, "FTR": "D", "HC": 6, "HF": 17, "HR": 1, "HS": 11, "HST": 6, "HTAG": 0, "HTHG": 2, "HTR": "H", "HY": 4, "HomeTeam": "Werder Bremen"},{"AC": 2, "AF": 18, "AR": 0, "AS": 4, "AST": 1, "AY": 1, "AwayTeam": "Wolfsburg", "Date": "2012-09-25", "FTAG": 0, "FTHG": 3, "FTR": "H", "HC": 10, "HF": 15, "HR": 0, "HS": 25, "HST": 13, "HTAG": 0, "HTHG": 1, "HTR": "H", "HY": 1, "HomeTeam": "Bayern Munich"},{"AC": 4, "AF": 15, "AR": 0, "AS": 9, "AST": 7, "AY": 1, "AwayTeam": "Dortmund", "Date": "2012-09-25", "FTAG": 3, "FTHG": 3, "FTR": "D", "HC": 6, "HF": 13, "HR": 0, "HS": 14, "HST": 5, "HTAG": 2, "HTHG": 0, "HTR": "A", "HY": 2, "HomeTeam": "Ein Frankfurt"},{"AC": 2, "AF": 15, "AR": 0, "AS": 10, "AST": 5, "AY": 2, "AwayTeam": "Fortuna Dusseldorf", "Date": "2012-09-25", "FTAG": 2, "FTHG": 0, "FTR": "A", "HC": 4, "HF": 22, "HR": 0, "HS": 11, "HST": 3, "HTAG": 2, "HTHG": 0, "HTR": "A", "HY": 2, "HomeTeam": "Greuther Furth"},{"AC": 3, "AF": 11, "AR": 0, "AS": 10, "AST": 3, "AY": 2, "AwayTeam": "Mainz", "Date": "2012-09-25", "FTAG": 0, "FTHG": 3, "FTR": "H", "HC": 7, "HF": 10, "HR": 0, "HS": 16, "HST": 9, "HTAG": 0, "HTHG": 1, "HTR": "H", "HY": 2, "HomeTeam": "Schalke 04"},{"AC": 2, "AF": 17, "AR": 0, "AS": 12, "AST": 6, "AY": 3, "AwayTeam": "Leverkusen", "Date": "2012-09-26", "FTAG": 3, "FTHG": 1, "FTR": "A", "HC": 3, "HF": 9, "HR": 0, "HS": 11, "HST": 6, "HTAG": 3, "HTHG": 0, "HTR": "A", "HY": 1, "HomeTeam": "Augsburg"},{"AC": 2, "AF": 24, "AR": 0, "AS": 5, "AST": 3, "AY": 4, "AwayTeam": "Werder Bremen", "Date": "2012-09-26", "FTAG": 2, "FTHG": 1, "FTR": "A", "HC": 7, "HF": 15, "HR": 0, "HS": 18, "HST": 7, "HTAG": 0, "HTHG": 1, "HTR": "H", "HY": 2, "HomeTeam": "Freiburg"},{"AC": 6, "AF": 19, "AR": 0, "AS": 6, "AST": 2, "AY": 2, "AwayTeam": "Nurnberg", "Date": "2012-09-26", "FTAG": 1, "FTHG": 4, "FTR": "H", "HC": 5, "HF": 15, "HR": 0, "HS": 7, "HST": 4, "HTAG": 0, "HTHG": 2, "HTR": "H", "HY": 3, "HomeTeam": "Hannover"},{"AC": 5, "AF": 19, "AR": 0, "AS": 18, "AST": 4, "AY": 1, "AwayTeam": "Hamburg", "Date": "2012-09-26", "FTAG": 2, "FTHG": 2, "FTR": "D", "HC": 4, "HF": 12, "HR": 1, "HS": 9, "HST": 4, "HTAG": 2, "HTHG": 1, "HTR": "A", "HY": 2, "HomeTeam": "M'gladbach"},{"AC": 5, "AF": 15, "AR": 0, "AS": 16, "AST": 10, "AY": 2, "AwayTeam": "Hoffenheim", "Date": "2012-09-26", "FTAG": 3, "FTHG": 0, "FTR": "A", "HC": 4, "HF": 18, "HR": 0, "HS": 8, "HST": 3, "HTAG": 1, "HTHG": 0, "HTR": "A", "HY": 2, "HomeTeam": "Stuttgart"},{"AC": 4, "AF": 9, "AR": 0, "AS": 14, "AST": 6, "AY": 1, "AwayTeam": "Schalke 04", "Date": "2012-09-28", "FTAG": 2, "FTHG": 2, "FTR": "D", "HC": 4, "HF": 10, "HR": 0, "HS": 7, "HST": 2, "HTAG": 2, "HTHG": 0, "HTR": "A", "HY": 1, "HomeTeam": "Fortuna Dusseldorf"},{"AC": 5, "AF": 8, "AR": 0, "AS": 9, "AST": 3, "AY": 1, "AwayTeam": "M'gladbach", "Date": "2012-09-29", "FTAG": 0, "FTHG": 5, "FTR": "H", "HC": 10, "HF": 10, "HR": 0, "HS": 17, "HST": 8, "HTAG": 0, "HTHG": 2, "HTR": "H", "HY": 0, "HomeTeam": "Dortmund"},{"AC": 8, "AF": 12, "AR": 0, "AS": 14, "AST": 5, "AY": 1, "AwayTeam": "Hannover", "Date": "2012-09-29", "FTAG": 0, "FTHG": 1, "FTR": "H", "HC": 2, "HF": 25, "HR": 0, "HS": 10, "HST": 4, "HTAG": 0, "HTHG": 1, "HTR": "H", "HY": 3, "HomeTeam": "Hamburg"},{"AC": 2, "AF": 16, "AR": 0, "AS": 5, "AST": 2, "AY": 1, "AwayTeam": "Augsburg", "Date": "2012-09-29", "FTAG": 0, "FTHG": 0, "FTR": "D", "HC": 6, "HF": 19, "HR": 1, "HS": 9, "HST": 2, "HTAG": 0, "HTHG": 0, "HTR": "D", "HY": 2, "HomeTeam": "Hoffenheim"},{"AC": 2, "AF": 14, "AR": 0, "AS": 7, "AST": 1, "AY": 1, "AwayTeam": "Greuther Furth", "Date": "2012-09-29", "FTAG": 0, "FTHG": 2, "FTR": "H", "HC": 7, "HF": 15, "HR": 0, "HS": 13, "HST": 7, "HTAG": 0, "HTHG": 0, "HTR": "D", "HY": 1, "HomeTeam": "Leverkusen"},{"AC": 3, "AF": 28, "AR": 0, "AS": 9, "AST": 5, "AY": 2, "AwayTeam": "Stuttgart", "Date": "2012-09-29", "FTAG": 2, "FTHG": 0, "FTR": "A", "HC": 9, "HF": 19, "HR": 0, "HS": 13, "HST": 3, "HTAG": 1, "HTHG": 0, "HTR": "A", "HY": 0, "HomeTeam": "Nurnberg"},{"AC": 6, "AF": 17, "AR": 0, "AS": 19, "AST": 5, "AY": 2, "AwayTeam": "Bayern Munich", "Date": "2012-09-29", "FTAG": 2, "FTHG": 0, "FTR": "A", "HC": 2, "HF": 14, "HR": 0, "HS": 8, "HST": 2, "HTAG": 0, "HTHG": 0, "HTR": "D", "HY": 2, "HomeTeam": "Werder Bremen"},{"AC": 6, "AF": 17, "AR": 1, "AS": 12, "AST": 5, "AY": 3, "AwayTeam": "Freiburg", "Date": "2012-09-30", "FTAG": 1, "FTHG": 2, "FTR": "H", "HC": 6, "HF": 17, "HR": 0, "HS": 8, "HST": 4, "HTAG": 0, "HTHG": 0, "HTR": "D", "HY": 1, "HomeTeam": "Ein Frankfurt"},{"AC": 2, "AF": 18, "AR": 0, "AS": 7, "AST": 3, "AY": 3, "AwayTeam": "Mainz", "Date": "2012-09-30", "FTAG": 2, "FTHG": 0, "FTR": "A", "HC": 11, "HF": 18, "HR": 0, "HS": 19, "HST": 5, "HTAG": 2, "HTHG": 0, "HTR": "A", "HY": 3, "HomeTeam": "Wolfsburg"},{"AC": 3, "AF": 14, "AR": 0, "AS": 15, "AST": 5, "AY": 1, "AwayTeam": "Werder Bremen", "Date": "2012-10-05", "FTAG": 1, "FTHG": 3, "FTR": "H", "HC": 3, "HF": 17, "HR": 0, "HS": 12, "HST": 4, "HTAG": 1, "HTHG": 2, "HTR": "H", "HY": 2, "HomeTeam": "Augsburg"},{"AC": 1, "AF": 20, "AR": 0, "AS": 4, "AST": 1, "AY": 3, "AwayTeam": "Hoffenheim", "Date": "2012-10-06", "FTAG": 0, "FTHG": 2, "FTR": "H", "HC": 8, "HF": 14, "HR": 0, "HS": 13, "HST": 2, "HTAG": 0, "HTHG": 1, "HTR": "H", "HY": 0, "HomeTeam": "Bayern Munich"},{"AC": 9, "AF": 17, "AR": 0, "AS": 11, "AST": 4, "AY": 3, "AwayTeam": "Nurnberg", "Date": "2012-10-06", "FTAG": 0, "FTHG": 3, "FTR": "H", "HC": 3, "HF": 17, "HR": 0, "HS": 18, "HST": 7, "HTAG": 0, "HTHG": 1, "HTR": "H", "HY": 3, "HomeTeam": "Freiburg"},{"AC": 1, "AF": 24, "AR": 0, "AS": 8, "AST": 4, "AY": 2, "AwayTeam": "Hamburg", "Date": "2012-10-06", "FTAG": 1, "FTHG": 0, "FTR": "A", "HC": 6, "HF": 22, "HR": 0, "HS": 12, "HST": 2, "HTAG": 1, "HTHG": 0, "HTR": "A", "HY": 4, "HomeTeam": "Greuther Furth"},{"AC": 2, "AF": 13, "AR": 1, "AS": 7, "AST": 4, "AY": 2, "AwayTeam": "Fortuna Dusseldorf", "Date": "2012-10-06", "FTAG": 0, "FTHG": 1, "FTR": "H", "HC": 2, "HF": 22, "HR": 0, "HS": 13, "HST": 3, "HTAG": 0, "HTHG": 0, "HTR": "D", "HY": 4, "HomeTeam": "Mainz"},{"AC": 1, "AF": 19, "AR": 0, "AS": 5, "AST": 4, "AY": 0, "AwayTeam": "Wolfsburg", "Date": "2012-10-06", "FTAG": 0, "FTHG": 3, "FTR": "H", "HC": 10, "HF": 14, "HR": 0, "HS": 13, "HST": 5, "HTAG": 0, "HTHG": 1, "HTR": "H", "HY": 1, "HomeTeam": "Schalke 04"},{"AC": 3, "AF": 17, "AR": 0, "AS": 12, "AST": 3, "AY": 0, "AwayTeam": "Dortmund", "Date": "2012-10-07", "FTAG": 1, "FTHG": 1, "FTR": "D", "HC": 7, "HF": 19, "HR": 0, "HS": 14, "HST": 6, "HTAG": 1, "HTHG": 0, "HTR": "A", "HY": 4, "HomeTeam": "Hannover"},{"AC": 7, "AF": 19, "AR": 0, "AS": 12, "AST": 3, "AY": 0, "AwayTeam": "Ein Frankfurt", "Date": "2012-10-07", "FTAG": 0, "FTHG": 2, "FTR": "H", "HC": 1, "HF": 18, "HR": 0, "HS": 6, "HST": 3, "HTAG": 0, "HTHG": 2, "HTR": "H", "HY": 4, "HomeTeam": "M'gladbach"},{"AC": 7, "AF": 19, "AR": 0, "AS": 13, "AST": 6, "AY": 3, "AwayTeam": "Leverkusen", "Date": "2012-10-07", "FTAG": 2, "FTHG": 2, "FTR": "D", "HC": 4, "HF": 14, "HR": 0, "HS": 10, "HST": 2, "HTAG": 1, "HTHG": 1, "HTR": "D", "HY": 2, "HomeTeam": "Stuttgart"},{"AC": 4, "AF": 21, "AR": 0, "AS": 16, "AST": 8, "AY": 5, "AwayTeam": "Greuther Furth", "Date": "2012-10-19", "FTAG": 3, "FTHG": 3, "FTR": "D", "HC": 4, "HF": 15, "HR": 0, "HS": 19, "HST": 11, "HTAG": 1, "HTHG": 1, "HTR": "D", "HY": 0, "HomeTeam": "Hoffenheim"},{"AC": 5, "AF": 14, "AR": 0, "AS": 7, "AST": 4, "AY": 3, "AwayTeam": "Schalke 04", "Date": "2012-10-20", "FTAG": 2, "FTHG": 1, "FTR": "A", "HC": 4, "HF": 18, "HR": 0, "HS": 8, "HST": 4, "HTAG": 1, "HTHG": 0, "HTR": "A", "HY": 2, "HomeTeam": "Dortmund"},{"AC": 8, "AF": 17, "AR": 0, "AS": 14, "AST": 4, "AY": 4, "AwayTeam": "Hannover", "Date": "2012-10-20", "FTAG": 1, "FTHG": 3, "FTR": "H", "HC": 6, "HF": 18, "HR": 0, "HS": 15, "HST": 7, "HTAG": 1, "HTHG": 2, "HTR": "H", "HY": 2, "HomeTeam": "Ein Frankfurt"},{"AC": 6, "AF": 13, "AR": 0, "AS": 24, "AST": 14, "AY": 1, "AwayTeam": "Bayern Munich", "Date": "2012-10-20", "FTAG": 5, "FTHG": 0, "FTR": "A", "HC": 2, "HF": 18, "HR": 0, "HS": 2, "HST": 1, "HTAG": 2, "HTHG": 0, "HTR": "A", "HY": 3, "HomeTeam": "Fortuna Dusseldorf"},{"AC": 3, "AF": 15, "AR": 0, "AS": 10, "AST": 3, "AY": 3, "AwayTeam": "Mainz", "Date": "2012-10-20", "FTAG": 2, "FTHG": 2, "FTR": "D", "HC": 5, "HF": 8, "HR": 0, "HS": 14, "HST": 8, "HTAG": 0, "HTHG": 1, "HTR": "H", "HY": 4, "HomeTeam": "Leverkusen"},{"AC": 3, "AF": 11, "AR": 0, "AS": 9, "AST": 2, "AY": 2, "AwayTeam": "M'gladbach", "Date": "2012-10-20", "FTAG": 0, "FTHG": 4, "FTR": "H", "HC": 10, "HF": 12, "HR": 0, "HS": 20, "HST": 7, "HTAG": 0, "HTHG": 2, "HTR": "H", "HY": 1, "HomeTeam": "Werder Bremen"},{"AC": 1, "AF": 14, "AR": 0, "AS": 8, "AST": 5, "AY": 2, "AwayTeam": "Freiburg", "Date": "2012-10-20", "FTAG": 2, "FTHG": 0, "FTR": "A", "HC": 7, "HF": 23, "HR": 0, "HS": 9, "HST": 2, "HTAG": 1, "HTHG": 0, "HTR": "A", "HY": 1, "HomeTeam": "Wolfsburg"},{"AC": 4, "AF": 13, "AR": 0, "AS": 21, "AST": 6, "AY": 2, "AwayTeam": "Stuttgart", "Date": "2012-10-21", "FTAG": 1, "FTHG": 0, "FTR": "A", "HC": 3, "HF": 21, "HR": 0, "HS": 18, "HST": 8, "HTAG": 1, "HTHG": 0, "HTR": "A", "HY": 0, "HomeTeam": "Hamburg"},{"AC": 2, "AF": 22, "AR": 0, "AS": 10, "AST": 4, "AY": 3, "AwayTeam": "Augsburg", "Date": "2012-10-21", "FTAG": 0, "FTHG": 0, "FTR": "D", "HC": 4, "HF": 24, "HR": 0, "HS": 8, "HST": 2, "HTAG": 0, "HTHG": 0, "HTR": "D", "HY": 4, "HomeTeam": "Nurnberg"},{"AC": 3, "AF": 19, "AR": 0, "AS": 10, "AST": 4, "AY": 3, "AwayTeam": "Hamburg", "Date": "2012-10-26", "FTAG": 2, "FTHG": 0, "FTR": "A", "HC": 13, "HF": 10, "HR": 0, "HS": 19, "HST": 2, "HTAG": 1, "HTHG": 0, "HTR": "A", "HY": 1, "HomeTeam": "Augsburg"},{"AC": 4, "AF": 18, "AR": 0, "AS": 10, "AST": 7, "AY": 1, "AwayTeam": "Wolfsburg", "Date": "2012-10-27", "FTAG": 4, "FTHG": 1, "FTR": "A", "HC": 1, "HF": 19, "HR": 1, "HS": 6, "HST": 2, "HTAG": 0, "HTHG": 0, "HTR": "D", "HY": 1, "HomeTeam": "Fortuna Dusseldorf"},{"AC": 7, "AF": 18, "AR": 0, "AS": 17, "AST": 6, "AY": 3, "AwayTeam": "Dortmund", "Date": "2012-10-27", "FTAG": 2, "FTHG": 0, "FTR": "A", "HC": 3, "HF": 19, "HR": 0, "HS": 6, "HST": 2, "HTAG": 0, "HTHG": 0, "HTR": "D", "HY": 2, "HomeTeam": "Freiburg"},{"AC": 6, "AF": 17, "AR": 0, "AS": 16, "AST": 8, "AY": 1, "AwayTeam": "Werder Bremen", "Date": "2012-10-27", "FTAG": 1, "FTHG": 1, "FTR": "D", "HC": 4, "HF": 24, "HR": 0, "HS": 10, "HST": 3, "HTAG": 1, "HTHG": 1, "HTR": "D", "HY": 3, "HomeTeam": "Greuther Furth"},{"AC": 2, "AF": 19, "AR": 0, "AS": 7, "AST": 2, "AY": 2, "AwayTeam": "Hoffenheim", "Date": "2012-10-27", "FTAG": 0, "FTHG": 3, "FTR": "H", "HC": 4, "HF": 12, "HR": 0, "HS": 11, "HST": 5, "HTAG": 0, "HTHG": 1, "HTR": "H", "HY": 1, "HomeTeam": "Mainz"},{"AC": 3, "AF": 15, "AR": 0, "AS": 10, "AST": 2, "AY": 3, "AwayTeam": "Nurnberg", "Date": "2012-10-27", "FTAG": 0, "FTHG": 1, "FTR": "H", "HC": 4, "HF": 12, "HR": 0, "HS": 17, "HST": 8, "HTAG": 0, "HTHG": 0, "HTR": "D", "HY": 0, "HomeTeam": "Schalke 04"},{"AC": 2, "AF": 17, "AR": 0, "AS": 5, "AST": 5, "AY": 1, "AwayTeam": "Leverkusen", "Date": "2012-10-28", "FTAG": 2, "FTHG": 1, "FTR": "A", "HC": 14, "HF": 15, "HR": 0, "HS": 23, "HST": 6, "HTAG": 1, "HTHG": 0, "HTR": "A", "HY": 3, "HomeTeam": "Bayern Munich"},{"AC": 7, "AF": 15, "AR": 0, "AS": 14, "AST": 9, "AY": 1, "AwayTeam": "M'gladbach", "Date": "2012-10-28", "FTAG": 3, "FTHG": 2, "FTR": "A", "HC": 4, "HF": 17, "HR": 0, "HS": 5, "HST": 3, "HTAG": 0, "HTHG": 0, "HTR": "D", "HY": 2, "HomeTeam": "Hannover"},{"AC": 5, "AF": 18, "AR": 0, "AS": 13, "AST": 7, "AY": 3, "AwayTeam": "Ein Frankfurt", "Date": "2012-10-28", "FTAG": 1, "FTHG": 2, "FTR": "H", "HC": 10, "HF": 17, "HR": 0, "HS": 14, "HST": 4, "HTAG": 0, "HTHG": 1, "HTR": "H", "HY": 2, "HomeTeam": "Stuttgart"},{"AC": 7, "AF": 26, "AR": 0, "AS": 12, "AST": 8, "AY": 2, "AwayTeam": "Greuther Furth", "Date": "2012-11-02", "FTAG": 1, "FTHG": 1, "FTR": "D", "HC": 3, "HF": 15, "HR": 0, "HS": 7, "HST": 4, "HTAG": 0, "HTHG": 1, "HTR": "H", "HY": 2, "HomeTeam": "Ein Frankfurt"},{"AC": 2, "AF": 19, "AR": 0, "AS": 12, "AST": 3, "AY": 4, "AwayTeam": "Stuttgart", "Date": "2012-11-03", "FTAG": 0, "FTHG": 0, "FTR": "D", "HC": 9, "HF": 9, "HR": 0, "HS": 20, "HST": 7, "HTAG": 0, "HTHG": 0, "HTR": "D", "HY": 0, "HomeTeam": "Dortmund"},{"AC": 5, "AF": 14, "AR": 0, "AS": 15, "AST": 8, "AY": 2, "AwayTeam": "Bayern Munich", "Date": "2012-11-03", "FTAG": 3, "FTHG": 0, "FTR": "A", "HC": 2, "HF": 17, "HR": 0, "HS": 7, "HST": 3, "HTAG": 1, "HTHG": 0, "HTR": "A", "HY": 2, "HomeTeam": "Hamburg"},{"AC": 9, "AF": 17, "AR": 0, "AS": 10, "AST": 5, "AY": 0, "AwayTeam": "Augsburg", "Date": "2012-11-03", "FTAG": 0, "FTHG": 2, "FTR": "H", "HC": 2, "HF": 16, "HR": 0, "HS": 14, "HST": 4, "HTAG": 0, "HTHG": 1, "HTR": "H", "HY": 0, "HomeTeam": "Hannover"},{"AC": 5, "AF": 12, "AR": 0, "AS": 23, "AST": 10, "AY": 3, "AwayTeam": "Schalke 04", "Date": "2012-11-03", "FTAG": 2, "FTHG": 3, "FTR": "H", "HC": 0, "HF": 18, "HR": 0, "HS": 6, "HST": 4, "HTAG": 1, "HTHG": 1, "HTR": "D", "HY": 2, "HomeTeam": "Hoffenheim"},{"AC": 6, "AF": 12, "AR": 0, "AS": 13, "AST": 3, "AY": 0, "AwayTeam": "Freiburg", "Date": "2012-11-03", "FTAG": 1, "FTHG": 1, "FTR": "D", "HC": 4, "HF": 12, "HR": 0, "HS": 14, "HST": 4, "HTAG": 0, "HTHG": 0, "HTR": "D", "HY": 1, "HomeTeam": "M'gladbach"},{"AC": 4, "AF": 16, "AR": 0, "AS": 3, "AST": 2, "AY": 3, "AwayTeam": "Wolfsburg", "Date": "2012-11-03", "FTAG": 0, "FTHG": 1, "FTR": "H", "HC": 5, "HF": 21, "HR": 0, "HS": 11, "HST": 4, "HTAG": 0, "HTHG": 0, "HTR": "D", "HY": 2, "HomeTeam": "Nurnberg"},{"AC": 5, "AF": 18, "AR": 0, "AS": 14, "AST": 3, "AY": 2, "AwayTeam": "Fortuna Dusseldorf", "Date": "2012-11-04", "FTAG": 2, "FTHG": 3, "FTR": "H", "HC": 7, "HF": 13, "HR": 1, "HS": 18, "HST": 10, "HTAG": 1, "HTHG": 2, "HTR": "H", "HY": 0, "HomeTeam": "Leverkusen"},{"AC": 4, "AF": 14, "AR": 0, "AS": 13, "AST": 4, "AY": 3, "AwayTeam": "Mainz", "Date": "2012-11-04", "FTAG": 1, "FTHG": 2, "FTR": "H", "HC": 5, "HF": 11, "HR": 0, "HS": 17, "HST": 4, "HTAG": 0, "HTHG": 1, "HTR": "H", "HY": 1, "HomeTeam": "Werder Bremen"},{"AC": 6, "AF": 21, "AR": 0, "AS": 10, "AST": 3, "AY": 5, "AwayTeam": "Nurnberg", "Date": "2012-11-09", "FTAG": 1, "FTHG": 2, "FTR": "H", "HC": 3, "HF": 17, "HR": 0, "HS": 12, "HST": 2, "HTAG": 1, "HTHG": 2, "HTR": "H", "HY": 5, "HomeTeam": "Mainz"},{"AC": 5, "AF": 13, "AR": 0, "AS": 16, "AST": 4, "AY": 2, "AwayTeam": "Dortmund", "Date": "2012-11-10", "FTAG": 3, "FTHG": 1, "FTR": "A", "HC": 4, "HF": 12, "HR": 0, "HS": 16, "HST": 8, "HTAG": 1, "HTHG": 0, "HTR": "A", "HY": 2, "HomeTeam": "Augsburg"},{"AC": 4, "AF": 12, "AR": 0, "AS": 13, "AST": 2, "AY": 3, "AwayTeam": "Ein Frankfurt", "Date": "2012-11-10", "FTAG": 0, "FTHG": 2, "FTR": "H", "HC": 8, "HF": 11, "HR": 0, "HS": 19, "HST": 12, "HTAG": 0, "HTHG": 1, "HTR": "H", "HY": 0, "HomeTeam": "Bayern Munich"},{"AC": 1, "AF": 18, "AR": 1, "AS": 4, "AST": 1, "AY": 1, "AwayTeam": "Hoffenheim", "Date": "2012-11-10", "FTAG": 1, "FTHG": 1, "FTR": "D", "HC": 6, "HF": 17, "HR": 0, "HS": 11, "HST": 3, "HTAG": 1, "HTHG": 1, "HTR": "D", "HY": 1, "HomeTeam": "Fortuna Dusseldorf"},{"AC": 3, "AF": 20, "AR": 1, "AS": 9, "AST": 4, "AY": 3, "AwayTeam": "Hamburg", "Date": "2012-11-10", "FTAG": 0, "FTHG": 0, "FTR": "D", "HC": 9, "HF": 19, "HR": 0, "HS": 16, "HST": 3, "HTAG": 0, "HTHG": 0, "HTR": "D", "HY": 2, "HomeTeam": "Freiburg"},{"AC": 7, "AF": 15, "AR": 0, "AS": 9, "AST": 3, "AY": 1, "AwayTeam": "Werder Bremen", "Date": "2012-11-10", "FTAG": 1, "FTHG": 2, "FTR": "H", "HC": 2, "HF": 18, "HR": 0, "HS": 5, "HST": 4, "HTAG": 1, "HTHG": 0, "HTR": "A", "HY": 1, "HomeTeam": "Schalke 04"},{"AC": 4, "AF": 13, "AR": 0, "AS": 10, "AST": 7, "AY": 0, "AwayTeam": "M'gladbach", "Date": "2012-11-11", "FTAG": 4, "FTHG": 2, "FTR": "A", "HC": 4, "HF": 15, "HR": 2, "HS": 11, "HST": 3, "HTAG": 1, "HTHG": 2, "HTR": "H", "HY": 2, "HomeTeam": "Greuther Furth"},{"AC": 5, "AF": 17, "AR": 0, "AS": 10, "AST": 4, "AY": 3, "AwayTeam": "Hannover", "Date": "2012-11-11", "FTAG": 4, "FTHG": 2, "FTR": "A", "HC": 10, "HF": 21, "HR": 0, "HS": 13, "HST": 8, "HTAG": 0, "HTHG": 2, "HTR": "H", "HY": 2, "HomeTeam": "Stuttgart"},{"AC": 6, "AF": 17, "AR": 0, "AS": 9, "AST": 4, "AY": 3, "AwayTeam": "Leverkusen", "Date": "2012-11-11", "FTAG": 1, "FTHG": 3, "FTR": "H", "HC": 5, "HF": 8, "HR": 0, "HS": 12, "HST": 6, "HTAG": 0, "HTHG": 3, "HTR": "H", "HY": 1, "HomeTeam": "Wolfsburg"},{"AC": 1, "AF": 10, "AR": 0, "AS": 5, "AST": 2, "AY": 2, "AwayTeam": "Greuther Furth", "Date": "2012-11-17", "FTAG": 1, "FTHG": 3, "FTR": "H", "HC": 3, "HF": 7, "HR": 0, "HS": 15, "HST": 6, "HTAG": 1, "HTHG": 3, "HTR": "H", "HY": 2, "HomeTeam": "Dortmund"},{"AC": 6, "AF": 19, "AR": 0, "AS": 7, "AST": 2, "AY": 3, "AwayTeam": "Augsburg", "Date": "2012-11-17", "FTAG": 2, "FTHG": 4, "FTR": "H", "HC": 6, "HF": 16, "HR": 0, "HS": 19, "HST": 4, "HTAG": 1, "HTHG": 2, "HTR": "H", "HY": 1, "HomeTeam": "Ein Frankfurt"},{"AC": 7, "AF": 11, "AR": 0, "AS": 14, "AST": 3, "AY": 1, "AwayTeam": "Mainz", "Date": "2012-11-17", "FTAG": 0, "FTHG": 1, "FTR": "H", "HC": 8, "HF": 20, "HR": 0, "HS": 10, "HST": 4, "HTAG": 0, "HTHG": 0, "HTR": "D", "HY": 2, "HomeTeam": "Hamburg"},{"AC": 6, "AF": 15, "AR": 0, "AS": 21, "AST": 8, "AY": 1, "AwayTeam": "Freiburg", "Date": "2012-11-17", "FTAG": 2, "FTHG": 1, "FTR": "A", "HC": 11, "HF": 12, "HR": 0, "HS": 15, "HST": 5, "HTAG": 1, "HTHG": 1, "HTR": "D", "HY": 2, "HomeTeam": "Hannover"},{"AC": 1, "AF": 13, "AR": 1, "AS": 8, "AST": 3, "AY": 2, "AwayTeam": "Schalke 04", "Date": "2012-11-17", "FTAG": 0, "FTHG": 2, "FTR": "H", "HC": 3, "HF": 6, "HR": 0, "HS": 18, "HST": 7, "HTAG": 0, "HTHG": 1, "HTR": "H", "HY": 1, "HomeTeam": "Leverkusen"},{"AC": 2, "AF": 16, "AR": 0, "AS": 13, "AST": 6, "AY": 4, "AwayTeam": "Stuttgart", "Date": "2012-11-17", "FTAG": 2, "FTHG": 1, "FTR": "A", "HC": 9, "HF": 17, "HR": 0, "HS": 12, "HST": 5, "HTAG": 1, "HTHG": 1, "HTR": "D", "HY": 3, "HomeTeam": "M'gladbach"},{"AC": 8, "AF": 25, "AR": 0, "AS": 7, "AST": 4, "AY": 2, "AwayTeam": "Bayern Munich", "Date": "2012-11-17", "FTAG": 1, "FTHG": 1, "FTR": "D", "HC": 7, "HF": 13, "HR": 1, "HS": 7, "HST": 2, "HTAG": 1, "HTHG": 0, "HTR": "A", "HY": 3, "HomeTeam": "Nurnberg"},{"AC": 0, "AF": 14, "AR": 0, "AS": 8, "AST": 4, "AY": 1, "AwayTeam": "Wolfsburg", "Date": "2012-11-18", "FTAG": 3, "FTHG": 1, "FTR": "A", "HC": 10, "HF": 12, "HR": 0, "HS": 25, "HST": 7, "HTAG": 2, "HTHG": 0, "HTR": "A", "HY": 2, "HomeTeam": "Hoffenheim"},{"AC": 1, "AF": 15, "AR": 0, "AS": 4, "AST": 3, "AY": 3, "AwayTeam": "Fortuna Dusseldorf", "Date": "2012-11-18", "FTAG": 1, "FTHG": 2, "FTR": "H", "HC": 10, "HF": 21, "HR": 1, "HS": 22, "HST": 6, "HTAG": 1, "HTHG": 0, "HTR": "A", "HY": 3, "HomeTeam": "Werder Bremen"},{"AC": 8, "AF": 13, "AR": 0, "AS": 13, "AST": 4, "AY": 3, "AwayTeam": "Hamburg", "Date": "2012-11-23", "FTAG": 0, "FTHG": 2, "FTR": "H", "HC": 3, "HF": 18, "HR": 0, "HS": 11, "HST": 3, "HTAG": 0, "HTHG": 1, "HTR": "H", "HY": 2, "HomeTeam": "Fortuna Dusseldorf"},{"AC": 2, "AF": 16, "AR": 0, "AS": 8, "AST": 5, "AY": 3, "AwayTeam": "Hannover", "Date": "2012-11-24", "FTAG": 0, "FTHG": 5, "FTR": "H", "HC": 5, "HF": 14, "HR": 0, "HS": 19, "HST": 14, "HTAG": 0, "HTHG": 3, "HTR": "H", "HY": 2, "HomeTeam": "Bayern Munich"},{"AC": 1, "AF": 20, "AR": 1, "AS": 3, "AST": 0, "AY": 2, "AwayTeam": "Nurnberg", "Date": "2012-11-24", "FTAG": 0, "FTHG": 0, "FTR": "D", "HC": 6, "HF": 23, "HR": 1, "HS": 5, "HST": 1, "HTAG": 0, "HTHG": 0, "HTR": "D", "HY": 2, "HomeTeam": "Greuther Furth"},{"AC": 2, "AF": 8, "AR": 0, "AS": 12, "AST": 5, "AY": 0, "AwayTeam": "Dortmund", "Date": "2012-11-24", "FTAG": 2, "FTHG": 1, "FTR": "A", "HC": 4, "HF": 19, "HR": 0, "HS": 10, "HST": 3, "HTAG": 2, "HTHG": 1, "HTR": "A", "HY": 4, "HomeTeam": "Mainz"},{"AC": 1, "AF": 13, "AR": 1, "AS": 11, "AST": 2, "AY": 1, "AwayTeam": "Ein Frankfurt", "Date": "2012-11-24", "FTAG": 1, "FTHG": 1, "FTR": "D", "HC": 9, "HF": 12, "HR": 0, "HS": 18, "HST": 4, "HTAG": 1, "HTHG": 1, "HTR": "D", "HY": 1, "HomeTeam": "Schalke 04"},{"AC": 7, "AF": 16, "AR": 1, "AS": 12, "AST": 2, "AY": 2, "AwayTeam": "Werder Bremen", "Date": "2012-11-24", "FTAG": 1, "FTHG": 1, "FTR": "D", "HC": 5, "HF": 17, "HR": 0, "HS": 14, "HST": 5, "HTAG": 1, "HTHG": 0, "HTR": "A", "HY": 2, "HomeTeam": "Wolfsburg"},{"AC": 1, "AF": 10, "AR": 0, "AS": 9, "AST": 3, "AY": 2, "AwayTeam": "M'gladbach", "Date": "2012-11-25", "FTAG": 1, "FTHG": 1, "FTR": "D", "HC": 3, "HF": 19, "HR": 0, "HS": 13, "HST": 1, "HTAG": 0, "HTHG": 1, "HTR": "H", "HY": 1, "HomeTeam": "Augsburg"},{"AC": 3, "AF": 19, "AR": 0, "AS": 10, "AST": 2, "AY": 3, "AwayTeam": "Stuttgart", "Date": "2012-11-25", "FTAG": 0, "FTHG": 3, "FTR": "H", "HC": 10, "HF": 12, "HR": 0, "HS": 26, "HST": 11, "HTAG": 0, "HTHG": 1, "HTR": "H", "HY": 2, "HomeTeam": "Freiburg"},{"AC": 1, "AF": 18, "AR": 0, "AS": 8, "AST": 4, "AY": 2, "AwayTeam": "Leverkusen", "Date": "2012-11-25", "FTAG": 2, "FTHG": 1, "FTR": "A", "HC": 4, "HF": 12, "HR": 0, "HS": 24, "HST": 5, "HTAG": 2, "HTHG": 0, "HTR": "A", "HY": 1, "HomeTeam": "Hoffenheim"},{"AC": 2, "AF": 16, "AR": 1, "AS": 5, "AST": 1, "AY": 1, "AwayTeam": "Fortuna Dusseldorf", "Date": "2012-11-27", "FTAG": 1, "FTHG": 1, "FTR": "D", "HC": 7, "HF": 5, "HR": 0, "HS": 22, "HST": 7, "HTAG": 0, "HTHG": 1, "HTR": "H", "HY": 1, "HomeTeam": "Dortmund"},{"AC": 3, "AF": 16, "AR": 1, "AS": 10, "AST": 5, "AY": 1, "AwayTeam": "Mainz", "Date": "2012-11-27", "FTAG": 3, "FTHG": 1, "FTR": "A", "HC": 8, "HF": 20, "HR": 0, "HS": 11, "HST": 6, "HTAG": 2, "HTHG": 0, "HTR": "A", "HY": 2, "HomeTeam": "Ein Frankfurt"},{"AC": 7, "AF": 9, "AR": 0, "AS": 20, "AST": 8, "AY": 1, "AwayTeam": "Schalke 04", "Date": "2012-11-27", "FTAG": 1, "FTHG": 3, "FTR": "H", "HC": 3, "HF": 12, "HR": 0, "HS": 19, "HST": 6, "HTAG": 0, "HTHG": 0, "HTR": "D", "HY": 2, "HomeTeam": "Hamburg"},{"AC": 5, "AF": 21, "AR": 0, "AS": 11, "AST": 3, "AY": 1, "AwayTeam": "Greuther Furth", "Date": "2012-11-27", "FTAG": 0, "FTHG": 2, "FTR": "H", "HC": 3, "HF": 20, "HR": 0, "HS": 12, "HST": 5, "HTAG": 0, "HTHG": 1, "HTR": "H", "HY": 1, "HomeTeam": "Hannover"},{"AC": 6, "AF": 18, "AR": 0, "AS": 12, "AST": 6, "AY": 1, "AwayTeam": "Bayern Munich", "Date": "2012-11-28", "FTAG": 2, "FTHG": 0, "FTR": "A", "HC": 1, "HF": 9, "HR": 1, "HS": 10, "HST": 4, "HTAG": 1, "HTHG": 0, "HTR": "A", "HY": 1, "HomeTeam": "Freiburg"},{"AC": 8, "AF": 16, "AR": 0, "AS": 17, "AST": 6, "AY": 2, "AwayTeam": "Wolfsburg", "Date": "2012-11-28", "FTAG": 0, "FTHG": 2, "FTR": "H", "HC": 2, "HF": 11, "HR": 0, "HS": 12, "HST": 6, "HTAG": 0, "HTHG": 2, "HTR": "H", "HY": 1, "HomeTeam": "M'gladbach"},{"AC": 3, "AF": 22, "AR": 0, "AS": 15, "AST": 5, "AY": 4, "AwayTeam": "Hoffenheim", "Date": "2012-11-28", "FTAG": 2, "FTHG": 4, "FTR": "H", "HC": 1, "HF": 24, "HR": 0, "HS": 14, "HST": 6, "HTAG": 1, "HTHG": 2, "HTR": "H", "HY": 1, "HomeTeam": "Nurnberg"},{"AC": 5, "AF": 17, "AR": 0, "AS": 16, "AST": 8, "AY": 1, "AwayTeam": "Augsburg", "Date": "2012-11-28", "FTAG": 1, "FTHG": 2, "FTR": "H", "HC": 1, "HF": 14, "HR": 0, "HS": 10, "HST": 3, "HTAG": 1, "HTHG": 1, "HTR": "D", "HY": 1, "HomeTeam": "Stuttgart"},{"AC": 3, "AF": 15, "AR": 0, "AS": 9, "AST": 5, "AY": 1, "AwayTeam": "Leverkusen", "Date": "2012-11-28", "FTAG": 4, "FTHG": 1, "FTR": "A", "HC": 9, "HF": 20, "HR": 0, "HS": 17, "HST": 5, "HTAG": 1, "HTHG": 0, "HTR": "A", "HY": 3, "HomeTeam": "Werder Bremen"},{"AC": 2, "AF": 14, "AR": 1, "AS": 7, "AST": 2, "AY": 2, "AwayTeam": "Ein Frankfurt", "Date": "2012-11-30", "FTAG": 0, "FTHG": 4, "FTR": "H", "HC": 5, "HF": 9, "HR": 0, "HS": 13, "HST": 6, "HTAG": 0, "HTHG": 2, "HTR": "H", "HY": 2, "HomeTeam": "Fortuna Dusseldorf"},{"AC": 2, "AF": 16, "AR": 0, "AS": 10, "AST": 3, "AY": 4, "AwayTeam": "Freiburg", "Date": "2012-12-01", "FTAG": 1, "FTHG": 1, "FTR": "D", "HC": 2, "HF": 20, "HR": 0, "HS": 14, "HST": 4, "HTAG": 1, "HTHG": 1, "HTR": "D", "HY": 3, "HomeTeam": "Augsburg"},{"AC": 5, "AF": 17, "AR": 0, "AS": 12, "AST": 5, "AY": 0, "AwayTeam": "Dortmund", "Date": "2012-12-01", "FTAG": 1, "FTHG": 1, "FTR": "D", "HC": 7, "HF": 14, "HR": 0, "HS": 14, "HST": 5, "HTAG": 0, "HTHG": 0, "HTR": "D", "HY": 0, "HomeTeam": "Bayern Munich"},{"AC": 2, "AF": 14, "AR": 1, "AS": 10, "AST": 7, "AY": 4, "AwayTeam": "Stuttgart", "Date": "2012-12-01", "FTAG": 1, "FTHG": 0, "FTR": "A", "HC": 10, "HF": 19, "HR": 0, "HS": 17, "HST": 5, "HTAG": 1, "HTHG": 0, "HTR": "A", "HY": 5, "HomeTeam": "Greuther Furth"},{"AC": 3, "AF": 17, "AR": 0, "AS": 8, "AST": 2, "AY": 2, "AwayTeam": "Nurnberg", "Date": "2012-12-01", "FTAG": 0, "FTHG": 1, "FTR": "H", "HC": 7, "HF": 17, "HR": 0, "HS": 22, "HST": 8, "HTAG": 0, "HTHG": 1, "HTR": "H", "HY": 2, "HomeTeam": "Leverkusen"},{"AC": 6, "AF": 17, "AR": 0, "AS": 14, "AST": 3, "AY": 3, "AwayTeam": "Hannover", "Date": "2012-12-01", "FTAG": 1, "FTHG": 2, "FTR": "H", "HC": 4, "HF": 13, "HR": 1, "HS": 13, "HST": 3, "HTAG": 1, "HTHG": 1, "HTR": "D", "HY": 2, "HomeTeam": "Mainz"},{"AC": 1, "AF": 12, "AR": 0, "AS": 5, "AST": 1, "AY": 3, "AwayTeam": "M'gladbach", "Date": "2012-12-01", "FTAG": 1, "FTHG": 1, "FTR": "D", "HC": 8, "HF": 17, "HR": 0, "HS": 22, "HST": 6, "HTAG": 0, "HTHG": 0, "HTR": "D", "HY": 1, "HomeTeam": "Schalke 04"},{"AC": 5, "AF": 14, "AR": 0, "AS": 12, "AST": 6, "AY": 1, "AwayTeam": "Werder Bremen", "Date": "2012-12-02", "FTAG": 4, "FTHG": 1, "FTR": "A", "HC": 3, "HF": 18, "HR": 0, "HS": 9, "HST": 3, "HTAG": 2, "HTHG": 0, "HTR": "A", "HY": 3, "HomeTeam": "Hoffenheim"},{"AC": 5, "AF": 17, "AR": 0, "AS": 9, "AST": 3, "AY": 3, "AwayTeam": "Hamburg", "Date": "2012-12-02", "FTAG": 1, "FTHG": 1, "FTR": "D", "HC": 10, "HF": 13, "HR": 0, "HS": 22, "HST": 5, "HTAG": 1, "HTHG": 0, "HTR": "A", "HY": 1, "HomeTeam": "Wolfsburg"},{"AC": 3, "AF": 9, "AR": 0, "AS": 14, "AST": 3, "AY": 1, "AwayTeam": "Hoffenheim", "Date": "2012-12-07", "FTAG": 0, "FTHG": 2, "FTR": "H", "HC": 1, "HF": 16, "HR": 0, "HS": 10, "HST": 4, "HTAG": 0, "HTHG": 1, "HTR": "H", "HY": 1, "HomeTeam": "Hamburg"},{"AC": 3, "AF": 11, "AR": 0, "AS": 18, "AST": 6, "AY": 0, "AwayTeam": "Bayern Munich", "Date": "2012-12-08", "FTAG": 2, "FTHG": 0, "FTR": "A", "HC": 4, "HF": 11, "HR": 0, "HS": 14, "HST": 3, "HTAG": 1, "HTHG": 0, "HTR": "A", "HY": 0, "HomeTeam": "Augsburg"},{"AC": 4, "AF": 19, "AR": 0, "AS": 6, "AST": 4, "AY": 3, "AwayTeam": "Wolfsburg", "Date": "2012-12-08", "FTAG": 3, "FTHG": 2, "FTR": "A", "HC": 8, "HF": 13, "HR": 1, "HS": 20, "HST": 10, "HTAG": 2, "HTHG": 1, "HTR": "A", "HY": 3, "HomeTeam": "Dortmund"},{"AC": 4, "AF": 21, "AR": 0, "AS": 12, "AST": 6, "AY": 2, "AwayTeam": "Werder Bremen", "Date": "2012-12-08", "FTAG": 1, "FTHG": 4, "FTR": "H", "HC": 3, "HF": 17, "HR": 0, "HS": 18, "HST": 7, "HTAG": 0, "HTHG": 0, "HTR": "D", "HY": 4, "HomeTeam": "Ein Frankfurt"},{"AC": 2, "AF": 21, "AR": 0, "AS": 9, "AST": 1, "AY": 4, "AwayTeam": "Greuther Furth", "Date": "2012-12-08", "FTAG": 0, "FTHG": 1, "FTR": "H", "HC": 3, "HF": 16, "HR": 0, "HS": 11, "HST": 3, "HTAG": 0, "HTHG": 1, "HTR": "H", "HY": 2, "HomeTeam": "Freiburg"},{"AC": 4, "AF": 19, "AR": 0, "AS": 8, "AST": 1, "AY": 6, "AwayTeam": "Fortuna Dusseldorf", "Date": "2012-12-08", "FTAG": 0, "FTHG": 2, "FTR": "H", "HC": 2, "HF": 15, "HR": 0, "HS": 13, "HST": 5, "HTAG": 0, "HTHG": 1, "HTR": "H", "HY": 1, "HomeTeam": "Nurnberg"},{"AC": 8, "AF": 17, "AR": 1, "AS": 13, "AST": 3, "AY": 1, "AwayTeam": "Schalke 04", "Date": "2012-12-08", "FTAG": 1, "FTHG": 3, "FTR": "H", "HC": 4, "HF": 24, "HR": 1, "HS": 13, "HST": 7, "HTAG": 1, "HTHG": 2, "HTR": "H", "HY": 4, "HomeTeam": "Stuttgart"},{"AC": 3, "AF": 15, "AR": 0, "AS": 13, "AST": 4, "AY": 3, "AwayTeam": "Leverkusen", "Date": "2012-12-09", "FTAG": 2, "FTHG": 3, "FTR": "H", "HC": 4, "HF": 11, "HR": 0, "HS": 8, "HST": 5, "HTAG": 1, "HTHG": 1, "HTR": "D", "HY": 0, "HomeTeam": "Hannover"},{"AC": 6, "AF": 12, "AR": 0, "AS": 14, "AST": 4, "AY": 2, "AwayTeam": "Mainz", "Date": "2012-12-09", "FTAG": 0, "FTHG": 2, "FTR": "H", "HC": 2, "HF": 11, "HR": 0, "HS": 10, "HST": 2, "HTAG": 0, "HTHG": 0, "HTR": "D", "HY": 2, "HomeTeam": "M'gladbach"},{"AC": 4, "AF": 18, "AR": 0, "AS": 5, "AST": 1, "AY": 2, "AwayTeam": "M'gladbach", "Date": "2012-12-14", "FTAG": 1, "FTHG": 1, "FTR": "D", "HC": 14, "HF": 13, "HR": 0, "HS": 26, "HST": 10, "HTAG": 1, "HTHG": 0, "HTR": "A", "HY": 1, "HomeTeam": "Bayern Munich"},{"AC": 3, "AF": 16, "AR": 0, "AS": 13, "AST": 5, "AY": 3, "AwayTeam": "Hannover", "Date": "2012-12-15", "FTAG": 1, "FTHG": 2, "FTR": "H", "HC": 5, "HF": 10, "HR": 0, "HS": 10, "HST": 5, "HTAG": 0, "HTHG": 1, "HTR": "H", "HY": 2, "HomeTeam": "Fortuna Dusseldorf"},{"AC": 3, "AF": 25, "AR": 1, "AS": 7, "AST": 5, "AY": 4, "AwayTeam": "Augsburg", "Date": "2012-12-15", "FTAG": 1, "FTHG": 1, "FTR": "D", "HC": 4, "HF": 18, "HR": 1, "HS": 12, "HST": 7, "HTAG": 1, "HTHG": 0, "HTR": "A", "HY": 0, "HomeTeam": "Greuther Furth"},{"AC": 7, "AF": 14, "AR": 0, "AS": 16, "AST": 4, "AY": 2, "AwayTeam": "Hamburg", "Date": "2012-12-15", "FTAG": 0, "FTHG": 3, "FTR": "H", "HC": 6, "HF": 10, "HR": 0, "HS": 18, "HST": 6, "HTAG": 0, "HTHG": 2, "HTR": "H", "HY": 1, "HomeTeam": "Leverkusen"},{"AC": 5, "AF": 17, "AR": 0, "AS": 7, "AST": 2, "AY": 2, "AwayTeam": "Stuttgart", "Date": "2012-12-15", "FTAG": 1, "FTHG": 3, "FTR": "H", "HC": 4, "HF": 16, "HR": 0, "HS": 16, "HST": 10, "HTAG": 0, "HTHG": 0, "HTR": "D", "HY": 3, "HomeTeam": "Mainz"},{"AC": 6, "AF": 12, "AR": 1, "AS": 15, "AST": 5, "AY": 0, "AwayTeam": "Freiburg", "Date": "2012-12-15", "FTAG": 3, "FTHG": 1, "FTR": "A", "HC": 11, "HF": 17, "HR": 1, "HS": 16, "HST": 4, "HTAG": 2, "HTHG": 1, "HTR": "A", "HY": 1, "HomeTeam": "Schalke 04"},{"AC": 7, "AF": 15, "AR": 0, "AS": 18, "AST": 6, "AY": 1, "AwayTeam": "Ein Frankfurt", "Date": "2012-12-15", "FTAG": 2, "FTHG": 0, "FTR": "A", "HC": 3, "HF": 23, "HR": 1, "HS": 7, "HST": 3, "HTAG": 2, "HTHG": 0, "HTR": "A", "HY": 2, "HomeTeam": "Wolfsburg"},{"AC": 4, "AF": 18, "AR": 0, "AS": 17, "AST": 9, "AY": 0, "AwayTeam": "Dortmund", "Date": "2012-12-16", "FTAG": 3, "FTHG": 1, "FTR": "A", "HC": 1, "HF": 19, "HR": 0, "HS": 9, "HST": 1, "HTAG": 1, "HTHG": 1, "HTR": "D", "HY": 1, "HomeTeam": "Hoffenheim"},{"AC": 1, "AF": 19, "AR": 0, "AS": 9, "AST": 5, "AY": 4, "AwayTeam": "Nurnberg", "Date": "2012-12-16", "FTAG": 1, "FTHG": 1, "FTR": "D", "HC": 9, "HF": 15, "HR": 0, "HS": 26, "HST": 7, "HTAG": 0, "HTHG": 0, "HTR": "D", "HY": 1, "HomeTeam": "Werder Bremen"},{"AC": 3, "AF": 13, "AR": 0, "AS": 9, "AST": 4, "AY": 4, "AwayTeam": "Hannover", "Date": "2013-01-18", "FTAG": 4, "FTHG": 5, "FTR": "H", "HC": 6, "HF": 17, "HR": 0, "HS": 14, "HST": 8, "HTAG": 0, "HTHG": 1, "HTR": "H", "HY": 4, "HomeTeam": "Schalke 04"},{"AC": 0, "AF": 10, "AR": 0, "AS": 5, "AST": 1, "AY": 1, "AwayTeam": "Greuther Furth", "Date": "2013-01-19", "FTAG": 0, "FTHG": 2, "FTR": "H", "HC": 17, "HF": 12, "HR": 0, "HS": 22, "HST": 5, "HTAG": 0, "HTHG": 1, "HTR": "H", "HY": 1, "HomeTeam": "Bayern Munich"},{"AC": 4, "AF": 18, "AR": 0, "AS": 12, "AST": 1, "AY": 2, "AwayTeam": "M'gladbach", "Date": "2013-01-19", "FTAG": 0, "FTHG": 0, "FTR": "D", "HC": 8, "HF": 11, "HR": 0, "HS": 17, "HST": 3, "HTAG": 0, "HTHG": 0, "HTR": "D", "HY": 3, "HomeTeam": "Hoffenheim"},{"AC": 2, "AF": 15, "AR": 0, "AS": 11, "AST": 1, "AY": 2, "AwayTeam": "Ein Frankfurt", "Date": "2013-01-19", "FTAG": 1, "FTHG": 3, "FTR": "H", "HC": 9, "HF": 21, "HR": 0, "HS": 22, "HST": 6, "HTAG": 0, "HTHG": 2, "HTR": "H", "HY": 1, "HomeTeam": "Leverkusen"},{"AC": 5, "AF": 22, "AR": 0, "AS": 12, "AST": 1, "AY": 2, "AwayTeam": "Freiburg", "Date": "2013-01-19", "FTAG": 0, "FTHG": 0, "FTR": "D", "HC": 1, "HF": 16, "HR": 1, "HS": 7, "HST": 3, "HTAG": 0, "HTHG": 0, "HTR": "D", "HY": 2, "HomeTeam": "Mainz"},{"AC": 3, "AF": 11, "AR": 0, "AS": 15, "AST": 9, "AY": 2, "AwayTeam": "Dortmund", "Date": "2013-01-19", "FTAG": 5, "FTHG": 0, "FTR": "A", "HC": 4, "HF": 17, "HR": 0, "HS": 8, "HST": 3, "HTAG": 2, "HTHG": 0, "HTR": "A", "HY": 0, "HomeTeam": "Werder Bremen"},{"AC": 8, "AF": 11, "AR": 0, "AS": 21, "AST": 5, "AY": 2, "AwayTeam": "Stuttgart", "Date": "2013-01-19", "FTAG": 0, "FTHG": 2, "FTR": "H", "HC": 3, "HF": 17, "HR": 0, "HS": 7, "HST": 2, "HTAG": 0, "HTHG": 0, "HTR": "D", "HY": 0, "HomeTeam": "Wolfsburg"},{"AC": 9, "AF": 25, "AR": 0, "AS": 23, "AST": 12, "AY": 4, "AwayTeam": "Augsburg", "Date": "2013-01-20", "FTAG": 3, "FTHG": 2, "FTR": "A", "HC": 6, "HF": 9, "HR": 0, "HS": 15, "HST": 4, "HTAG": 2, "HTHG": 0, "HTR": "A", "HY": 1, "HomeTeam": "Fortuna Dusseldorf"},{"AC": 5, "AF": 20, "AR": 0, "AS": 10, "AST": 3, "AY": 3, "AwayTeam": "Hamburg", "Date": "2013-01-20", "FTAG": 1, "FTHG": 1, "FTR": "D", "HC": 2, "HF": 10, "HR": 0, "HS": 8, "HST": 3, "HTAG": 0, "HTHG": 0, "HTR": "D", "HY": 2, "HomeTeam": "Nurnberg"},{"AC": 3, "AF": 8, "AR": 0, "AS": 7, "AST": 4, "AY": 0, "AwayTeam": "Nurnberg", "Date": "2013-01-25", "FTAG": 0, "FTHG": 3, "FTR": "H", "HC": 3, "HF": 13, "HR": 0, "HS": 19, "HST": 9, "HTAG": 0, "HTHG": 2, "HTR": "H", "HY": 0, "HomeTeam": "Dortmund"},{"AC": 4, "AF": 22, "AR": 0, "AS": 11, "AST": 4, "AY": 4, "AwayTeam": "Schalke 04", "Date": "2013-01-26", "FTAG": 0, "FTHG": 0, "FTR": "D", "HC": 4, "HF": 14, "HR": 0, "HS": 14, "HST": 4, "HTAG": 0, "HTHG": 0, "HTR": "D", "HY": 1, "HomeTeam": "Augsburg"},{"AC": 6, "AF": 21, "AR": 0, "AS": 12, "AST": 5, "AY": 3, "AwayTeam": "Hoffenheim", "Date": "2013-01-26", "FTAG": 1, "FTHG": 2, "FTR": "H", "HC": 7, "HF": 19, "HR": 0, "HS": 16, "HST": 6, "HTAG": 0, "HTHG": 1, "HTR": "H", "HY": 3, "HomeTeam": "Ein Frankfurt"},{"AC": 2, "AF": 17, "AR": 0, "AS": 15, "AST": 2, "AY": 2, "AwayTeam": "Leverkusen", "Date": "2013-01-26", "FTAG": 0, "FTHG": 0, "FTR": "D", "HC": 3, "HF": 12, "HR": 0, "HS": 13, "HST": 4, "HTAG": 0, "HTHG": 0, "HTR": "D", "HY": 1, "HomeTeam": "Freiburg"},{"AC": 2, "AF": 20, "AR": 0, "AS": 11, "AST": 8, "AY": 3, "AwayTeam": "Mainz", "Date": "2013-01-26", "FTAG": 3, "FTHG": 0, "FTR": "A", "HC": 7, "HF": 18, "HR": 0, "HS": 10, "HST": 4, "HTAG": 0, "HTHG": 0, "HTR": "D", "HY": 1, "HomeTeam": "Greuther Furth"},{"AC": 5, "AF": 13, "AR": 0, "AS": 25, "AST": 10, "AY": 2, "AwayTeam": "Wolfsburg", "Date": "2013-01-26", "FTAG": 1, "FTHG": 2, "FTR": "H", "HC": 3, "HF": 15, "HR": 1, "HS": 5, "HST": 3, "HTAG": 0, "HTHG": 2, "HTR": "H", "HY": 3, "HomeTeam": "Hannover"},{"AC": 3, "AF": 16, "AR": 0, "AS": 14, "AST": 3, "AY": 0, "AwayTeam": "Fortuna Dusseldorf", "Date": "2013-01-26", "FTAG": 1, "FTHG": 2, "FTR": "H", "HC": 5, "HF": 17, "HR": 0, "HS": 9, "HST": 4, "HTAG": 0, "HTHG": 2, "HTR": "H", "HY": 1, "HomeTeam": "M'gladbach"},{"AC": 7, "AF": 16, "AR": 2, "AS": 14, "AST": 6, "AY": 2, "AwayTeam": "Werder Bremen", "Date": "2013-01-27", "FTAG": 2, "FTHG": 3, "FTR": "H", "HC": 3, "HF": 19, "HR": 0, "HS": 9, "HST": 4, "HTAG": 1, "HTHG": 1, "HTR": "D", "HY": 2, "HomeTeam": "Hamburg"},{"AC": 6, "AF": 17, "AR": 0, "AS": 13, "AST": 4, "AY": 1, "AwayTeam": "Bayern Munich", "Date": "2013-01-27", "FTAG": 2, "FTHG": 0, "FTR": "A", "HC": 0, "HF": 26, "HR": 1, "HS": 5, "HST": 2, "HTAG": 0, "HTHG": 0, "HTR": "D", "HY": 2, "HomeTeam": "Stuttgart"},{"AC": 0, "AF": 9, "AR": 0, "AS": 6, "AST": 3, "AY": 3, "AwayTeam": "Hannover", "Date": "2013-02-01", "FTAG": 0, "FTHG": 2, "FTR": "H", "HC": 10, "HF": 10, "HR": 0, "HS": 30, "HST": 14, "HTAG": 0, "HTHG": 0, "HTR": "D", "HY": 0, "HomeTeam": "Werder Bremen"},{"AC": 5, "AF": 18, "AR": 0, "AS": 7, "AST": 4, "AY": 3, "AwayTeam": "Stuttgart", "Date": "2013-02-02", "FTAG": 1, "FTHG": 3, "FTR": "H", "HC": 3, "HF": 13, "HR": 0, "HS": 12, "HST": 5, "HTAG": 0, "HTHG": 2, "HTR": "H", "HY": 2, "HomeTeam": "Fortuna Dusseldorf"},{"AC": 6, "AF": 11, "AR": 0, "AS": 16, "AST": 5, "AY": 1, "AwayTeam": "Ein Frankfurt", "Date": "2013-02-02", "FTAG": 2, "FTHG": 0, "FTR": "A", "HC": 7, "HF": 19, "HR": 0, "HS": 23, "HST": 10, "HTAG": 2, "HTHG": 0, "HTR": "A", "HY": 3, "HomeTeam": "Hamburg"},{"AC": 6, "AF": 15, "AR": 0, "AS": 9, "AST": 5, "AY": 2, "AwayTeam": "Freiburg", "Date": "2013-02-02", "FTAG": 1, "FTHG": 2, "FTR": "H", "HC": 3, "HF": 23, "HR": 0, "HS": 9, "HST": 3, "HTAG": 1, "HTHG": 2, "HTR": "H", "HY": 3, "HomeTeam": "Hoffenheim"},{"AC": 4, "AF": 10, "AR": 0, "AS": 10, "AST": 6, "AY": 0, "AwayTeam": "Bayern Munich", "Date": "2013-02-02", "FTAG": 3, "FTHG": 0, "FTR": "A", "HC": 6, "HF": 15, "HR": 0, "HS": 10, "HST": 0, "HTAG": 1, "HTHG": 0, "HTR": "A", "HY": 3, "HomeTeam": "Mainz"},{"AC": 1, "AF": 19, "AR": 0, "AS": 9, "AST": 5, "AY": 4, "AwayTeam": "Greuther Furth", "Date": "2013-02-02", "FTAG": 2, "FTHG": 1, "FTR": "A", "HC": 10, "HF": 15, "HR": 0, "HS": 25, "HST": 4, "HTAG": 0, "HTHG": 0, "HTR": "D", "HY": 1, "HomeTeam": "Schalke 04"},{"AC": 2, "AF": 17, "AR": 0, "AS": 10, "AST": 4, "AY": 3, "AwayTeam": "Augsburg", "Date": "2013-02-02", "FTAG": 1, "FTHG": 1, "FTR": "D", "HC": 11, "HF": 15, "HR": 0, "HS": 10, "HST": 6, "HTAG": 1, "HTHG": 1, "HTR": "D", "HY": 2, "HomeTeam": "Wolfsburg"},{"AC": 4, "AF": 16, "AR": 0, "AS": 12, "AST": 7, "AY": 1, "AwayTeam": "Dortmund", "Date": "2013-02-03", "FTAG": 3, "FTHG": 2, "FTR": "A", "HC": 12, "HF": 21, "HR": 0, "HS": 27, "HST": 8, "HTAG": 2, "HTHG": 0, "HTR": "A", "HY": 5, "HomeTeam": "Leverkusen"},{"AC": 5, "AF": 20, "AR": 0, "AS": 12, "AST": 6, "AY": 3, "AwayTeam": "M'gladbach", "Date": "2013-02-03", "FTAG": 1, "FTHG": 2, "FTR": "H", "HC": 5, "HF": 24, "HR": 0, "HS": 10, "HST": 5, "HTAG": 0, "HTHG": 2, "HTR": "H", "HY": 2, "HomeTeam": "Nurnberg"},{"AC": 3, "AF": 11, "AR": 0, "AS": 4, "AST": 0, "AY": 1, "AwayTeam": "Schalke 04", "Date": "2013-02-09", "FTAG": 0, "FTHG": 4, "FTR": "H", "HC": 10, "HF": 10, "HR": 0, "HS": 15, "HST": 6, "HTAG": 0, "HTHG": 2, "HTR": "H", "HY": 0, "HomeTeam": "Bayern Munich"},{"AC": 5, "AF": 19, "AR": 1, "AS": 13, "AST": 5, "AY": 2, "AwayTeam": "Hamburg", "Date": "2013-02-09", "FTAG": 4, "FTHG": 1, "FTR": "A", "HC": 8, "HF": 14, "HR": 1, "HS": 21, "HST": 7, "HTAG": 2, "HTHG": 1, "HTR": "A", "HY": 1, "HomeTeam": "Dortmund"},{"AC": 6, "AF": 20, "AR": 0, "AS": 11, "AST": 6, "AY": 3, "AwayTeam": "Nurnberg", "Date": "2013-02-09", "FTAG": 0, "FTHG": 0, "FTR": "D", "HC": 5, "HF": 17, "HR": 0, "HS": 9, "HST": 2, "HTAG": 0, "HTHG": 0, "HTR": "D", "HY": 2, "HomeTeam": "Ein Frankfurt"},{"AC": 5, "AF": 23, "AR": 0, "AS": 10, "AST": 2, "AY": 3, "AwayTeam": "Wolfsburg", "Date": "2013-02-09", "FTAG": 1, "FTHG": 0, "FTR": "A", "HC": 10, "HF": 22, "HR": 0, "HS": 16, "HST": 3, "HTAG": 1, "HTHG": 0, "HTR": "A", "HY": 3, "HomeTeam": "Greuther Furth"},{"AC": 10, "AF": 20, "AR": 0, "AS": 16, "AST": 9, "AY": 2, "AwayTeam": "Hoffenheim", "Date": "2013-02-09", "FTAG": 0, "FTHG": 1, "FTR": "H", "HC": 5, "HF": 21, "HR": 0, "HS": 7, "HST": 3, "HTAG": 0, "HTHG": 1, "HTR": "H", "HY": 2, "HomeTeam": "Hannover"},{"AC": 11, "AF": 11, "AR": 0, "AS": 23, "AST": 10, "AY": 1, "AwayTeam": "Leverkusen", "Date": "2013-02-09", "FTAG": 3, "FTHG": 3, "FTR": "D", "HC": 5, "HF": 12, "HR": 0, "HS": 10, "HST": 5, "HTAG": 0, "HTHG": 1, "HTR": "H", "HY": 0, "HomeTeam": "M'gladbach"},{"AC": 4, "AF": 19, "AR": 0, "AS": 18, "AST": 7, "AY": 1, "AwayTeam": "Werder Bremen", "Date": "2013-02-09", "FTAG": 4, "FTHG": 1, "FTR": "A", "HC": 4, "HF": 21, "HR": 0, "HS": 9, "HST": 3, "HTAG": 1, "HTHG": 0, "HTR": "A", "HY": 3, "HomeTeam": "Stuttgart"},{"AC": 2, "AF": 11, "AR": 1, "AS": 9, "AST": 3, "AY": 2, "AwayTeam": "Mainz", "Date": "2013-02-10", "FTAG": 1, "FTHG": 1, "FTR": "D", "HC": 9, "HF": 17, "HR": 0, "HS": 19, "HST": 7, "HTAG": 1, "HTHG": 0, "HTR": "A", "HY": 2, "HomeTeam": "Augsburg"},{"AC": 3, "AF": 15, "AR": 0, "AS": 11, "AST": 4, "AY": 3, "AwayTeam": "Fortuna Dusseldorf", "Date": "2013-02-10", "FTAG": 0, "FTHG": 1, "FTR": "H", "HC": 6, "HF": 17, "HR": 0, "HS": 15, "HST": 3, "HTAG": 0, "HTHG": 0, "HTR": "D", "HY": 1, "HomeTeam": "Freiburg"},{"AC": 2, "AF": 18, "AR": 0, "AS": 7, "AST": 3, "AY": 2, "AwayTeam": "Bayern Munich", "Date": "2013-02-15", "FTAG": 2, "FTHG": 0, "FTR": "A", "HC": 3, "HF": 26, "HR": 0, "HS": 8, "HST": 1, "HTAG": 1, "HTHG": 0, "HTR": "A", "HY": 5, "HomeTeam": "Wolfsburg"},{"AC": 4, "AF": 18, "AR": 0, "AS": 7, "AST": 1, "AY": 3, "AwayTeam": "Ein Frankfurt", "Date": "2013-02-16", "FTAG": 0, "FTHG": 3, "FTR": "H", "HC": 3, "HF": 17, "HR": 1, "HS": 9, "HST": 5, "HTAG": 0, "HTHG": 2, "HTR": "H", "HY": 4, "HomeTeam": "Dortmund"},{"AC": 4, "AF": 28, "AR": 1, "AS": 3, "AST": 1, "AY": 4, "AwayTeam": "Greuther Furth", "Date": "2013-02-16", "FTAG": 0, "FTHG": 1, "FTR": "H", "HC": 5, "HF": 20, "HR": 0, "HS": 13, "HST": 8, "HTAG": 0, "HTHG": 1, "HTR": "H", "HY": 2, "HomeTeam": "Fortuna Dusseldorf"},{"AC": 3, "AF": 17, "AR": 0, "AS": 5, "AST": 1, "AY": 1, "AwayTeam": "M'gladbach", "Date": "2013-02-16", "FTAG": 0, "FTHG": 1, "FTR": "H", "HC": 3, "HF": 18, "HR": 0, "HS": 6, "HST": 2, "HTAG": 0, "HTHG": 1, "HTR": "H", "HY": 1, "HomeTeam": "Hamburg"},{"AC": 3, "AF": 14, "AR": 0, "AS": 12, "AST": 4, "AY": 0, "AwayTeam": "Augsburg", "Date": "2013-02-16", "FTAG": 1, "FTHG": 2, "FTR": "H", "HC": 4, "HF": 11, "HR": 0, "HS": 13, "HST": 5, "HTAG": 0, "HTHG": 1, "HTR": "H", "HY": 0, "HomeTeam": "Leverkusen"},{"AC": 4, "AF": 16, "AR": 0, "AS": 9, "AST": 5, "AY": 3, "AwayTeam": "Schalke 04", "Date": "2013-02-16", "FTAG": 2, "FTHG": 2, "FTR": "D", "HC": 4, "HF": 10, "HR": 0, "HS": 14, "HST": 5, "HTAG": 1, "HTHG": 1, "HTR": "D", "HY": 1, "HomeTeam": "Mainz"},{"AC": 5, "AF": 16, "AR": 0, "AS": 14, "AST": 12, "AY": 1, "AwayTeam": "Freiburg", "Date": "2013-02-16", "FTAG": 3, "FTHG": 2, "FTR": "A", "HC": 6, "HF": 23, "HR": 0, "HS": 9, "HST": 5, "HTAG": 1, "HTHG": 1, "HTR": "D", "HY": 0, "HomeTeam": "Werder Bremen"},{"AC": 1, "AF": 17, "AR": 0, "AS": 7, "AST": 3, "AY": 6, "AwayTeam": "Stuttgart", "Date": "2013-02-17", "FTAG": 1, "FTHG": 0, "FTR": "A", "HC": 1, "HF": 13, "HR": 0, "HS": 8, "HST": 3, "HTAG": 1, "HTHG": 0, "HTR": "A", "HY": 2, "HomeTeam": "Hoffenheim"},{"AC": 1, "AF": 18, "AR": 0, "AS": 9, "AST": 6, "AY": 2, "AwayTeam": "Hannover", "Date": "2013-02-17", "FTAG": 2, "FTHG": 2, "FTR": "D", "HC": 4, "HF": 11, "HR": 0, "HS": 10, "HST": 5, "HTAG": 1, "HTHG": 0, "HTR": "A", "HY": 0, "HomeTeam": "Nurnberg"},{"AC": 1, "AF": 10, "AR": 0, "AS": 8, "AST": 1, "AY": 3, "AwayTeam": "Ein Frankfurt", "Date": "2013-02-22", "FTAG": 0, "FTHG": 0, "FTR": "D", "HC": 3, "HF": 13, "HR": 0, "HS": 8, "HST": 5, "HTAG": 0, "HTHG": 0, "HTR": "D", "HY": 1, "HomeTeam": "Freiburg"},{"AC": 1, "AF": 24, "AR": 0, "AS": 7, "AST": 2, "AY": 5, "AwayTeam": "Hoffenheim", "Date": "2013-02-23", "FTAG": 1, "FTHG": 2, "FTR": "H", "HC": 3, "HF": 17, "HR": 0, "HS": 20, "HST": 3, "HTAG": 0, "HTHG": 1, "HTR": "H", "HY": 1, "HomeTeam": "Augsburg"},{"AC": 4, "AF": 13, "AR": 1, "AS": 11, "AST": 4, "AY": 2, "AwayTeam": "Werder Bremen", "Date": "2013-02-23", "FTAG": 1, "FTHG": 6, "FTR": "H", "HC": 7, "HF": 6, "HR": 0, "HS": 14, "HST": 8, "HTAG": 0, "HTHG": 2, "HTR": "H", "HY": 0, "HomeTeam": "Bayern Munich"},{"AC": 6, "AF": 13, "AR": 0, "AS": 23, "AST": 12, "AY": 0, "AwayTeam": "Hamburg", "Date": "2013-02-23", "FTAG": 1, "FTHG": 5, "FTR": "H", "HC": 4, "HF": 16, "HR": 0, "HS": 13, "HST": 6, "HTAG": 1, "HTHG": 3, "HTR": "H", "HY": 1, "HomeTeam": "Hannover"},{"AC": 4, "AF": 12, "AR": 1, "AS": 5, "AST": 3, "AY": 2, "AwayTeam": "Wolfsburg", "Date": "2013-02-23", "FTAG": 1, "FTHG": 1, "FTR": "D", "HC": 4, "HF": 22, "HR": 0, "HS": 13, "HST": 2, "HTAG": 1, "HTHG": 1, "HTR": "D", "HY": 1, "HomeTeam": "Mainz"},{"AC": 3, "AF": 17, "AR": 0, "AS": 5, "AST": 1, "AY": 2, "AwayTeam": "Fortuna Dusseldorf", "Date": "2013-02-23", "FTAG": 1, "FTHG": 2, "FTR": "H", "HC": 4, "HF": 18, "HR": 0, "HS": 18, "HST": 7, "HTAG": 0, "HTHG": 1, "HTR": "H", "HY": 1, "HomeTeam": "Schalke 04"},{"AC": 4, "AF": 17, "AR": 0, "AS": 10, "AST": 2, "AY": 3, "AwayTeam": "Nurnberg", "Date": "2013-02-23", "FTAG": 1, "FTHG": 1, "FTR": "D", "HC": 8, "HF": 13, "HR": 0, "HS": 15, "HST": 8, "HTAG": 0, "HTHG": 0, "HTR": "D", "HY": 1, "HomeTeam": "Stuttgart"},{"AC": 10, "AF": 12, "AR": 0, "AS": 22, "AST": 11, "AY": 1, "AwayTeam": "Leverkusen", "Date": "2013-02-24", "FTAG": 0, "FTHG": 0, "FTR": "D", "HC": 4, "HF": 17, "HR": 0, "HS": 10, "HST": 4, "HTAG": 0, "HTHG": 0, "HTR": "D", "HY": 2, "HomeTeam": "Greuther Furth"},{"AC": 7, "AF": 9, "AR": 0, "AS": 15, "AST": 4, "AY": 1, "AwayTeam": "Dortmund", "Date": "2013-02-24", "FTAG": 1, "FTHG": 1, "FTR": "D", "HC": 3, "HF": 16, "HR": 0, "HS": 6, "HST": 3, "HTAG": 1, "HTHG": 0, "HTR": "A", "HY": 3, "HomeTeam": "M'gladbach"},{"AC": 5, "AF": 17, "AR": 0, "AS": 11, "AST": 2, "AY": 2, "AwayTeam": "M'gladbach", "Date": "2013-03-01", "FTAG": 1, "FTHG": 0, "FTR": "A", "HC": 8, "HF": 13, "HR": 0, "HS": 14, "HST": 2, "HTAG": 1, "HTHG": 0, "HTR": "A", "HY": 4, "HomeTeam": "Ein Frankfurt"},{"AC": 3, "AF": 19, "AR": 0, "AS": 6, "AST": 2, "AY": 2, "AwayTeam": "Hannover", "Date": "2013-03-02", "FTAG": 1, "FTHG": 3, "FTR": "H", "HC": 2, "HF": 19, "HR": 0, "HS": 23, "HST": 6, "HTAG": 1, "HTHG": 2, "HTR": "H", "HY": 0, "HomeTeam": "Dortmund"},{"AC": 1, "AF": 9, "AR": 0, "AS": 6, "AST": 2, "AY": 1, "AwayTeam": "Greuther Furth", "Date": "2013-03-02", "FTAG": 1, "FTHG": 1, "FTR": "D", "HC": 5, "HF": 11, "HR": 0, "HS": 18, "HST": 8, "HTAG": 1, "HTHG": 1, "HTR": "D", "HY": 1, "HomeTeam": "Hamburg"},{"AC": 0, "AF": 16, "AR": 0, "AS": 5, "AST": 4, "AY": 2, "AwayTeam": "Stuttgart", "Date": "2013-03-02", "FTAG": 1, "FTHG": 2, "FTR": "H", "HC": 6, "HF": 13, "HR": 0, "HS": 30, "HST": 8, "HTAG": 1, "HTHG": 0, "HTR": "A", "HY": 3, "HomeTeam": "Leverkusen"},{"AC": 7, "AF": 14, "AR": 0, "AS": 14, "AST": 4, "AY": 2, "AwayTeam": "Freiburg", "Date": "2013-03-02", "FTAG": 1, "FTHG": 1, "FTR": "D", "HC": 4, "HF": 29, "HR": 0, "HS": 11, "HST": 4, "HTAG": 0, "HTHG": 1, "HTR": "H", "HY": 2, "HomeTeam": "Nurnberg"},{"AC": 5, "AF": 21, "AR": 0, "AS": 12, "AST": 5, "AY": 5, "AwayTeam": "Augsburg", "Date": "2013-03-02", "FTAG": 1, "FTHG": 0, "FTR": "A", "HC": 11, "HF": 18, "HR": 0, "HS": 16, "HST": 3, "HTAG": 1, "HTHG": 0, "HTR": "A", "HY": 3, "HomeTeam": "Werder Bremen"},{"AC": 5, "AF": 16, "AR": 0, "AS": 13, "AST": 7, "AY": 1, "AwayTeam": "Schalke 04", "Date": "2013-03-02", "FTAG": 4, "FTHG": 1, "FTR": "A", "HC": 4, "HF": 6, "HR": 0, "HS": 8, "HST": 4, "HTAG": 1, "HTHG": 0, "HTR": "A", "HY": 1, "HomeTeam": "Wolfsburg"},{"AC": 3, "AF": 14, "AR": 0, "AS": 5, "AST": 3, "AY": 2, "AwayTeam": "Mainz", "Date": "2013-03-03", "FTAG": 1, "FTHG": 1, "FTR": "D", "HC": 7, "HF": 13, "HR": 0, "HS": 13, "HST": 3, "HTAG": 1, "HTHG": 1, "HTR": "D", "HY": 3, "HomeTeam": "Fortuna Dusseldorf"},{"AC": 8, "AF": 12, "AR": 0, "AS": 19, "AST": 7, "AY": 1, "AwayTeam": "Bayern Munich", "Date": "2013-03-03", "FTAG": 1, "FTHG": 0, "FTR": "A", "HC": 4, "HF": 24, "HR": 0, "HS": 9, "HST": 3, "HTAG": 1, "HTHG": 0, "HTR": "A", "HY": 3, "HomeTeam": "Hoffenheim"},{"AC": 2, "AF": 21, "AR": 0, "AS": 6, "AST": 2, "AY": 2, "AwayTeam": "Nurnberg", "Date": "2013-03-08", "FTAG": 2, "FTHG": 1, "FTR": "A", "HC": 3, "HF": 24, "HR": 0, "HS": 12, "HST": 3, "HTAG": 1, "HTHG": 1, "HTR": "D", "HY": 4, "HomeTeam": "Augsburg"},{"AC": 1, "AF": 18, "AR": 0, "AS": 4, "AST": 2, "AY": 2, "AwayTeam": "Fortuna Dusseldorf", "Date": "2013-03-09", "FTAG": 2, "FTHG": 3, "FTR": "H", "HC": 12, "HF": 12, "HR": 0, "HS": 22, "HST": 11, "HTAG": 1, "HTHG": 1, "HTR": "D", "HY": 1, "HomeTeam": "Bayern Munich"},{"AC": 3, "AF": 23, "AR": 0, "AS": 14, "AST": 10, "AY": 4, "AwayTeam": "Wolfsburg", "Date": "2013-03-09", "FTAG": 5, "FTHG": 2, "FTR": "A", "HC": 9, "HF": 11, "HR": 0, "HS": 16, "HST": 6, "HTAG": 3, "HTHG": 1, "HTR": "A", "HY": 2, "HomeTeam": "Freiburg"},{"AC": 4, "AF": 20, "AR": 0, "AS": 12, "AST": 5, "AY": 2, "AwayTeam": "Hoffenheim", "Date": "2013-03-09", "FTAG": 3, "FTHG": 0, "FTR": "A", "HC": 3, "HF": 17, "HR": 0, "HS": 12, "HST": 4, "HTAG": 2, "HTHG": 0, "HTR": "A", "HY": 2, "HomeTeam": "Greuther Furth"},{"AC": 5, "AF": 14, "AR": 0, "AS": 16, "AST": 4, "AY": 2, "AwayTeam": "Leverkusen", "Date": "2013-03-09", "FTAG": 0, "FTHG": 1, "FTR": "H", "HC": 4, "HF": 13, "HR": 0, "HS": 8, "HST": 1, "HTAG": 0, "HTHG": 0, "HTR": "D", "HY": 3, "HomeTeam": "Mainz"},{"AC": 11, "AF": 11, "AR": 0, "AS": 16, "AST": 4, "AY": 0, "AwayTeam": "Werder Bremen", "Date": "2013-03-09", "FTAG": 1, "FTHG": 1, "FTR": "D", "HC": 9, "HF": 8, "HR": 0, "HS": 10, "HST": 5, "HTAG": 0, "HTHG": 0, "HTR": "D", "HY": 1, "HomeTeam": "M'gladbach"},{"AC": 2, "AF": 13, "AR": 0, "AS": 16, "AST": 3, "AY": 0, "AwayTeam": "Dortmund", "Date": "2013-03-09", "FTAG": 1, "FTHG": 2, "FTR": "H", "HC": 3, "HF": 16, "HR": 0, "HS": 20, "HST": 10, "HTAG": 0, "HTHG": 2, "HTR": "H", "HY": 3, "HomeTeam": "Schalke 04"},{"AC": 7, "AF": 13, "AR": 0, "AS": 11, "AST": 2, "AY": 0, "AwayTeam": "Ein Frankfurt", "Date": "2013-03-10", "FTAG": 0, "FTHG": 0, "FTR": "D", "HC": 5, "HF": 18, "HR": 0, "HS": 7, "HST": 3, "HTAG": 0, "HTHG": 0, "HTR": "D", "HY": 2, "HomeTeam": "Hannover"},{"AC": 5, "AF": 23, "AR": 0, "AS": 12, "AST": 3, "AY": 1, "AwayTeam": "Hamburg", "Date": "2013-03-10", "FTAG": 1, "FTHG": 0, "FTR": "A", "HC": 8, "HF": 15, "HR": 0, "HS": 13, "HST": 7, "HTAG": 0, "HTHG": 0, "HTR": "D", "HY": 2, "HomeTeam": "Stuttgart"},{"AC": 1, "AF": 14, "AR": 0, "AS": 9, "AST": 3, "AY": 2, "AwayTeam": "Fortuna Dusseldorf", "Date": "2013-03-15", "FTAG": 1, "FTHG": 1, "FTR": "D", "HC": 7, "HF": 13, "HR": 0, "HS": 18, "HST": 6, "HTAG": 1, "HTHG": 0, "HTR": "A", "HY": 2, "HomeTeam": "Wolfsburg"},{"AC": 1, "AF": 18, "AR": 0, "AS": 6, "AST": 2, "AY": 2, "AwayTeam": "Freiburg", "Date": "2013-03-16", "FTAG": 1, "FTHG": 5, "FTR": "H", "HC": 4, "HF": 16, "HR": 0, "HS": 21, "HST": 11, "HTAG": 1, "HTHG": 3, "HTR": "H", "HY": 1, "HomeTeam": "Dortmund"},{"AC": 3, "AF": 17, "AR": 0, "AS": 6, "AST": 1, "AY": 2, "AwayTeam": "Augsburg", "Date": "2013-03-16", "FTAG": 1, "FTHG": 0, "FTR": "A", "HC": 10, "HF": 20, "HR": 1, "HS": 17, "HST": 5, "HTAG": 1, "HTHG": 0, "HTR": "A", "HY": 2, "HomeTeam": "Hamburg"},{"AC": 7, "AF": 19, "AR": 0, "AS": 7, "AST": 2, "AY": 1, "AwayTeam": "Mainz", "Date": "2013-03-16", "FTAG": 0, "FTHG": 0, "FTR": "D", "HC": 5, "HF": 14, "HR": 0, "HS": 12, "HST": 3, "HTAG": 0, "HTHG": 0, "HTR": "D", "HY": 2, "HomeTeam": "Hoffenheim"},{"AC": 7, "AF": 15, "AR": 0, "AS": 15, "AST": 2, "AY": 1, "AwayTeam": "Bayern Munich", "Date": "2013-03-16", "FTAG": 2, "FTHG": 1, "FTR": "A", "HC": 15, "HF": 16, "HR": 0, "HS": 13, "HST": 2, "HTAG": 1, "HTHG": 0, "HTR": "A", "HY": 3, "HomeTeam": "Leverkusen"},{"AC": 4, "AF": 11, "AR": 0, "AS": 15, "AST": 5, "AY": 1, "AwayTeam": "Schalke 04", "Date": "2013-03-16", "FTAG": 0, "FTHG": 3, "FTR": "H", "HC": 6, "HF": 11, "HR": 0, "HS": 12, "HST": 8, "HTAG": 0, "HTHG": 1, "HTR": "H", "HY": 0, "HomeTeam": "Nurnberg"},{"AC": 4, "AF": 23, "AR": 0, "AS": 9, "AST": 3, "AY": 2, "AwayTeam": "Greuther Furth", "Date": "2013-03-16", "FTAG": 2, "FTHG": 2, "FTR": "D", "HC": 9, "HF": 11, "HR": 0, "HS": 18, "HST": 8, "HTAG": 0, "HTHG": 0, "HTR": "D", "HY": 0, "HomeTeam": "Werder Bremen"},{"AC": 4, "AF": 13, "AR": 0, "AS": 12, "AST": 3, "AY": 2, "AwayTeam": "Stuttgart", "Date": "2013-03-17", "FTAG": 2, "FTHG": 1, "FTR": "A", "HC": 8, "HF": 17, "HR": 0, "HS": 14, "HST": 4, "HTAG": 0, "HTHG": 1, "HTR": "H", "HY": 1, "HomeTeam": "Ein Frankfurt"},{"AC": 3, "AF": 7, "AR": 1, "AS": 14, "AST": 5, "AY": 4, "AwayTeam": "Hannover", "Date": "2013-03-17", "FTAG": 0, "FTHG": 1, "FTR": "H", "HC": 6, "HF": 7, "HR": 0, "HS": 11, "HST": 4, "HTAG": 0, "HTHG": 1, "HTR": "H", "HY": 1, "HomeTeam": "M'gladbach"},{"AC": 1, "AF": 17, "AR": 0, "AS": 10, "AST": 2, "AY": 5, "AwayTeam": "Hannover", "Date": "2013-03-30", "FTAG": 2, "FTHG": 0, "FTR": "A", "HC": 14, "HF": 10, "HR": 0, "HS": 23, "HST": 5, "HTAG": 0, "HTHG": 0, "HTR": "D", "HY": 0, "HomeTeam": "Augsburg"},{"AC": 3, "AF": 14, "AR": 0, "AS": 10, "AST": 8, "AY": 0, "AwayTeam": "Hamburg", "Date": "2013-03-30", "FTAG": 2, "FTHG": 9, "FTR": "H", "HC": 7, "HF": 6, "HR": 0, "HS": 25, "HST": 15, "HTAG": 0, "HTHG": 5, "HTR": "H", "HY": 0, "HomeTeam": "Bayern Munich"},{"AC": 1, "AF": 20, "AR": 0, "AS": 14, "AST": 4, "AY": 2, "AwayTeam": "Leverkusen", "Date": "2013-03-30", "FTAG": 4, "FTHG": 1, "FTR": "A", "HC": 4, "HF": 11, "HR": 0, "HS": 12, "HST": 3, "HTAG": 1, "HTHG": 1, "HTR": "D", "HY": 3, "HomeTeam": "Fortuna Dusseldorf"},{"AC": 2, "AF": 15, "AR": 0, "AS": 6, "AST": 2, "AY": 2, "AwayTeam": "M'gladbach", "Date": "2013-03-30", "FTAG": 0, "FTHG": 2, "FTR": "H", "HC": 9, "HF": 14, "HR": 0, "HS": 13, "HST": 6, "HTAG": 0, "HTHG": 0, "HTR": "D", "HY": 1, "HomeTeam": "Freiburg"},{"AC": 9, "AF": 15, "AR": 0, "AS": 13, "AST": 6, "AY": 2, "AwayTeam": "Werder Bremen", "Date": "2013-03-30", "FTAG": 1, "FTHG": 1, "FTR": "D", "HC": 4, "HF": 15, "HR": 0, "HS": 10, "HST": 5, "HTAG": 0, "HTHG": 1, "HTR": "H", "HY": 3, "HomeTeam": "Mainz"},{"AC": 3, "AF": 15, "AR": 0, "AS": 5, "AST": 1, "AY": 2, "AwayTeam": "Hoffenheim", "Date": "2013-03-30", "FTAG": 0, "FTHG": 3, "FTR": "H", "HC": 3, "HF": 13, "HR": 0, "HS": 14, "HST": 5, "HTAG": 0, "HTHG": 0, "HTR": "D", "HY": 1, "HomeTeam": "Schalke 04"},{"AC": 8, "AF": 15, "AR": 0, "AS": 15, "AST": 6, "AY": 2, "AwayTeam": "Dortmund", "Date": "2013-03-30", "FTAG": 2, "FTHG": 1, "FTR": "A", "HC": 3, "HF": 17, "HR": 1, "HS": 11, "HST": 5, "HTAG": 1, "HTHG": 0, "HTR": "A", "HY": 2, "HomeTeam": "Stuttgart"},{"AC": 3, "AF": 10, "AR": 0, "AS": 11, "AST": 4, "AY": 0, "AwayTeam": "Ein Frankfurt", "Date": "2013-03-31", "FTAG": 3, "FTHG": 2, "FTR": "A", "HC": 9, "HF": 17, "HR": 0, "HS": 14, "HST": 5, "HTAG": 1, "HTHG": 1, "HTR": "D", "HY": 1, "HomeTeam": "Greuther Furth"},{"AC": 5, "AF": 18, "AR": 0, "AS": 18, "AST": 6, "AY": 0, "AwayTeam": "Nurnberg", "Date": "2013-03-31", "FTAG": 2, "FTHG": 2, "FTR": "D", "HC": 7, "HF": 20, "HR": 0, "HS": 9, "HST": 4, "HTAG": 0, "HTHG": 2, "HTR": "H", "HY": 3, "HomeTeam": "Wolfsburg"},{"AC": 3, "AF": 16, "AR": 0, "AS": 15, "AST": 4, "AY": 3, "AwayTeam": "Fortuna Dusseldorf", "Date": "2013-04-05", "FTAG": 0, "FTHG": 3, "FTR": "H", "HC": 3, "HF": 23, "HR": 0, "HS": 17, "HST": 8, "HTAG": 0, "HTHG": 1, "HTR": "H", "HY": 3, "HomeTeam": "Hoffenheim"},{"AC": 7, "AF": 21, "AR": 0, "AS": 12, "AST": 8, "AY": 4, "AwayTeam": "Augsburg", "Date": "2013-04-06", "FTAG": 2, "FTHG": 4, "FTR": "H", "HC": 4, "HF": 12, "HR": 0, "HS": 13, "HST": 7, "HTAG": 2, "HTHG": 1, "HTR": "A", "HY": 1, "HomeTeam": "Dortmund"},{"AC": 9, "AF": 11, "AR": 0, "AS": 15, "AST": 5, "AY": 2, "AwayTeam": "Bayern Munich", "Date": "2013-04-06", "FTAG": 1, "FTHG": 0, "FTR": "A", "HC": 7, "HF": 16, "HR": 0, "HS": 13, "HST": 4, "HTAG": 0, "HTHG": 0, "HTR": "D", "HY": 1, "HomeTeam": "Ein Frankfurt"},{"AC": 1, "AF": 12, "AR": 0, "AS": 8, "AST": 3, "AY": 0, "AwayTeam": "Freiburg", "Date": "2013-04-06", "FTAG": 1, "FTHG": 0, "FTR": "A", "HC": 6, "HF": 15, "HR": 0, "HS": 13, "HST": 5, "HTAG": 0, "HTHG": 0, "HTR": "D", "HY": 2, "HomeTeam": "Hamburg"},{"AC": 4, "AF": 13, "AR": 0, "AS": 11, "AST": 2, "AY": 3, "AwayTeam": "Wolfsburg", "Date": "2013-04-06", "FTAG": 1, "FTHG": 1, "FTR": "D", "HC": 5, "HF": 15, "HR": 0, "HS": 14, "HST": 7, "HTAG": 0, "HTHG": 1, "HTR": "H", "HY": 2, "HomeTeam": "Leverkusen"},{"AC": 6, "AF": 16, "AR": 1, "AS": 20, "AST": 8, "AY": 2, "AwayTeam": "Greuther Furth", "Date": "2013-04-06", "FTAG": 0, "FTHG": 1, "FTR": "H", "HC": 2, "HF": 10, "HR": 0, "HS": 19, "HST": 6, "HTAG": 0, "HTHG": 0, "HTR": "D", "HY": 0, "HomeTeam": "M'gladbach"},{"AC": 5, "AF": 17, "AR": 0, "AS": 17, "AST": 9, "AY": 1, "AwayTeam": "Schalke 04", "Date": "2013-04-06", "FTAG": 2, "FTHG": 0, "FTR": "A", "HC": 9, "HF": 14, "HR": 0, "HS": 9, "HST": 5, "HTAG": 0, "HTHG": 0, "HTR": "D", "HY": 1, "HomeTeam": "Werder Bremen"},{"AC": 6, "AF": 9, "AR": 0, "AS": 14, "AST": 6, "AY": 0, "AwayTeam": "Stuttgart", "Date": "2013-04-07", "FTAG": 0, "FTHG": 0, "FTR": "D", "HC": 6, "HF": 22, "HR": 0, "HS": 13, "HST": 1, "HTAG": 0, "HTHG": 0, "HTR": "D", "HY": 0, "HomeTeam": "Hannover"},{"AC": 6, "AF": 12, "AR": 0, "AS": 12, "AST": 3, "AY": 1, "AwayTeam": "Mainz", "Date": "2013-04-07", "FTAG": 1, "FTHG": 2, "FTR": "H", "HC": 2, "HF": 16, "HR": 0, "HS": 5, "HST": 4, "HTAG": 0, "HTHG": 0, "HTR": "D", "HY": 2, "HomeTeam": "Nurnberg"},{"AC": 4, "AF": 23, "AR": 0, "AS": 10, "AST": 3, "AY": 2, "AwayTeam": "Hannover", "Date": "2013-04-12", "FTAG": 1, "FTHG": 3, "FTR": "H", "HC": 6, "HF": 13, "HR": 0, "HS": 15, "HST": 5, "HTAG": 1, "HTHG": 2, "HTR": "H", "HY": 1, "HomeTeam": "Freiburg"},{"AC": 4, "AF": 14, "AR": 0, "AS": 9, "AST": 4, "AY": 2, "AwayTeam": "Nurnberg", "Date": "2013-04-13", "FTAG": 0, "FTHG": 4, "FTR": "H", "HC": 12, "HF": 11, "HR": 0, "HS": 21, "HST": 10, "HTAG": 0, "HTHG": 3, "HTR": "H", "HY": 1, "HomeTeam": "Bayern Munich"},{"AC": 1, "AF": 24, "AR": 0, "AS": 16, "AST": 4, "AY": 3, "AwayTeam": "Werder Bremen", "Date": "2013-04-13", "FTAG": 2, "FTHG": 2, "FTR": "D", "HC": 3, "HF": 20, "HR": 0, "HS": 8, "HST": 3, "HTAG": 1, "HTHG": 1, "HTR": "D", "HY": 1, "HomeTeam": "Fortuna Dusseldorf"},{"AC": 5, "AF": 11, "AR": 0, "AS": 15, "AST": 9, "AY": 1, "AwayTeam": "Dortmund", "Date": "2013-04-13", "FTAG": 6, "FTHG": 1, "FTR": "A", "HC": 1, "HF": 12, "HR": 0, "HS": 9, "HST": 3, "HTAG": 5, "HTHG": 0, "HTR": "A", "HY": 0, "HomeTeam": "Greuther Furth"},{"AC": 1, "AF": 16, "AR": 0, "AS": 12, "AST": 4, "AY": 1, "AwayTeam": "Hamburg", "Date": "2013-04-13", "FTAG": 2, "FTHG": 1, "FTR": "A", "HC": 2, "HF": 15, "HR": 0, "HS": 12, "HST": 2, "HTAG": 0, "HTHG": 0, "HTR": "D", "HY": 2, "HomeTeam": "Mainz"},{"AC": 7, "AF": 14, "AR": 1, "AS": 18, "AST": 8, "AY": 3, "AwayTeam": "Leverkusen", "Date": "2013-04-13", "FTAG": 2, "FTHG": 2, "FTR": "D", "HC": 7, "HF": 11, "HR": 0, "HS": 16, "HST": 9, "HTAG": 1, "HTHG": 0, "HTR": "A", "HY": 2, "HomeTeam": "Schalke 04"},{"AC": 4, "AF": 24, "AR": 0, "AS": 10, "AST": 5, "AY": 1, "AwayTeam": "Hoffenheim", "Date": "2013-04-13", "FTAG": 2, "FTHG": 2, "FTR": "D", "HC": 2, "HF": 24, "HR": 0, "HS": 13, "HST": 5, "HTAG": 1, "HTHG": 1, "HTR": "D", "HY": 2, "HomeTeam": "Wolfsburg"},{"AC": 3, "AF": 18, "AR": 0, "AS": 8, "AST": 3, "AY": 2, "AwayTeam": "Ein Frankfurt", "Date": "2013-04-14", "FTAG": 0, "FTHG": 2, "FTR": "H", "HC": 5, "HF": 12, "HR": 0, "HS": 19, "HST": 4, "HTAG": 0, "HTHG": 1, "HTR": "H", "HY": 3, "HomeTeam": "Augsburg"},{"AC": 3, "AF": 9, "AR": 0, "AS": 10, "AST": 2, "AY": 0, "AwayTeam": "M'gladbach", "Date": "2013-04-14", "FTAG": 0, "FTHG": 2, "FTR": "H", "HC": 4, "HF": 14, "HR": 0, "HS": 16, "HST": 5, "HTAG": 0, "HTHG": 2, "HTR": "H", "HY": 0, "HomeTeam": "Stuttgart"},{"AC": 5, "AF": 14, "AR": 1, "AS": 11, "AST": 2, "AY": 1, "AwayTeam": "Augsburg", "Date": "2013-04-19", "FTAG": 0, "FTHG": 1, "FTR": "H", "HC": 6, "HF": 18, "HR": 0, "HS": 23, "HST": 5, "HTAG": 0, "HTHG": 1, "HTR": "H", "HY": 4, "HomeTeam": "M'gladbach"},{"AC": 4, "AF": 16, "AR": 0, "AS": 5, "AST": 0, "AY": 3, "AwayTeam": "Mainz", "Date": "2013-04-20", "FTAG": 0, "FTHG": 2, "FTR": "H", "HC": 8, "HF": 12, "HR": 0, "HS": 22, "HST": 7, "HTAG": 0, "HTHG": 1, "HTR": "H", "HY": 3, "HomeTeam": "Dortmund"},{"AC": 4, "AF": 27, "AR": 0, "AS": 10, "AST": 7, "AY": 3, "AwayTeam": "Schalke 04", "Date": "2013-04-20", "FTAG": 0, "FTHG": 1, "FTR": "H", "HC": 0, "HF": 16, "HR": 0, "HS": 10, "HST": 3, "HTAG": 0, "HTHG": 1, "HTR": "H", "HY": 3, "HomeTeam": "Ein Frankfurt"},{"AC": 3, "AF": 19, "AR": 0, "AS": 12, "AST": 5, "AY": 3, "AwayTeam": "Fortuna Dusseldorf", "Date": "2013-04-20", "FTAG": 1, "FTHG": 2, "FTR": "H", "HC": 5, "HF": 21, "HR": 0, "HS": 17, "HST": 4, "HTAG": 1, "HTHG": 2, "HTR": "H", "HY": 2, "HomeTeam": "Hamburg"},{"AC": 9, "AF": 9, "AR": 0, "AS": 14, "AST": 5, "AY": 1, "AwayTeam": "Bayern Munich", "Date": "2013-04-20", "FTAG": 6, "FTHG": 1, "FTR": "A", "HC": 2, "HF": 7, "HR": 0, "HS": 7, "HST": 4, "HTAG": 3, "HTHG": 0, "HTR": "A", "HY": 0, "HomeTeam": "Hannover"},{"AC": 1, "AF": 9, "AR": 1, "AS": 5, "AST": 2, "AY": 0, "AwayTeam": "Hoffenheim", "Date": "2013-04-20", "FTAG": 0, "FTHG": 5, "FTR": "H", "HC": 5, "HF": 11, "HR": 0, "HS": 22, "HST": 9, "HTAG": 0, "HTHG": 2, "HTR": "H", "HY": 1, "HomeTeam": "Leverkusen"},{"AC": 3, "AF": 16, "AR": 0, "AS": 8, "AST": 5, "AY": 1, "AwayTeam": "Wolfsburg", "Date": "2013-04-20", "FTAG": 3, "FTHG": 0, "FTR": "A", "HC": 6, "HF": 18, "HR": 0, "HS": 8, "HST": 3, "HTAG": 2, "HTHG": 0, "HTR": "A", "HY": 3, "HomeTeam": "Werder Bremen"},{"AC": 4, "AF": 25, "AR": 0, "AS": 15, "AST": 3, "AY": 5, "AwayTeam": "Greuther Furth", "Date": "2013-04-21", "FTAG": 1, "FTHG": 0, "FTR": "A", "HC": 14, "HF": 12, "HR": 0, "HS": 23, "HST": 8, "HTAG": 1, "HTHG": 0, "HTR": "A", "HY": 4, "HomeTeam": "Nurnberg"},{"AC": 6, "AF": 15, "AR": 0, "AS": 11, "AST": 3, "AY": 3, "AwayTeam": "Freiburg", "Date": "2013-04-21", "FTAG": 1, "FTHG": 2, "FTR": "H", "HC": 3, "HF": 14, "HR": 0, "HS": 15, "HST": 7, "HTAG": 0, "HTHG": 2, "HTR": "H", "HY": 0, "HomeTeam": "Stuttgart"},{"AC": 5, "AF": 13, "AR": 0, "AS": 8, "AST": 4, "AY": 5, "AwayTeam": "Hannover", "Date": "2013-04-26", "FTAG": 3, "FTHG": 2, "FTR": "A", "HC": 6, "HF": 13, "HR": 0, "HS": 20, "HST": 8, "HTAG": 1, "HTHG": 1, "HTR": "D", "HY": 1, "HomeTeam": "Greuther Furth"},{"AC": 4, "AF": 13, "AR": 0, "AS": 7, "AST": 3, "AY": 4, "AwayTeam": "Stuttgart", "Date": "2013-04-27", "FTAG": 0, "FTHG": 3, "FTR": "H", "HC": 9, "HF": 15, "HR": 0, "HS": 22, "HST": 7, "HTAG": 0, "HTHG": 0, "HTR": "D", "HY": 4, "HomeTeam": "Augsburg"},{"AC": 3, "AF": 17, "AR": 0, "AS": 8, "AST": 2, "AY": 1, "AwayTeam": "Freiburg", "Date": "2013-04-27", "FTAG": 0, "FTHG": 1, "FTR": "H", "HC": 5, "HF": 9, "HR": 0, "HS": 16, "HST": 4, "HTAG": 0, "HTHG": 1, "HTR": "H", "HY": 1, "HomeTeam": "Bayern Munich"},{"AC": 3, "AF": 11, "AR": 0, "AS": 9, "AST": 6, "AY": 2, "AwayTeam": "Dortmund", "Date": "2013-04-27", "FTAG": 2, "FTHG": 1, "FTR": "A", "HC": 6, "HF": 15, "HR": 0, "HS": 8, "HST": 3, "HTAG": 1, "HTHG": 0, "HTR": "A", "HY": 5, "HomeTeam": "Fortuna Dusseldorf"},{"AC": 3, "AF": 21, "AR": 0, "AS": 8, "AST": 2, "AY": 2, "AwayTeam": "Nurnberg", "Date": "2013-04-27", "FTAG": 1, "FTHG": 2, "FTR": "H", "HC": 4, "HF": 13, "HR": 0, "HS": 23, "HST": 11, "HTAG": 0, "HTHG": 2, "HTR": "H", "HY": 2, "HomeTeam": "Hoffenheim"},{"AC": 6, "AF": 18, "AR": 0, "AS": 11, "AST": 4, "AY": 2, "AwayTeam": "Werder Bremen", "Date": "2013-04-27", "FTAG": 0, "FTHG": 1, "FTR": "H", "HC": 7, "HF": 22, "HR": 0, "HS": 8, "HST": 2, "HTAG": 0, "HTHG": 1, "HTR": "H", "HY": 1, "HomeTeam": "Leverkusen"},{"AC": 3, "AF": 14, "AR": 0, "AS": 6, "AST": 4, "AY": 1, "AwayTeam": "M'gladbach", "Date": "2013-04-27", "FTAG": 1, "FTHG": 3, "FTR": "H", "HC": 5, "HF": 5, "HR": 0, "HS": 17, "HST": 5, "HTAG": 0, "HTHG": 1, "HTR": "H", "HY": 0, "HomeTeam": "Wolfsburg"},{"AC": 7, "AF": 15, "AR": 0, "AS": 8, "AST": 3, "AY": 2, "AwayTeam": "Ein Frankfurt", "Date": "2013-04-28", "FTAG": 0, "FTHG": 0, "FTR": "D", "HC": 7, "HF": 14, "HR": 0, "HS": 14, "HST": 2, "HTAG": 0, "HTHG": 0, "HTR": "D", "HY": 0, "HomeTeam": "Mainz"},{"AC": 3, "AF": 10, "AR": 0, "AS": 9, "AST": 1, "AY": 3, "AwayTeam": "Hamburg", "Date": "2013-04-28", "FTAG": 1, "FTHG": 4, "FTR": "H", "HC": 6, "HF": 14, "HR": 0, "HS": 20, "HST": 10, "HTAG": 1, "HTHG": 2, "HTR": "H", "HY": 1, "HomeTeam": "Schalke 04"},{"AC": 8, "AF": 22, "AR": 0, "AS": 15, "AST": 5, "AY": 3, "AwayTeam": "Schalke 04", "Date": "2013-05-03", "FTAG": 1, "FTHG": 0, "FTR": "A", "HC": 6, "HF": 14, "HR": 0, "HS": 12, "HST": 0, "HTAG": 0, "HTHG": 0, "HTR": "D", "HY": 2, "HomeTeam": "M'gladbach"},{"AC": 1, "AF": 15, "AR": 1, "AS": 6, "AST": 2, "AY": 4, "AwayTeam": "Bayern Munich", "Date": "2013-05-04", "FTAG": 1, "FTHG": 1, "FTR": "D", "HC": 6, "HF": 18, "HR": 0, "HS": 11, "HST": 3, "HTAG": 1, "HTHG": 1, "HTR": "D", "HY": 1, "HomeTeam": "Dortmund"},{"AC": 7, "AF": 15, "AR": 0, "AS": 6, "AST": 2, "AY": 2, "AwayTeam": "Fortuna Dusseldorf", "Date": "2013-05-04", "FTAG": 1, "FTHG": 3, "FTR": "H", "HC": 5, "HF": 18, "HR": 0, "HS": 17, "HST": 7, "HTAG": 0, "HTHG": 1, "HTR": "H", "HY": 1, "HomeTeam": "Ein Frankfurt"},{"AC": 2, "AF": 13, "AR": 0, "AS": 10, "AST": 6, "AY": 2, "AwayTeam": "Mainz", "Date": "2013-05-04", "FTAG": 2, "FTHG": 2, "FTR": "D", "HC": 2, "HF": 19, "HR": 1, "HS": 13, "HST": 5, "HTAG": 1, "HTHG": 1, "HTR": "D", "HY": 1, "HomeTeam": "Hannover"},{"AC": 8, "AF": 16, "AR": 0, "AS": 20, "AST": 2, "AY": 1, "AwayTeam": "Leverkusen", "Date": "2013-05-04", "FTAG": 2, "FTHG": 0, "FTR": "A", "HC": 14, "HF": 12, "HR": 0, "HS": 16, "HST": 3, "HTAG": 1, "HTHG": 0, "HTR": "A", "HY": 2, "HomeTeam": "Nurnberg"},{"AC": 2, "AF": 23, "AR": 0, "AS": 10, "AST": 4, "AY": 2, "AwayTeam": "Greuther Furth", "Date": "2013-05-04", "FTAG": 2, "FTHG": 0, "FTR": "A", "HC": 5, "HF": 17, "HR": 1, "HS": 14, "HST": 4, "HTAG": 0, "HTHG": 0, "HTR": "D", "HY": 1, "HomeTeam": "Stuttgart"},{"AC": 2, "AF": 15, "AR": 0, "AS": 13, "AST": 5, "AY": 3, "AwayTeam": "Hoffenheim", "Date": "2013-05-04", "FTAG": 2, "FTHG": 2, "FTR": "D", "HC": 4, "HF": 23, "HR": 0, "HS": 18, "HST": 3, "HTAG": 0, "HTHG": 2, "HTR": "H", "HY": 3, "HomeTeam": "Werder Bremen"},{"AC": 8, "AF": 19, "AR": 0, "AS": 19, "AST": 6, "AY": 2, "AwayTeam": "Augsburg", "Date": "2013-05-05", "FTAG": 0, "FTHG": 2, "FTR": "H", "HC": 5, "HF": 15, "HR": 0, "HS": 17, "HST": 10, "HTAG": 0, "HTHG": 1, "HTR": "H", "HY": 3, "HomeTeam": "Freiburg"},{"AC": 9, "AF": 19, "AR": 0, "AS": 19, "AST": 8, "AY": 2, "AwayTeam": "Wolfsburg", "Date": "2013-05-05", "FTAG": 1, "FTHG": 1, "FTR": "D", "HC": 4, "HF": 16, "HR": 0, "HS": 15, "HST": 8, "HTAG": 0, "HTHG": 1, "HTR": "H", "HY": 3, "HomeTeam": "Hamburg"},{"AC": 2, "AF": 13, "AR": 0, "AS": 6, "AST": 3, "AY": 1, "AwayTeam": "Augsburg", "Date": "2013-05-11", "FTAG": 0, "FTHG": 3, "FTR": "H", "HC": 9, "HF": 10, "HR": 0, "HS": 15, "HST": 7, "HTAG": 0, "HTHG": 0, "HTR": "D", "HY": 0, "HomeTeam": "Bayern Munich"},{"AC": 5, "AF": 19, "AR": 0, "AS": 13, "AST": 4, "AY": 1, "AwayTeam": "Nurnberg", "Date": "2013-05-11", "FTAG": 2, "FTHG": 1, "FTR": "A", "HC": 1, "HF": 19, "HR": 0, "HS": 6, "HST": 2, "HTAG": 0, "HTHG": 1, "HTR": "H", "HY": 4, "HomeTeam": "Fortuna Dusseldorf"},{"AC": 8, "AF": 16, "AR": 0, "AS": 15, "AST": 5, "AY": 2, "AwayTeam": "Freiburg", "Date": "2013-05-11", "FTAG": 2, "FTHG": 1, "FTR": "A", "HC": 5, "HF": 20, "HR": 0, "HS": 18, "HST": 6, "HTAG": 0, "HTHG": 1, "HTR": "H", "HY": 0, "HomeTeam": "Greuther Furth"},{"AC": 1, "AF": 20, "AR": 0, "AS": 15, "AST": 5, "AY": 1, "AwayTeam": "Hamburg", "Date": "2013-05-11", "FTAG": 4, "FTHG": 1, "FTR": "A", "HC": 5, "HF": 20, "HR": 0, "HS": 18, "HST": 5, "HTAG": 2, "HTHG": 0, "HTR": "A", "HY": 0, "HomeTeam": "Hoffenheim"},{"AC": 6, "AF": 10, "AR": 0, "AS": 11, "AST": 3, "AY": 1, "AwayTeam": "Hannover", "Date": "2013-05-11", "FTAG": 1, "FTHG": 3, "FTR": "H", "HC": 3, "HF": 14, "HR": 0, "HS": 22, "HST": 12, "HTAG": 0, "HTHG": 2, "HTR": "H", "HY": 1, "HomeTeam": "Leverkusen"},{"AC": 3, "AF": 12, "AR": 0, "AS": 17, "AST": 6, "AY": 0, "AwayTeam": "M'gladbach", "Date": "2013-05-11", "FTAG": 4, "FTHG": 2, "FTR": "A", "HC": 3, "HF": 10, "HR": 0, "HS": 10, "HST": 4, "HTAG": 1, "HTHG": 1, "HTR": "D", "HY": 1, "HomeTeam": "Mainz"},{"AC": 1, "AF": 20, "AR": 0, "AS": 8, "AST": 4, "AY": 2, "AwayTeam": "Stuttgart", "Date": "2013-05-11", "FTAG": 2, "FTHG": 1, "FTR": "A", "HC": 3, "HF": 12, "HR": 0, "HS": 19, "HST": 4, "HTAG": 1, "HTHG": 0, "HTR": "A", "HY": 0, "HomeTeam": "Schalke 04"},{"AC": 3, "AF": 11, "AR": 0, "AS": 10, "AST": 2, "AY": 1, "AwayTeam": "Ein Frankfurt", "Date": "2013-05-11", "FTAG": 1, "FTHG": 1, "FTR": "D", "HC": 8, "HF": 10, "HR": 0, "HS": 15, "HST": 3, "HTAG": 0, "HTHG": 1, "HTR": "H", "HY": 1, "HomeTeam": "Werder Bremen"},{"AC": 4, "AF": 12, "AR": 0, "AS": 10, "AST": 4, "AY": 2, "AwayTeam": "Dortmund", "Date": "2013-05-11", "FTAG": 3, "FTHG": 3, "FTR": "D", "HC": 7, "HF": 23, "HR": 0, "HS": 10, "HST": 3, "HTAG": 1, "HTHG": 3, "HTR": "H", "HY": 1, "HomeTeam": "Wolfsburg"},{"AC": 3, "AF": 22, "AR": 0, "AS": 6, "AST": 2, "AY": 3, "AwayTeam": "Greuther Furth", "Date": "2013-05-18", "FTAG": 1, "FTHG": 3, "FTR": "H", "HC": 8, "HF": 19, "HR": 0, "HS": 16, "HST": 5, "HTAG": 0, "HTHG": 1, "HTR": "H", "HY": 2, "HomeTeam": "Augsburg"},{"AC": 0, "AF": 20, "AR": 0, "AS": 9, "AST": 5, "AY": 4, "AwayTeam": "Hoffenheim", "Date": "2013-05-18", "FTAG": 2, "FTHG": 1, "FTR": "A", "HC": 3, "HF": 13, "HR": 1, "HS": 21, "HST": 8, "HTAG": 0, "HTHG": 1, "HTR": "H", "HY": 1, "HomeTeam": "Dortmund"},{"AC": 9, "AF": 13, "AR": 1, "AS": 14, "AST": 4, "AY": 1, "AwayTeam": "Wolfsburg", "Date": "2013-05-18", "FTAG": 2, "FTHG": 2, "FTR": "D", "HC": 6, "HF": 18, "HR": 0, "HS": 11, "HST": 3, "HTAG": 2, "HTHG": 1, "HTR": "A", "HY": 3, "HomeTeam": "Ein Frankfurt"},{"AC": 2, "AF": 14, "AR": 0, "AS": 12, "AST": 3, "AY": 1, "AwayTeam": "Schalke 04", "Date": "2013-05-18", "FTAG": 2, "FTHG": 1, "FTR": "A", "HC": 5, "HF": 16, "HR": 0, "HS": 14, "HST": 3, "HTAG": 1, "HTHG": 0, "HTR": "A", "HY": 2, "HomeTeam": "Freiburg"},{"AC": 6, "AF": 13, "AR": 0, "AS": 15, "AST": 7, "AY": 2, "AwayTeam": "Leverkusen", "Date": "2013-05-18", "FTAG": 1, "FTHG": 0, "FTR": "A", "HC": 2, "HF": 17, "HR": 0, "HS": 13, "HST": 1, "HTAG": 0, "HTHG": 0, "HTR": "D", "HY": 4, "HomeTeam": "Hamburg"},{"AC": 4, "AF": 14, "AR": 0, "AS": 13, "AST": 2, "AY": 3, "AwayTeam": "Fortuna Dusseldorf", "Date": "2013-05-18", "FTAG": 0, "FTHG": 3, "FTR": "H", "HC": 7, "HF": 15, "HR": 0, "HS": 15, "HST": 6, "HTAG": 0, "HTHG": 1, "HTR": "H", "HY": 1, "HomeTeam": "Hannover"},{"AC": 10, "AF": 7, "AR": 0, "AS": 26, "AST": 13, "AY": 0, "AwayTeam": "Bayern Munich", "Date": "2013-05-18", "FTAG": 4, "FTHG": 3, "FTR": "A", "HC": 1, "HF": 7, "HR": 0, "HS": 11, "HST": 5, "HTAG": 2, "HTHG": 3, "HTR": "H", "HY": 0, "HomeTeam": "M'gladbach"},{"AC": 2, "AF": 12, "AR": 0, "AS": 18, "AST": 4, "AY": 0, "AwayTeam": "Werder Bremen", "Date": "2013-05-18", "FTAG": 2, "FTHG": 3, "FTR": "H", "HC": 3, "HF": 16, "HR": 0, "HS": 16, "HST": 5, "HTAG": 1, "HTHG": 0, "HTR": "A", "HY": 2, "HomeTeam": "Nurnberg"},{"AC": 5, "AF": 13, "AR": 0, "AS": 15, "AST": 3, "AY": 0, "AwayTeam": "Mainz", "Date": "2013-05-18", "FTAG": 2, "FTHG": 2, "FTR": "D", "HC": 5, "HF": 17, "HR": 0, "HS": 10, "HST": 3, "HTAG": 2, "HTHG": 2, "HTR": "D", "HY": 2, "HomeTeam": "Stuttgart"}]