[{"AC": 2, "AF": 21, "AR": 0, "AS": 8, "AST": 5, "AY": 4, "AwayTeam": "Hoffenheim", "Date": "2018-08-24", "FTAG": 1, "FTHG": 3, "FTR": "H", "HC": 7, "HF": 2, "HR": 0, "HS": 16, "HST": 5, "HTAG": 0, "HTHG": 1, "HTR": "H", "HY": 1, "HomeTeam": "Bayern Munich"},{"AC": 5, "AF": 10, "AR": 0, "AS": 14, "AST": 7, "AY": 0, "AwayTeam": "Augsburg", "Date": "2018-08-25", "FTAG": 2, "FTHG": 1, "FTR": "A", "HC": 7, "HF": 11, "HR": 0, "HS": 9, "HST": 5, "HTAG": 0, "HTHG": 1, "HTR": "H", "HY": 1, "HomeTeam": "Fortuna Dusseldorf"},{"AC": 4, "AF": 12, "AR": 0, "AS": 10, "AST": 2, "AY": 2, "AwayTeam": "Ein Frankfurt", "Date": "2018-08-25", "FTAG": 2, "FTHG": 0, "FTR": "A", "HC": 6, "HF": 7, "HR": 0, "HS": 22, "HST": 6, "HTAG": 1, "HTHG": 0, "HTR": "A", "HY": 1, "HomeTeam": "Freiburg"},{"AC": 4, "AF": 10, "AR": 0, "AS": 12, "AST": 3, "AY": 2, "AwayTeam": "Nurnberg", "Date": "2018-08-25", "FTAG": 0, "FTHG": 1, "FTR": "H", "HC": 8, "HF": 13, "HR": 0, "HS": 10, "HST": 3, "HTAG": 0, "HTHG": 1, "HTR": "H", "HY": 2, "HomeTeam": "Hertha"},{"AC": 5, "AF": 10, "AR": 0, "AS": 13, "AST": 3, "AY": 2, "AwayTeam": "Leverkusen", "Date": "2018-08-25", "FTAG": 0, "FTHG": 2, "FTR": "H", "HC": 9, "HF": 10, "HR": 0, "HS": 17, "HST": 7, "HTAG": 0, "HTHG": 0, "HTR": "D", "HY": 1, "HomeTeam": "M'gladbach"},{"AC": 3, "AF": 6, "AR": 0, "AS": 13, "AST": 4, "AY": 0, "AwayTeam": "Hannover", "Date": "2018-08-25", "FTAG": 1, "FTHG": 1, "FTR": "D", "HC": 4, "HF": 5, "HR": 0, "HS": 15, "HST": 3, "HTAG": 0, "HTHG": 0, "HTR": "D", "HY": 0, "HomeTeam": "Werder Bremen"},{"AC": 2, "AF": 11, "AR": 1, "AS": 9, "AST": 4, "AY": 3, "AwayTeam": "Schalke 04", "Date": "2018-08-25", "FTAG": 1, "FTHG": 2, "FTR": "H", "HC": 7, "HF": 16, "HR": 0, "HS": 11, "HST": 7, "HTAG": 0, "HTHG": 1, "HTR": "H", "HY": 5, "HomeTeam": "Wolfsburg"},{"AC": 9, "AF": 11, "AR": 0, "AS": 10, "AST": 7, "AY": 2, "AwayTeam": "RB Leipzig", "Date": "2018-08-26", "FTAG": 1, "FTHG": 4, "FTR": "H", "HC": 7, "HF": 8, "HR": 0, "HS": 10, "HST": 5, "HTAG": 1, "HTHG": 3, "HTR": "H", "HY": 2, "HomeTeam": "Dortmund"},{"AC": 3, "AF": 6, "AR": 0, "AS": 12, "AST": 3, "AY": 2, "AwayTeam": "Stuttgart", "Date": "2018-08-26", "FTAG": 0, "FTHG": 1, "FTR": "H", "HC": 6, "HF": 15, "HR": 0, "HS": 8, "HST": 3, "HTAG": 0, "HTHG": 0, "HTR": "D", "HY": 1, "HomeTeam": "Mainz"},{"AC": 1, "AF": 5, "AR": 0, "AS": 8, "AST": 3, "AY": 0, "AwayTeam": "Dortmund", "Date": "2018-08-31", "FTAG": 0, "FTHG": 0, "FTR": "D", "HC": 4, "HF": 11, "HR": 0, "HS": 7, "HST": 0, "HTAG": 0, "HTHG": 0, "HTR": "D", "HY": 0, "HomeTeam": "Hannover"},{"AC": 4, "AF": 12, "AR": 0, "AS": 7, "AST": 2, "AY": 2, "AwayTeam": "M'gladbach", "Date": "2018-09-01", "FTAG": 1, "FTHG": 1, "FTR": "D", "HC": 9, "HF": 12, "HR": 0, "HS": 18, "HST": 7, "HTAG": 0, "HTHG": 1, "HTR": "H", "HY": 1, "HomeTeam": "Augsburg"},{"AC": 3, "AF": 11, "AR": 0, "AS": 11, "AST": 6, "AY": 2, "AwayTeam": "Werder Bremen", "Date": "2018-09-01", "FTAG": 2, "FTHG": 1, "FTR": "A", "HC": 8, "HF": 6, "HR": 1, "HS": 5, "HST": 1, "HTAG": 1, "HTHG": 0, "HTR": "A", "HY": 1, "HomeTeam": "Ein Frankfurt"},{"AC": 4, "AF": 14, "AR": 0, "AS": 9, "AST": 4, "AY": 2, "AwayTeam": "Freiburg", "Date": "2018-09-01", "FTAG": 1, "FTHG": 3, "FTR": "H", "HC": 6, "HF": 13, "HR": 0, "HS": 20, "HST": 7, "HTAG": 1, "HTHG": 0, "HTR": "A", "HY": 1, "HomeTeam": "Hoffenheim"},{"AC": 3, "AF": 13, "AR": 0, "AS": 12, "AST": 5, "AY": 3, "AwayTeam": "Wolfsburg", "Date": "2018-09-01", "FTAG": 3, "FTHG": 1, "FTR": "A", "HC": 5, "HF": 13, "HR": 0, "HS": 16, "HST": 3, "HTAG": 1, "HTHG": 1, "HTR": "D", "HY": 3, "HomeTeam": "Leverkusen"},{"AC": 1, "AF": 11, "AR": 0, "AS": 6, "AST": 1, "AY": 2, "AwayTeam": "Mainz", "Date": "2018-09-01", "FTAG": 1, "FTHG": 1, "FTR": "D", "HC": 5, "HF": 10, "HR": 0, "HS": 19, "HST": 4, "HTAG": 1, "HTHG": 0, "HTR": "A", "HY": 2, "HomeTeam": "Nurnberg"},{"AC": 12, "AF": 5, "AR": 0, "AS": 20, "AST": 6, "AY": 0, "AwayTeam": "Bayern Munich", "Date": "2018-09-01", "FTAG": 3, "FTHG": 0, "FTR": "A", "HC": 0, "HF": 3, "HR": 0, "HS": 4, "HST": 0, "HTAG": 1, "HTHG": 0, "HTR": "A", "HY": 0, "HomeTeam": "Stuttgart"},{"AC": 3, "AF": 15, "AR": 0, "AS": 14, "AST": 8, "AY": 4, "AwayTeam": "Fortuna Dusseldorf", "Date": "2018-09-02", "FTAG": 1, "FTHG": 1, "FTR": "D", "HC": 3, "HF": 11, "HR": 0, "HS": 23, "HST": 7, "HTAG": 0, "HTHG": 0, "HTR": "D", "HY": 1, "HomeTeam": "RB Leipzig"},{"AC": 0, "AF": 15, "AR": 0, "AS": 5, "AST": 3, "AY": 1, "AwayTeam": "Hertha", "Date": "2018-09-02", "FTAG": 2, "FTHG": 0, "FTR": "A", "HC": 9, "HF": 16, "HR": 1, "HS": 16, "HST": 4, "HTAG": 1, "HTHG": 0, "HTR": "A", "HY": 1, "HomeTeam": "Schalke 04"},{"AC": 1, "AF": 11, "AR": 0, "AS": 5, "AST": 2, "AY": 1, "AwayTeam": "Ein Frankfurt", "Date": "2018-09-14", "FTAG": 1, "FTHG": 3, "FTR": "H", "HC": 7, "HF": 11, "HR": 0, "HS": 10, "HST": 6, "HTAG": 0, "HTHG": 1, "HTR": "H", "HY": 0, "HomeTeam": "Dortmund"},{"AC": 1, "AF": 12, "AR": 1, "AS": 3, "AST": 1, "AY": 1, "AwayTeam": "Leverkusen", "Date": "2018-09-15", "FTAG": 1, "FTHG": 3, "FTR": "H", "HC": 9, "HF": 4, "HR": 0, "HS": 18, "HST": 5, "HTAG": 1, "HTHG": 2, "HTR": "H", "HY": 0, "HomeTeam": "Bayern Munich"},{"AC": 9, "AF": 19, "AR": 0, "AS": 18, "AST": 5, "AY": 2, "AwayTeam": "Hoffenheim", "Date": "2018-09-15", "FTAG": 1, "FTHG": 2, "FTR": "H", "HC": 0, "HF": 10, "HR": 0, "HS": 8, "HST": 4, "HTAG": 0, "HTHG": 1, "HTR": "H", "HY": 1, "HomeTeam": "Fortuna Dusseldorf"},{"AC": 4, "AF": 16, "AR": 0, "AS": 13, "AST": 4, "AY": 2, "AwayTeam": "Augsburg", "Date": "2018-09-15", "FTAG": 1, "FTHG": 2, "FTR": "H", "HC": 5, "HF": 9, "HR": 0, "HS": 22, "HST": 7, "HTAG": 0, "HTHG": 0, "HTR": "D", "HY": 1, "HomeTeam": "Mainz"},{"AC": 6, "AF": 12, "AR": 0, "AS": 15, "AST": 6, "AY": 4, "AwayTeam": "Schalke 04", "Date": "2018-09-15", "FTAG": 1, "FTHG": 2, "FTR": "H", "HC": 6, "HF": 5, "HR": 0, "HS": 15, "HST": 4, "HTAG": 0, "HTHG": 1, "HTR": "H", "HY": 0, "HomeTeam": "M'gladbach"},{"AC": 12, "AF": 12, "AR": 0, "AS": 16, "AST": 8, "AY": 4, "AwayTeam": "Hannover", "Date": "2018-09-15", "FTAG": 2, "FTHG": 3, "FTR": "H", "HC": 4, "HF": 12, "HR": 0, "HS": 15, "HST": 6, "HTAG": 1, "HTHG": 2, "HTR": "H", "HY": 4, "HomeTeam": "RB Leipzig"},{"AC": 2, "AF": 13, "AR": 0, "AS": 9, "AST": 5, "AY": 2, "AwayTeam": "Hertha", "Date": "2018-09-15", "FTAG": 2, "FTHG": 2, "FTR": "D", "HC": 7, "HF": 10, "HR": 0, "HS": 15, "HST": 6, "HTAG": 0, "HTHG": 0, "HTR": "D", "HY": 1, "HomeTeam": "Wolfsburg"},{"AC": 8, "AF": 11, "AR": 0, "AS": 11, "AST": 6, "AY": 4, "AwayTeam": "Stuttgart", "Date": "2018-09-16", "FTAG": 3, "FTHG": 3, "FTR": "D", "HC": 5, "HF": 13, "HR": 1, "HS": 12, "HST": 5, "HTAG": 1, "HTHG": 1, "HTR": "D", "HY": 3, "HomeTeam": "Freiburg"},{"AC": 7, "AF": 5, "AR": 0, "AS": 11, "AST": 2, "AY": 0, "AwayTeam": "Nurnberg", "Date": "2018-09-16", "FTAG": 1, "FTHG": 1, "FTR": "D", "HC": 4, "HF": 17, "HR": 0, "HS": 14, "HST": 2, "HTAG": 0, "HTHG": 1, "HTR": "H", "HY": 2, "HomeTeam": "Werder Bremen"},{"AC": 9, "AF": 19, "AR": 0, "AS": 19, "AST": 7, "AY": 2, "AwayTeam": "Fortuna Dusseldorf", "Date": "2018-09-21", "FTAG": 0, "FTHG": 0, "FTR": "D", "HC": 2, "HF": 8, "HR": 0, "HS": 10, "HST": 1, "HTAG": 0, "HTHG": 0, "HTR": "D", "HY": 0, "HomeTeam": "Stuttgart"},{"AC": 4, "AF": 11, "AR": 0, "AS": 12, "AST": 7, "AY": 2, "AwayTeam": "Werder Bremen", "Date": "2018-09-22", "FTAG": 3, "FTHG": 2, "FTR": "A", "HC": 7, "HF": 10, "HR": 0, "HS": 21, "HST": 7, "HTAG": 2, "HTHG": 1, "HTR": "A", "HY": 2, "HomeTeam": "Augsburg"},{"AC": 7, "AF": 13, "AR": 0, "AS": 17, "AST": 4, "AY": 2, "AwayTeam": "M'gladbach", "Date": "2018-09-22", "FTAG": 2, "FTHG": 4, "FTR": "H", "HC": 8, "HF": 9, "HR": 0, "HS": 16, "HST": 7, "HTAG": 1, "HTHG": 2, "HTR": "H", "HY": 2, "HomeTeam": "Hertha"},{"AC": 4, "AF": 10, "AR": 1, "AS": 8, "AST": 2, "AY": 1, "AwayTeam": "Dortmund", "Date": "2018-09-22", "FTAG": 1, "FTHG": 1, "FTR": "D", "HC": 4, "HF": 12, "HR": 0, "HS": 17, "HST": 5, "HTAG": 0, "HTHG": 1, "HTR": "H", "HY": 2, "HomeTeam": "Hoffenheim"},{"AC": 3, "AF": 7, "AR": 1, "AS": 9, "AST": 3, "AY": 1, "AwayTeam": "Hannover", "Date": "2018-09-22", "FTAG": 0, "FTHG": 2, "FTR": "H", "HC": 9, "HF": 16, "HR": 0, "HS": 14, "HST": 6, "HTAG": 0, "HTHG": 0, "HTR": "D", "HY": 3, "HomeTeam": "Nurnberg"},{"AC": 8, "AF": 11, "AR": 0, "AS": 14, "AST": 7, "AY": 1, "AwayTeam": "Bayern Munich", "Date": "2018-09-22", "FTAG": 2, "FTHG": 0, "FTR": "A", "HC": 0, "HF": 12, "HR": 0, "HS": 10, "HST": 2, "HTAG": 1, "HTHG": 0, "HTR": "A", "HY": 2, "HomeTeam": "Schalke 04"},{"AC": 7, "AF": 17, "AR": 0, "AS": 12, "AST": 8, "AY": 3, "AwayTeam": "Freiburg", "Date": "2018-09-22", "FTAG": 3, "FTHG": 1, "FTR": "A", "HC": 7, "HF": 12, "HR": 0, "HS": 17, "HST": 9, "HTAG": 2, "HTHG": 0, "HTR": "A", "HY": 0, "HomeTeam": "Wolfsburg"},{"AC": 2, "AF": 8, "AR": 0, "AS": 9, "AST": 2, "AY": 1, "AwayTeam": "RB Leipzig", "Date": "2018-09-23", "FTAG": 1, "FTHG": 1, "FTR": "D", "HC": 4, "HF": 14, "HR": 0, "HS": 8, "HST": 5, "HTAG": 0, "HTHG": 1, "HTR": "H", "HY": 1, "HomeTeam": "Ein Frankfurt"},{"AC": 4, "AF": 13, "AR": 0, "AS": 12, "AST": 5, "AY": 2, "AwayTeam": "Mainz", "Date": "2018-09-23", "FTAG": 0, "FTHG": 1, "FTR": "H", "HC": 7, "HF": 12, "HR": 0, "HS": 18, "HST": 5, "HTAG": 0, "HTHG": 0, "HTR": "D", "HY": 2, "HomeTeam": "Leverkusen"},{"AC": 4, "AF": 15, "AR": 0, "AS": 12, "AST": 4, "AY": 2, "AwayTeam": "Augsburg", "Date": "2018-09-25", "FTAG": 1, "FTHG": 1, "FTR": "D", "HC": 8, "HF": 6, "HR": 0, "HS": 16, "HST": 8, "HTAG": 0, "HTHG": 0, "HTR": "D", "HY": 3, "HomeTeam": "Bayern Munich"},{"AC": 3, "AF": 11, "AR": 0, "AS": 15, "AST": 3, "AY": 4, "AwayTeam": "Schalke 04", "Date": "2018-09-25", "FTAG": 0, "FTHG": 1, "FTR": "H", "HC": 3, "HF": 12, "HR": 0, "HS": 15, "HST": 4, "HTAG": 0, "HTHG": 0, "HTR": "D", "HY": 2, "HomeTeam": "Freiburg"},{"AC": 5, "AF": 13, "AR": 0, "AS": 17, "AST": 9, "AY": 2, "AwayTeam": "Hoffenheim", "Date": "2018-09-25", "FTAG": 3, "FTHG": 1, "FTR": "A", "HC": 8, "HF": 12, "HR": 0, "HS": 17, "HST": 8, "HTAG": 1, "HTHG": 0, "HTR": "A", "HY": 2, "HomeTeam": "Hannover"},{"AC": 3, "AF": 9, "AR": 0, "AS": 12, "AST": 2, "AY": 3, "AwayTeam": "Hertha", "Date": "2018-09-25", "FTAG": 1, "FTHG": 3, "FTR": "H", "HC": 2, "HF": 13, "HR": 0, "HS": 14, "HST": 6, "HTAG": 0, "HTHG": 2, "HTR": "H", "HY": 1, "HomeTeam": "Werder Bremen"},{"AC": 5, "AF": 10, "AR": 0, "AS": 4, "AST": 1, "AY": 2, "AwayTeam": "Nurnberg", "Date": "2018-09-26", "FTAG": 0, "FTHG": 7, "FTR": "H", "HC": 4, "HF": 6, "HR": 0, "HS": 19, "HST": 10, "HTAG": 0, "HTHG": 2, "HTR": "H", "HY": 0, "HomeTeam": "Dortmund"},{"AC": 5, "AF": 12, "AR": 0, "AS": 6, "AST": 3, "AY": 2, "AwayTeam": "Leverkusen", "Date": "2018-09-26", "FTAG": 2, "FTHG": 1, "FTR": "A", "HC": 7, "HF": 6, "HR": 0, "HS": 16, "HST": 4, "HTAG": 0, "HTHG": 0, "HTR": "D", "HY": 2, "HomeTeam": "Fortuna Dusseldorf"},{"AC": 11, "AF": 15, "AR": 0, "AS": 12, "AST": 4, "AY": 2, "AwayTeam": "Wolfsburg", "Date": "2018-09-26", "FTAG": 0, "FTHG": 0, "FTR": "D", "HC": 5, "HF": 13, "HR": 0, "HS": 11, "HST": 2, "HTAG": 0, "HTHG": 0, "HTR": "D", "HY": 1, "HomeTeam": "Mainz"},{"AC": 6, "AF": 11, "AR": 0, "AS": 12, "AST": 2, "AY": 0, "AwayTeam": "Ein Frankfurt", "Date": "2018-09-26", "FTAG": 1, "FTHG": 3, "FTR": "H", "HC": 9, "HF": 7, "HR": 0, "HS": 21, "HST": 9, "HTAG": 0, "HTHG": 0, "HTR": "D", "HY": 0, "HomeTeam": "M'gladbach"},{"AC": 2, "AF": 8, "AR": 0, "AS": 9, "AST": 0, "AY": 3, "AwayTeam": "Stuttgart", "Date": "2018-09-26", "FTAG": 0, "FTHG": 2, "FTR": "H", "HC": 4, "HF": 11, "HR": 0, "HS": 18, "HST": 8, "HTAG": 0, "HTHG": 1, "HTR": "H", "HY": 2, "HomeTeam": "RB Leipzig"},{"AC": 14, "AF": 10, "AR": 0, "AS": 25, "AST": 5, "AY": 1, "AwayTeam": "Bayern Munich", "Date": "2018-09-28", "FTAG": 0, "FTHG": 2, "FTR": "H", "HC": 1, "HF": 14, "HR": 0, "HS": 6, "HST": 4, "HTAG": 0, "HTHG": 2, "HTR": "H", "HY": 3, "HomeTeam": "Hertha"},{"AC": 8, "AF": 14, "AR": 0, "AS": 18, "AST": 7, "AY": 3, "AwayTeam": "RB Leipzig", "Date": "2018-09-29", "FTAG": 2, "FTHG": 1, "FTR": "A", "HC": 4, "HF": 4, "HR": 0, "HS": 13, "HST": 6, "HTAG": 0, "HTHG": 0, "HTR": "D", "HY": 1, "HomeTeam": "Hoffenheim"},{"AC": 8, "AF": 12, "AR": 0, "AS": 16, "AST": 10, "AY": 1, "AwayTeam": "Dortmund", "Date": "2018-09-29", "FTAG": 4, "FTHG": 2, "FTR": "A", "HC": 6, "HF": 11, "HR": 0, "HS": 14, "HST": 6, "HTAG": 0, "HTHG": 2, "HTR": "H", "HY": 1, "HomeTeam": "Leverkusen"},{"AC": 4, "AF": 9, "AR": 0, "AS": 13, "AST": 4, "AY": 2, "AwayTeam": "Fortuna Dusseldorf", "Date": "2018-09-29", "FTAG": 0, "FTHG": 3, "FTR": "H", "HC": 4, "HF": 10, "HR": 0, "HS": 10, "HST": 6, "HTAG": 0, "HTHG": 1, "HTR": "H", "HY": 0, "HomeTeam": "Nurnberg"},{"AC": 5, "AF": 21, "AR": 0, "AS": 15, "AST": 5, "AY": 2, "AwayTeam": "Mainz", "Date": "2018-09-29", "FTAG": 0, "FTHG": 1, "FTR": "H", "HC": 4, "HF": 22, "HR": 0, "HS": 15, "HST": 2, "HTAG": 0, "HTHG": 1, "HTR": "H", "HY": 2, "HomeTeam": "Schalke 04"},{"AC": 8, "AF": 14, "AR": 1, "AS": 14, "AST": 3, "AY": 4, "AwayTeam": "Werder Bremen", "Date": "2018-09-29", "FTAG": 1, "FTHG": 2, "FTR": "H", "HC": 6, "HF": 15, "HR": 0, "HS": 18, "HST": 5, "HTAG": 0, "HTHG": 1, "HTR": "H", "HY": 3, "HomeTeam": "Stuttgart"},{"AC": 3, "AF": 14, "AR": 0, "AS": 10, "AST": 3, "AY": 2, "AwayTeam": "M'gladbach", "Date": "2018-09-29", "FTAG": 2, "FTHG": 2, "FTR": "D", "HC": 6, "HF": 6, "HR": 0, "HS": 13, "HST": 3, "HTAG": 1, "HTHG": 1, "HTR": "D", "HY": 2, "HomeTeam": "Wolfsburg"},{"AC": 3, "AF": 8, "AR": 0, "AS": 13, "AST": 6, "AY": 1, "AwayTeam": "Freiburg", "Date": "2018-09-30", "FTAG": 1, "FTHG": 4, "FTR": "H", "HC": 5, "HF": 12, "HR": 0, "HS": 21, "HST": 10, "HTAG": 0, "HTHG": 2, "HTR": "H", "HY": 0, "HomeTeam": "Augsburg"},{"AC": 4, "AF": 11, "AR": 0, "AS": 4, "AST": 1, "AY": 2, "AwayTeam": "Hannover", "Date": "2018-09-30", "FTAG": 1, "FTHG": 4, "FTR": "H", "HC": 3, "HF": 16, "HR": 0, "HS": 15, "HST": 7, "HTAG": 0, "HTHG": 2, "HTR": "H", "HY": 1, "HomeTeam": "Ein Frankfurt"},{"AC": 5, "AF": 13, "AR": 0, "AS": 10, "AST": 4, "AY": 2, "AwayTeam": "Wolfsburg", "Date": "2018-10-05", "FTAG": 0, "FTHG": 2, "FTR": "H", "HC": 7, "HF": 12, "HR": 0, "HS": 15, "HST": 5, "HTAG": 0, "HTHG": 1, "HTR": "H", "HY": 1, "HomeTeam": "Werder Bremen"},{"AC": 3, "AF": 4, "AR": 0, "AS": 7, "AST": 3, "AY": 2, "AwayTeam": "M'gladbach", "Date": "2018-10-06", "FTAG": 3, "FTHG": 0, "FTR": "A", "HC": 1, "HF": 7, "HR": 0, "HS": 14, "HST": 3, "HTAG": 2, "HTHG": 0, "HTR": "A", "HY": 2, "HomeTeam": "Bayern Munich"},{"AC": 6, "AF": 29, "AR": 0, "AS": 12, "AST": 6, "AY": 7, "AwayTeam": "Augsburg", "Date": "2018-10-06", "FTAG": 3, "FTHG": 4, "FTR": "H", "HC": 9, "HF": 5, "HR": 0, "HS": 20, "HST": 8, "HTAG": 1, "HTHG": 0, "HTR": "A", "HY": 1, "HomeTeam": "Dortmund"},{"AC": 6, "AF": 15, "AR": 0, "AS": 15, "AST": 5, "AY": 1, "AwayTeam": "Schalke 04", "Date": "2018-10-06", "FTAG": 2, "FTHG": 0, "FTR": "A", "HC": 4, "HF": 17, "HR": 0, "HS": 9, "HST": 3, "HTAG": 0, "HTHG": 0, "HTR": "D", "HY": 3, "HomeTeam": "Fortuna Dusseldorf"},{"AC": 7, "AF": 11, "AR": 0, "AS": 11, "AST": 5, "AY": 2, "AwayTeam": "Stuttgart", "Date": "2018-10-06", "FTAG": 1, "FTHG": 3, "FTR": "H", "HC": 5, "HF": 16, "HR": 0, "HS": 15, "HST": 6, "HTAG": 0, "HTHG": 2, "HTR": "H", "HY": 1, "HomeTeam": "Hannover"},{"AC": 6, "AF": 9, "AR": 0, "AS": 11, "AST": 1, "AY": 2, "AwayTeam": "Hertha", "Date": "2018-10-06", "FTAG": 0, "FTHG": 0, "FTR": "D", "HC": 5, "HF": 12, "HR": 0, "HS": 23, "HST": 3, "HTAG": 0, "HTHG": 0, "HTR": "D", "HY": 0, "HomeTeam": "Mainz"},{"AC": 4, "AF": 12, "AR": 0, "AS": 14, "AST": 0, "AY": 1, "AwayTeam": "Leverkusen", "Date": "2018-10-07", "FTAG": 0, "FTHG": 0, "FTR": "D", "HC": 3, "HF": 11, "HR": 0, "HS": 7, "HST": 1, "HTAG": 0, "HTHG": 0, "HTR": "D", "HY": 3, "HomeTeam": "Freiburg"},{"AC": 0, "AF": 16, "AR": 1, "AS": 6, "AST": 4, "AY": 4, "AwayTeam": "Ein Frankfurt", "Date": "2018-10-07", "FTAG": 2, "FTHG": 1, "FTR": "A", "HC": 6, "HF": 15, "HR": 0, "HS": 20, "HST": 4, "HTAG": 1, "HTHG": 0, "HTR": "A", "HY": 2, "HomeTeam": "Hoffenheim"},{"AC": 1, "AF": 12, "AR": 1, "AS": 3, "AST": 0, "AY": 1, "AwayTeam": "Nurnberg", "Date": "2018-10-07", "FTAG": 0, "FTHG": 6, "FTR": "H", "HC": 6, "HF": 11, "HR": 0, "HS": 18, "HST": 8, "HTAG": 0, "HTHG": 4, "HTR": "H", "HY": 0, "HomeTeam": "RB Leipzig"},{"AC": 1, "AF": 12, "AR": 0, "AS": 10, "AST": 5, "AY": 2, "AwayTeam": "Fortuna Dusseldorf", "Date": "2018-10-19", "FTAG": 1, "FTHG": 7, "FTR": "H", "HC": 5, "HF": 13, "HR": 0, "HS": 21, "HST": 13, "HTAG": 0, "HTHG": 3, "HTR": "H", "HY": 0, "HomeTeam": "Ein Frankfurt"},{"AC": 2, "AF": 24, "AR": 0, "AS": 15, "AST": 3, "AY": 5, "AwayTeam": "RB Leipzig", "Date": "2018-10-20", "FTAG": 0, "FTHG": 0, "FTR": "D", "HC": 2, "HF": 20, "HR": 0, "HS": 6, "HST": 0, "HTAG": 0, "HTHG": 0, "HTR": "D", "HY": 2, "HomeTeam": "Augsburg"},{"AC": 5, "AF": 18, "AR": 1, "AS": 9, "AST": 7, "AY": 5, "AwayTeam": "Hannover", "Date": "2018-10-20", "FTAG": 2, "FTHG": 2, "FTR": "D", "HC": 9, "HF": 14, "HR": 0, "HS": 19, "HST": 7, "HTAG": 1, "HTHG": 1, "HTR": "D", "HY": 1, "HomeTeam": "Leverkusen"},{"AC": 7, "AF": 9, "AR": 0, "AS": 20, "AST": 12, "AY": 2, "AwayTeam": "Hoffenheim", "Date": "2018-10-20", "FTAG": 3, "FTHG": 1, "FTR": "A", "HC": 1, "HF": 8, "HR": 0, "HS": 7, "HST": 2, "HTAG": 0, "HTHG": 1, "HTR": "H", "HY": 4, "HomeTeam": "Nurnberg"},{"AC": 1, "AF": 9, "AR": 0, "AS": 8, "AST": 3, "AY": 4, "AwayTeam": "Werder Bremen", "Date": "2018-10-20", "FTAG": 2, "FTHG": 0, "FTR": "A", "HC": 3, "HF": 13, "HR": 0, "HS": 14, "HST": 4, "HTAG": 1, "HTHG": 0, "HTR": "A", "HY": 1, "HomeTeam": "Schalke 04"},{"AC": 2, "AF": 5, "AR": 0, "AS": 12, "AST": 4, "AY": 0, "AwayTeam": "Dortmund", "Date": "2018-10-20", "FTAG": 4, "FTHG": 0, "FTR": "A", "HC": 10, "HF": 7, "HR": 0, "HS": 13, "HST": 5, "HTAG": 3, "HTHG": 0, "HTR": "A", "HY": 0, "HomeTeam": "Stuttgart"},{"AC": 9, "AF": 12, "AR": 1, "AS": 13, "AST": 11, "AY": 4, "AwayTeam": "Bayern Munich", "Date": "2018-10-20", "FTAG": 3, "FTHG": 1, "FTR": "A", "HC": 2, "HF": 9, "HR": 0, "HS": 8, "HST": 1, "HTAG": 1, "HTHG": 0, "HTR": "A", "HY": 2, "HomeTeam": "Wolfsburg"},{"AC": 3, "AF": 14, "AR": 0, "AS": 8, "AST": 3, "AY": 0, "AwayTeam": "Freiburg", "Date": "2018-10-21", "FTAG": 1, "FTHG": 1, "FTR": "D", "HC": 8, "HF": 12, "HR": 0, "HS": 13, "HST": 5, "HTAG": 1, "HTHG": 1, "HTR": "D", "HY": 2, "HomeTeam": "Hertha"},{"AC": 6, "AF": 10, "AR": 0, "AS": 13, "AST": 4, "AY": 2, "AwayTeam": "Mainz", "Date": "2018-10-21", "FTAG": 0, "FTHG": 4, "FTR": "H", "HC": 4, "HF": 4, "HR": 0, "HS": 16, "HST": 8, "HTAG": 0, "HTHG": 1, "HTR": "H", "HY": 0, "HomeTeam": "M'gladbach"},{"AC": 10, "AF": 12, "AR": 0, "AS": 11, "AST": 2, "AY": 1, "AwayTeam": "M'gladbach", "Date": "2018-10-26", "FTAG": 1, "FTHG": 3, "FTR": "H", "HC": 3, "HF": 9, "HR": 0, "HS": 13, "HST": 7, "HTAG": 1, "HTHG": 1, "HTR": "D", "HY": 1, "HomeTeam": "Freiburg"},{"AC": 2, "AF": 15, "AR": 0, "AS": 10, "AST": 4, "AY": 3, "AwayTeam": "Hertha", "Date": "2018-10-27", "FTAG": 2, "FTHG": 2, "FTR": "D", "HC": 8, "HF": 7, "HR": 0, "HS": 19, "HST": 5, "HTAG": 1, "HTHG": 1, "HTR": "D", "HY": 2, "HomeTeam": "Dortmund"},{"AC": 9, "AF": 11, "AR": 0, "AS": 18, "AST": 6, "AY": 6, "AwayTeam": "Wolfsburg", "Date": "2018-10-27", "FTAG": 3, "FTHG": 0, "FTR": "A", "HC": 4, "HF": 12, "HR": 0, "HS": 8, "HST": 1, "HTAG": 1, "HTHG": 0, "HTR": "A", "HY": 3, "HomeTeam": "Fortuna Dusseldorf"},{"AC": 4, "AF": 16, "AR": 0, "AS": 9, "AST": 4, "AY": 3, "AwayTeam": "Augsburg", "Date": "2018-10-27", "FTAG": 2, "FTHG": 1, "FTR": "A", "HC": 5, "HF": 15, "HR": 0, "HS": 17, "HST": 4, "HTAG": 1, "HTHG": 0, "HTR": "A", "HY": 2, "HomeTeam": "Hannover"},{"AC": 3, "AF": 9, "AR": 1, "AS": 6, "AST": 0, "AY": 1, "AwayTeam": "Stuttgart", "Date": "2018-10-27", "FTAG": 0, "FTHG": 4, "FTR": "H", "HC": 6, "HF": 11, "HR": 0, "HS": 22, "HST": 10, "HTAG": 0, "HTHG": 0, "HTR": "D", "HY": 1, "HomeTeam": "Hoffenheim"},{"AC": 7, "AF": 6, "AR": 0, "AS": 21, "AST": 5, "AY": 1, "AwayTeam": "Bayern Munich", "Date": "2018-10-27", "FTAG": 2, "FTHG": 1, "FTR": "A", "HC": 2, "HF": 13, "HR": 0, "HS": 6, "HST": 1, "HTAG": 1, "HTHG": 0, "HTR": "A", "HY": 3, "HomeTeam": "Mainz"},{"AC": 6, "AF": 13, "AR": 0, "AS": 10, "AST": 2, "AY": 3, "AwayTeam": "Ein Frankfurt", "Date": "2018-10-28", "FTAG": 1, "FTHG": 1, "FTR": "D", "HC": 8, "HF": 11, "HR": 0, "HS": 10, "HST": 3, "HTAG": 0, "HTHG": 0, "HTR": "D", "HY": 2, "HomeTeam": "Nurnberg"},{"AC": 4, "AF": 13, "AR": 0, "AS": 6, "AST": 0, "AY": 2, "AwayTeam": "Schalke 04", "Date": "2018-10-28", "FTAG": 0, "FTHG": 0, "FTR": "D", "HC": 7, "HF": 11, "HR": 0, "HS": 15, "HST": 2, "HTAG": 0, "HTHG": 0, "HTR": "D", "HY": 3, "HomeTeam": "RB Leipzig"},{"AC": 6, "AF": 8, "AR": 0, "AS": 17, "AST": 10, "AY": 2, "AwayTeam": "Leverkusen", "Date": "2018-10-28", "FTAG": 6, "FTHG": 2, "FTR": "A", "HC": 6, "HF": 9, "HR": 0, "HS": 14, "HST": 6, "HTAG": 3, "HTHG": 0, "HTR": "A", "HY": 2, "HomeTeam": "Werder Bremen"},{"AC": 3, "AF": 10, "AR": 0, "AS": 15, "AST": 7, "AY": 2, "AwayTeam": "Ein Frankfurt", "Date": "2018-11-02", "FTAG": 3, "FTHG": 0, "FTR": "A", "HC": 1, "HF": 4, "HR": 0, "HS": 10, "HST": 0, "HTAG": 2, "HTHG": 0, "HTR": "A", "HY": 1, "HomeTeam": "Stuttgart"},{"AC": 6, "AF": 11, "AR": 0, "AS": 13, "AST": 5, "AY": 3, "AwayTeam": "Nurnberg", "Date": "2018-11-03", "FTAG": 2, "FTHG": 2, "FTR": "D", "HC": 6, "HF": 16, "HR": 0, "HS": 17, "HST": 4, "HTAG": 0, "HTHG": 1, "HTR": "H", "HY": 3, "HomeTeam": "Augsburg"},{"AC": 2, "AF": 8, "AR": 0, "AS": 10, "AST": 1, "AY": 1, "AwayTeam": "Freiburg", "Date": "2018-11-03", "FTAG": 1, "FTHG": 1, "FTR": "D", "HC": 14, "HF": 9, "HR": 0, "HS": 24, "HST": 6, "HTAG": 0, "HTHG": 0, "HTR": "D", "HY": 1, "HomeTeam": "Bayern Munich"},{"AC": 7, "AF": 11, "AR": 0, "AS": 25, "AST": 11, "AY": 1, "AwayTeam": "RB Leipzig", "Date": "2018-11-03", "FTAG": 3, "FTHG": 0, "FTR": "A", "HC": 3, "HF": 6, "HR": 0, "HS": 12, "HST": 5, "HTAG": 1, "HTHG": 0, "HTR": "A", "HY": 2, "HomeTeam": "Hertha"},{"AC": 7, "AF": 17, "AR": 0, "AS": 10, "AST": 4, "AY": 2, "AwayTeam": "Hoffenheim", "Date": "2018-11-03", "FTAG": 4, "FTHG": 1, "FTR": "A", "HC": 6, "HF": 6, "HR": 0, "HS": 21, "HST": 9, "HTAG": 2, "HTHG": 1, "HTR": "A", "HY": 0, "HomeTeam": "Leverkusen"},{"AC": 7, "AF": 10, "AR": 0, "AS": 20, "AST": 6, "AY": 3, "AwayTeam": "Hannover", "Date": "2018-11-03", "FTAG": 1, "FTHG": 3, "FTR": "H", "HC": 7, "HF": 10, "HR": 0, "HS": 16, "HST": 6, "HTAG": 0, "HTHG": 0, "HTR": "D", "HY": 2, "HomeTeam": "Schalke 04"},{"AC": 14, "AF": 9, "AR": 0, "AS": 12, "AST": 1, "AY": 2, "AwayTeam": "Dortmund", "Date": "2018-11-03", "FTAG": 1, "FTHG": 0, "FTR": "A", "HC": 6, "HF": 6, "HR": 0, "HS": 13, "HST": 3, "HTAG": 1, "HTHG": 0, "HTR": "A", "HY": 0, "HomeTeam": "Wolfsburg"},{"AC": 6, "AF": 8, "AR": 0, "AS": 14, "AST": 4, "AY": 2, "AwayTeam": "Werder Bremen", "Date": "2018-11-04", "FTAG": 1, "FTHG": 2, "FTR": "H", "HC": 3, "HF": 7, "HR": 0, "HS": 13, "HST": 6, "HTAG": 0, "HTHG": 1, "HTR": "H", "HY": 0, "HomeTeam": "Mainz"},{"AC": 4, "AF": 8, "AR": 0, "AS": 13, "AST": 6, "AY": 2, "AwayTeam": "Fortuna Dusseldorf", "Date": "2018-11-04", "FTAG": 0, "FTHG": 3, "FTR": "H", "HC": 10, "HF": 15, "HR": 0, "HS": 21, "HST": 7, "HTAG": 0, "HTHG": 0, "HTR": "D", "HY": 1, "HomeTeam": "M'gladbach"},{"AC": 5, "AF": 8, "AR": 0, "AS": 19, "AST": 9, "AY": 2, "AwayTeam": "Wolfsburg", "Date": "2018-11-09", "FTAG": 1, "FTHG": 2, "FTR": "H", "HC": 3, "HF": 14, "HR": 0, "HS": 10, "HST": 4, "HTAG": 0, "HTHG": 1, "HTR": "H", "HY": 4, "HomeTeam": "Hannover"},{"AC": 6, "AF": 8, "AR": 0, "AS": 9, "AST": 3, "AY": 3, "AwayTeam": "Bayern Munich", "Date": "2018-11-10", "FTAG": 2, "FTHG": 3, "FTR": "H", "HC": 0, "HF": 4, "HR": 0, "HS": 11, "HST": 5, "HTAG": 1, "HTHG": 0, "HTR": "A", "HY": 3, "HomeTeam": "Dortmund"},{"AC": 6, "AF": 15, "AR": 1, "AS": 11, "AST": 5, "AY": 3, "AwayTeam": "Hertha", "Date": "2018-11-10", "FTAG": 1, "FTHG": 4, "FTR": "H", "HC": 2, "HF": 15, "HR": 0, "HS": 20, "HST": 9, "HTAG": 0, "HTHG": 0, "HTR": "D", "HY": 1, "HomeTeam": "Fortuna Dusseldorf"},{"AC": 4, "AF": 10, "AR": 0, "AS": 12, "AST": 9, "AY": 2, "AwayTeam": "Mainz", "Date": "2018-11-10", "FTAG": 3, "FTHG": 1, "FTR": "A", "HC": 3, "HF": 19, "HR": 0, "HS": 15, "HST": 4, "HTAG": 2, "HTHG": 0, "HTR": "A", "HY": 1, "HomeTeam": "Freiburg"},{"AC": 6, "AF": 6, "AR": 0, "AS": 22, "AST": 7, "AY": 1, "AwayTeam": "Augsburg", "Date": "2018-11-10", "FTAG": 1, "FTHG": 2, "FTR": "H", "HC": 6, "HF": 14, "HR": 0, "HS": 18, "HST": 7, "HTAG": 0, "HTHG": 0, "HTR": "D", "HY": 1, "HomeTeam": "Hoffenheim"},{"AC": 9, "AF": 10, "AR": 0, "AS": 13, "AST": 4, "AY": 0, "AwayTeam": "Stuttgart", "Date": "2018-11-10", "FTAG": 2, "FTHG": 0, "FTR": "A", "HC": 3, "HF": 14, "HR": 0, "HS": 10, "HST": 3, "HTAG": 0, "HTHG": 0, "HTR": "D", "HY": 1, "HomeTeam": "Nurnberg"},{"AC": 5, "AF": 2, "AR": 0, "AS": 16, "AST": 6, "AY": 0, "AwayTeam": "M'gladbach", "Date": "2018-11-10", "FTAG": 3, "FTHG": 1, "FTR": "A", "HC": 9, "HF": 7, "HR": 0, "HS": 20, "HST": 5, "HTAG": 1, "HTHG": 0, "HTR": "A", "HY": 0, "HomeTeam": "Werder Bremen"},{"AC": 4, "AF": 13, "AR": 0, "AS": 5, "AST": 1, "AY": 2, "AwayTeam": "Schalke 04", "Date": "2018-11-11", "FTAG": 0, "FTHG": 3, "FTR": "H", "HC": 10, "HF": 7, "HR": 0, "HS": 14, "HST": 4, "HTAG": 0, "HTHG": 0, "HTR": "D", "HY": 0, "HomeTeam": "Ein Frankfurt"},{"AC": 3, "AF": 12, "AR": 0, "AS": 7, "AST": 2, "AY": 1, "AwayTeam": "Leverkusen", "Date": "2018-11-11", "FTAG": 0, "FTHG": 3, "FTR": "H", "HC": 4, "HF": 12, "HR": 0, "HS": 14, "HST": 7, "HTAG": 0, "HTHG": 1, "HTR": "H", "HY": 0, "HomeTeam": "RB Leipzig"},{"AC": 9, "AF": 8, "AR": 0, "AS": 10, "AST": 2, "AY": 3, "AwayTeam": "Stuttgart", "Date": "2018-11-23", "FTAG": 0, "FTHG": 2, "FTR": "H", "HC": 6, "HF": 13, "HR": 0, "HS": 17, "HST": 4, "HTAG": 0, "HTHG": 0, "HTR": "D", "HY": 3, "HomeTeam": "Leverkusen"},{"AC": 5, "AF": 12, "AR": 0, "AS": 15, "AST": 7, "AY": 2, "AwayTeam": "Ein Frankfurt", "Date": "2018-11-24", "FTAG": 3, "FTHG": 1, "FTR": "A", "HC": 8, "HF": 3, "HR": 0, "HS": 25, "HST": 10, "HTAG": 1, "HTHG": 0, "HTR": "A", "HY": 1, "HomeTeam": "Augsburg"},{"AC": 2, "AF": 7, "AR": 0, "AS": 9, "AST": 5, "AY": 1, "AwayTeam": "Fortuna Dusseldorf", "Date": "2018-11-24", "FTAG": 3, "FTHG": 3, "FTR": "D", "HC": 9, "HF": 4, "HR": 0, "HS": 17, "HST": 5, "HTAG": 1, "HTHG": 2, "HTR": "H", "HY": 0, "HomeTeam": "Bayern Munich"},{"AC": 5, "AF": 13, "AR": 0, "AS": 13, "AST": 6, "AY": 2, "AwayTeam": "Hoffenheim", "Date": "2018-11-24", "FTAG": 3, "FTHG": 3, "FTR": "D", "HC": 8, "HF": 9, "HR": 0, "HS": 23, "HST": 8, "HTAG": 2, "HTHG": 1, "HTR": "A", "HY": 1, "HomeTeam": "Hertha"},{"AC": 5, "AF": 11, "AR": 0, "AS": 11, "AST": 7, "AY": 1, "AwayTeam": "Dortmund", "Date": "2018-11-24", "FTAG": 2, "FTHG": 1, "FTR": "A", "HC": 6, "HF": 9, "HR": 0, "HS": 15, "HST": 7, "HTAG": 0, "HTHG": 0, "HTR": "D", "HY": 2, "HomeTeam": "Mainz"},{"AC": 2, "AF": 12, "AR": 1, "AS": 12, "AST": 6, "AY": 2, "AwayTeam": "Nurnberg", "Date": "2018-11-24", "FTAG": 2, "FTHG": 5, "FTR": "H", "HC": 7, "HF": 7, "HR": 0, "HS": 20, "HST": 10, "HTAG": 1, "HTHG": 2, "HTR": "H", "HY": 1, "HomeTeam": "Schalke 04"},{"AC": 9, "AF": 13, "AR": 0, "AS": 10, "AST": 4, "AY": 2, "AwayTeam": "RB Leipzig", "Date": "2018-11-24", "FTAG": 0, "FTHG": 1, "FTR": "H", "HC": 2, "HF": 10, "HR": 0, "HS": 5, "HST": 3, "HTAG": 0, "HTHG": 0, "HTR": "D", "HY": 1, "HomeTeam": "Wolfsburg"},{"AC": 3, "AF": 10, "AR": 0, "AS": 19, "AST": 8, "AY": 2, "AwayTeam": "Werder Bremen", "Date": "2018-11-25", "FTAG": 1, "FTHG": 1, "FTR": "D", "HC": 6, "HF": 6, "HR": 0, "HS": 23, "HST": 9, "HTAG": 0, "HTHG": 1, "HTR": "H", "HY": 0, "HomeTeam": "Freiburg"},{"AC": 5, "AF": 10, "AR": 0, "AS": 5, "AST": 3, "AY": 1, "AwayTeam": "Hannover", "Date": "2018-11-25", "FTAG": 1, "FTHG": 4, "FTR": "H", "HC": 5, "HF": 8, "HR": 0, "HS": 20, "HST": 6, "HTAG": 1, "HTHG": 2, "HTR": "H", "HY": 1, "HomeTeam": "M'gladbach"},{"AC": 5, "AF": 7, "AR": 0, "AS": 15, "AST": 3, "AY": 1, "AwayTeam": "Mainz", "Date": "2018-11-30", "FTAG": 1, "FTHG": 0, "FTR": "A", "HC": 12, "HF": 8, "HR": 0, "HS": 20, "HST": 7, "HTAG": 0, "HTHG": 0, "HTR": "D", "HY": 1, "HomeTeam": "Fortuna Dusseldorf"},{"AC": 3, "AF": 11, "AR": 0, "AS": 5, "AST": 1, "AY": 1, "AwayTeam": "Freiburg", "Date": "2018-12-01", "FTAG": 0, "FTHG": 2, "FTR": "H", "HC": 2, "HF": 6, "HR": 0, "HS": 11, "HST": 4, "HTAG": 0, "HTHG": 1, "HTR": "H", "HY": 1, "HomeTeam": "Dortmund"},{"AC": 6, "AF": 14, "AR": 0, "AS": 14, "AST": 8, "AY": 3, "AwayTeam": "Hertha", "Date": "2018-12-01", "FTAG": 2, "FTHG": 0, "FTR": "A", "HC": 3, "HF": 9, "HR": 0, "HS": 10, "HST": 2, "HTAG": 1, "HTHG": 0, "HTR": "A", "HY": 2, "HomeTeam": "Hannover"},{"AC": 10, "AF": 13, "AR": 0, "AS": 13, "AST": 5, "AY": 3, "AwayTeam": "Schalke 04", "Date": "2018-12-01", "FTAG": 1, "FTHG": 1, "FTR": "D", "HC": 4, "HF": 11, "HR": 0, "HS": 20, "HST": 7, "HTAG": 0, "HTHG": 0, "HTR": "D", "HY": 3, "HomeTeam": "Hoffenheim"},{"AC": 8, "AF": 10, "AR": 0, "AS": 17, "AST": 4, "AY": 2, "AwayTeam": "Augsburg", "Date": "2018-12-01", "FTAG": 0, "FTHG": 1, "FTR": "H", "HC": 3, "HF": 11, "HR": 0, "HS": 13, "HST": 3, "HTAG": 0, "HTHG": 1, "HTR": "H", "HY": 4, "HomeTeam": "Stuttgart"},{"AC": 10, "AF": 8, "AR": 0, "AS": 16, "AST": 5, "AY": 2, "AwayTeam": "Bayern Munich", "Date": "2018-12-01", "FTAG": 2, "FTHG": 1, "FTR": "A", "HC": 3, "HF": 13, "HR": 1, "HS": 9, "HST": 3, "HTAG": 1, "HTHG": 1, "HTR": "D", "HY": 3, "HomeTeam": "Werder Bremen"},{"AC": 3, "AF": 9, "AR": 0, "AS": 10, "AST": 3, "AY": 7, "AwayTeam": "Wolfsburg", "Date": "2018-12-02", "FTAG": 2, "FTHG": 1, "FTR": "A", "HC": 9, "HF": 10, "HR": 0, "HS": 13, "HST": 2, "HTAG": 1, "HTHG": 0, "HTR": "A", "HY": 3, "HomeTeam": "Ein Frankfurt"},{"AC": 4, "AF": 9, "AR": 0, "AS": 7, "AST": 4, "AY": 2, "AwayTeam": "M'gladbach", "Date": "2018-12-02", "FTAG": 0, "FTHG": 2, "FTR": "H", "HC": 5, "HF": 9, "HR": 0, "HS": 14, "HST": 6, "HTAG": 0, "HTHG": 2, "HTR": "H", "HY": 2, "HomeTeam": "RB Leipzig"},{"AC": 6, "AF": 10, "AR": 0, "AS": 20, "AST": 6, "AY": 2, "AwayTeam": "Leverkusen", "Date": "2018-12-03", "FTAG": 1, "FTHG": 1, "FTR": "D", "HC": 3, "HF": 14, "HR": 0, "HS": 11, "HST": 4, "HTAG": 1, "HTHG": 0, "HTR": "A", "HY": 3, "HomeTeam": "Nurnberg"},{"AC": 4, "AF": 18, "AR": 0, "AS": 12, "AST": 3, "AY": 4, "AwayTeam": "Fortuna Dusseldorf", "Date": "2018-12-07", "FTAG": 1, "FTHG": 3, "FTR": "H", "HC": 6, "HF": 13, "HR": 0, "HS": 22, "HST": 9, "HTAG": 1, "HTHG": 1, "HTR": "D", "HY": 3, "HomeTeam": "Werder Bremen"},{"AC": 1, "AF": 6, "AR": 0, "AS": 4, "AST": 1, "AY": 0, "AwayTeam": "Nurnberg", "Date": "2018-12-08", "FTAG": 0, "FTHG": 3, "FTR": "H", "HC": 11, "HF": 9, "HR": 0, "HS": 20, "HST": 8, "HTAG": 0, "HTHG": 2, "HTR": "H", "HY": 1, "HomeTeam": "Bayern Munich"},{"AC": 12, "AF": 16, "AR": 0, "AS": 15, "AST": 4, "AY": 2, "AwayTeam": "RB Leipzig", "Date": "2018-12-08", "FTAG": 0, "FTHG": 3, "FTR": "H", "HC": 3, "HF": 9, "HR": 0, "HS": 12, "HST": 9, "HTAG": 0, "HTHG": 2, "HTR": "H", "HY": 1, "HomeTeam": "Freiburg"},{"AC": 9, "AF": 14, "AR": 0, "AS": 18, "AST": 4, "AY": 0, "AwayTeam": "Ein Frankfurt", "Date": "2018-12-08", "FTAG": 0, "FTHG": 1, "FTR": "H", "HC": 5, "HF": 15, "HR": 0, "HS": 7, "HST": 4, "HTAG": 0, "HTHG": 1, "HTR": "H", "HY": 1, "HomeTeam": "Hertha"},{"AC": 2, "AF": 17, "AR": 0, "AS": 13, "AST": 1, "AY": 2, "AwayTeam": "Augsburg", "Date": "2018-12-08", "FTAG": 0, "FTHG": 1, "FTR": "H", "HC": 4, "HF": 11, "HR": 0, "HS": 21, "HST": 7, "HTAG": 0, "HTHG": 0, "HTR": "D", "HY": 1, "HomeTeam": "Leverkusen"},{"AC": 1, "AF": 9, "AR": 0, "AS": 10, "AST": 3, "AY": 3, "AwayTeam": "Dortmund", "Date": "2018-12-08", "FTAG": 2, "FTHG": 1, "FTR": "A", "HC": 3, "HF": 12, "HR": 0, "HS": 6, "HST": 3, "HTAG": 1, "HTHG": 0, "HTR": "A", "HY": 4, "HomeTeam": "Schalke 04"},{"AC": 4, "AF": 9, "AR": 0, "AS": 19, "AST": 6, "AY": 2, "AwayTeam": "Hoffenheim", "Date": "2018-12-08", "FTAG": 2, "FTHG": 2, "FTR": "D", "HC": 6, "HF": 9, "HR": 0, "HS": 10, "HST": 3, "HTAG": 1, "HTHG": 2, "HTR": "H", "HY": 1, "HomeTeam": "Wolfsburg"},{"AC": 1, "AF": 9, "AR": 1, "AS": 11, "AST": 3, "AY": 3, "AwayTeam": "Hannover", "Date": "2018-12-09", "FTAG": 1, "FTHG": 1, "FTR": "D", "HC": 9, "HF": 12, "HR": 0, "HS": 28, "HST": 5, "HTAG": 1, "HTHG": 0, "HTR": "A", "HY": 4, "HomeTeam": "Mainz"},{"AC": 4, "AF": 12, "AR": 1, "AS": 7, "AST": 2, "AY": 4, "AwayTeam": "Stuttgart", "Date": "2018-12-09", "FTAG": 0, "FTHG": 3, "FTR": "H", "HC": 7, "HF": 7, "HR": 0, "HS": 23, "HST": 7, "HTAG": 0, "HTHG": 0, "HTR": "D", "HY": 2, "HomeTeam": "M'gladbach"},{"AC": 3, "AF": 13, "AR": 0, "AS": 10, "AST": 4, "AY": 1, "AwayTeam": "Wolfsburg", "Date": "2018-12-14", "FTAG": 2, "FTHG": 0, "FTR": "A", "HC": 6, "HF": 13, "HR": 0, "HS": 11, "HST": 0, "HTAG": 0, "HTHG": 0, "HTR": "D", "HY": 2, "HomeTeam": "Nurnberg"},{"AC": 7, "AF": 8, "AR": 0, "AS": 15, "AST": 5, "AY": 1, "AwayTeam": "Schalke 04", "Date": "2018-12-15", "FTAG": 1, "FTHG": 1, "FTR": "D", "HC": 6, "HF": 17, "HR": 0, "HS": 17, "HST": 9, "HTAG": 0, "HTHG": 1, "HTR": "H", "HY": 2, "HomeTeam": "Augsburg"},{"AC": 10, "AF": 14, "AR": 0, "AS": 9, "AST": 5, "AY": 4, "AwayTeam": "Werder Bremen", "Date": "2018-12-15", "FTAG": 1, "FTHG": 2, "FTR": "H", "HC": 4, "HF": 11, "HR": 0, "HS": 16, "HST": 9, "HTAG": 1, "HTHG": 2, "HTR": "H", "HY": 1, "HomeTeam": "Dortmund"},{"AC": 1, "AF": 9, "AR": 0, "AS": 6, "AST": 2, "AY": 1, "AwayTeam": "Freiburg", "Date": "2018-12-15", "FTAG": 0, "FTHG": 2, "FTR": "H", "HC": 4, "HF": 13, "HR": 0, "HS": 20, "HST": 8, "HTAG": 0, "HTHG": 0, "HTR": "D", "HY": 2, "HomeTeam": "Fortuna Dusseldorf"},{"AC": 14, "AF": 5, "AR": 0, "AS": 32, "AST": 14, "AY": 0, "AwayTeam": "Bayern Munich", "Date": "2018-12-15", "FTAG": 4, "FTHG": 0, "FTR": "A", "HC": 0, "HF": 9, "HR": 0, "HS": 3, "HST": 0, "HTAG": 2, "HTHG": 0, "HTR": "A", "HY": 1, "HomeTeam": "Hannover"},{"AC": 2, "AF": 10, "AR": 0, "AS": 5, "AST": 1, "AY": 2, "AwayTeam": "M'gladbach", "Date": "2018-12-15", "FTAG": 0, "FTHG": 0, "FTR": "D", "HC": 6, "HF": 9, "HR": 0, "HS": 27, "HST": 6, "HTAG": 0, "HTHG": 0, "HTR": "D", "HY": 0, "HomeTeam": "Hoffenheim"},{"AC": 5, "AF": 13, "AR": 0, "AS": 15, "AST": 3, "AY": 3, "AwayTeam": "Hertha", "Date": "2018-12-15", "FTAG": 1, "FTHG": 2, "FTR": "H", "HC": 5, "HF": 11, "HR": 0, "HS": 9, "HST": 4, "HTAG": 1, "HTHG": 0, "HTR": "A", "HY": 1, "HomeTeam": "Stuttgart"},{"AC": 7, "AF": 8, "AR": 0, "AS": 12, "AST": 6, "AY": 2, "AwayTeam": "Leverkusen", "Date": "2018-12-16", "FTAG": 1, "FTHG": 2, "FTR": "H", "HC": 10, "HF": 9, "HR": 0, "HS": 17, "HST": 7, "HTAG": 0, "HTHG": 1, "HTR": "H", "HY": 6, "HomeTeam": "Ein Frankfurt"},{"AC": 2, "AF": 13, "AR": 0, "AS": 11, "AST": 5, "AY": 3, "AwayTeam": "Mainz", "Date": "2018-12-16", "FTAG": 1, "FTHG": 4, "FTR": "H", "HC": 6, "HF": 9, "HR": 0, "HS": 17, "HST": 7, "HTAG": 1, "HTHG": 2, "HTR": "H", "HY": 3, "HomeTeam": "RB Leipzig"},{"AC": 2, "AF": 13, "AR": 0, "AS": 11, "AST": 3, "AY": 2, "AwayTeam": "Dortmund", "Date": "2018-12-18", "FTAG": 1, "FTHG": 2, "FTR": "H", "HC": 2, "HF": 8, "HR": 0, "HS": 8, "HST": 3, "HTAG": 0, "HTHG": 1, "HTR": "H", "HY": 1, "HomeTeam": "Fortuna Dusseldorf"},{"AC": 2, "AF": 13, "AR": 0, "AS": 8, "AST": 2, "AY": 0, "AwayTeam": "Augsburg", "Date": "2018-12-18", "FTAG": 2, "FTHG": 2, "FTR": "D", "HC": 3, "HF": 17, "HR": 0, "HS": 17, "HST": 7, "HTAG": 2, "HTHG": 2, "HTR": "D", "HY": 1, "HomeTeam": "Hertha"},{"AC": 7, "AF": 19, "AR": 0, "AS": 7, "AST": 2, "AY": 3, "AwayTeam": "Nurnberg", "Date": "2018-12-18", "FTAG": 0, "FTHG": 2, "FTR": "H", "HC": 6, "HF": 5, "HR": 0, "HS": 17, "HST": 7, "HTAG": 0, "HTHG": 0, "HTR": "D", "HY": 2, "HomeTeam": "M'gladbach"},{"AC": 8, "AF": 17, "AR": 0, "AS": 11, "AST": 1, "AY": 2, "AwayTeam": "Stuttgart", "Date": "2018-12-18", "FTAG": 0, "FTHG": 2, "FTR": "H", "HC": 4, "HF": 10, "HR": 0, "HS": 16, "HST": 5, "HTAG": 0, "HTHG": 2, "HTR": "H", "HY": 1, "HomeTeam": "Wolfsburg"},{"AC": 5, "AF": 20, "AR": 1, "AS": 8, "AST": 2, "AY": 2, "AwayTeam": "RB Leipzig", "Date": "2018-12-19", "FTAG": 0, "FTHG": 1, "FTR": "H", "HC": 5, "HF": 9, "HR": 1, "HS": 10, "HST": 4, "HTAG": 0, "HTHG": 0, "HTR": "D", "HY": 2, "HomeTeam": "Bayern Munich"},{"AC": 2, "AF": 14, "AR": 0, "AS": 18, "AST": 3, "AY": 2, "AwayTeam": "Hannover", "Date": "2018-12-19", "FTAG": 1, "FTHG": 1, "FTR": "D", "HC": 5, "HF": 13, "HR": 0, "HS": 14, "HST": 7, "HTAG": 1, "HTHG": 1, "HTR": "D", "HY": 0, "HomeTeam": "Freiburg"},{"AC": 2, "AF": 15, "AR": 0, "AS": 12, "AST": 4, "AY": 3, "AwayTeam": "Ein Frankfurt", "Date": "2018-12-19", "FTAG": 2, "FTHG": 2, "FTR": "D", "HC": 3, "HF": 13, "HR": 0, "HS": 17, "HST": 6, "HTAG": 2, "HTHG": 2, "HTR": "D", "HY": 3, "HomeTeam": "Mainz"},{"AC": 1, "AF": 19, "AR": 0, "AS": 8, "AST": 5, "AY": 4, "AwayTeam": "Leverkusen", "Date": "2018-12-19", "FTAG": 2, "FTHG": 1, "FTR": "A", "HC": 7, "HF": 14, "HR": 0, "HS": 18, "HST": 4, "HTAG": 2, "HTHG": 1, "HTR": "A", "HY": 4, "HomeTeam": "Schalke 04"},{"AC": 3, "AF": 13, "AR": 0, "AS": 14, "AST": 4, "AY": 1, "AwayTeam": "Hoffenheim", "Date": "2018-12-19", "FTAG": 1, "FTHG": 1, "FTR": "D", "HC": 6, "HF": 7, "HR": 0, "HS": 26, "HST": 5, "HTAG": 1, "HTHG": 0, "HTR": "A", "HY": 0, "HomeTeam": "Werder Bremen"},{"AC": 2, "AF": 12, "AR": 0, "AS": 3, "AST": 2, "AY": 1, "AwayTeam": "M'gladbach", "Date": "2018-12-21", "FTAG": 1, "FTHG": 2, "FTR": "H", "HC": 4, "HF": 5, "HR": 0, "HS": 12, "HST": 4, "HTAG": 1, "HTHG": 1, "HTR": "D", "HY": 0, "HomeTeam": "Dortmund"},{"AC": 4, "AF": 4, "AR": 0, "AS": 9, "AST": 7, "AY": 1, "AwayTeam": "Bayern Munich", "Date": "2018-12-22", "FTAG": 3, "FTHG": 0, "FTR": "A", "HC": 3, "HF": 9, "HR": 0, "HS": 10, "HST": 3, "HTAG": 1, "HTHG": 0, "HTR": "A", "HY": 2, "HomeTeam": "Ein Frankfurt"},{"AC": 6, "AF": 19, "AR": 0, "AS": 13, "AST": 6, "AY": 3, "AwayTeam": "Fortuna Dusseldorf", "Date": "2018-12-22", "FTAG": 1, "FTHG": 0, "FTR": "A", "HC": 4, "HF": 14, "HR": 0, "HS": 17, "HST": 3, "HTAG": 0, "HTHG": 0, "HTR": "D", "HY": 2, "HomeTeam": "Hannover"},{"AC": 5, "AF": 12, "AR": 0, "AS": 13, "AST": 8, "AY": 1, "AwayTeam": "Hertha", "Date": "2018-12-22", "FTAG": 1, "FTHG": 3, "FTR": "H", "HC": 4, "HF": 3, "HR": 0, "HS": 15, "HST": 7, "HTAG": 1, "HTHG": 2, "HTR": "H", "HY": 0, "HomeTeam": "Leverkusen"},{"AC": 3, "AF": 16, "AR": 0, "AS": 7, "AST": 3, "AY": 3, "AwayTeam": "Freiburg", "Date": "2018-12-22", "FTAG": 1, "FTHG": 0, "FTR": "A", "HC": 12, "HF": 16, "HR": 0, "HS": 16, "HST": 3, "HTAG": 1, "HTHG": 0, "HTR": "A", "HY": 2, "HomeTeam": "Nurnberg"},{"AC": 4, "AF": 9, "AR": 0, "AS": 15, "AST": 6, "AY": 0, "AwayTeam": "Werder Bremen", "Date": "2018-12-22", "FTAG": 2, "FTHG": 3, "FTR": "H", "HC": 4, "HF": 15, "HR": 0, "HS": 11, "HST": 5, "HTAG": 0, "HTHG": 2, "HTR": "H", "HY": 2, "HomeTeam": "RB Leipzig"},{"AC": 5, "AF": 17, "AR": 0, "AS": 15, "AST": 6, "AY": 5, "AwayTeam": "Schalke 04", "Date": "2018-12-22", "FTAG": 3, "FTHG": 1, "FTR": "A", "HC": 2, "HF": 9, "HR": 0, "HS": 17, "HST": 5, "HTAG": 1, "HTHG": 0, "HTR": "A", "HY": 3, "HomeTeam": "Stuttgart"},{"AC": 4, "AF": 11, "AR": 0, "AS": 16, "AST": 5, "AY": 3, "AwayTeam": "Wolfsburg", "Date": "2018-12-23", "FTAG": 3, "FTHG": 2, "FTR": "A", "HC": 3, "HF": 12, "HR": 0, "HS": 10, "HST": 4, "HTAG": 2, "HTHG": 0, "HTR": "A", "HY": 2, "HomeTeam": "Augsburg"},{"AC": 2, "AF": 10, "AR": 0, "AS": 12, "AST": 5, "AY": 0, "AwayTeam": "Mainz", "Date": "2018-12-23", "FTAG": 1, "FTHG": 1, "FTR": "D", "HC": 9, "HF": 11, "HR": 0, "HS": 28, "HST": 7, "HTAG": 1, "HTHG": 1, "HTR": "D", "HY": 1, "HomeTeam": "Hoffenheim"}]