[{"AC": 7, "AF": 9, "AR": 1, "AS": 12, "AST": 2, "AY": 2, "AwayTeam": "Espanol", "Date": "2014-08-23", "FTAG": 1, "FTHG": 1, "FTR": "D", "HC": 11, "HF": 8, "HR": 0, "HS": 19, "HST": 6, "HTAG": 0, "HTHG": 0, "HTR": "D", "HY": 3, "HomeTeam": "Almeria"},{"AC": 3, "AF": 26, "AR": 0, "AS": 7, "AST": 1, "AY": 2, "AwayTeam": "La Coruna", "Date": "2014-08-23", "FTAG": 1, "FTHG": 2, "FTR": "H", "HC": 5, "HF": 13, "HR": 0, "HS": 10, "HST": 3, "HTAG": 1, "HTHG": 0, "HTR": "A", "HY": 1, "HomeTeam": "Granada"},{"AC": 4, "AF": 9, "AR": 0, "AS": 12, "AST": 5, "AY": 3, "AwayTeam": "Ath Bilbao", "Date": "2014-08-23", "FTAG": 0, "FTHG": 1, "FTR": "H", "HC": 5, "HF": 13, "HR": 2, "HS": 12, "HST": 3, "HTAG": 0, "HTHG": 1, "HTR": "H", "HY": 3, "HomeTeam": "Malaga"},{"AC": 3, "AF": 8, "AR": 1, "AS": 11, "AST": 1, "AY": 2, "AwayTeam": "Valencia", "Date": "2014-08-23", "FTAG": 1, "FTHG": 1, "FTR": "D", "HC": 3, "HF": 23, "HR": 0, "HS": 10, "HST": 3, "HTAG": 0, "HTHG": 1, "HTR": "H", "HY": 4, "HomeTeam": "Sevilla"},{"AC": 1, "AF": 13, "AR": 0, "AS": 3, "AST": 0, "AY": 1, "AwayTeam": "Elche", "Date": "2014-08-24", "FTAG": 0, "FTHG": 3, "FTR": "H", "HC": 3, "HF": 11, "HR": 1, "HS": 12, "HST": 6, "HTAG": 0, "HTHG": 1, "HTR": "H", "HY": 0, "HomeTeam": "Barcelona"},{"AC": 4, "AF": 15, "AR": 0, "AS": 12, "AST": 3, "AY": 1, "AwayTeam": "Getafe", "Date": "2014-08-24", "FTAG": 1, "FTHG": 3, "FTR": "H", "HC": 4, "HF": 19, "HR": 0, "HS": 20, "HST": 8, "HTAG": 0, "HTHG": 1, "HTR": "H", "HY": 4, "HomeTeam": "Celta"},{"AC": 6, "AF": 14, "AR": 0, "AS": 19, "AST": 4, "AY": 1, "AwayTeam": "Sociedad", "Date": "2014-08-24", "FTAG": 0, "FTHG": 1, "FTR": "H", "HC": 5, "HF": 13, "HR": 0, "HS": 12, "HST": 5, "HTAG": 0, "HTHG": 1, "HTR": "H", "HY": 4, "HomeTeam": "Eibar"},{"AC": 4, "AF": 14, "AR": 0, "AS": 12, "AST": 6, "AY": 3, "AwayTeam": "Villarreal", "Date": "2014-08-24", "FTAG": 2, "FTHG": 0, "FTR": "A", "HC": 3, "HF": 11, "HR": 0, "HS": 9, "HST": 2, "HTAG": 0, "HTHG": 0, "HTR": "D", "HY": 1, "HomeTeam": "Levante"},{"AC": 5, "AF": 13, "AR": 0, "AS": 8, "AST": 2, "AY": 2, "AwayTeam": "Cordoba", "Date": "2014-08-25", "FTAG": 0, "FTHG": 2, "FTR": "H", "HC": 8, "HF": 9, "HR": 0, "HS": 14, "HST": 8, "HTAG": 0, "HTHG": 1, "HTR": "H", "HY": 1, "HomeTeam": "Real Madrid"},{"AC": 4, "AF": 17, "AR": 0, "AS": 9, "AST": 2, "AY": 2, "AwayTeam": "Ath Madrid", "Date": "2014-08-25", "FTAG": 0, "FTHG": 0, "FTR": "D", "HC": 2, "HF": 13, "HR": 0, "HS": 8, "HST": 2, "HTAG": 0, "HTHG": 0, "HTR": "D", "HY": 2, "HomeTeam": "Vallecano"},{"AC": 3, "AF": 11, "AR": 0, "AS": 11, "AST": 4, "AY": 2, "AwayTeam": "Almeria", "Date": "2014-08-29", "FTAG": 0, "FTHG": 1, "FTR": "H", "HC": 2, "HF": 17, "HR": 0, "HS": 12, "HST": 3, "HTAG": 0, "HTHG": 1, "HTR": "H", "HY": 3, "HomeTeam": "Getafe"},{"AC": 6, "AF": 11, "AR": 1, "AS": 17, "AST": 4, "AY": 2, "AwayTeam": "Malaga", "Date": "2014-08-29", "FTAG": 0, "FTHG": 3, "FTR": "H", "HC": 4, "HF": 18, "HR": 0, "HS": 14, "HST": 4, "HTAG": 0, "HTHG": 2, "HTR": "H", "HY": 1, "HomeTeam": "Valencia"},{"AC": 11, "AF": 17, "AR": 0, "AS": 10, "AST": 2, "AY": 4, "AwayTeam": "Levante", "Date": "2014-08-30", "FTAG": 0, "FTHG": 3, "FTR": "H", "HC": 2, "HF": 13, "HR": 0, "HS": 10, "HST": 5, "HTAG": 0, "HTHG": 1, "HTR": "H", "HY": 1, "HomeTeam": "Ath Bilbao"},{"AC": 5, "AF": 18, "AR": 0, "AS": 8, "AST": 2, "AY": 0, "AwayTeam": "Eibar", "Date": "2014-08-30", "FTAG": 1, "FTHG": 2, "FTR": "H", "HC": 5, "HF": 12, "HR": 0, "HS": 15, "HST": 6, "HTAG": 1, "HTHG": 2, "HTR": "H", "HY": 3, "HomeTeam": "Ath Madrid"},{"AC": 6, "AF": 17, "AR": 0, "AS": 9, "AST": 4, "AY": 4, "AwayTeam": "Celta", "Date": "2014-08-30", "FTAG": 1, "FTHG": 1, "FTR": "D", "HC": 1, "HF": 14, "HR": 0, "HS": 6, "HST": 1, "HTAG": 0, "HTHG": 0, "HTR": "D", "HY": 1, "HomeTeam": "Cordoba"},{"AC": 7, "AF": 24, "AR": 0, "AS": 13, "AST": 6, "AY": 2, "AwayTeam": "Sevilla", "Date": "2014-08-30", "FTAG": 2, "FTHG": 1, "FTR": "A", "HC": 3, "HF": 20, "HR": 0, "HS": 4, "HST": 2, "HTAG": 1, "HTHG": 0, "HTR": "A", "HY": 4, "HomeTeam": "Espanol"},{"AC": 4, "AF": 17, "AR": 0, "AS": 5, "AST": 4, "AY": 4, "AwayTeam": "Granada", "Date": "2014-08-31", "FTAG": 1, "FTHG": 1, "FTR": "D", "HC": 8, "HF": 12, "HR": 0, "HS": 15, "HST": 3, "HTAG": 0, "HTHG": 0, "HTR": "D", "HY": 4, "HomeTeam": "Elche"},{"AC": 4, "AF": 18, "AR": 0, "AS": 12, "AST": 2, "AY": 6, "AwayTeam": "Vallecano", "Date": "2014-08-31", "FTAG": 2, "FTHG": 2, "FTR": "D", "HC": 2, "HF": 16, "HR": 0, "HS": 10, "HST": 5, "HTAG": 1, "HTHG": 1, "HTR": "D", "HY": 4, "HomeTeam": "La Coruna"},{"AC": 6, "AF": 12, "AR": 0, "AS": 19, "AST": 5, "AY": 2, "AwayTeam": "Real Madrid", "Date": "2014-08-31", "FTAG": 2, "FTHG": 4, "FTR": "H", "HC": 8, "HF": 18, "HR": 0, "HS": 13, "HST": 5, "HTAG": 2, "HTHG": 2, "HTR": "D", "HY": 1, "HomeTeam": "Sociedad"},{"AC": 10, "AF": 9, "AR": 0, "AS": 20, "AST": 8, "AY": 2, "AwayTeam": "Barcelona", "Date": "2014-08-31", "FTAG": 1, "FTHG": 0, "FTR": "A", "HC": 3, "HF": 12, "HR": 0, "HS": 9, "HST": 0, "HTAG": 0, "HTHG": 0, "HTR": "D", "HY": 0, "HomeTeam": "Villarreal"},{"AC": 2, "AF": 22, "AR": 0, "AS": 11, "AST": 4, "AY": 4, "AwayTeam": "Cordoba", "Date": "2014-09-12", "FTAG": 1, "FTHG": 1, "FTR": "D", "HC": 8, "HF": 14, "HR": 0, "HS": 12, "HST": 2, "HTAG": 1, "HTHG": 1, "HTR": "D", "HY": 4, "HomeTeam": "Almeria"},{"AC": 1, "AF": 11, "AR": 0, "AS": 3, "AST": 2, "AY": 1, "AwayTeam": "Ath Bilbao", "Date": "2014-09-13", "FTAG": 0, "FTHG": 2, "FTR": "H", "HC": 5, "HF": 12, "HR": 0, "HS": 15, "HST": 8, "HTAG": 0, "HTHG": 0, "HTR": "D", "HY": 1, "HomeTeam": "Barcelona"},{"AC": 8, "AF": 15, "AR": 0, "AS": 20, "AST": 5, "AY": 5, "AwayTeam": "Sociedad", "Date": "2014-09-13", "FTAG": 2, "FTHG": 2, "FTR": "D", "HC": 5, "HF": 13, "HR": 0, "HS": 13, "HST": 6, "HTAG": 0, "HTHG": 1, "HTR": "H", "HY": 1, "HomeTeam": "Celta"},{"AC": 1, "AF": 15, "AR": 0, "AS": 10, "AST": 0, "AY": 2, "AwayTeam": "Levante", "Date": "2014-09-13", "FTAG": 0, "FTHG": 0, "FTR": "D", "HC": 20, "HF": 10, "HR": 0, "HS": 18, "HST": 7, "HTAG": 0, "HTHG": 0, "HTR": "D", "HY": 1, "HomeTeam": "Malaga"},{"AC": 4, "AF": 12, "AR": 0, "AS": 9, "AST": 2, "AY": 7, "AwayTeam": "Ath Madrid", "Date": "2014-09-13", "FTAG": 2, "FTHG": 1, "FTR": "A", "HC": 4, "HF": 12, "HR": 0, "HS": 21, "HST": 4, "HTAG": 1, "HTHG": 1, "HTR": "D", "HY": 4, "HomeTeam": "Real Madrid"},{"AC": 5, "AF": 13, "AR": 0, "AS": 14, "AST": 3, "AY": 2, "AwayTeam": "Villarreal", "Date": "2014-09-14", "FTAG": 0, "FTHG": 0, "FTR": "D", "HC": 9, "HF": 12, "HR": 0, "HS": 9, "HST": 3, "HTAG": 0, "HTHG": 0, "HTR": "D", "HY": 3, "HomeTeam": "Granada"},{"AC": 5, "AF": 25, "AR": 0, "AS": 7, "AST": 1, "AY": 6, "AwayTeam": "Getafe", "Date": "2014-09-14", "FTAG": 0, "FTHG": 2, "FTR": "H", "HC": 8, "HF": 10, "HR": 0, "HS": 12, "HST": 4, "HTAG": 0, "HTHG": 1, "HTR": "H", "HY": 2, "HomeTeam": "Sevilla"},{"AC": 8, "AF": 13, "AR": 0, "AS": 8, "AST": 3, "AY": 1, "AwayTeam": "Espanol", "Date": "2014-09-14", "FTAG": 1, "FTHG": 3, "FTR": "H", "HC": 7, "HF": 15, "HR": 0, "HS": 11, "HST": 6, "HTAG": 0, "HTHG": 1, "HTR": "H", "HY": 1, "HomeTeam": "Valencia"},{"AC": 5, "AF": 23, "AR": 0, "AS": 12, "AST": 5, "AY": 2, "AwayTeam": "Elche", "Date": "2014-09-14", "FTAG": 3, "FTHG": 2, "FTR": "A", "HC": 6, "HF": 11, "HR": 0, "HS": 14, "HST": 4, "HTAG": 1, "HTHG": 1, "HTR": "D", "HY": 2, "HomeTeam": "Vallecano"},{"AC": 8, "AF": 23, "AR": 0, "AS": 4, "AST": 1, "AY": 5, "AwayTeam": "La Coruna", "Date": "2014-09-15", "FTAG": 1, "FTHG": 0, "FTR": "A", "HC": 4, "HF": 11, "HR": 0, "HS": 14, "HST": 2, "HTAG": 1, "HTHG": 0, "HTR": "A", "HY": 0, "HomeTeam": "Eibar"},{"AC": 7, "AF": 10, "AR": 0, "AS": 8, "AST": 4, "AY": 1, "AwayTeam": "Eibar", "Date": "2014-09-19", "FTAG": 2, "FTHG": 0, "FTR": "A", "HC": 10, "HF": 9, "HR": 0, "HS": 15, "HST": 6, "HTAG": 2, "HTHG": 0, "HTR": "A", "HY": 2, "HomeTeam": "Elche"},{"AC": 5, "AF": 20, "AR": 0, "AS": 3, "AST": 2, "AY": 4, "AwayTeam": "Granada", "Date": "2014-09-20", "FTAG": 1, "FTHG": 0, "FTR": "A", "HC": 7, "HF": 14, "HR": 0, "HS": 13, "HST": 5, "HTAG": 1, "HTHG": 0, "HTR": "A", "HY": 2, "HomeTeam": "Ath Bilbao"},{"AC": 3, "AF": 17, "AR": 0, "AS": 5, "AST": 5, "AY": 3, "AwayTeam": "Celta", "Date": "2014-09-20", "FTAG": 2, "FTHG": 2, "FTR": "D", "HC": 6, "HF": 9, "HR": 0, "HS": 18, "HST": 8, "HTAG": 1, "HTHG": 2, "HTR": "H", "HY": 1, "HomeTeam": "Ath Madrid"},{"AC": 2, "AF": 16, "AR": 0, "AS": 9, "AST": 3, "AY": 3, "AwayTeam": "Malaga", "Date": "2014-09-20", "FTAG": 2, "FTHG": 2, "FTR": "D", "HC": 7, "HF": 14, "HR": 0, "HS": 13, "HST": 8, "HTAG": 0, "HTHG": 1, "HTR": "H", "HY": 2, "HomeTeam": "Espanol"},{"AC": 3, "AF": 9, "AR": 0, "AS": 19, "AST": 13, "AY": 1, "AwayTeam": "Real Madrid", "Date": "2014-09-20", "FTAG": 8, "FTHG": 2, "FTR": "A", "HC": 2, "HF": 8, "HR": 0, "HS": 14, "HST": 5, "HTAG": 3, "HTHG": 0, "HTR": "A", "HY": 1, "HomeTeam": "La Coruna"},{"AC": 4, "AF": 24, "AR": 0, "AS": 15, "AST": 8, "AY": 2, "AwayTeam": "Sevilla", "Date": "2014-09-21", "FTAG": 3, "FTHG": 1, "FTR": "A", "HC": 7, "HF": 11, "HR": 0, "HS": 9, "HST": 3, "HTAG": 1, "HTHG": 0, "HTR": "A", "HY": 6, "HomeTeam": "Cordoba"},{"AC": 6, "AF": 11, "AR": 0, "AS": 17, "AST": 8, "AY": 2, "AwayTeam": "Barcelona", "Date": "2014-09-21", "FTAG": 5, "FTHG": 0, "FTR": "A", "HC": 3, "HF": 13, "HR": 1, "HS": 9, "HST": 2, "HTAG": 2, "HTHG": 0, "HTR": "A", "HY": 1, "HomeTeam": "Levante"},{"AC": 7, "AF": 17, "AR": 1, "AS": 13, "AST": 5, "AY": 6, "AwayTeam": "Almeria", "Date": "2014-09-21", "FTAG": 2, "FTHG": 1, "FTR": "A", "HC": 13, "HF": 19, "HR": 0, "HS": 22, "HST": 6, "HTAG": 1, "HTHG": 0, "HTR": "A", "HY": 1, "HomeTeam": "Sociedad"},{"AC": 5, "AF": 18, "AR": 0, "AS": 10, "AST": 3, "AY": 2, "AwayTeam": "Vallecano", "Date": "2014-09-21", "FTAG": 2, "FTHG": 4, "FTR": "H", "HC": 11, "HF": 11, "HR": 0, "HS": 19, "HST": 9, "HTAG": 2, "HTHG": 1, "HTR": "A", "HY": 2, "HomeTeam": "Villarreal"},{"AC": 1, "AF": 17, "AR": 1, "AS": 7, "AST": 3, "AY": 1, "AwayTeam": "Valencia", "Date": "2014-09-22", "FTAG": 3, "FTHG": 0, "FTR": "A", "HC": 6, "HF": 25, "HR": 0, "HS": 12, "HST": 5, "HTAG": 2, "HTHG": 0, "HTR": "A", "HY": 6, "HomeTeam": "Getafe"},{"AC": 4, "AF": 15, "AR": 0, "AS": 5, "AST": 3, "AY": 3, "AwayTeam": "La Coruna", "Date": "2014-09-23", "FTAG": 1, "FTHG": 2, "FTR": "H", "HC": 13, "HF": 15, "HR": 0, "HS": 11, "HST": 4, "HTAG": 0, "HTHG": 1, "HTR": "H", "HY": 3, "HomeTeam": "Celta"},{"AC": 2, "AF": 15, "AR": 0, "AS": 10, "AST": 3, "AY": 1, "AwayTeam": "Elche", "Date": "2014-09-23", "FTAG": 1, "FTHG": 5, "FTR": "H", "HC": 8, "HF": 15, "HR": 0, "HS": 23, "HST": 12, "HTAG": 1, "HTHG": 3, "HTR": "H", "HY": 2, "HomeTeam": "Real Madrid"},{"AC": 10, "AF": 16, "AR": 0, "AS": 19, "AST": 9, "AY": 6, "AwayTeam": "Ath Madrid", "Date": "2014-09-24", "FTAG": 1, "FTHG": 0, "FTR": "A", "HC": 2, "HF": 14, "HR": 0, "HS": 6, "HST": 1, "HTAG": 0, "HTHG": 0, "HTR": "D", "HY": 3, "HomeTeam": "Almeria"},{"AC": 10, "AF": 17, "AR": 0, "AS": 15, "AST": 4, "AY": 4, "AwayTeam": "Villarreal", "Date": "2014-09-24", "FTAG": 1, "FTHG": 1, "FTR": "D", "HC": 2, "HF": 14, "HR": 0, "HS": 7, "HST": 3, "HTAG": 0, "HTHG": 1, "HTR": "H", "HY": 4, "HomeTeam": "Eibar"},{"AC": 3, "AF": 13, "AR": 0, "AS": 10, "AST": 4, "AY": 6, "AwayTeam": "Levante", "Date": "2014-09-24", "FTAG": 1, "FTHG": 0, "FTR": "A", "HC": 5, "HF": 14, "HR": 0, "HS": 8, "HST": 0, "HTAG": 0, "HTHG": 0, "HTR": "D", "HY": 2, "HomeTeam": "Granada"},{"AC": 8, "AF": 13, "AR": 0, "AS": 10, "AST": 0, "AY": 2, "AwayTeam": "Barcelona", "Date": "2014-09-24", "FTAG": 0, "FTHG": 0, "FTR": "D", "HC": 2, "HF": 15, "HR": 0, "HS": 6, "HST": 2, "HTAG": 0, "HTHG": 0, "HTR": "D", "HY": 2, "HomeTeam": "Malaga"},{"AC": 4, "AF": 7, "AR": 0, "AS": 8, "AST": 1, "AY": 2, "AwayTeam": "Sociedad", "Date": "2014-09-24", "FTAG": 0, "FTHG": 1, "FTR": "H", "HC": 11, "HF": 13, "HR": 0, "HS": 19, "HST": 8, "HTAG": 0, "HTHG": 1, "HTR": "H", "HY": 6, "HomeTeam": "Sevilla"},{"AC": 2, "AF": 17, "AR": 0, "AS": 8, "AST": 3, "AY": 2, "AwayTeam": "Ath Bilbao", "Date": "2014-09-24", "FTAG": 1, "FTHG": 2, "FTR": "H", "HC": 1, "HF": 18, "HR": 0, "HS": 15, "HST": 5, "HTAG": 1, "HTHG": 1, "HTR": "D", "HY": 2, "HomeTeam": "Vallecano"},{"AC": 4, "AF": 17, "AR": 0, "AS": 6, "AST": 2, "AY": 2, "AwayTeam": "Getafe", "Date": "2014-09-25", "FTAG": 0, "FTHG": 2, "FTR": "H", "HC": 6, "HF": 16, "HR": 0, "HS": 10, "HST": 4, "HTAG": 0, "HTHG": 0, "HTR": "D", "HY": 1, "HomeTeam": "Espanol"},{"AC": 3, "AF": 23, "AR": 0, "AS": 2, "AST": 1, "AY": 3, "AwayTeam": "Cordoba", "Date": "2014-09-25", "FTAG": 0, "FTHG": 3, "FTR": "H", "HC": 3, "HF": 11, "HR": 0, "HS": 17, "HST": 7, "HTAG": 0, "HTHG": 2, "HTR": "H", "HY": 1, "HomeTeam": "Valencia"},{"AC": 4, "AF": 14, "AR": 0, "AS": 16, "AST": 4, "AY": 2, "AwayTeam": "Celta", "Date": "2014-09-26", "FTAG": 1, "FTHG": 0, "FTR": "A", "HC": 0, "HF": 12, "HR": 0, "HS": 14, "HST": 3, "HTAG": 0, "HTHG": 0, "HTR": "D", "HY": 4, "HomeTeam": "Elche"},{"AC": 2, "AF": 22, "AR": 0, "AS": 10, "AST": 2, "AY": 6, "AwayTeam": "Eibar", "Date": "2014-09-27", "FTAG": 0, "FTHG": 0, "FTR": "D", "HC": 6, "HF": 13, "HR": 0, "HS": 13, "HST": 1, "HTAG": 0, "HTHG": 0, "HTR": "D", "HY": 5, "HomeTeam": "Ath Bilbao"},{"AC": 3, "AF": 16, "AR": 0, "AS": 4, "AST": 1, "AY": 3, "AwayTeam": "Sevilla", "Date": "2014-09-27", "FTAG": 0, "FTHG": 4, "FTR": "H", "HC": 5, "HF": 14, "HR": 0, "HS": 11, "HST": 6, "HTAG": 0, "HTHG": 2, "HTR": "H", "HY": 4, "HomeTeam": "Ath Madrid"},{"AC": 1, "AF": 11, "AR": 0, "AS": 9, "AST": 1, "AY": 3, "AwayTeam": "Granada", "Date": "2014-09-27", "FTAG": 0, "FTHG": 6, "FTR": "H", "HC": 8, "HF": 11, "HR": 0, "HS": 19, "HST": 12, "HTAG": 0, "HTHG": 3, "HTR": "H", "HY": 1, "HomeTeam": "Barcelona"},{"AC": 7, "AF": 16, "AR": 0, "AS": 13, "AST": 5, "AY": 3, "AwayTeam": "Vallecano", "Date": "2014-09-27", "FTAG": 2, "FTHG": 0, "FTR": "A", "HC": 5, "HF": 21, "HR": 0, "HS": 7, "HST": 0, "HTAG": 2, "HTHG": 0, "HTR": "A", "HY": 4, "HomeTeam": "Levante"},{"AC": 6, "AF": 10, "AR": 0, "AS": 11, "AST": 3, "AY": 1, "AwayTeam": "Real Madrid", "Date": "2014-09-27", "FTAG": 2, "FTHG": 0, "FTR": "A", "HC": 7, "HF": 7, "HR": 0, "HS": 19, "HST": 5, "HTAG": 2, "HTHG": 0, "HTR": "A", "HY": 0, "HomeTeam": "Villarreal"},{"AC": 5, "AF": 26, "AR": 0, "AS": 4, "AST": 2, "AY": 6, "AwayTeam": "Espanol", "Date": "2014-09-28", "FTAG": 0, "FTHG": 0, "FTR": "D", "HC": 3, "HF": 13, "HR": 0, "HS": 10, "HST": 4, "HTAG": 0, "HTHG": 0, "HTR": "D", "HY": 2, "HomeTeam": "Cordoba"},{"AC": 4, "AF": 16, "AR": 1, "AS": 10, "AST": 0, "AY": 3, "AwayTeam": "Malaga", "Date": "2014-09-28", "FTAG": 0, "FTHG": 1, "FTR": "H", "HC": 4, "HF": 8, "HR": 0, "HS": 9, "HST": 3, "HTAG": 0, "HTHG": 1, "HTR": "H", "HY": 0, "HomeTeam": "Getafe"},{"AC": 5, "AF": 18, "AR": 0, "AS": 15, "AST": 6, "AY": 4, "AwayTeam": "Almeria", "Date": "2014-09-28", "FTAG": 1, "FTHG": 0, "FTR": "A", "HC": 6, "HF": 14, "HR": 0, "HS": 8, "HST": 1, "HTAG": 0, "HTHG": 0, "HTR": "D", "HY": 2, "HomeTeam": "La Coruna"},{"AC": 4, "AF": 17, "AR": 0, "AS": 7, "AST": 2, "AY": 5, "AwayTeam": "Valencia", "Date": "2014-09-28", "FTAG": 1, "FTHG": 1, "FTR": "D", "HC": 11, "HF": 13, "HR": 0, "HS": 18, "HST": 5, "HTAG": 1, "HTHG": 1, "HTR": "D", "HY": 2, "HomeTeam": "Sociedad"},{"AC": 3, "AF": 11, "AR": 0, "AS": 10, "AST": 3, "AY": 2, "AwayTeam": "Cordoba", "Date": "2014-10-03", "FTAG": 1, "FTHG": 1, "FTR": "D", "HC": 8, "HF": 12, "HR": 0, "HS": 18, "HST": 5, "HTAG": 0, "HTHG": 0, "HTR": "D", "HY": 1, "HomeTeam": "Getafe"},{"AC": 5, "AF": 18, "AR": 1, "AS": 6, "AST": 3, "AY": 4, "AwayTeam": "Elche", "Date": "2014-10-04", "FTAG": 2, "FTHG": 2, "FTR": "D", "HC": 9, "HF": 13, "HR": 0, "HS": 16, "HST": 3, "HTAG": 1, "HTHG": 1, "HTR": "D", "HY": 2, "HomeTeam": "Almeria"},{"AC": 4, "AF": 16, "AR": 0, "AS": 13, "AST": 5, "AY": 1, "AwayTeam": "Levante", "Date": "2014-10-04", "FTAG": 3, "FTHG": 3, "FTR": "D", "HC": 4, "HF": 12, "HR": 0, "HS": 14, "HST": 6, "HTAG": 2, "HTHG": 0, "HTR": "A", "HY": 3, "HomeTeam": "Eibar"},{"AC": 3, "AF": 15, "AR": 0, "AS": 8, "AST": 5, "AY": 4, "AwayTeam": "Granada", "Date": "2014-10-04", "FTAG": 1, "FTHG": 2, "FTR": "H", "HC": 3, "HF": 12, "HR": 1, "HS": 17, "HST": 3, "HTAG": 1, "HTHG": 0, "HTR": "A", "HY": 1, "HomeTeam": "Malaga"},{"AC": 6, "AF": 14, "AR": 1, "AS": 19, "AST": 5, "AY": 0, "AwayTeam": "Ath Madrid", "Date": "2014-10-04", "FTAG": 1, "FTHG": 3, "FTR": "H", "HC": 1, "HF": 23, "HR": 0, "HS": 6, "HST": 3, "HTAG": 1, "HTHG": 3, "HTR": "H", "HY": 4, "HomeTeam": "Valencia"},{"AC": 7, "AF": 7, "AR": 0, "AS": 18, "AST": 7, "AY": 2, "AwayTeam": "Barcelona", "Date": "2014-10-04", "FTAG": 2, "FTHG": 0, "FTR": "A", "HC": 6, "HF": 19, "HR": 2, "HS": 14, "HST": 4, "HTAG": 2, "HTHG": 0, "HTR": "A", "HY": 2, "HomeTeam": "Vallecano"},{"AC": 4, "AF": 22, "AR": 0, "AS": 11, "AST": 4, "AY": 4, "AwayTeam": "Villarreal", "Date": "2014-10-05", "FTAG": 3, "FTHG": 1, "FTR": "A", "HC": 11, "HF": 15, "HR": 1, "HS": 15, "HST": 6, "HTAG": 2, "HTHG": 1, "HTR": "A", "HY": 3, "HomeTeam": "Celta"},{"AC": 4, "AF": 12, "AR": 0, "AS": 13, "AST": 4, "AY": 2, "AwayTeam": "Sociedad", "Date": "2014-10-05", "FTAG": 0, "FTHG": 2, "FTR": "H", "HC": 4, "HF": 20, "HR": 0, "HS": 10, "HST": 4, "HTAG": 0, "HTHG": 1, "HTR": "H", "HY": 6, "HomeTeam": "Espanol"},{"AC": 7, "AF": 10, "AR": 0, "AS": 6, "AST": 5, "AY": 2, "AwayTeam": "Ath Bilbao", "Date": "2014-10-05", "FTAG": 0, "FTHG": 5, "FTR": "H", "HC": 8, "HF": 9, "HR": 0, "HS": 19, "HST": 14, "HTAG": 0, "HTHG": 2, "HTR": "H", "HY": 1, "HomeTeam": "Real Madrid"},{"AC": 2, "AF": 10, "AR": 0, "AS": 7, "AST": 5, "AY": 2, "AwayTeam": "La Coruna", "Date": "2014-10-05", "FTAG": 1, "FTHG": 4, "FTR": "H", "HC": 9, "HF": 11, "HR": 0, "HS": 16, "HST": 10, "HTAG": 1, "HTHG": 2, "HTR": "H", "HY": 2, "HomeTeam": "Sevilla"},{"AC": 6, "AF": 13, "AR": 0, "AS": 8, "AST": 2, "AY": 5, "AwayTeam": "Vallecano", "Date": "2014-10-17", "FTAG": 1, "FTHG": 0, "FTR": "A", "HC": 3, "HF": 17, "HR": 0, "HS": 9, "HST": 1, "HTAG": 0, "HTHG": 0, "HTR": "D", "HY": 4, "HomeTeam": "Granada"},{"AC": 2, "AF": 16, "AR": 0, "AS": 4, "AST": 1, "AY": 3, "AwayTeam": "Celta", "Date": "2014-10-18", "FTAG": 1, "FTHG": 1, "FTR": "D", "HC": 9, "HF": 13, "HR": 0, "HS": 13, "HST": 4, "HTAG": 0, "HTHG": 1, "HTR": "H", "HY": 3, "HomeTeam": "Ath Bilbao"},{"AC": 3, "AF": 13, "AR": 0, "AS": 4, "AST": 2, "AY": 2, "AwayTeam": "Eibar", "Date": "2014-10-18", "FTAG": 0, "FTHG": 3, "FTR": "H", "HC": 12, "HF": 9, "HR": 0, "HS": 27, "HST": 12, "HTAG": 0, "HTHG": 0, "HTR": "D", "HY": 2, "HomeTeam": "Barcelona"},{"AC": 13, "AF": 21, "AR": 0, "AS": 8, "AST": 4, "AY": 3, "AwayTeam": "Malaga", "Date": "2014-10-18", "FTAG": 2, "FTHG": 1, "FTR": "A", "HC": 6, "HF": 16, "HR": 0, "HS": 8, "HST": 2, "HTAG": 2, "HTHG": 0, "HTR": "A", "HY": 2, "HomeTeam": "Cordoba"},{"AC": 3, "AF": 8, "AR": 0, "AS": 21, "AST": 11, "AY": 0, "AwayTeam": "Real Madrid", "Date": "2014-10-18", "FTAG": 5, "FTHG": 0, "FTR": "A", "HC": 6, "HF": 13, "HR": 0, "HS": 11, "HST": 1, "HTAG": 2, "HTHG": 0, "HTR": "A", "HY": 4, "HomeTeam": "Levante"},{"AC": 1, "AF": 19, "AR": 0, "AS": 7, "AST": 1, "AY": 0, "AwayTeam": "Espanol", "Date": "2014-10-19", "FTAG": 0, "FTHG": 2, "FTR": "H", "HC": 12, "HF": 19, "HR": 0, "HS": 20, "HST": 9, "HTAG": 0, "HTHG": 1, "HTR": "H", "HY": 0, "HomeTeam": "Ath Madrid"},{"AC": 4, "AF": 23, "AR": 0, "AS": 10, "AST": 7, "AY": 2, "AwayTeam": "Sevilla", "Date": "2014-10-19", "FTAG": 2, "FTHG": 0, "FTR": "A", "HC": 6, "HF": 18, "HR": 0, "HS": 12, "HST": 1, "HTAG": 0, "HTHG": 0, "HTR": "D", "HY": 5, "HomeTeam": "Elche"},{"AC": 5, "AF": 19, "AR": 0, "AS": 8, "AST": 1, "AY": 3, "AwayTeam": "Valencia", "Date": "2014-10-19", "FTAG": 0, "FTHG": 3, "FTR": "H", "HC": 3, "HF": 19, "HR": 0, "HS": 11, "HST": 5, "HTAG": 0, "HTHG": 2, "HTR": "H", "HY": 3, "HomeTeam": "La Coruna"},{"AC": 4, "AF": 16, "AR": 0, "AS": 10, "AST": 3, "AY": 2, "AwayTeam": "Almeria", "Date": "2014-10-19", "FTAG": 0, "FTHG": 2, "FTR": "H", "HC": 6, "HF": 20, "HR": 0, "HS": 17, "HST": 8, "HTAG": 0, "HTHG": 1, "HTR": "H", "HY": 5, "HomeTeam": "Villarreal"},{"AC": 4, "AF": 13, "AR": 0, "AS": 16, "AST": 7, "AY": 3, "AwayTeam": "Getafe", "Date": "2014-10-20", "FTAG": 2, "FTHG": 1, "FTR": "A", "HC": 8, "HF": 10, "HR": 0, "HS": 13, "HST": 2, "HTAG": 0, "HTHG": 0, "HTR": "D", "HY": 1, "HomeTeam": "Sociedad"},{"AC": 0, "AF": 16, "AR": 0, "AS": 4, "AST": 0, "AY": 3, "AwayTeam": "Levante", "Date": "2014-10-24", "FTAG": 0, "FTHG": 3, "FTR": "H", "HC": 7, "HF": 14, "HR": 0, "HS": 13, "HST": 4, "HTAG": 0, "HTHG": 1, "HTR": "H", "HY": 0, "HomeTeam": "Celta"},{"AC": 8, "AF": 14, "AR": 0, "AS": 6, "AST": 1, "AY": 1, "AwayTeam": "Ath Bilbao", "Date": "2014-10-25", "FTAG": 1, "FTHG": 0, "FTR": "A", "HC": 4, "HF": 10, "HR": 0, "HS": 7, "HST": 3, "HTAG": 0, "HTHG": 0, "HTR": "D", "HY": 2, "HomeTeam": "Almeria"},{"AC": 4, "AF": 12, "AR": 0, "AS": 7, "AST": 1, "AY": 2, "AwayTeam": "Sociedad", "Date": "2014-10-25", "FTAG": 1, "FTHG": 1, "FTR": "D", "HC": 5, "HF": 13, "HR": 0, "HS": 7, "HST": 3, "HTAG": 1, "HTHG": 0, "HTR": "A", "HY": 3, "HomeTeam": "Cordoba"},{"AC": 8, "AF": 14, "AR": 0, "AS": 8, "AST": 3, "AY": 4, "AwayTeam": "Granada", "Date": "2014-10-25", "FTAG": 1, "FTHG": 1, "FTR": "D", "HC": 7, "HF": 14, "HR": 0, "HS": 7, "HST": 3, "HTAG": 1, "HTHG": 1, "HTR": "D", "HY": 3, "HomeTeam": "Eibar"},{"AC": 9, "AF": 10, "AR": 0, "AS": 16, "AST": 5, "AY": 4, "AwayTeam": "Barcelona", "Date": "2014-10-25", "FTAG": 1, "FTHG": 3, "FTR": "H", "HC": 3, "HF": 11, "HR": 0, "HS": 18, "HST": 6, "HTAG": 1, "HTHG": 1, "HTR": "D", "HY": 2, "HomeTeam": "Real Madrid"},{"AC": 6, "AF": 17, "AR": 0, "AS": 8, "AST": 3, "AY": 2, "AwayTeam": "Elche", "Date": "2014-10-25", "FTAG": 1, "FTHG": 3, "FTR": "H", "HC": 8, "HF": 11, "HR": 0, "HS": 12, "HST": 4, "HTAG": 0, "HTHG": 2, "HTR": "H", "HY": 0, "HomeTeam": "Valencia"},{"AC": 0, "AF": 17, "AR": 0, "AS": 5, "AST": 1, "AY": 4, "AwayTeam": "La Coruna", "Date": "2014-10-26", "FTAG": 0, "FTHG": 0, "FTR": "D", "HC": 11, "HF": 12, "HR": 0, "HS": 16, "HST": 5, "HTAG": 0, "HTHG": 0, "HTR": "D", "HY": 2, "HomeTeam": "Espanol"},{"AC": 8, "AF": 11, "AR": 0, "AS": 12, "AST": 7, "AY": 3, "AwayTeam": "Ath Madrid", "Date": "2014-10-26", "FTAG": 1, "FTHG": 0, "FTR": "A", "HC": 1, "HF": 17, "HR": 1, "HS": 11, "HST": 4, "HTAG": 1, "HTHG": 0, "HTR": "A", "HY": 3, "HomeTeam": "Getafe"},{"AC": 4, "AF": 21, "AR": 0, "AS": 10, "AST": 4, "AY": 4, "AwayTeam": "Vallecano", "Date": "2014-10-26", "FTAG": 0, "FTHG": 4, "FTR": "H", "HC": 7, "HF": 18, "HR": 0, "HS": 18, "HST": 8, "HTAG": 0, "HTHG": 3, "HTR": "H", "HY": 1, "HomeTeam": "Malaga"},{"AC": 2, "AF": 15, "AR": 0, "AS": 11, "AST": 4, "AY": 4, "AwayTeam": "Villarreal", "Date": "2014-10-26", "FTAG": 1, "FTHG": 2, "FTR": "H", "HC": 3, "HF": 19, "HR": 0, "HS": 8, "HST": 4, "HTAG": 0, "HTHG": 0, "HTR": "D", "HY": 3, "HomeTeam": "Sevilla"},{"AC": 6, "AF": 23, "AR": 0, "AS": 16, "AST": 4, "AY": 1, "AwayTeam": "Getafe", "Date": "2014-10-31", "FTAG": 2, "FTHG": 1, "FTR": "A", "HC": 4, "HF": 7, "HR": 0, "HS": 9, "HST": 2, "HTAG": 1, "HTHG": 0, "HTR": "A", "HY": 2, "HomeTeam": "La Coruna"},{"AC": 5, "AF": 13, "AR": 0, "AS": 8, "AST": 4, "AY": 2, "AwayTeam": "Cordoba", "Date": "2014-11-01", "FTAG": 2, "FTHG": 4, "FTR": "H", "HC": 4, "HF": 12, "HR": 0, "HS": 16, "HST": 8, "HTAG": 0, "HTHG": 1, "HTR": "H", "HY": 0, "HomeTeam": "Ath Madrid"},{"AC": 5, "AF": 29, "AR": 0, "AS": 10, "AST": 4, "AY": 2, "AwayTeam": "Celta", "Date": "2014-11-01", "FTAG": 1, "FTHG": 0, "FTR": "A", "HC": 9, "HF": 10, "HR": 0, "HS": 19, "HST": 9, "HTAG": 0, "HTHG": 0, "HTR": "D", "HY": 1, "HomeTeam": "Barcelona"},{"AC": 4, "AF": 9, "AR": 0, "AS": 18, "AST": 8, "AY": 2, "AwayTeam": "Real Madrid", "Date": "2014-11-01", "FTAG": 4, "FTHG": 0, "FTR": "A", "HC": 3, "HF": 19, "HR": 0, "HS": 11, "HST": 5, "HTAG": 2, "HTHG": 0, "HTR": "A", "HY": 1, "HomeTeam": "Granada"},{"AC": 3, "AF": 22, "AR": 0, "AS": 6, "AST": 2, "AY": 5, "AwayTeam": "Malaga", "Date": "2014-11-01", "FTAG": 1, "FTHG": 0, "FTR": "A", "HC": 6, "HF": 18, "HR": 0, "HS": 5, "HST": 0, "HTAG": 0, "HTHG": 0, "HTR": "D", "HY": 2, "HomeTeam": "Sociedad"},{"AC": 8, "AF": 11, "AR": 0, "AS": 4, "AST": 1, "AY": 3, "AwayTeam": "Sevilla", "Date": "2014-11-02", "FTAG": 0, "FTHG": 1, "FTR": "H", "HC": 4, "HF": 24, "HR": 0, "HS": 9, "HST": 2, "HTAG": 0, "HTHG": 1, "HTR": "H", "HY": 4, "HomeTeam": "Ath Bilbao"},{"AC": 10, "AF": 10, "AR": 0, "AS": 15, "AST": 5, "AY": 2, "AwayTeam": "Espanol", "Date": "2014-11-02", "FTAG": 1, "FTHG": 2, "FTR": "H", "HC": 4, "HF": 19, "HR": 2, "HS": 11, "HST": 5, "HTAG": 0, "HTHG": 1, "HTR": "H", "HY": 2, "HomeTeam": "Elche"},{"AC": 6, "AF": 17, "AR": 0, "AS": 14, "AST": 5, "AY": 2, "AwayTeam": "Almeria", "Date": "2014-11-02", "FTAG": 1, "FTHG": 2, "FTR": "H", "HC": 3, "HF": 17, "HR": 0, "HS": 11, "HST": 5, "HTAG": 0, "HTHG": 1, "HTR": "H", "HY": 3, "HomeTeam": "Levante"},{"AC": 4, "AF": 15, "AR": 0, "AS": 6, "AST": 3, "AY": 3, "AwayTeam": "Valencia", "Date": "2014-11-02", "FTAG": 3, "FTHG": 1, "FTR": "A", "HC": 11, "HF": 12, "HR": 0, "HS": 14, "HST": 4, "HTAG": 1, "HTHG": 0, "HTR": "A", "HY": 2, "HomeTeam": "Villarreal"},{"AC": 2, "AF": 14, "AR": 0, "AS": 8, "AST": 5, "AY": 2, "AwayTeam": "Eibar", "Date": "2014-11-03", "FTAG": 3, "FTHG": 2, "FTR": "A", "HC": 11, "HF": 10, "HR": 0, "HS": 16, "HST": 6, "HTAG": 1, "HTHG": 0, "HTR": "A", "HY": 1, "HomeTeam": "Vallecano"},{"AC": 2, "AF": 5, "AR": 1, "AS": 6, "AST": 2, "AY": 0, "AwayTeam": "La Coruna", "Date": "2014-11-07", "FTAG": 0, "FTHG": 0, "FTR": "D", "HC": 3, "HF": 10, "HR": 0, "HS": 14, "HST": 6, "HTAG": 0, "HTHG": 0, "HTR": "D", "HY": 4, "HomeTeam": "Cordoba"},{"AC": 5, "AF": 9, "AR": 0, "AS": 18, "AST": 6, "AY": 0, "AwayTeam": "Barcelona", "Date": "2014-11-08", "FTAG": 2, "FTHG": 1, "FTR": "A", "HC": 4, "HF": 16, "HR": 0, "HS": 6, "HST": 2, "HTAG": 0, "HTHG": 1, "HTR": "H", "HY": 2, "HomeTeam": "Almeria"},{"AC": 2, "AF": 17, "AR": 0, "AS": 8, "AST": 1, "AY": 5, "AwayTeam": "Granada", "Date": "2014-11-08", "FTAG": 0, "FTHG": 0, "FTR": "D", "HC": 6, "HF": 14, "HR": 0, "HS": 17, "HST": 5, "HTAG": 0, "HTHG": 0, "HTR": "D", "HY": 1, "HomeTeam": "Celta"},{"AC": 2, "AF": 8, "AR": 0, "AS": 11, "AST": 5, "AY": 2, "AwayTeam": "Elche", "Date": "2014-11-08", "FTAG": 0, "FTHG": 0, "FTR": "D", "HC": 9, "HF": 11, "HR": 0, "HS": 16, "HST": 3, "HTAG": 0, "HTHG": 0, "HTR": "D", "HY": 1, "HomeTeam": "Getafe"},{"AC": 3, "AF": 15, "AR": 1, "AS": 7, "AST": 3, "AY": 2, "AwayTeam": "Eibar", "Date": "2014-11-08", "FTAG": 1, "FTHG": 2, "FTR": "H", "HC": 5, "HF": 9, "HR": 0, "HS": 15, "HST": 8, "HTAG": 1, "HTHG": 0, "HTR": "A", "HY": 3, "HomeTeam": "Malaga"},{"AC": 6, "AF": 15, "AR": 0, "AS": 15, "AST": 6, "AY": 4, "AwayTeam": "Vallecano", "Date": "2014-11-08", "FTAG": 1, "FTHG": 5, "FTR": "H", "HC": 4, "HF": 12, "HR": 0, "HS": 16, "HST": 11, "HTAG": 1, "HTHG": 2, "HTR": "H", "HY": 0, "HomeTeam": "Real Madrid"},{"AC": 7, "AF": 25, "AR": 0, "AS": 9, "AST": 5, "AY": 3, "AwayTeam": "Villarreal", "Date": "2014-11-09", "FTAG": 1, "FTHG": 1, "FTR": "D", "HC": 6, "HF": 16, "HR": 0, "HS": 11, "HST": 4, "HTAG": 1, "HTHG": 0, "HTR": "A", "HY": 3, "HomeTeam": "Espanol"},{"AC": 5, "AF": 10, "AR": 0, "AS": 16, "AST": 5, "AY": 6, "AwayTeam": "Levante", "Date": "2014-11-09", "FTAG": 1, "FTHG": 1, "FTR": "D", "HC": 6, "HF": 13, "HR": 0, "HS": 15, "HST": 6, "HTAG": 0, "HTHG": 1, "HTR": "H", "HY": 2, "HomeTeam": "Sevilla"},{"AC": 1, "AF": 17, "AR": 1, "AS": 4, "AST": 2, "AY": 6, "AwayTeam": "Ath Madrid", "Date": "2014-11-09", "FTAG": 1, "FTHG": 2, "FTR": "H", "HC": 2, "HF": 17, "HR": 0, "HS": 11, "HST": 5, "HTAG": 1, "HTHG": 1, "HTR": "D", "HY": 2, "HomeTeam": "Sociedad"},{"AC": 4, "AF": 17, "AR": 0, "AS": 4, "AST": 1, "AY": 2, "AwayTeam": "Ath Bilbao", "Date": "2014-11-09", "FTAG": 0, "FTHG": 0, "FTR": "D", "HC": 2, "HF": 13, "HR": 0, "HS": 8, "HST": 1, "HTAG": 0, "HTHG": 0, "HTR": "D", "HY": 0, "HomeTeam": "Valencia"},{"AC": 3, "AF": 18, "AR": 0, "AS": 8, "AST": 3, "AY": 5, "AwayTeam": "Espanol", "Date": "2014-11-21", "FTAG": 1, "FTHG": 3, "FTR": "H", "HC": 5, "HF": 15, "HR": 0, "HS": 9, "HST": 5, "HTAG": 0, "HTHG": 2, "HTR": "H", "HY": 0, "HomeTeam": "Ath Bilbao"},{"AC": 3, "AF": 14, "AR": 1, "AS": 4, "AST": 1, "AY": 3, "AwayTeam": "Malaga", "Date": "2014-11-22", "FTAG": 1, "FTHG": 3, "FTR": "H", "HC": 4, "HF": 18, "HR": 1, "HS": 11, "HST": 5, "HTAG": 0, "HTHG": 2, "HTR": "H", "HY": 1, "HomeTeam": "Ath Madrid"},{"AC": 4, "AF": 21, "AR": 0, "AS": 2, "AST": 0, "AY": 2, "AwayTeam": "Sevilla", "Date": "2014-11-22", "FTAG": 1, "FTHG": 5, "FTR": "H", "HC": 5, "HF": 8, "HR": 0, "HS": 16, "HST": 10, "HTAG": 0, "HTHG": 1, "HTR": "H", "HY": 1, "HomeTeam": "Barcelona"},{"AC": 2, "AF": 9, "AR": 0, "AS": 19, "AST": 8, "AY": 2, "AwayTeam": "Real Madrid", "Date": "2014-11-22", "FTAG": 4, "FTHG": 0, "FTR": "A", "HC": 4, "HF": 16, "HR": 0, "HS": 10, "HST": 2, "HTAG": 2, "HTHG": 0, "HTR": "A", "HY": 4, "HomeTeam": "Eibar"},{"AC": 6, "AF": 11, "AR": 0, "AS": 17, "AST": 5, "AY": 1, "AwayTeam": "Sociedad", "Date": "2014-11-22", "FTAG": 0, "FTHG": 0, "FTR": "D", "HC": 8, "HF": 14, "HR": 0, "HS": 11, "HST": 4, "HTAG": 0, "HTHG": 0, "HTR": "D", "HY": 3, "HomeTeam": "La Coruna"},{"AC": 2, "AF": 14, "AR": 0, "AS": 10, "AST": 3, "AY": 4, "AwayTeam": "Cordoba", "Date": "2014-11-23", "FTAG": 2, "FTHG": 2, "FTR": "D", "HC": 6, "HF": 16, "HR": 0, "HS": 17, "HST": 6, "HTAG": 1, "HTHG": 0, "HTR": "A", "HY": 3, "HomeTeam": "Elche"},{"AC": 5, "AF": 18, "AR": 0, "AS": 17, "AST": 6, "AY": 1, "AwayTeam": "Valencia", "Date": "2014-11-23", "FTAG": 1, "FTHG": 2, "FTR": "H", "HC": 4, "HF": 20, "HR": 0, "HS": 10, "HST": 5, "HTAG": 0, "HTHG": 0, "HTR": "D", "HY": 2, "HomeTeam": "Levante"},{"AC": 9, "AF": 16, "AR": 0, "AS": 14, "AST": 4, "AY": 4, "AwayTeam": "Celta", "Date": "2014-11-23", "FTAG": 0, "FTHG": 1, "FTR": "H", "HC": 2, "HF": 14, "HR": 0, "HS": 9, "HST": 3, "HTAG": 0, "HTHG": 1, "HTR": "H", "HY": 6, "HomeTeam": "Vallecano"},{"AC": 4, "AF": 14, "AR": 0, "AS": 15, "AST": 5, "AY": 2, "AwayTeam": "Getafe", "Date": "2014-11-23", "FTAG": 1, "FTHG": 2, "FTR": "H", "HC": 7, "HF": 15, "HR": 0, "HS": 10, "HST": 4, "HTAG": 0, "HTHG": 2, "HTR": "H", "HY": 3, "HomeTeam": "Villarreal"},{"AC": 5, "AF": 7, "AR": 1, "AS": 3, "AST": 1, "AY": 0, "AwayTeam": "Almeria", "Date": "2014-11-24", "FTAG": 0, "FTHG": 0, "FTR": "D", "HC": 10, "HF": 10, "HR": 0, "HS": 24, "HST": 11, "HTAG": 0, "HTHG": 0, "HTR": "D", "HY": 4, "HomeTeam": "Granada"},{"AC": 1, "AF": 15, "AR": 0, "AS": 13, "AST": 5, "AY": 4, "AwayTeam": "Elche", "Date": "2014-11-28", "FTAG": 0, "FTHG": 3, "FTR": "H", "HC": 2, "HF": 15, "HR": 0, "HS": 12, "HST": 8, "HTAG": 0, "HTHG": 2, "HTR": "H", "HY": 2, "HomeTeam": "Sociedad"},{"AC": 1, "AF": 21, "AR": 0, "AS": 8, "AST": 2, "AY": 5, "AwayTeam": "Eibar", "Date": "2014-11-29", "FTAG": 1, "FTHG": 0, "FTR": "A", "HC": 15, "HF": 10, "HR": 0, "HS": 29, "HST": 9, "HTAG": 1, "HTHG": 0, "HTR": "A", "HY": 4, "HomeTeam": "Celta"},{"AC": 6, "AF": 10, "AR": 0, "AS": 16, "AST": 3, "AY": 3, "AwayTeam": "Levante", "Date": "2014-11-29", "FTAG": 1, "FTHG": 2, "FTR": "H", "HC": 5, "HF": 21, "HR": 0, "HS": 10, "HST": 4, "HTAG": 1, "HTHG": 2, "HTR": "H", "HY": 2, "HomeTeam": "Espanol"},{"AC": 4, "AF": 15, "AR": 0, "AS": 8, "AST": 3, "AY": 5, "AwayTeam": "Ath Bilbao", "Date": "2014-11-29", "FTAG": 2, "FTHG": 1, "FTR": "A", "HC": 2, "HF": 12, "HR": 0, "HS": 14, "HST": 7, "HTAG": 1, "HTHG": 0, "HTR": "A", "HY": 7, "HomeTeam": "Getafe"},{"AC": 6, "AF": 11, "AR": 1, "AS": 21, "AST": 9, "AY": 2, "AwayTeam": "Real Madrid", "Date": "2014-11-29", "FTAG": 2, "FTHG": 1, "FTR": "A", "HC": 5, "HF": 17, "HR": 0, "HS": 12, "HST": 7, "HTAG": 1, "HTHG": 0, "HTR": "A", "HY": 2, "HomeTeam": "Malaga"},{"AC": 3, "AF": 18, "AR": 0, "AS": 3, "AST": 1, "AY": 2, "AwayTeam": "La Coruna", "Date": "2014-11-30", "FTAG": 0, "FTHG": 2, "FTR": "H", "HC": 5, "HF": 16, "HR": 0, "HS": 9, "HST": 4, "HTAG": 0, "HTHG": 1, "HTR": "H", "HY": 2, "HomeTeam": "Ath Madrid"},{"AC": 8, "AF": 13, "AR": 0, "AS": 10, "AST": 7, "AY": 2, "AwayTeam": "Villarreal", "Date": "2014-11-30", "FTAG": 2, "FTHG": 0, "FTR": "A", "HC": 9, "HF": 7, "HR": 0, "HS": 11, "HST": 2, "HTAG": 1, "HTHG": 0, "HTR": "A", "HY": 2, "HomeTeam": "Cordoba"},{"AC": 4, "AF": 20, "AR": 0, "AS": 9, "AST": 4, "AY": 2, "AwayTeam": "Granada", "Date": "2014-11-30", "FTAG": 1, "FTHG": 5, "FTR": "H", "HC": 7, "HF": 18, "HR": 0, "HS": 13, "HST": 8, "HTAG": 1, "HTHG": 1, "HTR": "D", "HY": 1, "HomeTeam": "Sevilla"},{"AC": 5, "AF": 7, "AR": 0, "AS": 7, "AST": 1, "AY": 3, "AwayTeam": "Barcelona", "Date": "2014-11-30", "FTAG": 1, "FTHG": 0, "FTR": "A", "HC": 5, "HF": 9, "HR": 0, "HS": 12, "HST": 4, "HTAG": 0, "HTHG": 0, "HTR": "D", "HY": 3, "HomeTeam": "Valencia"},{"AC": 6, "AF": 12, "AR": 0, "AS": 11, "AST": 4, "AY": 4, "AwayTeam": "Vallecano", "Date": "2014-12-01", "FTAG": 1, "FTHG": 0, "FTR": "A", "HC": 5, "HF": 14, "HR": 0, "HS": 11, "HST": 1, "HTAG": 0, "HTHG": 0, "HTR": "D", "HY": 4, "HomeTeam": "Almeria"},{"AC": 4, "AF": 14, "AR": 0, "AS": 7, "AST": 3, "AY": 6, "AwayTeam": "Cordoba", "Date": "2014-12-06", "FTAG": 1, "FTHG": 0, "FTR": "A", "HC": 15, "HF": 13, "HR": 0, "HS": 15, "HST": 3, "HTAG": 1, "HTHG": 0, "HTR": "A", "HY": 4, "HomeTeam": "Ath Bilbao"},{"AC": 1, "AF": 15, "AR": 0, "AS": 4, "AST": 3, "AY": 0, "AwayTeam": "Ath Madrid", "Date": "2014-12-06", "FTAG": 2, "FTHG": 0, "FTR": "A", "HC": 6, "HF": 18, "HR": 0, "HS": 8, "HST": 1, "HTAG": 1, "HTHG": 0, "HTR": "A", "HY": 2, "HomeTeam": "Elche"},{"AC": 5, "AF": 15, "AR": 0, "AS": 8, "AST": 3, "AY": 3, "AwayTeam": "Malaga", "Date": "2014-12-06", "FTAG": 1, "FTHG": 0, "FTR": "A", "HC": 5, "HF": 14, "HR": 0, "HS": 14, "HST": 6, "HTAG": 1, "HTHG": 0, "HTR": "A", "HY": 4, "HomeTeam": "La Coruna"},{"AC": 7, "AF": 21, "AR": 0, "AS": 9, "AST": 0, "AY": 4, "AwayTeam": "Celta", "Date": "2014-12-06", "FTAG": 0, "FTHG": 3, "FTR": "H", "HC": 8, "HF": 15, "HR": 0, "HS": 20, "HST": 11, "HTAG": 0, "HTHG": 1, "HTR": "H", "HY": 4, "HomeTeam": "Real Madrid"},{"AC": 2, "AF": 11, "AR": 0, "AS": 3, "AST": 2, "AY": 4, "AwayTeam": "Espanol", "Date": "2014-12-07", "FTAG": 1, "FTHG": 5, "FTR": "H", "HC": 5, "HF": 6, "HR": 0, "HS": 15, "HST": 7, "HTAG": 1, "HTHG": 1, "HTR": "D", "HY": 0, "HomeTeam": "Barcelona"},{"AC": 4, "AF": 9, "AR": 1, "AS": 9, "AST": 1, "AY": 4, "AwayTeam": "Valencia", "Date": "2014-12-07", "FTAG": 1, "FTHG": 1, "FTR": "D", "HC": 4, "HF": 20, "HR": 0, "HS": 9, "HST": 2, "HTAG": 0, "HTHG": 0, "HTR": "D", "HY": 4, "HomeTeam": "Granada"},{"AC": 2, "AF": 19, "AR": 1, "AS": 11, "AST": 6, "AY": 6, "AwayTeam": "Sevilla", "Date": "2014-12-07", "FTAG": 1, "FTHG": 0, "FTR": "A", "HC": 6, "HF": 14, "HR": 0, "HS": 11, "HST": 3, "HTAG": 1, "HTHG": 0, "HTR": "A", "HY": 4, "HomeTeam": "Vallecano"},{"AC": 2, "AF": 8, "AR": 0, "AS": 12, "AST": 2, "AY": 2, "AwayTeam": "Sociedad", "Date": "2014-12-07", "FTAG": 0, "FTHG": 4, "FTR": "H", "HC": 8, "HF": 14, "HR": 0, "HS": 24, "HST": 9, "HTAG": 0, "HTHG": 0, "HTR": "D", "HY": 2, "HomeTeam": "Villarreal"},{"AC": 3, "AF": 12, "AR": 0, "AS": 14, "AST": 3, "AY": 3, "AwayTeam": "Almeria", "Date": "2014-12-08", "FTAG": 2, "FTHG": 5, "FTR": "H", "HC": 7, "HF": 18, "HR": 0, "HS": 17, "HST": 8, "HTAG": 1, "HTHG": 3, "HTR": "H", "HY": 4, "HomeTeam": "Eibar"},{"AC": 0, "AF": 17, "AR": 0, "AS": 5, "AST": 1, "AY": 4, "AwayTeam": "Getafe", "Date": "2014-12-08", "FTAG": 1, "FTHG": 1, "FTR": "D", "HC": 4, "HF": 14, "HR": 0, "HS": 16, "HST": 3, "HTAG": 0, "HTHG": 0, "HTR": "D", "HY": 3, "HomeTeam": "Levante"},{"AC": 8, "AF": 8, "AR": 0, "AS": 15, "AST": 8, "AY": 4, "AwayTeam": "Real Madrid", "Date": "2014-12-12", "FTAG": 4, "FTHG": 1, "FTR": "A", "HC": 2, "HF": 14, "HR": 0, "HS": 16, "HST": 3, "HTAG": 2, "HTHG": 1, "HTR": "A", "HY": 4, "HomeTeam": "Almeria"},{"AC": 6, "AF": 19, "AR": 0, "AS": 12, "AST": 3, "AY": 3, "AwayTeam": "Levante", "Date": "2014-12-13", "FTAG": 0, "FTHG": 0, "FTR": "D", "HC": 7, "HF": 6, "HR": 0, "HS": 13, "HST": 4, "HTAG": 0, "HTHG": 0, "HTR": "D", "HY": 0, "HomeTeam": "Cordoba"},{"AC": 5, "AF": 8, "AR": 0, "AS": 23, "AST": 2, "AY": 0, "AwayTeam": "Barcelona", "Date": "2014-12-13", "FTAG": 0, "FTHG": 0, "FTR": "D", "HC": 4, "HF": 24, "HR": 0, "HS": 4, "HST": 2, "HTAG": 0, "HTHG": 0, "HTR": "D", "HY": 2, "HomeTeam": "Getafe"},{"AC": 9, "AF": 13, "AR": 0, "AS": 14, "AST": 8, "AY": 4, "AwayTeam": "Celta", "Date": "2014-12-13", "FTAG": 0, "FTHG": 1, "FTR": "H", "HC": 1, "HF": 15, "HR": 0, "HS": 12, "HST": 4, "HTAG": 0, "HTHG": 1, "HTR": "H", "HY": 5, "HomeTeam": "Malaga"},{"AC": 2, "AF": 14, "AR": 0, "AS": 19, "AST": 4, "AY": 3, "AwayTeam": "Vallecano", "Date": "2014-12-13", "FTAG": 0, "FTHG": 3, "FTR": "H", "HC": 6, "HF": 16, "HR": 1, "HS": 14, "HST": 6, "HTAG": 0, "HTHG": 3, "HTR": "H", "HY": 3, "HomeTeam": "Valencia"},{"AC": 2, "AF": 16, "AR": 0, "AS": 7, "AST": 4, "AY": 3, "AwayTeam": "Villarreal", "Date": "2014-12-14", "FTAG": 1, "FTHG": 0, "FTR": "A", "HC": 7, "HF": 15, "HR": 0, "HS": 11, "HST": 2, "HTAG": 0, "HTHG": 0, "HTR": "D", "HY": 4, "HomeTeam": "Ath Madrid"},{"AC": 3, "AF": 19, "AR": 1, "AS": 7, "AST": 6, "AY": 4, "AwayTeam": "Granada", "Date": "2014-12-14", "FTAG": 1, "FTHG": 2, "FTR": "H", "HC": 2, "HF": 13, "HR": 0, "HS": 12, "HST": 4, "HTAG": 0, "HTHG": 1, "HTR": "H", "HY": 2, "HomeTeam": "Espanol"},{"AC": 2, "AF": 17, "AR": 0, "AS": 6, "AST": 2, "AY": 6, "AwayTeam": "Eibar", "Date": "2014-12-14", "FTAG": 0, "FTHG": 0, "FTR": "D", "HC": 11, "HF": 11, "HR": 0, "HS": 16, "HST": 2, "HTAG": 0, "HTHG": 0, "HTR": "D", "HY": 3, "HomeTeam": "Sevilla"},{"AC": 6, "AF": 21, "AR": 1, "AS": 12, "AST": 5, "AY": 3, "AwayTeam": "Ath Bilbao", "Date": "2014-12-14", "FTAG": 1, "FTHG": 1, "FTR": "D", "HC": 3, "HF": 12, "HR": 0, "HS": 14, "HST": 4, "HTAG": 0, "HTHG": 1, "HTR": "H", "HY": 0, "HomeTeam": "Sociedad"},{"AC": 5, "AF": 19, "AR": 0, "AS": 10, "AST": 4, "AY": 2, "AwayTeam": "Elche", "Date": "2014-12-15", "FTAG": 0, "FTHG": 1, "FTR": "H", "HC": 7, "HF": 19, "HR": 0, "HS": 15, "HST": 3, "HTAG": 0, "HTHG": 1, "HTR": "H", "HY": 5, "HomeTeam": "La Coruna"},{"AC": 2, "AF": 19, "AR": 0, "AS": 4, "AST": 2, "AY": 4, "AwayTeam": "Almeria", "Date": "2014-12-19", "FTAG": 1, "FTHG": 0, "FTR": "A", "HC": 17, "HF": 10, "HR": 0, "HS": 19, "HST": 4, "HTAG": 1, "HTHG": 0, "HTR": "A", "HY": 6, "HomeTeam": "Celta"},{"AC": 0, "AF": 5, "AR": 0, "AS": 7, "AST": 2, "AY": 0, "AwayTeam": "Cordoba", "Date": "2014-12-20", "FTAG": 0, "FTHG": 5, "FTR": "H", "HC": 8, "HF": 14, "HR": 0, "HS": 16, "HST": 9, "HTAG": 0, "HTHG": 1, "HTR": "H", "HY": 1, "HomeTeam": "Barcelona"},{"AC": 5, "AF": 8, "AR": 0, "AS": 10, "AST": 3, "AY": 3, "AwayTeam": "Valencia", "Date": "2014-12-20", "FTAG": 1, "FTHG": 0, "FTR": "A", "HC": 2, "HF": 16, "HR": 0, "HS": 8, "HST": 2, "HTAG": 1, "HTHG": 0, "HTR": "A", "HY": 7, "HomeTeam": "Eibar"},{"AC": 4, "AF": 20, "AR": 0, "AS": 3, "AST": 2, "AY": 5, "AwayTeam": "Sociedad", "Date": "2014-12-20", "FTAG": 1, "FTHG": 1, "FTR": "D", "HC": 3, "HF": 16, "HR": 0, "HS": 11, "HST": 2, "HTAG": 0, "HTHG": 0, "HTR": "D", "HY": 3, "HomeTeam": "Levante"},{"AC": 5, "AF": 20, "AR": 1, "AS": 7, "AST": 4, "AY": 4, "AwayTeam": "Espanol", "Date": "2014-12-20", "FTAG": 3, "FTHG": 1, "FTR": "A", "HC": 4, "HF": 11, "HR": 0, "HS": 16, "HST": 5, "HTAG": 1, "HTHG": 1, "HTR": "D", "HY": 3, "HomeTeam": "Vallecano"},{"AC": 1, "AF": 14, "AR": 0, "AS": 5, "AST": 4, "AY": 4, "AwayTeam": "Ath Madrid", "Date": "2014-12-21", "FTAG": 4, "FTHG": 1, "FTR": "A", "HC": 3, "HF": 12, "HR": 0, "HS": 4, "HST": 2, "HTAG": 0, "HTHG": 1, "HTR": "H", "HY": 3, "HomeTeam": "Ath Bilbao"},{"AC": 4, "AF": 13, "AR": 0, "AS": 19, "AST": 10, "AY": 1, "AwayTeam": "Malaga", "Date": "2014-12-21", "FTAG": 2, "FTHG": 1, "FTR": "A", "HC": 5, "HF": 21, "HR": 0, "HS": 9, "HST": 3, "HTAG": 0, "HTHG": 1, "HTR": "H", "HY": 2, "HomeTeam": "Elche"},{"AC": 5, "AF": 8, "AR": 0, "AS": 12, "AST": 4, "AY": 2, "AwayTeam": "Getafe", "Date": "2014-12-21", "FTAG": 1, "FTHG": 1, "FTR": "D", "HC": 3, "HF": 19, "HR": 0, "HS": 13, "HST": 3, "HTAG": 0, "HTHG": 1, "HTR": "H", "HY": 4, "HomeTeam": "Granada"},{"AC": 2, "AF": 15, "AR": 0, "AS": 10, "AST": 2, "AY": 3, "AwayTeam": "La Coruna", "Date": "2014-12-21", "FTAG": 0, "FTHG": 3, "FTR": "H", "HC": 5, "HF": 16, "HR": 1, "HS": 15, "HST": 9, "HTAG": 0, "HTHG": 1, "HTR": "H", "HY": 1, "HomeTeam": "Villarreal"},{"AC": 6, "AF": 10, "AR": 0, "AS": 10, "AST": 4, "AY": 3, "AwayTeam": "Levante", "Date": "2015-01-03", "FTAG": 1, "FTHG": 3, "FTR": "H", "HC": 7, "HF": 6, "HR": 0, "HS": 13, "HST": 5, "HTAG": 0, "HTHG": 1, "HTR": "H", "HY": 2, "HomeTeam": "Ath Madrid"},{"AC": 9, "AF": 13, "AR": 0, "AS": 18, "AST": 5, "AY": 2, "AwayTeam": "Villarreal", "Date": "2015-01-03", "FTAG": 2, "FTHG": 2, "FTR": "D", "HC": 6, "HF": 15, "HR": 0, "HS": 18, "HST": 8, "HTAG": 2, "HTHG": 2, "HTR": "D", "HY": 4, "HomeTeam": "Elche"},{"AC": 2, "AF": 16, "AR": 0, "AS": 12, "AST": 4, "AY": 1, "AwayTeam": "Ath Bilbao", "Date": "2015-01-03", "FTAG": 0, "FTHG": 1, "FTR": "H", "HC": 5, "HF": 20, "HR": 0, "HS": 8, "HST": 4, "HTAG": 0, "HTHG": 1, "HTR": "H", "HY": 1, "HomeTeam": "La Coruna"},{"AC": 1, "AF": 17, "AR": 1, "AS": 6, "AST": 4, "AY": 4, "AwayTeam": "Almeria", "Date": "2015-01-03", "FTAG": 2, "FTHG": 1, "FTR": "A", "HC": 7, "HF": 19, "HR": 0, "HS": 14, "HST": 6, "HTAG": 1, "HTHG": 0, "HTR": "A", "HY": 5, "HomeTeam": "Malaga"},{"AC": 8, "AF": 17, "AR": 1, "AS": 16, "AST": 2, "AY": 5, "AwayTeam": "Celta", "Date": "2015-01-03", "FTAG": 0, "FTHG": 1, "FTR": "H", "HC": 1, "HF": 28, "HR": 0, "HS": 10, "HST": 4, "HTAG": 0, "HTHG": 1, "HTR": "H", "HY": 4, "HomeTeam": "Sevilla"},{"AC": 3, "AF": 15, "AR": 0, "AS": 12, "AST": 6, "AY": 1, "AwayTeam": "Eibar", "Date": "2015-01-04", "FTAG": 2, "FTHG": 1, "FTR": "A", "HC": 6, "HF": 9, "HR": 0, "HS": 15, "HST": 6, "HTAG": 2, "HTHG": 0, "HTR": "A", "HY": 1, "HomeTeam": "Espanol"},{"AC": 4, "AF": 12, "AR": 0, "AS": 16, "AST": 7, "AY": 2, "AwayTeam": "Vallecano", "Date": "2015-01-04", "FTAG": 2, "FTHG": 1, "FTR": "A", "HC": 6, "HF": 23, "HR": 0, "HS": 12, "HST": 4, "HTAG": 1, "HTHG": 1, "HTR": "D", "HY": 3, "HomeTeam": "Getafe"},{"AC": 8, "AF": 14, "AR": 0, "AS": 17, "AST": 4, "AY": 4, "AwayTeam": "Barcelona", "Date": "2015-01-04", "FTAG": 0, "FTHG": 1, "FTR": "H", "HC": 6, "HF": 21, "HR": 0, "HS": 6, "HST": 1, "HTAG": 0, "HTHG": 1, "HTR": "H", "HY": 5, "HomeTeam": "Sociedad"},{"AC": 11, "AF": 17, "AR": 0, "AS": 19, "AST": 8, "AY": 3, "AwayTeam": "Real Madrid", "Date": "2015-01-04", "FTAG": 1, "FTHG": 2, "FTR": "H", "HC": 3, "HF": 24, "HR": 0, "HS": 11, "HST": 3, "HTAG": 1, "HTHG": 0, "HTR": "A", "HY": 6, "HomeTeam": "Valencia"},{"AC": 4, "AF": 17, "AR": 0, "AS": 12, "AST": 1, "AY": 0, "AwayTeam": "Granada", "Date": "2015-01-05", "FTAG": 0, "FTHG": 2, "FTR": "H", "HC": 0, "HF": 22, "HR": 0, "HS": 5, "HST": 3, "HTAG": 0, "HTHG": 2, "HTR": "H", "HY": 2, "HomeTeam": "Cordoba"},{"AC": 3, "AF": 17, "AR": 0, "AS": 13, "AST": 6, "AY": 3, "AwayTeam": "La Coruna", "Date": "2015-01-09", "FTAG": 0, "FTHG": 0, "FTR": "D", "HC": 4, "HF": 22, "HR": 0, "HS": 9, "HST": 0, "HTAG": 0, "HTHG": 0, "HTR": "D", "HY": 4, "HomeTeam": "Levante"},{"AC": 2, "AF": 19, "AR": 0, "AS": 4, "AST": 2, "AY": 3, "AwayTeam": "Valencia", "Date": "2015-01-10", "FTAG": 1, "FTHG": 1, "FTR": "D", "HC": 11, "HF": 20, "HR": 0, "HS": 14, "HST": 4, "HTAG": 1, "HTHG": 0, "HTR": "A", "HY": 3, "HomeTeam": "Celta"},{"AC": 3, "AF": 12, "AR": 0, "AS": 7, "AST": 3, "AY": 1, "AwayTeam": "Getafe", "Date": "2015-01-10", "FTAG": 1, "FTHG": 2, "FTR": "H", "HC": 2, "HF": 19, "HR": 0, "HS": 12, "HST": 5, "HTAG": 0, "HTHG": 1, "HTR": "H", "HY": 2, "HomeTeam": "Eibar"},{"AC": 3, "AF": 15, "AR": 0, "AS": 9, "AST": 4, "AY": 4, "AwayTeam": "Villarreal", "Date": "2015-01-10", "FTAG": 1, "FTHG": 1, "FTR": "D", "HC": 5, "HF": 6, "HR": 0, "HS": 13, "HST": 6, "HTAG": 1, "HTHG": 0, "HTR": "A", "HY": 4, "HomeTeam": "Malaga"},{"AC": 2, "AF": 14, "AR": 0, "AS": 11, "AST": 4, "AY": 4, "AwayTeam": "Espanol", "Date": "2015-01-10", "FTAG": 0, "FTHG": 3, "FTR": "H", "HC": 7, "HF": 11, "HR": 1, "HS": 18, "HST": 5, "HTAG": 0, "HTHG": 2, "HTR": "H", "HY": 1, "HomeTeam": "Real Madrid"},{"AC": 5, "AF": 12, "AR": 0, "AS": 12, "AST": 6, "AY": 2, "AwayTeam": "Sevilla", "Date": "2015-01-11", "FTAG": 2, "FTHG": 0, "FTR": "A", "HC": 5, "HF": 16, "HR": 0, "HS": 19, "HST": 6, "HTAG": 0, "HTHG": 0, "HTR": "D", "HY": 1, "HomeTeam": "Almeria"},{"AC": 2, "AF": 15, "AR": 0, "AS": 8, "AST": 5, "AY": 6, "AwayTeam": "Elche", "Date": "2015-01-11", "FTAG": 2, "FTHG": 1, "FTR": "A", "HC": 10, "HF": 7, "HR": 0, "HS": 13, "HST": 3, "HTAG": 1, "HTHG": 0, "HTR": "A", "HY": 2, "HomeTeam": "Ath Bilbao"},{"AC": 3, "AF": 18, "AR": 0, "AS": 5, "AST": 3, "AY": 6, "AwayTeam": "Ath Madrid", "Date": "2015-01-11", "FTAG": 1, "FTHG": 3, "FTR": "H", "HC": 1, "HF": 16, "HR": 0, "HS": 17, "HST": 7, "HTAG": 0, "HTHG": 2, "HTR": "H", "HY": 3, "HomeTeam": "Barcelona"},{"AC": 4, "AF": 15, "AR": 0, "AS": 10, "AST": 5, "AY": 2, "AwayTeam": "Sociedad", "Date": "2015-01-11", "FTAG": 1, "FTHG": 1, "FTR": "D", "HC": 11, "HF": 9, "HR": 0, "HS": 20, "HST": 3, "HTAG": 1, "HTHG": 0, "HTR": "A", "HY": 2, "HomeTeam": "Granada"},{"AC": 2, "AF": 9, "AR": 0, "AS": 9, "AST": 3, "AY": 2, "AwayTeam": "Cordoba", "Date": "2015-01-12", "FTAG": 1, "FTHG": 0, "FTR": "A", "HC": 6, "HF": 10, "HR": 0, "HS": 21, "HST": 4, "HTAG": 1, "HTHG": 0, "HTR": "A", "HY": 3, "HomeTeam": "Vallecano"},{"AC": 3, "AF": 12, "AR": 1, "AS": 6, "AST": 1, "AY": 3, "AwayTeam": "Eibar", "Date": "2015-01-16", "FTAG": 1, "FTHG": 1, "FTR": "D", "HC": 2, "HF": 18, "HR": 1, "HS": 14, "HST": 5, "HTAG": 0, "HTHG": 1, "HTR": "H", "HY": 4, "HomeTeam": "Cordoba"},{"AC": 1, "AF": 23, "AR": 0, "AS": 3, "AST": 2, "AY": 3, "AwayTeam": "Celta", "Date": "2015-01-17", "FTAG": 0, "FTHG": 1, "FTR": "H", "HC": 9, "HF": 9, "HR": 0, "HS": 15, "HST": 3, "HTAG": 0, "HTHG": 0, "HTR": "D", "HY": 3, "HomeTeam": "Espanol"},{"AC": 4, "AF": 20, "AR": 0, "AS": 12, "AST": 4, "AY": 4, "AwayTeam": "Vallecano", "Date": "2015-01-17", "FTAG": 1, "FTHG": 0, "FTR": "A", "HC": 8, "HF": 12, "HR": 0, "HS": 10, "HST": 2, "HTAG": 0, "HTHG": 0, "HTR": "D", "HY": 0, "HomeTeam": "Sociedad"},{"AC": 4, "AF": 18, "AR": 0, "AS": 8, "AST": 2, "AY": 2, "AwayTeam": "Almeria", "Date": "2015-01-17", "FTAG": 2, "FTHG": 3, "FTR": "H", "HC": 8, "HF": 14, "HR": 0, "HS": 15, "HST": 8, "HTAG": 2, "HTHG": 2, "HTR": "D", "HY": 2, "HomeTeam": "Valencia"},{"AC": 6, "AF": 10, "AR": 0, "AS": 11, "AST": 5, "AY": 2, "AwayTeam": "Ath Bilbao", "Date": "2015-01-17", "FTAG": 0, "FTHG": 2, "FTR": "H", "HC": 9, "HF": 15, "HR": 0, "HS": 19, "HST": 6, "HTAG": 0, "HTHG": 1, "HTR": "H", "HY": 2, "HomeTeam": "Villarreal"},{"AC": 6, "AF": 16, "AR": 0, "AS": 5, "AST": 1, "AY": 3, "AwayTeam": "Granada", "Date": "2015-01-18", "FTAG": 0, "FTHG": 2, "FTR": "H", "HC": 3, "HF": 17, "HR": 0, "HS": 12, "HST": 3, "HTAG": 0, "HTHG": 1, "HTR": "H", "HY": 3, "HomeTeam": "Ath Madrid"},{"AC": 5, "AF": 11, "AR": 1, "AS": 9, "AST": 2, "AY": 3, "AwayTeam": "Levante", "Date": "2015-01-18", "FTAG": 0, "FTHG": 1, "FTR": "H", "HC": 3, "HF": 18, "HR": 0, "HS": 15, "HST": 6, "HTAG": 0, "HTHG": 1, "HTR": "H", "HY": 3, "HomeTeam": "Elche"},{"AC": 8, "AF": 10, "AR": 0, "AS": 24, "AST": 9, "AY": 2, "AwayTeam": "Real Madrid", "Date": "2015-01-18", "FTAG": 3, "FTHG": 0, "FTR": "A", "HC": 7, "HF": 19, "HR": 0, "HS": 6, "HST": 0, "HTAG": 0, "HTHG": 0, "HTR": "D", "HY": 2, "HomeTeam": "Getafe"},{"AC": 4, "AF": 7, "AR": 0, "AS": 14, "AST": 6, "AY": 2, "AwayTeam": "Barcelona", "Date": "2015-01-18", "FTAG": 4, "FTHG": 0, "FTR": "A", "HC": 2, "HF": 14, "HR": 0, "HS": 7, "HST": 2, "HTAG": 2, "HTHG": 0, "HTR": "A", "HY": 2, "HomeTeam": "La Coruna"},{"AC": 0, "AF": 6, "AR": 0, "AS": 4, "AST": 1, "AY": 1, "AwayTeam": "Malaga", "Date": "2015-01-18", "FTAG": 0, "FTHG": 2, "FTR": "H", "HC": 2, "HF": 9, "HR": 0, "HS": 4, "HST": 3, "HTAG": 0, "HTHG": 1, "HTR": "H", "HY": 3, "HomeTeam": "Sevilla"},{"AC": 5, "AF": 12, "AR": 0, "AS": 10, "AST": 3, "AY": 1, "AwayTeam": "Vallecano", "Date": "2015-01-24", "FTAG": 1, "FTHG": 3, "FTR": "H", "HC": 8, "HF": 15, "HR": 0, "HS": 12, "HST": 5, "HTAG": 1, "HTHG": 2, "HTR": "H", "HY": 1, "HomeTeam": "Ath Madrid"},{"AC": 9, "AF": 13, "AR": 1, "AS": 13, "AST": 4, "AY": 3, "AwayTeam": "Real Madrid", "Date": "2015-01-24", "FTAG": 2, "FTHG": 1, "FTR": "A", "HC": 3, "HF": 15, "HR": 1, "HS": 16, "HST": 4, "HTAG": 1, "HTHG": 1, "HTR": "D", "HY": 1, "HomeTeam": "Cordoba"},{"AC": 3, "AF": 12, "AR": 0, "AS": 12, "AST": 8, "AY": 2, "AwayTeam": "Barcelona", "Date": "2015-01-24", "FTAG": 6, "FTHG": 0, "FTR": "A", "HC": 2, "HF": 18, "HR": 1, "HS": 6, "HST": 3, "HTAG": 1, "HTHG": 0, "HTR": "A", "HY": 5, "HomeTeam": "Elche"},{"AC": 5, "AF": 17, "AR": 0, "AS": 9, "AST": 4, "AY": 2, "AwayTeam": "Eibar", "Date": "2015-01-24", "FTAG": 0, "FTHG": 1, "FTR": "H", "HC": 9, "HF": 6, "HR": 0, "HS": 19, "HST": 4, "HTAG": 0, "HTHG": 0, "HTR": "D", "HY": 2, "HomeTeam": "Sociedad"},{"AC": 3, "AF": 8, "AR": 0, "AS": 11, "AST": 1, "AY": 3, "AwayTeam": "Levante", "Date": "2015-01-24", "FTAG": 0, "FTHG": 1, "FTR": "H", "HC": 6, "HF": 12, "HR": 0, "HS": 15, "HST": 4, "HTAG": 0, "HTHG": 0, "HTR": "D", "HY": 0, "HomeTeam": "Villarreal"},{"AC": 2, "AF": 17, "AR": 0, "AS": 8, "AST": 3, "AY": 1, "AwayTeam": "Malaga", "Date": "2015-01-25", "FTAG": 1, "FTHG": 1, "FTR": "D", "HC": 8, "HF": 16, "HR": 0, "HS": 11, "HST": 5, "HTAG": 0, "HTHG": 0, "HTR": "D", "HY": 0, "HomeTeam": "Ath Bilbao"},{"AC": 7, "AF": 12, "AR": 0, "AS": 9, "AST": 1, "AY": 1, "AwayTeam": "Almeria", "Date": "2015-01-25", "FTAG": 0, "FTHG": 3, "FTR": "H", "HC": 9, "HF": 16, "HR": 0, "HS": 18, "HST": 9, "HTAG": 0, "HTHG": 2, "HTR": "H", "HY": 2, "HomeTeam": "Espanol"},{"AC": 2, "AF": 15, "AR": 0, "AS": 5, "AST": 2, "AY": 3, "AwayTeam": "Granada", "Date": "2015-01-25", "FTAG": 2, "FTHG": 2, "FTR": "D", "HC": 7, "HF": 18, "HR": 1, "HS": 13, "HST": 7, "HTAG": 1, "HTHG": 2, "HTR": "H", "HY": 3, "HomeTeam": "La Coruna"},{"AC": 7, "AF": 15, "AR": 0, "AS": 10, "AST": 6, "AY": 5, "AwayTeam": "Sevilla", "Date": "2015-01-25", "FTAG": 1, "FTHG": 3, "FTR": "H", "HC": 3, "HF": 23, "HR": 0, "HS": 13, "HST": 8, "HTAG": 1, "HTHG": 2, "HTR": "H", "HY": 6, "HomeTeam": "Valencia"},{"AC": 2, "AF": 17, "AR": 0, "AS": 7, "AST": 2, "AY": 5, "AwayTeam": "Celta", "Date": "2015-01-26", "FTAG": 1, "FTHG": 2, "FTR": "H", "HC": 6, "HF": 9, "HR": 0, "HS": 13, "HST": 6, "HTAG": 1, "HTHG": 1, "HTR": "D", "HY": 2, "HomeTeam": "Getafe"},{"AC": 7, "AF": 18, "AR": 0, "AS": 13, "AST": 6, "AY": 5, "AwayTeam": "La Coruna", "Date": "2015-01-30", "FTAG": 2, "FTHG": 1, "FTR": "A", "HC": 10, "HF": 14, "HR": 0, "HS": 11, "HST": 4, "HTAG": 1, "HTHG": 1, "HTR": "D", "HY": 4, "HomeTeam": "Vallecano"},{"AC": 2, "AF": 10, "AR": 0, "AS": 8, "AST": 3, "AY": 6, "AwayTeam": "Cordoba", "Date": "2015-01-31", "FTAG": 0, "FTHG": 1, "FTR": "H", "HC": 8, "HF": 10, "HR": 0, "HS": 19, "HST": 9, "HTAG": 0, "HTHG": 0, "HTR": "D", "HY": 2, "HomeTeam": "Celta"},{"AC": 8, "AF": 16, "AR": 0, "AS": 8, "AST": 5, "AY": 3, "AwayTeam": "Ath Madrid", "Date": "2015-01-31", "FTAG": 3, "FTHG": 1, "FTR": "A", "HC": 6, "HF": 14, "HR": 0, "HS": 11, "HST": 3, "HTAG": 3, "HTHG": 0, "HTR": "A", "HY": 3, "HomeTeam": "Eibar"},{"AC": 4, "AF": 13, "AR": 1, "AS": 5, "AST": 1, "AY": 4, "AwayTeam": "Elche", "Date": "2015-01-31", "FTAG": 0, "FTHG": 1, "FTR": "H", "HC": 12, "HF": 14, "HR": 0, "HS": 14, "HST": 2, "HTAG": 0, "HTHG": 0, "HTR": "D", "HY": 4, "HomeTeam": "Granada"},{"AC": 3, "AF": 11, "AR": 0, "AS": 8, "AST": 2, "AY": 1, "AwayTeam": "Sociedad", "Date": "2015-01-31", "FTAG": 1, "FTHG": 4, "FTR": "H", "HC": 10, "HF": 8, "HR": 0, "HS": 26, "HST": 11, "HTAG": 1, "HTHG": 2, "HTR": "H", "HY": 3, "HomeTeam": "Real Madrid"},{"AC": 3, "AF": 10, "AR": 1, "AS": 12, "AST": 7, "AY": 3, "AwayTeam": "Getafe", "Date": "2015-02-01", "FTAG": 0, "FTHG": 1, "FTR": "H", "HC": 6, "HF": 18, "HR": 1, "HS": 12, "HST": 7, "HTAG": 0, "HTHG": 1, "HTR": "H", "HY": 3, "HomeTeam": "Almeria"},{"AC": 2, "AF": 20, "AR": 0, "AS": 9, "AST": 3, "AY": 2, "AwayTeam": "Villarreal", "Date": "2015-02-01", "FTAG": 2, "FTHG": 3, "FTR": "H", "HC": 8, "HF": 10, "HR": 0, "HS": 19, "HST": 7, "HTAG": 1, "HTHG": 1, "HTR": "D", "HY": 1, "HomeTeam": "Barcelona"},{"AC": 4, "AF": 12, "AR": 0, "AS": 14, "AST": 5, "AY": 5, "AwayTeam": "Ath Bilbao", "Date": "2015-02-01", "FTAG": 2, "FTHG": 0, "FTR": "A", "HC": 5, "HF": 17, "HR": 0, "HS": 10, "HST": 4, "HTAG": 0, "HTHG": 0, "HTR": "D", "HY": 2, "HomeTeam": "Levante"},{"AC": 2, "AF": 11, "AR": 1, "AS": 5, "AST": 2, "AY": 3, "AwayTeam": "Espanol", "Date": "2015-02-01", "FTAG": 2, "FTHG": 3, "FTR": "H", "HC": 7, "HF": 20, "HR": 0, "HS": 22, "HST": 7, "HTAG": 1, "HTHG": 2, "HTR": "H", "HY": 8, "HomeTeam": "Sevilla"},{"AC": 3, "AF": 18, "AR": 1, "AS": 10, "AST": 3, "AY": 3, "AwayTeam": "Valencia", "Date": "2015-02-02", "FTAG": 0, "FTHG": 1, "FTR": "H", "HC": 5, "HF": 19, "HR": 0, "HS": 13, "HST": 6, "HTAG": 0, "HTHG": 1, "HTR": "H", "HY": 5, "HomeTeam": "Malaga"},{"AC": 6, "AF": 21, "AR": 0, "AS": 15, "AST": 3, "AY": 6, "AwayTeam": "Sevilla", "Date": "2015-02-04", "FTAG": 1, "FTHG": 2, "FTR": "H", "HC": 4, "HF": 9, "HR": 0, "HS": 14, "HST": 4, "HTAG": 0, "HTHG": 2, "HTR": "H", "HY": 3, "HomeTeam": "Real Madrid"},{"AC": 3, "AF": 21, "AR": 0, "AS": 4, "AST": 2, "AY": 3, "AwayTeam": "Eibar", "Date": "2015-02-06", "FTAG": 0, "FTHG": 2, "FTR": "H", "HC": 5, "HF": 12, "HR": 0, "HS": 15, "HST": 5, "HTAG": 0, "HTHG": 0, "HTR": "D", "HY": 2, "HomeTeam": "La Coruna"},{"AC": 3, "AF": 18, "AR": 0, "AS": 4, "AST": 1, "AY": 2, "AwayTeam": "Real Madrid", "Date": "2015-02-07", "FTAG": 0, "FTHG": 4, "FTR": "H", "HC": 2, "HF": 17, "HR": 0, "HS": 17, "HST": 8, "HTAG": 0, "HTHG": 2, "HTR": "H", "HY": 5, "HomeTeam": "Ath Madrid"},{"AC": 5, "AF": 13, "AR": 0, "AS": 4, "AST": 3, "AY": 1, "AwayTeam": "Malaga", "Date": "2015-02-07", "FTAG": 1, "FTHG": 4, "FTR": "H", "HC": 2, "HF": 20, "HR": 0, "HS": 11, "HST": 6, "HTAG": 1, "HTHG": 2, "HTR": "H", "HY": 2, "HomeTeam": "Levante"},{"AC": 6, "AF": 22, "AR": 0, "AS": 12, "AST": 3, "AY": 4, "AwayTeam": "Celta", "Date": "2015-02-07", "FTAG": 1, "FTHG": 1, "FTR": "D", "HC": 2, "HF": 17, "HR": 0, "HS": 7, "HST": 3, "HTAG": 0, "HTHG": 1, "HTR": "H", "HY": 5, "HomeTeam": "Sociedad"},{"AC": 8, "AF": 18, "AR": 0, "AS": 11, "AST": 3, "AY": 1, "AwayTeam": "Granada", "Date": "2015-02-07", "FTAG": 0, "FTHG": 2, "FTR": "H", "HC": 5, "HF": 12, "HR": 0, "HS": 9, "HST": 6, "HTAG": 0, "HTHG": 1, "HTR": "H", "HY": 2, "HomeTeam": "Villarreal"},{"AC": 4, "AF": 10, "AR": 0, "AS": 19, "AST": 11, "AY": 1, "AwayTeam": "Barcelona", "Date": "2015-02-08", "FTAG": 5, "FTHG": 2, "FTR": "A", "HC": 4, "HF": 15, "HR": 1, "HS": 15, "HST": 6, "HTAG": 2, "HTHG": 0, "HTR": "A", "HY": 3, "HomeTeam": "Ath Bilbao"},{"AC": 6, "AF": 17, "AR": 0, "AS": 8, "AST": 2, "AY": 5, "AwayTeam": "Almeria", "Date": "2015-02-08", "FTAG": 2, "FTHG": 1, "FTR": "A", "HC": 6, "HF": 15, "HR": 0, "HS": 14, "HST": 7, "HTAG": 0, "HTHG": 1, "HTR": "H", "HY": 2, "HomeTeam": "Cordoba"},{"AC": 2, "AF": 16, "AR": 0, "AS": 13, "AST": 5, "AY": 4, "AwayTeam": "Valencia", "Date": "2015-02-08", "FTAG": 2, "FTHG": 1, "FTR": "A", "HC": 7, "HF": 22, "HR": 0, "HS": 9, "HST": 3, "HTAG": 0, "HTHG": 0, "HTR": "D", "HY": 5, "HomeTeam": "Espanol"},{"AC": 5, "AF": 13, "AR": 0, "AS": 9, "AST": 2, "AY": 2, "AwayTeam": "Sevilla", "Date": "2015-02-08", "FTAG": 1, "FTHG": 2, "FTR": "H", "HC": 9, "HF": 6, "HR": 0, "HS": 18, "HST": 8, "HTAG": 0, "HTHG": 1, "HTR": "H", "HY": 1, "HomeTeam": "Getafe"},{"AC": 4, "AF": 21, "AR": 1, "AS": 11, "AST": 3, "AY": 3, "AwayTeam": "Vallecano", "Date": "2015-02-09", "FTAG": 0, "FTHG": 2, "FTR": "H", "HC": 5, "HF": 21, "HR": 0, "HS": 18, "HST": 5, "HTAG": 0, "HTHG": 1, "HTR": "H", "HY": 2, "HomeTeam": "Elche"},{"AC": 6, "AF": 15, "AR": 0, "AS": 7, "AST": 3, "AY": 4, "AwayTeam": "Sociedad", "Date": "2015-02-13", "FTAG": 2, "FTHG": 2, "FTR": "D", "HC": 6, "HF": 21, "HR": 0, "HS": 9, "HST": 4, "HTAG": 1, "HTHG": 2, "HTR": "H", "HY": 5, "HomeTeam": "Almeria"},{"AC": 4, "AF": 9, "AR": 0, "AS": 10, "AST": 0, "AY": 4, "AwayTeam": "Ath Bilbao", "Date": "2015-02-14", "FTAG": 0, "FTHG": 0, "FTR": "D", "HC": 4, "HF": 16, "HR": 1, "HS": 11, "HST": 4, "HTAG": 0, "HTHG": 0, "HTR": "D", "HY": 4, "HomeTeam": "Granada"},{"AC": 3, "AF": 18, "AR": 1, "AS": 6, "AST": 2, "AY": 7, "AwayTeam": "Espanol", "Date": "2015-02-14", "FTAG": 2, "FTHG": 0, "FTR": "A", "HC": 10, "HF": 12, "HR": 0, "HS": 17, "HST": 5, "HTAG": 1, "HTHG": 0, "HTR": "A", "HY": 3, "HomeTeam": "Malaga"},{"AC": 6, "AF": 17, "AR": 0, "AS": 15, "AST": 4, "AY": 4, "AwayTeam": "La Coruna", "Date": "2015-02-14", "FTAG": 0, "FTHG": 2, "FTR": "H", "HC": 6, "HF": 12, "HR": 0, "HS": 17, "HST": 6, "HTAG": 0, "HTHG": 1, "HTR": "H", "HY": 2, "HomeTeam": "Real Madrid"},{"AC": 1, "AF": 16, "AR": 1, "AS": 10, "AST": 3, "AY": 1, "AwayTeam": "Cordoba", "Date": "2015-02-14", "FTAG": 0, "FTHG": 3, "FTR": "H", "HC": 8, "HF": 15, "HR": 1, "HS": 18, "HST": 6, "HTAG": 0, "HTHG": 2, "HTR": "H", "HY": 0, "HomeTeam": "Sevilla"},{"AC": 4, "AF": 13, "AR": 0, "AS": 5, "AST": 1, "AY": 2, "AwayTeam": "Levante", "Date": "2015-02-15", "FTAG": 0, "FTHG": 5, "FTR": "H", "HC": 3, "HF": 6, "HR": 0, "HS": 18, "HST": 10, "HTAG": 0, "HTHG": 2, "HTR": "H", "HY": 1, "HomeTeam": "Barcelona"},{"AC": 2, "AF": 12, "AR": 0, "AS": 10, "AST": 5, "AY": 3, "AwayTeam": "Ath Madrid", "Date": "2015-02-15", "FTAG": 0, "FTHG": 2, "FTR": "H", "HC": 9, "HF": 4, "HR": 0, "HS": 14, "HST": 3, "HTAG": 0, "HTHG": 0, "HTR": "D", "HY": 0, "HomeTeam": "Celta"},{"AC": 2, "AF": 10, "AR": 0, "AS": 10, "AST": 1, "AY": 4, "AwayTeam": "Getafe", "Date": "2015-02-15", "FTAG": 0, "FTHG": 1, "FTR": "H", "HC": 7, "HF": 16, "HR": 0, "HS": 13, "HST": 3, "HTAG": 0, "HTHG": 0, "HTR": "D", "HY": 3, "HomeTeam": "Valencia"},{"AC": 5, "AF": 14, "AR": 0, "AS": 9, "AST": 2, "AY": 2, "AwayTeam": "Villarreal", "Date": "2015-02-15", "FTAG": 0, "FTHG": 2, "FTR": "H", "HC": 5, "HF": 12, "HR": 0, "HS": 13, "HST": 7, "HTAG": 0, "HTHG": 0, "HTR": "D", "HY": 2, "HomeTeam": "Vallecano"},{"AC": 3, "AF": 12, "AR": 0, "AS": 6, "AST": 2, "AY": 1, "AwayTeam": "Elche", "Date": "2015-02-16", "FTAG": 1, "FTHG": 0, "FTR": "A", "HC": 5, "HF": 13, "HR": 1, "HS": 18, "HST": 7, "HTAG": 0, "HTHG": 0, "HTR": "D", "HY": 3, "HomeTeam": "Eibar"},{"AC": 5, "AF": 14, "AR": 0, "AS": 11, "AST": 7, "AY": 3, "AwayTeam": "Espanol", "Date": "2015-02-20", "FTAG": 1, "FTHG": 2, "FTR": "H", "HC": 2, "HF": 15, "HR": 0, "HS": 10, "HST": 4, "HTAG": 0, "HTHG": 1, "HTR": "H", "HY": 3, "HomeTeam": "Getafe"},{"AC": 4, "AF": 13, "AR": 0, "AS": 9, "AST": 1, "AY": 1, "AwayTeam": "Almeria", "Date": "2015-02-21", "FTAG": 0, "FTHG": 3, "FTR": "H", "HC": 8, "HF": 13, "HR": 1, "HS": 9, "HST": 6, "HTAG": 0, "HTHG": 3, "HTR": "H", "HY": 1, "HomeTeam": "Ath Madrid"},{"AC": 3, "AF": 11, "AR": 0, "AS": 11, "AST": 3, "AY": 3, "AwayTeam": "Malaga", "Date": "2015-02-21", "FTAG": 1, "FTHG": 0, "FTR": "A", "HC": 11, "HF": 9, "HR": 0, "HS": 11, "HST": 5, "HTAG": 1, "HTHG": 0, "HTR": "A", "HY": 4, "HomeTeam": "Barcelona"},{"AC": 2, "AF": 15, "AR": 0, "AS": 17, "AST": 7, "AY": 2, "AwayTeam": "Valencia", "Date": "2015-02-21", "FTAG": 2, "FTHG": 1, "FTR": "A", "HC": 6, "HF": 17, "HR": 0, "HS": 11, "HST": 4, "HTAG": 1, "HTHG": 0, "HTR": "A", "HY": 1, "HomeTeam": "Cordoba"},{"AC": 3, "AF": 13, "AR": 0, "AS": 8, "AST": 5, "AY": 4, "AwayTeam": "Celta", "Date": "2015-02-21", "FTAG": 2, "FTHG": 0, "FTR": "A", "HC": 4, "HF": 17, "HR": 1, "HS": 14, "HST": 4, "HTAG": 0, "HTHG": 0, "HTR": "D", "HY": 2, "HomeTeam": "La Coruna"},{"AC": 4, "AF": 13, "AR": 0, "AS": 5, "AST": 1, "AY": 2, "AwayTeam": "Vallecano", "Date": "2015-02-22", "FTAG": 0, "FTHG": 1, "FTR": "H", "HC": 11, "HF": 17, "HR": 0, "HS": 19, "HST": 6, "HTAG": 0, "HTHG": 0, "HTR": "D", "HY": 3, "HomeTeam": "Ath Bilbao"},{"AC": 6, "AF": 6, "AR": 0, "AS": 17, "AST": 5, "AY": 1, "AwayTeam": "Real Madrid", "Date": "2015-02-22", "FTAG": 2, "FTHG": 0, "FTR": "A", "HC": 1, "HF": 17, "HR": 0, "HS": 4, "HST": 1, "HTAG": 0, "HTHG": 0, "HTR": "D", "HY": 4, "HomeTeam": "Elche"},{"AC": 10, "AF": 12, "AR": 0, "AS": 17, "AST": 5, "AY": 3, "AwayTeam": "Sevilla", "Date": "2015-02-22", "FTAG": 3, "FTHG": 4, "FTR": "H", "HC": 5, "HF": 16, "HR": 0, "HS": 17, "HST": 8, "HTAG": 1, "HTHG": 1, "HTR": "D", "HY": 5, "HomeTeam": "Sociedad"},{"AC": 3, "AF": 3, "AR": 0, "AS": 10, "AST": 1, "AY": 0, "AwayTeam": "Eibar", "Date": "2015-02-22", "FTAG": 0, "FTHG": 1, "FTR": "H", "HC": 8, "HF": 5, "HR": 0, "HS": 21, "HST": 6, "HTAG": 0, "HTHG": 0, "HTR": "D", "HY": 2, "HomeTeam": "Villarreal"},{"AC": 4, "AF": 14, "AR": 2, "AS": 10, "AST": 4, "AY": 5, "AwayTeam": "Granada", "Date": "2015-02-23", "FTAG": 1, "FTHG": 2, "FTR": "H", "HC": 7, "HF": 18, "HR": 1, "HS": 9, "HST": 4, "HTAG": 1, "HTHG": 0, "HTR": "A", "HY": 3, "HomeTeam": "Levante"},{"AC": 6, "AF": 14, "AR": 0, "AS": 16, "AST": 4, "AY": 4, "AwayTeam": "Cordoba", "Date": "2015-02-27", "FTAG": 0, "FTHG": 1, "FTR": "H", "HC": 2, "HF": 22, "HR": 0, "HS": 12, "HST": 4, "HTAG": 0, "HTHG": 1, "HTR": "H", "HY": 5, "HomeTeam": "Espanol"},{"AC": 11, "AF": 19, "AR": 0, "AS": 25, "AST": 9, "AY": 3, "AwayTeam": "La Coruna", "Date": "2015-02-28", "FTAG": 0, "FTHG": 0, "FTR": "D", "HC": 7, "HF": 13, "HR": 2, "HS": 10, "HST": 3, "HTAG": 0, "HTHG": 0, "HTR": "D", "HY": 2, "HomeTeam": "Almeria"},{"AC": 5, "AF": 9, "AR": 0, "AS": 16, "AST": 9, "AY": 3, "AwayTeam": "Barcelona", "Date": "2015-02-28", "FTAG": 3, "FTHG": 1, "FTR": "A", "HC": 4, "HF": 18, "HR": 0, "HS": 10, "HST": 4, "HTAG": 1, "HTHG": 0, "HTR": "A", "HY": 2, "HomeTeam": "Granada"},{"AC": 5, "AF": 16, "AR": 0, "AS": 10, "AST": 6, "AY": 1, "AwayTeam": "Getafe", "Date": "2015-02-28", "FTAG": 2, "FTHG": 3, "FTR": "H", "HC": 6, "HF": 11, "HR": 0, "HS": 16, "HST": 6, "HTAG": 0, "HTHG": 1, "HTR": "H", "HY": 3, "HomeTeam": "Malaga"},{"AC": 2, "AF": 18, "AR": 0, "AS": 10, "AST": 3, "AY": 2, "AwayTeam": "Levante", "Date": "2015-02-28", "FTAG": 2, "FTHG": 4, "FTR": "H", "HC": 5, "HF": 15, "HR": 0, "HS": 13, "HST": 7, "HTAG": 1, "HTHG": 4, "HTR": "H", "HY": 2, "HomeTeam": "Vallecano"},{"AC": 6, "AF": 14, "AR": 0, "AS": 13, "AST": 8, "AY": 2, "AwayTeam": "Ath Bilbao", "Date": "2015-03-01", "FTAG": 1, "FTHG": 0, "FTR": "A", "HC": 5, "HF": 16, "HR": 0, "HS": 6, "HST": 2, "HTAG": 1, "HTHG": 0, "HTR": "A", "HY": 3, "HomeTeam": "Eibar"},{"AC": 4, "AF": 20, "AR": 0, "AS": 9, "AST": 4, "AY": 5, "AwayTeam": "Villarreal", "Date": "2015-03-01", "FTAG": 1, "FTHG": 1, "FTR": "D", "HC": 10, "HF": 7, "HR": 0, "HS": 25, "HST": 7, "HTAG": 0, "HTHG": 0, "HTR": "D", "HY": 2, "HomeTeam": "Real Madrid"},{"AC": 1, "AF": 14, "AR": 0, "AS": 9, "AST": 2, "AY": 7, "AwayTeam": "Ath Madrid", "Date": "2015-03-01", "FTAG": 0, "FTHG": 0, "FTR": "D", "HC": 7, "HF": 13, "HR": 0, "HS": 13, "HST": 4, "HTAG": 0, "HTHG": 0, "HTR": "D", "HY": 4, "HomeTeam": "Sevilla"},{"AC": 5, "AF": 14, "AR": 0, "AS": 8, "AST": 0, "AY": 3, "AwayTeam": "Sociedad", "Date": "2015-03-01", "FTAG": 0, "FTHG": 2, "FTR": "H", "HC": 9, "HF": 14, "HR": 0, "HS": 19, "HST": 3, "HTAG": 0, "HTHG": 0, "HTR": "D", "HY": 3, "HomeTeam": "Valencia"},{"AC": 3, "AF": 12, "AR": 0, "AS": 7, "AST": 1, "AY": 3, "AwayTeam": "Elche", "Date": "2015-03-02", "FTAG": 1, "FTHG": 1, "FTR": "D", "HC": 6, "HF": 16, "HR": 0, "HS": 11, "HST": 5, "HTAG": 0, "HTHG": 0, "HTR": "D", "HY": 5, "HomeTeam": "Celta"},{"AC": 7, "AF": 17, "AR": 1, "AS": 14, "AST": 3, "AY": 5, "AwayTeam": "Eibar", "Date": "2015-03-06", "FTAG": 1, "FTHG": 2, "FTR": "H", "HC": 6, "HF": 11, "HR": 0, "HS": 12, "HST": 4, "HTAG": 0, "HTHG": 0, "HTR": "D", "HY": 4, "HomeTeam": "Levante"},{"AC": 9, "AF": 11, "AR": 0, "AS": 13, "AST": 2, "AY": 4, "AwayTeam": "Real Madrid", "Date": "2015-03-07", "FTAG": 0, "FTHG": 1, "FTR": "H", "HC": 1, "HF": 17, "HR": 0, "HS": 6, "HST": 2, "HTAG": 0, "HTHG": 1, "HTR": "H", "HY": 3, "HomeTeam": "Ath Bilbao"},{"AC": 5, "AF": 15, "AR": 0, "AS": 9, "AST": 2, "AY": 0, "AwayTeam": "Almeria", "Date": "2015-03-07", "FTAG": 0, "FTHG": 1, "FTR": "H", "HC": 6, "HF": 13, "HR": 0, "HS": 15, "HST": 4, "HTAG": 0, "HTHG": 1, "HTR": "H", "HY": 3, "HomeTeam": "Elche"},{"AC": 1, "AF": 20, "AR": 0, "AS": 5, "AST": 1, "AY": 5, "AwayTeam": "Malaga", "Date": "2015-03-07", "FTAG": 0, "FTHG": 1, "FTR": "H", "HC": 8, "HF": 11, "HR": 0, "HS": 14, "HST": 4, "HTAG": 0, "HTHG": 0, "HTR": "D", "HY": 4, "HomeTeam": "Granada"},{"AC": 1, "AF": 14, "AR": 0, "AS": 11, "AST": 6, "AY": 4, "AwayTeam": "Sevilla", "Date": "2015-03-07", "FTAG": 4, "FTHG": 3, "FTR": "A", "HC": 5, "HF": 12, "HR": 0, "HS": 15, "HST": 5, "HTAG": 1, "HTHG": 1, "HTR": "D", "HY": 1, "HomeTeam": "La Coruna"},{"AC": 1, "AF": 19, "AR": 1, "AS": 3, "AST": 1, "AY": 6, "AwayTeam": "Valencia", "Date": "2015-03-08", "FTAG": 1, "FTHG": 1, "FTR": "D", "HC": 6, "HF": 22, "HR": 0, "HS": 8, "HST": 3, "HTAG": 0, "HTHG": 1, "HTR": "H", "HY": 5, "HomeTeam": "Ath Madrid"},{"AC": 1, "AF": 11, "AR": 1, "AS": 7, "AST": 3, "AY": 2, "AwayTeam": "Vallecano", "Date": "2015-03-08", "FTAG": 1, "FTHG": 6, "FTR": "H", "HC": 4, "HF": 13, "HR": 1, "HS": 19, "HST": 12, "HTAG": 0, "HTHG": 1, "HTR": "H", "HY": 3, "HomeTeam": "Barcelona"},{"AC": 5, "AF": 14, "AR": 0, "AS": 9, "AST": 4, "AY": 3, "AwayTeam": "Espanol", "Date": "2015-03-08", "FTAG": 0, "FTHG": 1, "FTR": "H", "HC": 6, "HF": 13, "HR": 0, "HS": 10, "HST": 4, "HTAG": 0, "HTHG": 1, "HTR": "H", "HY": 2, "HomeTeam": "Sociedad"},{"AC": 2, "AF": 14, "AR": 0, "AS": 13, "AST": 4, "AY": 2, "AwayTeam": "Celta", "Date": "2015-03-08", "FTAG": 1, "FTHG": 4, "FTR": "H", "HC": 3, "HF": 9, "HR": 0, "HS": 12, "HST": 8, "HTAG": 0, "HTHG": 2, "HTR": "H", "HY": 0, "HomeTeam": "Villarreal"},{"AC": 6, "AF": 10, "AR": 0, "AS": 15, "AST": 7, "AY": 2, "AwayTeam": "Getafe", "Date": "2015-03-09", "FTAG": 2, "FTHG": 1, "FTR": "A", "HC": 5, "HF": 11, "HR": 0, "HS": 18, "HST": 4, "HTAG": 0, "HTHG": 0, "HTR": "D", "HY": 3, "HomeTeam": "Cordoba"},{"AC": 5, "AF": 17, "AR": 0, "AS": 5, "AST": 2, "AY": 2, "AwayTeam": "La Coruna", "Date": "2015-03-13", "FTAG": 0, "FTHG": 2, "FTR": "H", "HC": 5, "HF": 12, "HR": 0, "HS": 16, "HST": 8, "HTAG": 0, "HTHG": 0, "HTR": "D", "HY": 1, "HomeTeam": "Valencia"},{"AC": 5, "AF": 12, "AR": 1, "AS": 12, "AST": 4, "AY": 3, "AwayTeam": "Ath Bilbao", "Date": "2015-03-14", "FTAG": 2, "FTHG": 1, "FTR": "A", "HC": 8, "HF": 14, "HR": 0, "HS": 16, "HST": 5, "HTAG": 2, "HTHG": 0, "HTR": "A", "HY": 3, "HomeTeam": "Celta"},{"AC": 3, "AF": 3, "AR": 0, "AS": 12, "AST": 4, "AY": 0, "AwayTeam": "Barcelona", "Date": "2015-03-14", "FTAG": 2, "FTHG": 0, "FTR": "A", "HC": 6, "HF": 14, "HR": 0, "HS": 13, "HST": 2, "HTAG": 1, "HTHG": 0, "HTR": "A", "HY": 1, "HomeTeam": "Eibar"},{"AC": 7, "AF": 18, "AR": 1, "AS": 14, "AST": 6, "AY": 3, "AwayTeam": "Ath Madrid", "Date": "2015-03-14", "FTAG": 0, "FTHG": 0, "FTR": "D", "HC": 6, "HF": 33, "HR": 0, "HS": 7, "HST": 1, "HTAG": 0, "HTHG": 0, "HTR": "D", "HY": 3, "HomeTeam": "Espanol"},{"AC": 6, "AF": 8, "AR": 0, "AS": 11, "AST": 3, "AY": 2, "AwayTeam": "Granada", "Date": "2015-03-14", "FTAG": 1, "FTHG": 3, "FTR": "H", "HC": 6, "HF": 15, "HR": 0, "HS": 16, "HST": 8, "HTAG": 1, "HTHG": 0, "HTR": "A", "HY": 3, "HomeTeam": "Vallecano"},{"AC": 3, "AF": 15, "AR": 1, "AS": 18, "AST": 7, "AY": 4, "AwayTeam": "Villarreal", "Date": "2015-03-15", "FTAG": 0, "FTHG": 0, "FTR": "D", "HC": 4, "HF": 16, "HR": 1, "HS": 10, "HST": 2, "HTAG": 0, "HTHG": 0, "HTR": "D", "HY": 4, "HomeTeam": "Almeria"},{"AC": 3, "AF": 15, "AR": 0, "AS": 4, "AST": 2, "AY": 2, "AwayTeam": "Cordoba", "Date": "2015-03-15", "FTAG": 0, "FTHG": 2, "FTR": "H", "HC": 2, "HF": 11, "HR": 0, "HS": 19, "HST": 6, "HTAG": 0, "HTHG": 0, "HTR": "D", "HY": 0, "HomeTeam": "Malaga"},{"AC": 4, "AF": 14, "AR": 0, "AS": 8, "AST": 0, "AY": 0, "AwayTeam": "Levante", "Date": "2015-03-15", "FTAG": 0, "FTHG": 2, "FTR": "H", "HC": 10, "HF": 9, "HR": 0, "HS": 22, "HST": 6, "HTAG": 0, "HTHG": 2, "HTR": "H", "HY": 2, "HomeTeam": "Real Madrid"},{"AC": 9, "AF": 11, "AR": 0, "AS": 14, "AST": 3, "AY": 3, "AwayTeam": "Elche", "Date": "2015-03-15", "FTAG": 0, "FTHG": 3, "FTR": "H", "HC": 5, "HF": 13, "HR": 0, "HS": 12, "HST": 4, "HTAG": 0, "HTHG": 2, "HTR": "H", "HY": 2, "HomeTeam": "Sevilla"},{"AC": 5, "AF": 12, "AR": 0, "AS": 10, "AST": 4, "AY": 1, "AwayTeam": "Sociedad", "Date": "2015-03-16", "FTAG": 1, "FTHG": 0, "FTR": "A", "HC": 6, "HF": 14, "HR": 0, "HS": 14, "HST": 5, "HTAG": 0, "HTHG": 0, "HTR": "D", "HY": 4, "HomeTeam": "Getafe"},{"AC": 4, "AF": 10, "AR": 0, "AS": 10, "AST": 5, "AY": 0, "AwayTeam": "Valencia", "Date": "2015-03-20", "FTAG": 4, "FTHG": 0, "FTR": "A", "HC": 4, "HF": 12, "HR": 0, "HS": 7, "HST": 1, "HTAG": 1, "HTHG": 0, "HTR": "A", "HY": 1, "HomeTeam": "Elche"},{"AC": 6, "AF": 20, "AR": 1, "AS": 7, "AST": 1, "AY": 4, "AwayTeam": "Almeria", "Date": "2015-03-21", "FTAG": 1, "FTHG": 2, "FTR": "H", "HC": 9, "HF": 8, "HR": 0, "HS": 19, "HST": 6, "HTAG": 0, "HTHG": 2, "HTR": "H", "HY": 2, "HomeTeam": "Ath Bilbao"},{"AC": 5, "AF": 16, "AR": 0, "AS": 5, "AST": 1, "AY": 2, "AwayTeam": "Getafe", "Date": "2015-03-21", "FTAG": 0, "FTHG": 2, "FTR": "H", "HC": 10, "HF": 10, "HR": 0, "HS": 15, "HST": 6, "HTAG": 0, "HTHG": 2, "HTR": "H", "HY": 2, "HomeTeam": "Ath Madrid"},{"AC": 5, "AF": 17, "AR": 0, "AS": 4, "AST": 1, "AY": 1, "AwayTeam": "Eibar", "Date": "2015-03-21", "FTAG": 0, "FTHG": 0, "FTR": "D", "HC": 7, "HF": 14, "HR": 0, "HS": 17, "HST": 4, "HTAG": 0, "HTHG": 0, "HTR": "D", "HY": 4, "HomeTeam": "Granada"},{"AC": 5, "AF": 9, "AR": 0, "AS": 17, "AST": 5, "AY": 3, "AwayTeam": "Celta", "Date": "2015-03-21", "FTAG": 1, "FTHG": 0, "FTR": "A", "HC": 5, "HF": 17, "HR": 0, "HS": 9, "HST": 3, "HTAG": 0, "HTHG": 0, "HTR": "D", "HY": 4, "HomeTeam": "Levante"},{"AC": 4, "AF": 15, "AR": 1, "AS": 6, "AST": 2, "AY": 0, "AwayTeam": "Malaga", "Date": "2015-03-21", "FTAG": 0, "FTHG": 1, "FTR": "H", "HC": 7, "HF": 20, "HR": 0, "HS": 11, "HST": 2, "HTAG": 0, "HTHG": 1, "HTR": "H", "HY": 8, "HomeTeam": "Vallecano"},{"AC": 10, "AF": 14, "AR": 0, "AS": 13, "AST": 4, "AY": 6, "AwayTeam": "Real Madrid", "Date": "2015-03-22", "FTAG": 1, "FTHG": 2, "FTR": "H", "HC": 7, "HF": 9, "HR": 0, "HS": 17, "HST": 5, "HTAG": 1, "HTHG": 1, "HTR": "D", "HY": 5, "HomeTeam": "Barcelona"},{"AC": 2, "AF": 16, "AR": 0, "AS": 7, "AST": 2, "AY": 4, "AwayTeam": "Espanol", "Date": "2015-03-22", "FTAG": 0, "FTHG": 0, "FTR": "D", "HC": 2, "HF": 10, "HR": 0, "HS": 14, "HST": 1, "HTAG": 0, "HTHG": 0, "HTR": "D", "HY": 4, "HomeTeam": "La Coruna"},{"AC": 5, "AF": 16, "AR": 3, "AS": 11, "AST": 6, "AY": 5, "AwayTeam": "Cordoba", "Date": "2015-03-22", "FTAG": 1, "FTHG": 3, "FTR": "H", "HC": 9, "HF": 9, "HR": 0, "HS": 19, "HST": 3, "HTAG": 1, "HTHG": 1, "HTR": "D", "HY": 1, "HomeTeam": "Sociedad"},{"AC": 2, "AF": 16, "AR": 0, "AS": 9, "AST": 5, "AY": 1, "AwayTeam": "Sevilla", "Date": "2015-03-22", "FTAG": 2, "FTHG": 0, "FTR": "A", "HC": 8, "HF": 11, "HR": 0, "HS": 23, "HST": 5, "HTAG": 0, "HTHG": 0, "HTR": "D", "HY": 2, "HomeTeam": "Villarreal"},{"AC": 4, "AF": 15, "AR": 0, "AS": 13, "AST": 8, "AY": 3, "AwayTeam": "Vallecano", "Date": "2015-04-03", "FTAG": 2, "FTHG": 1, "FTR": "A", "HC": 4, "HF": 15, "HR": 1, "HS": 12, "HST": 4, "HTAG": 2, "HTHG": 1, "HTR": "A", "HY": 3, "HomeTeam": "Eibar"},{"AC": 8, "AF": 16, "AR": 0, "AS": 15, "AST": 5, "AY": 2, "AwayTeam": "Levante", "Date": "2015-04-04", "FTAG": 4, "FTHG": 1, "FTR": "A", "HC": 7, "HF": 18, "HR": 1, "HS": 9, "HST": 3, "HTAG": 2, "HTHG": 0, "HTR": "A", "HY": 4, "HomeTeam": "Almeria"},{"AC": 5, "AF": 9, "AR": 0, "AS": 8, "AST": 4, "AY": 1, "AwayTeam": "Ath Madrid", "Date": "2015-04-04", "FTAG": 2, "FTHG": 0, "FTR": "A", "HC": 3, "HF": 12, "HR": 0, "HS": 11, "HST": 2, "HTAG": 2, "HTHG": 0, "HTR": "A", "HY": 2, "HomeTeam": "Cordoba"},{"AC": 3, "AF": 10, "AR": 0, "AS": 9, "AST": 3, "AY": 5, "AwayTeam": "Sociedad", "Date": "2015-04-04", "FTAG": 1, "FTHG": 1, "FTR": "D", "HC": 12, "HF": 17, "HR": 0, "HS": 13, "HST": 6, "HTAG": 0, "HTHG": 0, "HTR": "D", "HY": 4, "HomeTeam": "Malaga"},{"AC": 7, "AF": 9, "AR": 0, "AS": 14, "AST": 2, "AY": 3, "AwayTeam": "Ath Bilbao", "Date": "2015-04-04", "FTAG": 0, "FTHG": 2, "FTR": "H", "HC": 6, "HF": 17, "HR": 0, "HS": 9, "HST": 5, "HTAG": 0, "HTHG": 2, "HTR": "H", "HY": 3, "HomeTeam": "Sevilla"},{"AC": 3, "AF": 12, "AR": 0, "AS": 12, "AST": 3, "AY": 2, "AwayTeam": "Barcelona", "Date": "2015-04-05", "FTAG": 1, "FTHG": 0, "FTR": "A", "HC": 4, "HF": 26, "HR": 1, "HS": 7, "HST": 1, "HTAG": 0, "HTHG": 0, "HTR": "D", "HY": 2, "HomeTeam": "Celta"},{"AC": 1, "AF": 14, "AR": 0, "AS": 9, "AST": 2, "AY": 3, "AwayTeam": "La Coruna", "Date": "2015-04-05", "FTAG": 1, "FTHG": 2, "FTR": "H", "HC": 5, "HF": 19, "HR": 0, "HS": 11, "HST": 4, "HTAG": 0, "HTHG": 2, "HTR": "H", "HY": 1, "HomeTeam": "Getafe"},{"AC": 1, "AF": 9, "AR": 0, "AS": 11, "AST": 6, "AY": 2, "AwayTeam": "Granada", "Date": "2015-04-05", "FTAG": 1, "FTHG": 9, "FTR": "H", "HC": 10, "HF": 6, "HR": 0, "HS": 29, "HST": 11, "HTAG": 0, "HTHG": 4, "HTR": "H", "HY": 1, "HomeTeam": "Real Madrid"},{"AC": 6, "AF": 18, "AR": 0, "AS": 5, "AST": 2, "AY": 5, "AwayTeam": "Villarreal", "Date": "2015-04-05", "FTAG": 0, "FTHG": 0, "FTR": "D", "HC": 2, "HF": 14, "HR": 0, "HS": 13, "HST": 3, "HTAG": 0, "HTHG": 0, "HTR": "D", "HY": 2, "HomeTeam": "Valencia"},{"AC": 4, "AF": 16, "AR": 0, "AS": 8, "AST": 2, "AY": 3, "AwayTeam": "Elche", "Date": "2015-04-06", "FTAG": 1, "FTHG": 1, "FTR": "D", "HC": 4, "HF": 18, "HR": 0, "HS": 5, "HST": 3, "HTAG": 0, "HTHG": 1, "HTR": "H", "HY": 3, "HomeTeam": "Espanol"},{"AC": 10, "AF": 17, "AR": 0, "AS": 9, "AST": 2, "AY": 0, "AwayTeam": "Sociedad", "Date": "2015-04-07", "FTAG": 0, "FTHG": 2, "FTR": "H", "HC": 4, "HF": 13, "HR": 0, "HS": 12, "HST": 3, "HTAG": 0, "HTHG": 2, "HTR": "H", "HY": 1, "HomeTeam": "Ath Madrid"},{"AC": 2, "AF": 17, "AR": 0, "AS": 14, "AST": 4, "AY": 2, "AwayTeam": "Malaga", "Date": "2015-04-07", "FTAG": 0, "FTHG": 1, "FTR": "H", "HC": 4, "HF": 15, "HR": 0, "HS": 8, "HST": 5, "HTAG": 0, "HTHG": 0, "HTR": "D", "HY": 3, "HomeTeam": "Eibar"},{"AC": 3, "AF": 16, "AR": 0, "AS": 12, "AST": 5, "AY": 5, "AwayTeam": "Sevilla", "Date": "2015-04-07", "FTAG": 2, "FTHG": 1, "FTR": "A", "HC": 12, "HF": 16, "HR": 0, "HS": 19, "HST": 6, "HTAG": 2, "HTHG": 0, "HTR": "A", "HY": 4, "HomeTeam": "Levante"},{"AC": 5, "AF": 14, "AR": 0, "AS": 6, "AST": 3, "AY": 1, "AwayTeam": "Almeria", "Date": "2015-04-08", "FTAG": 0, "FTHG": 4, "FTR": "H", "HC": 14, "HF": 9, "HR": 0, "HS": 19, "HST": 12, "HTAG": 0, "HTHG": 1, "HTR": "H", "HY": 1, "HomeTeam": "Barcelona"},{"AC": 5, "AF": 14, "AR": 0, "AS": 12, "AST": 4, "AY": 5, "AwayTeam": "Celta", "Date": "2015-04-08", "FTAG": 1, "FTHG": 1, "FTR": "D", "HC": 1, "HF": 13, "HR": 1, "HS": 8, "HST": 3, "HTAG": 0, "HTHG": 1, "HTR": "H", "HY": 4, "HomeTeam": "Granada"},{"AC": 5, "AF": 16, "AR": 0, "AS": 16, "AST": 7, "AY": 2, "AwayTeam": "Cordoba", "Date": "2015-04-08", "FTAG": 1, "FTHG": 1, "FTR": "D", "HC": 6, "HF": 12, "HR": 1, "HS": 8, "HST": 2, "HTAG": 0, "HTHG": 0, "HTR": "D", "HY": 3, "HomeTeam": "La Coruna"},{"AC": 1, "AF": 11, "AR": 0, "AS": 17, "AST": 5, "AY": 5, "AwayTeam": "Real Madrid", "Date": "2015-04-08", "FTAG": 2, "FTHG": 0, "FTR": "A", "HC": 8, "HF": 15, "HR": 0, "HS": 20, "HST": 8, "HTAG": 0, "HTHG": 0, "HTR": "D", "HY": 4, "HomeTeam": "Vallecano"},{"AC": 3, "AF": 15, "AR": 1, "AS": 7, "AST": 4, "AY": 3, "AwayTeam": "Valencia", "Date": "2015-04-09", "FTAG": 1, "FTHG": 1, "FTR": "D", "HC": 8, "HF": 17, "HR": 0, "HS": 12, "HST": 4, "HTAG": 0, "HTHG": 0, "HTR": "D", "HY": 5, "HomeTeam": "Ath Bilbao"},{"AC": 4, "AF": 19, "AR": 0, "AS": 9, "AST": 4, "AY": 3, "AwayTeam": "Getafe", "Date": "2015-04-09", "FTAG": 1, "FTHG": 0, "FTR": "A", "HC": 10, "HF": 13, "HR": 0, "HS": 16, "HST": 2, "HTAG": 0, "HTHG": 0, "HTR": "D", "HY": 2, "HomeTeam": "Elche"},{"AC": 2, "AF": 14, "AR": 0, "AS": 14, "AST": 4, "AY": 1, "AwayTeam": "Espanol", "Date": "2015-04-09", "FTAG": 3, "FTHG": 0, "FTR": "A", "HC": 7, "HF": 14, "HR": 0, "HS": 7, "HST": 2, "HTAG": 1, "HTHG": 0, "HTR": "A", "HY": 1, "HomeTeam": "Villarreal"},{"AC": 6, "AF": 14, "AR": 0, "AS": 15, "AST": 3, "AY": 3, "AwayTeam": "Granada", "Date": "2015-04-11", "FTAG": 0, "FTHG": 3, "FTR": "H", "HC": 5, "HF": 16, "HR": 0, "HS": 17, "HST": 9, "HTAG": 0, "HTHG": 1, "HTR": "H", "HY": 4, "HomeTeam": "Almeria"},{"AC": 4, "AF": 3, "AR": 0, "AS": 12, "AST": 4, "AY": 1, "AwayTeam": "Vallecano", "Date": "2015-04-11", "FTAG": 1, "FTHG": 6, "FTR": "H", "HC": 3, "HF": 16, "HR": 0, "HS": 17, "HST": 10, "HTAG": 1, "HTHG": 4, "HTR": "H", "HY": 1, "HomeTeam": "Celta"},{"AC": 1, "AF": 10, "AR": 0, "AS": 11, "AST": 5, "AY": 3, "AwayTeam": "Ath Madrid", "Date": "2015-04-11", "FTAG": 2, "FTHG": 2, "FTR": "D", "HC": 6, "HF": 13, "HR": 0, "HS": 11, "HST": 3, "HTAG": 1, "HTHG": 1, "HTR": "D", "HY": 2, "HomeTeam": "Malaga"},{"AC": 4, "AF": 18, "AR": 0, "AS": 4, "AST": 2, "AY": 3, "AwayTeam": "Eibar", "Date": "2015-04-11", "FTAG": 0, "FTHG": 3, "FTR": "H", "HC": 7, "HF": 10, "HR": 0, "HS": 24, "HST": 13, "HTAG": 0, "HTHG": 2, "HTR": "H", "HY": 0, "HomeTeam": "Real Madrid"},{"AC": 4, "AF": 9, "AR": 0, "AS": 17, "AST": 7, "AY": 2, "AwayTeam": "Barcelona", "Date": "2015-04-11", "FTAG": 2, "FTHG": 2, "FTR": "D", "HC": 2, "HF": 23, "HR": 0, "HS": 11, "HST": 2, "HTAG": 2, "HTHG": 1, "HTR": "A", "HY": 5, "HomeTeam": "Sevilla"},{"AC": 3, "AF": 26, "AR": 0, "AS": 7, "AST": 3, "AY": 2, "AwayTeam": "Elche", "Date": "2015-04-12", "FTAG": 2, "FTHG": 0, "FTR": "A", "HC": 8, "HF": 9, "HR": 1, "HS": 14, "HST": 2, "HTAG": 1, "HTHG": 0, "HTR": "A", "HY": 0, "HomeTeam": "Cordoba"},{"AC": 1, "AF": 13, "AR": 0, "AS": 10, "AST": 2, "AY": 2, "AwayTeam": "Ath Bilbao", "Date": "2015-04-12", "FTAG": 0, "FTHG": 1, "FTR": "H", "HC": 7, "HF": 14, "HR": 0, "HS": 5, "HST": 1, "HTAG": 0, "HTHG": 1, "HTR": "H", "HY": 2, "HomeTeam": "Espanol"},{"AC": 5, "AF": 16, "AR": 0, "AS": 9, "AST": 4, "AY": 6, "AwayTeam": "Villarreal", "Date": "2015-04-12", "FTAG": 1, "FTHG": 1, "FTR": "D", "HC": 11, "HF": 9, "HR": 0, "HS": 12, "HST": 2, "HTAG": 0, "HTHG": 0, "HTR": "D", "HY": 2, "HomeTeam": "Getafe"},{"AC": 7, "AF": 19, "AR": 0, "AS": 16, "AST": 5, "AY": 4, "AwayTeam": "La Coruna", "Date": "2015-04-12", "FTAG": 2, "FTHG": 2, "FTR": "D", "HC": 5, "HF": 12, "HR": 0, "HS": 9, "HST": 4, "HTAG": 1, "HTHG": 1, "HTR": "D", "HY": 4, "HomeTeam": "Sociedad"},{"AC": 4, "AF": 12, "AR": 0, "AS": 11, "AST": 1, "AY": 3, "AwayTeam": "Levante", "Date": "2015-04-13", "FTAG": 0, "FTHG": 3, "FTR": "H", "HC": 5, "HF": 12, "HR": 0, "HS": 13, "HST": 5, "HTAG": 0, "HTHG": 2, "HTR": "H", "HY": 3, "HomeTeam": "Valencia"},{"AC": 4, "AF": 18, "AR": 0, "AS": 12, "AST": 6, "AY": 3, "AwayTeam": "Espanol", "Date": "2015-04-17", "FTAG": 2, "FTHG": 2, "FTR": "D", "HC": 8, "HF": 14, "HR": 0, "HS": 13, "HST": 3, "HTAG": 2, "HTHG": 1, "HTR": "A", "HY": 1, "HomeTeam": "Levante"},{"AC": 1, "AF": 12, "AR": 1, "AS": 1, "AST": 1, "AY": 4, "AwayTeam": "Getafe", "Date": "2015-04-18", "FTAG": 0, "FTHG": 4, "FTR": "H", "HC": 6, "HF": 12, "HR": 0, "HS": 27, "HST": 8, "HTAG": 0, "HTHG": 1, "HTR": "H", "HY": 2, "HomeTeam": "Ath Bilbao"},{"AC": 3, "AF": 17, "AR": 0, "AS": 11, "AST": 3, "AY": 4, "AwayTeam": "Valencia", "Date": "2015-04-18", "FTAG": 0, "FTHG": 2, "FTR": "H", "HC": 6, "HF": 18, "HR": 0, "HS": 11, "HST": 5, "HTAG": 0, "HTHG": 1, "HTR": "H", "HY": 4, "HomeTeam": "Barcelona"},{"AC": 6, "AF": 15, "AR": 0, "AS": 15, "AST": 10, "AY": 4, "AwayTeam": "Ath Madrid", "Date": "2015-04-18", "FTAG": 2, "FTHG": 1, "FTR": "A", "HC": 5, "HF": 16, "HR": 0, "HS": 9, "HST": 2, "HTAG": 2, "HTHG": 0, "HTR": "A", "HY": 2, "HomeTeam": "La Coruna"},{"AC": 3, "AF": 26, "AR": 0, "AS": 11, "AST": 2, "AY": 2, "AwayTeam": "Malaga", "Date": "2015-04-18", "FTAG": 1, "FTHG": 3, "FTR": "H", "HC": 4, "HF": 11, "HR": 0, "HS": 12, "HST": 6, "HTAG": 0, "HTHG": 1, "HTR": "H", "HY": 2, "HomeTeam": "Real Madrid"},{"AC": 9, "AF": 20, "AR": 0, "AS": 17, "AST": 5, "AY": 2, "AwayTeam": "Celta", "Date": "2015-04-19", "FTAG": 1, "FTHG": 0, "FTR": "A", "HC": 1, "HF": 10, "HR": 0, "HS": 11, "HST": 3, "HTAG": 1, "HTHG": 0, "HTR": "A", "HY": 2, "HomeTeam": "Eibar"},{"AC": 9, "AF": 14, "AR": 0, "AS": 16, "AST": 3, "AY": 2, "AwayTeam": "Sevilla", "Date": "2015-04-19", "FTAG": 1, "FTHG": 1, "FTR": "D", "HC": 5, "HF": 15, "HR": 0, "HS": 6, "HST": 2, "HTAG": 0, "HTHG": 1, "HTR": "H", "HY": 2, "HomeTeam": "Granada"},{"AC": 7, "AF": 12, "AR": 0, "AS": 8, "AST": 3, "AY": 2, "AwayTeam": "Almeria", "Date": "2015-04-19", "FTAG": 0, "FTHG": 2, "FTR": "H", "HC": 5, "HF": 18, "HR": 0, "HS": 13, "HST": 9, "HTAG": 0, "HTHG": 1, "HTR": "H", "HY": 1, "HomeTeam": "Vallecano"},{"AC": 3, "AF": 16, "AR": 0, "AS": 9, "AST": 4, "AY": 4, "AwayTeam": "Cordoba", "Date": "2015-04-19", "FTAG": 0, "FTHG": 0, "FTR": "D", "HC": 12, "HF": 14, "HR": 0, "HS": 28, "HST": 7, "HTAG": 0, "HTHG": 0, "HTR": "D", "HY": 1, "HomeTeam": "Villarreal"},{"AC": 4, "AF": 11, "AR": 0, "AS": 4, "AST": 2, "AY": 4, "AwayTeam": "Sociedad", "Date": "2015-04-20", "FTAG": 0, "FTHG": 1, "FTR": "H", "HC": 7, "HF": 21, "HR": 0, "HS": 9, "HST": 2, "HTAG": 0, "HTHG": 1, "HTR": "H", "HY": 3, "HomeTeam": "Elche"},{"AC": 5, "AF": 19, "AR": 0, "AS": 15, "AST": 4, "AY": 3, "AwayTeam": "Ath Bilbao", "Date": "2015-04-24", "FTAG": 1, "FTHG": 0, "FTR": "A", "HC": 9, "HF": 13, "HR": 0, "HS": 22, "HST": 2, "HTAG": 0, "HTHG": 0, "HTR": "D", "HY": 2, "HomeTeam": "Cordoba"},{"AC": 8, "AF": 18, "AR": 0, "AS": 14, "AST": 3, "AY": 2, "AwayTeam": "Elche", "Date": "2015-04-25", "FTAG": 0, "FTHG": 3, "FTR": "H", "HC": 9, "HF": 11, "HR": 0, "HS": 18, "HST": 9, "HTAG": 0, "HTHG": 0, "HTR": "D", "HY": 3, "HomeTeam": "Ath Madrid"},{"AC": 3, "AF": 12, "AR": 1, "AS": 12, "AST": 5, "AY": 1, "AwayTeam": "Barcelona", "Date": "2015-04-25", "FTAG": 2, "FTHG": 0, "FTR": "A", "HC": 5, "HF": 21, "HR": 1, "HS": 7, "HST": 2, "HTAG": 2, "HTHG": 0, "HTR": "A", "HY": 5, "HomeTeam": "Espanol"},{"AC": 5, "AF": 14, "AR": 0, "AS": 9, "AST": 3, "AY": 3, "AwayTeam": "Levante", "Date": "2015-04-25", "FTAG": 1, "FTHG": 0, "FTR": "A", "HC": 5, "HF": 9, "HR": 0, "HS": 10, "HST": 2, "HTAG": 1, "HTHG": 0, "HTR": "A", "HY": 4, "HomeTeam": "Getafe"},{"AC": 9, "AF": 13, "AR": 0, "AS": 19, "AST": 4, "AY": 4, "AwayTeam": "Villarreal", "Date": "2015-04-25", "FTAG": 0, "FTHG": 0, "FTR": "D", "HC": 7, "HF": 15, "HR": 0, "HS": 13, "HST": 2, "HTAG": 0, "HTHG": 0, "HTR": "D", "HY": 1, "HomeTeam": "Sociedad"},{"AC": 7, "AF": 13, "AR": 0, "AS": 8, "AST": 5, "AY": 3, "AwayTeam": "Eibar", "Date": "2015-04-26", "FTAG": 0, "FTHG": 2, "FTR": "H", "HC": 5, "HF": 11, "HR": 0, "HS": 9, "HST": 3, "HTAG": 0, "HTHG": 1, "HTR": "H", "HY": 4, "HomeTeam": "Almeria"},{"AC": 4, "AF": 6, "AR": 0, "AS": 10, "AST": 7, "AY": 2, "AwayTeam": "Real Madrid", "Date": "2015-04-26", "FTAG": 4, "FTHG": 2, "FTR": "A", "HC": 5, "HF": 17, "HR": 0, "HS": 20, "HST": 4, "HTAG": 3, "HTHG": 2, "HTR": "A", "HY": 3, "HomeTeam": "Celta"},{"AC": 5, "AF": 15, "AR": 0, "AS": 12, "AST": 3, "AY": 1, "AwayTeam": "La Coruna", "Date": "2015-04-26", "FTAG": 1, "FTHG": 1, "FTR": "D", "HC": 9, "HF": 17, "HR": 0, "HS": 14, "HST": 5, "HTAG": 0, "HTHG": 0, "HTR": "D", "HY": 5, "HomeTeam": "Malaga"},{"AC": 8, "AF": 13, "AR": 0, "AS": 22, "AST": 3, "AY": 2, "AwayTeam": "Vallecano", "Date": "2015-04-26", "FTAG": 0, "FTHG": 2, "FTR": "H", "HC": 5, "HF": 15, "HR": 0, "HS": 12, "HST": 7, "HTAG": 0, "HTHG": 2, "HTR": "H", "HY": 0, "HomeTeam": "Sevilla"},{"AC": 6, "AF": 16, "AR": 0, "AS": 5, "AST": 0, "AY": 3, "AwayTeam": "Granada", "Date": "2015-04-27", "FTAG": 0, "FTHG": 4, "FTR": "H", "HC": 2, "HF": 12, "HR": 0, "HS": 13, "HST": 6, "HTAG": 0, "HTHG": 2, "HTR": "H", "HY": 3, "HomeTeam": "Valencia"},{"AC": 3, "AF": 13, "AR": 1, "AS": 13, "AST": 8, "AY": 2, "AwayTeam": "Sociedad", "Date": "2015-04-28", "FTAG": 1, "FTHG": 1, "FTR": "D", "HC": 7, "HF": 16, "HR": 0, "HS": 11, "HST": 3, "HTAG": 0, "HTHG": 0, "HTR": "D", "HY": 2, "HomeTeam": "Ath Bilbao"},{"AC": 6, "AF": 5, "AR": 0, "AS": 7, "AST": 3, "AY": 0, "AwayTeam": "Getafe", "Date": "2015-04-28", "FTAG": 0, "FTHG": 6, "FTR": "H", "HC": 5, "HF": 11, "HR": 0, "HS": 21, "HST": 12, "HTAG": 0, "HTHG": 5, "HTR": "H", "HY": 0, "HomeTeam": "Barcelona"},{"AC": 5, "AF": 10, "AR": 0, "AS": 8, "AST": 1, "AY": 3, "AwayTeam": "Cordoba", "Date": "2015-04-28", "FTAG": 0, "FTHG": 1, "FTR": "H", "HC": 6, "HF": 17, "HR": 0, "HS": 13, "HST": 3, "HTAG": 0, "HTHG": 1, "HTR": "H", "HY": 3, "HomeTeam": "Levante"},{"AC": 5, "AF": 13, "AR": 0, "AS": 7, "AST": 2, "AY": 3, "AwayTeam": "Malaga", "Date": "2015-04-29", "FTAG": 0, "FTHG": 1, "FTR": "H", "HC": 3, "HF": 6, "HR": 0, "HS": 14, "HST": 2, "HTAG": 0, "HTHG": 0, "HTR": "D", "HY": 2, "HomeTeam": "Celta"},{"AC": 2, "AF": 10, "AR": 0, "AS": 12, "AST": 6, "AY": 2, "AwayTeam": "Sevilla", "Date": "2015-04-29", "FTAG": 3, "FTHG": 1, "FTR": "A", "HC": 4, "HF": 17, "HR": 0, "HS": 15, "HST": 3, "HTAG": 2, "HTHG": 0, "HTR": "A", "HY": 3, "HomeTeam": "Eibar"},{"AC": 4, "AF": 10, "AR": 0, "AS": 10, "AST": 5, "AY": 2, "AwayTeam": "La Coruna", "Date": "2015-04-29", "FTAG": 0, "FTHG": 4, "FTR": "H", "HC": 3, "HF": 7, "HR": 0, "HS": 12, "HST": 7, "HTAG": 0, "HTHG": 2, "HTR": "H", "HY": 1, "HomeTeam": "Elche"},{"AC": 4, "AF": 12, "AR": 0, "AS": 7, "AST": 0, "AY": 0, "AwayTeam": "Almeria", "Date": "2015-04-29", "FTAG": 0, "FTHG": 3, "FTR": "H", "HC": 10, "HF": 9, "HR": 0, "HS": 18, "HST": 4, "HTAG": 0, "HTHG": 1, "HTR": "H", "HY": 1, "HomeTeam": "Real Madrid"},{"AC": 1, "AF": 18, "AR": 0, "AS": 12, "AST": 3, "AY": 4, "AwayTeam": "Ath Madrid", "Date": "2015-04-29", "FTAG": 1, "FTHG": 0, "FTR": "A", "HC": 7, "HF": 5, "HR": 0, "HS": 13, "HST": 3, "HTAG": 0, "HTHG": 0, "HTR": "D", "HY": 0, "HomeTeam": "Villarreal"},{"AC": 1, "AF": 12, "AR": 0, "AS": 7, "AST": 3, "AY": 3, "AwayTeam": "Espanol", "Date": "2015-04-30", "FTAG": 2, "FTHG": 1, "FTR": "A", "HC": 8, "HF": 19, "HR": 0, "HS": 16, "HST": 4, "HTAG": 1, "HTHG": 0, "HTR": "A", "HY": 2, "HomeTeam": "Granada"},{"AC": 8, "AF": 15, "AR": 1, "AS": 13, "AST": 5, "AY": 1, "AwayTeam": "Valencia", "Date": "2015-04-30", "FTAG": 1, "FTHG": 1, "FTR": "D", "HC": 4, "HF": 21, "HR": 1, "HS": 9, "HST": 3, "HTAG": 0, "HTHG": 1, "HTR": "H", "HY": 2, "HomeTeam": "Vallecano"},{"AC": 7, "AF": 13, "AR": 0, "AS": 14, "AST": 1, "AY": 3, "AwayTeam": "Levante", "Date": "2015-05-01", "FTAG": 0, "FTHG": 3, "FTR": "H", "HC": 3, "HF": 14, "HR": 0, "HS": 9, "HST": 3, "HTAG": 0, "HTHG": 1, "HTR": "H", "HY": 2, "HomeTeam": "Sociedad"},{"AC": 2, "AF": 20, "AR": 1, "AS": 7, "AST": 0, "AY": 2, "AwayTeam": "Ath Bilbao", "Date": "2015-05-02", "FTAG": 0, "FTHG": 0, "FTR": "D", "HC": 9, "HF": 8, "HR": 0, "HS": 10, "HST": 3, "HTAG": 0, "HTHG": 0, "HTR": "D", "HY": 2, "HomeTeam": "Ath Madrid"},{"AC": 8, "AF": 3, "AR": 0, "AS": 27, "AST": 11, "AY": 0, "AwayTeam": "Barcelona", "Date": "2015-05-02", "FTAG": 8, "FTHG": 0, "FTR": "A", "HC": 5, "HF": 11, "HR": 0, "HS": 5, "HST": 1, "HTAG": 2, "HTHG": 0, "HTR": "A", "HY": 2, "HomeTeam": "Cordoba"},{"AC": 2, "AF": 12, "AR": 0, "AS": 7, "AST": 2, "AY": 5, "AwayTeam": "Villarreal", "Date": "2015-05-02", "FTAG": 1, "FTHG": 1, "FTR": "D", "HC": 4, "HF": 14, "HR": 0, "HS": 9, "HST": 3, "HTAG": 0, "HTHG": 0, "HTR": "D", "HY": 1, "HomeTeam": "La Coruna"},{"AC": 1, "AF": 12, "AR": 0, "AS": 14, "AST": 5, "AY": 2, "AwayTeam": "Real Madrid", "Date": "2015-05-02", "FTAG": 3, "FTHG": 2, "FTR": "A", "HC": 8, "HF": 11, "HR": 0, "HS": 18, "HST": 5, "HTAG": 2, "HTHG": 1, "HTR": "A", "HY": 4, "HomeTeam": "Sevilla"},{"AC": 1, "AF": 18, "AR": 0, "AS": 7, "AST": 4, "AY": 1, "AwayTeam": "Vallecano", "Date": "2015-05-03", "FTAG": 1, "FTHG": 1, "FTR": "D", "HC": 5, "HF": 18, "HR": 1, "HS": 12, "HST": 5, "HTAG": 1, "HTHG": 0, "HTR": "A", "HY": 3, "HomeTeam": "Espanol"},{"AC": 6, "AF": 17, "AR": 0, "AS": 14, "AST": 6, "AY": 4, "AwayTeam": "Granada", "Date": "2015-05-03", "FTAG": 2, "FTHG": 1, "FTR": "A", "HC": 4, "HF": 14, "HR": 0, "HS": 17, "HST": 5, "HTAG": 1, "HTHG": 1, "HTR": "D", "HY": 3, "HomeTeam": "Getafe"},{"AC": 2, "AF": 18, "AR": 1, "AS": 7, "AST": 3, "AY": 1, "AwayTeam": "Elche", "Date": "2015-05-03", "FTAG": 2, "FTHG": 1, "FTR": "A", "HC": 5, "HF": 15, "HR": 0, "HS": 21, "HST": 9, "HTAG": 1, "HTHG": 0, "HTR": "A", "HY": 3, "HomeTeam": "Malaga"},{"AC": 5, "AF": 17, "AR": 0, "AS": 7, "AST": 1, "AY": 1, "AwayTeam": "Eibar", "Date": "2015-05-03", "FTAG": 1, "FTHG": 3, "FTR": "H", "HC": 7, "HF": 8, "HR": 0, "HS": 13, "HST": 6, "HTAG": 0, "HTHG": 1, "HTR": "H", "HY": 2, "HomeTeam": "Valencia"},{"AC": 6, "AF": 9, "AR": 1, "AS": 7, "AST": 3, "AY": 3, "AwayTeam": "Celta", "Date": "2015-05-04", "FTAG": 2, "FTHG": 2, "FTR": "D", "HC": 3, "HF": 12, "HR": 1, "HS": 12, "HST": 3, "HTAG": 2, "HTHG": 0, "HTR": "A", "HY": 2, "HomeTeam": "Almeria"},{"AC": 2, "AF": 12, "AR": 0, "AS": 12, "AST": 6, "AY": 4, "AwayTeam": "Espanol", "Date": "2015-05-08", "FTAG": 2, "FTHG": 0, "FTR": "A", "HC": 4, "HF": 17, "HR": 0, "HS": 8, "HST": 4, "HTAG": 1, "HTHG": 0, "HTR": "A", "HY": 2, "HomeTeam": "Eibar"},{"AC": 3, "AF": 10, "AR": 0, "AS": 8, "AST": 2, "AY": 4, "AwayTeam": "La Coruna", "Date": "2015-05-09", "FTAG": 1, "FTHG": 1, "FTR": "D", "HC": 3, "HF": 14, "HR": 0, "HS": 11, "HST": 5, "HTAG": 0, "HTHG": 1, "HTR": "H", "HY": 4, "HomeTeam": "Ath Bilbao"},{"AC": 3, "AF": 13, "AR": 0, "AS": 5, "AST": 1, "AY": 5, "AwayTeam": "Sociedad", "Date": "2015-05-09", "FTAG": 0, "FTHG": 2, "FTR": "H", "HC": 10, "HF": 9, "HR": 0, "HS": 15, "HST": 8, "HTAG": 0, "HTHG": 0, "HTR": "D", "HY": 1, "HomeTeam": "Barcelona"},{"AC": 1, "AF": 12, "AR": 2, "AS": 4, "AST": 1, "AY": 2, "AwayTeam": "Cordoba", "Date": "2015-05-09", "FTAG": 0, "FTHG": 2, "FTR": "H", "HC": 8, "HF": 16, "HR": 0, "HS": 21, "HST": 8, "HTAG": 0, "HTHG": 1, "HTR": "H", "HY": 2, "HomeTeam": "Granada"},{"AC": 9, "AF": 19, "AR": 0, "AS": 13, "AST": 4, "AY": 4, "AwayTeam": "Valencia", "Date": "2015-05-09", "FTAG": 2, "FTHG": 2, "FTR": "D", "HC": 12, "HF": 14, "HR": 0, "HS": 29, "HST": 10, "HTAG": 2, "HTHG": 0, "HTR": "A", "HY": 4, "HomeTeam": "Real Madrid"},{"AC": 6, "AF": 18, "AR": 0, "AS": 14, "AST": 5, "AY": 4, "AwayTeam": "Malaga", "Date": "2015-05-10", "FTAG": 2, "FTHG": 1, "FTR": "A", "HC": 7, "HF": 15, "HR": 0, "HS": 10, "HST": 4, "HTAG": 1, "HTHG": 1, "HTR": "D", "HY": 3, "HomeTeam": "Almeria"},{"AC": 2, "AF": 15, "AR": 0, "AS": 8, "AST": 4, "AY": 5, "AwayTeam": "Sevilla", "Date": "2015-05-10", "FTAG": 1, "FTHG": 1, "FTR": "D", "HC": 4, "HF": 17, "HR": 0, "HS": 13, "HST": 2, "HTAG": 1, "HTHG": 0, "HTR": "A", "HY": 3, "HomeTeam": "Celta"},{"AC": 6, "AF": 16, "AR": 0, "AS": 15, "AST": 7, "AY": 2, "AwayTeam": "Ath Madrid", "Date": "2015-05-10", "FTAG": 2, "FTHG": 2, "FTR": "D", "HC": 2, "HF": 8, "HR": 0, "HS": 8, "HST": 5, "HTAG": 1, "HTHG": 1, "HTR": "D", "HY": 2, "HomeTeam": "Levante"},{"AC": 5, "AF": 7, "AR": 0, "AS": 13, "AST": 2, "AY": 2, "AwayTeam": "Elche", "Date": "2015-05-10", "FTAG": 0, "FTHG": 1, "FTR": "H", "HC": 8, "HF": 15, "HR": 0, "HS": 12, "HST": 5, "HTAG": 0, "HTHG": 1, "HTR": "H", "HY": 1, "HomeTeam": "Villarreal"},{"AC": 5, "AF": 12, "AR": 1, "AS": 9, "AST": 3, "AY": 1, "AwayTeam": "Getafe", "Date": "2015-05-11", "FTAG": 0, "FTHG": 2, "FTR": "H", "HC": 8, "HF": 14, "HR": 1, "HS": 15, "HST": 5, "HTAG": 0, "HTHG": 1, "HTR": "H", "HY": 2, "HomeTeam": "Vallecano"},{"AC": 5, "AF": 7, "AR": 0, "AS": 15, "AST": 5, "AY": 3, "AwayTeam": "Barcelona", "Date": "2015-05-17", "FTAG": 1, "FTHG": 0, "FTR": "A", "HC": 6, "HF": 23, "HR": 0, "HS": 10, "HST": 3, "HTAG": 0, "HTHG": 0, "HTR": "D", "HY": 5, "HomeTeam": "Ath Madrid"},{"AC": 8, "AF": 13, "AR": 0, "AS": 22, "AST": 10, "AY": 0, "AwayTeam": "Vallecano", "Date": "2015-05-17", "FTAG": 2, "FTHG": 1, "FTR": "A", "HC": 5, "HF": 5, "HR": 0, "HS": 14, "HST": 2, "HTAG": 1, "HTHG": 0, "HTR": "A", "HY": 0, "HomeTeam": "Cordoba"},{"AC": 9, "AF": 12, "AR": 0, "AS": 17, "AST": 5, "AY": 2, "AwayTeam": "Ath Bilbao", "Date": "2015-05-17", "FTAG": 3, "FTHG": 2, "FTR": "A", "HC": 1, "HF": 13, "HR": 0, "HS": 10, "HST": 3, "HTAG": 0, "HTHG": 2, "HTR": "H", "HY": 2, "HomeTeam": "Elche"},{"AC": 5, "AF": 12, "AR": 0, "AS": 18, "AST": 7, "AY": 4, "AwayTeam": "Real Madrid", "Date": "2015-05-17", "FTAG": 4, "FTHG": 1, "FTR": "A", "HC": 2, "HF": 17, "HR": 0, "HS": 15, "HST": 3, "HTAG": 0, "HTHG": 0, "HTR": "D", "HY": 2, "HomeTeam": "Espanol"},{"AC": 4, "AF": 12, "AR": 0, "AS": 5, "AST": 1, "AY": 2, "AwayTeam": "Eibar", "Date": "2015-05-17", "FTAG": 1, "FTHG": 1, "FTR": "D", "HC": 6, "HF": 11, "HR": 0, "HS": 13, "HST": 3, "HTAG": 1, "HTHG": 1, "HTR": "D", "HY": 0, "HomeTeam": "Getafe"},{"AC": 3, "AF": 13, "AR": 0, "AS": 5, "AST": 1, "AY": 2, "AwayTeam": "Levante", "Date": "2015-05-17", "FTAG": 0, "FTHG": 2, "FTR": "H", "HC": 8, "HF": 12, "HR": 0, "HS": 10, "HST": 3, "HTAG": 0, "HTHG": 1, "HTR": "H", "HY": 3, "HomeTeam": "La Coruna"},{"AC": 4, "AF": 17, "AR": 1, "AS": 14, "AST": 3, "AY": 4, "AwayTeam": "Almeria", "Date": "2015-05-17", "FTAG": 1, "FTHG": 2, "FTR": "H", "HC": 5, "HF": 17, "HR": 0, "HS": 15, "HST": 3, "HTAG": 1, "HTHG": 0, "HTR": "A", "HY": 0, "HomeTeam": "Sevilla"},{"AC": 3, "AF": 17, "AR": 0, "AS": 15, "AST": 6, "AY": 2, "AwayTeam": "Granada", "Date": "2015-05-17", "FTAG": 3, "FTHG": 0, "FTR": "A", "HC": 3, "HF": 12, "HR": 0, "HS": 7, "HST": 1, "HTAG": 0, "HTHG": 0, "HTR": "D", "HY": 2, "HomeTeam": "Sociedad"},{"AC": 7, "AF": 18, "AR": 0, "AS": 11, "AST": 3, "AY": 5, "AwayTeam": "Celta", "Date": "2015-05-17", "FTAG": 1, "FTHG": 1, "FTR": "D", "HC": 7, "HF": 9, "HR": 0, "HS": 21, "HST": 7, "HTAG": 1, "HTHG": 0, "HTR": "A", "HY": 1, "HomeTeam": "Valencia"},{"AC": 9, "AF": 12, "AR": 0, "AS": 15, "AST": 4, "AY": 1, "AwayTeam": "Malaga", "Date": "2015-05-17", "FTAG": 1, "FTHG": 2, "FTR": "H", "HC": 3, "HF": 9, "HR": 0, "HS": 8, "HST": 2, "HTAG": 0, "HTHG": 0, "HTR": "D", "HY": 3, "HomeTeam": "Villarreal"},{"AC": 6, "AF": 18, "AR": 1, "AS": 9, "AST": 5, "AY": 4, "AwayTeam": "Valencia", "Date": "2015-05-23", "FTAG": 3, "FTHG": 2, "FTR": "A", "HC": 3, "HF": 19, "HR": 0, "HS": 10, "HST": 3, "HTAG": 2, "HTHG": 2, "HTR": "D", "HY": 2, "HomeTeam": "Almeria"},{"AC": 5, "AF": 7, "AR": 0, "AS": 13, "AST": 2, "AY": 1, "AwayTeam": "Villarreal", "Date": "2015-05-23", "FTAG": 0, "FTHG": 4, "FTR": "H", "HC": 4, "HF": 13, "HR": 0, "HS": 17, "HST": 8, "HTAG": 0, "HTHG": 3, "HTR": "H", "HY": 0, "HomeTeam": "Ath Bilbao"},{"AC": 4, "AF": 9, "AR": 0, "AS": 10, "AST": 2, "AY": 3, "AwayTeam": "La Coruna", "Date": "2015-05-23", "FTAG": 2, "FTHG": 2, "FTR": "D", "HC": 4, "HF": 6, "HR": 0, "HS": 18, "HST": 7, "HTAG": 0, "HTHG": 1, "HTR": "H", "HY": 1, "HomeTeam": "Barcelona"},{"AC": 2, "AF": 14, "AR": 0, "AS": 17, "AST": 3, "AY": 1, "AwayTeam": "Espanol", "Date": "2015-05-23", "FTAG": 2, "FTHG": 3, "FTR": "H", "HC": 2, "HF": 11, "HR": 1, "HS": 10, "HST": 7, "HTAG": 1, "HTHG": 1, "HTR": "D", "HY": 2, "HomeTeam": "Celta"},{"AC": 5, "AF": 7, "AR": 0, "AS": 15, "AST": 5, "AY": 0, "AwayTeam": "Cordoba", "Date": "2015-05-23", "FTAG": 0, "FTHG": 3, "FTR": "H", "HC": 4, "HF": 13, "HR": 0, "HS": 12, "HST": 6, "HTAG": 0, "HTHG": 3, "HTR": "H", "HY": 1, "HomeTeam": "Eibar"},{"AC": 0, "AF": 11, "AR": 0, "AS": 3, "AST": 1, "AY": 0, "AwayTeam": "Ath Madrid", "Date": "2015-05-23", "FTAG": 0, "FTHG": 0, "FTR": "D", "HC": 4, "HF": 9, "HR": 0, "HS": 2, "HST": 0, "HTAG": 0, "HTHG": 0, "HTR": "D", "HY": 0, "HomeTeam": "Granada"},{"AC": 4, "AF": 15, "AR": 0, "AS": 15, "AST": 6, "AY": 3, "AwayTeam": "Elche", "Date": "2015-05-23", "FTAG": 0, "FTHG": 0, "FTR": "D", "HC": 4, "HF": 14, "HR": 0, "HS": 8, "HST": 0, "HTAG": 0, "HTHG": 0, "HTR": "D", "HY": 3, "HomeTeam": "Levante"},{"AC": 1, "AF": 9, "AR": 0, "AS": 12, "AST": 6, "AY": 2, "AwayTeam": "Sevilla", "Date": "2015-05-23", "FTAG": 3, "FTHG": 2, "FTR": "A", "HC": 6, "HF": 13, "HR": 1, "HS": 16, "HST": 8, "HTAG": 0, "HTHG": 0, "HTR": "D", "HY": 3, "HomeTeam": "Malaga"},{"AC": 7, "AF": 13, "AR": 0, "AS": 14, "AST": 6, "AY": 3, "AwayTeam": "Getafe", "Date": "2015-05-23", "FTAG": 3, "FTHG": 7, "FTR": "H", "HC": 8, "HF": 12, "HR": 0, "HS": 18, "HST": 11, "HTAG": 3, "HTHG": 3, "HTR": "D", "HY": 2, "HomeTeam": "Real Madrid"},{"AC": 2, "AF": 13, "AR": 0, "AS": 11, "AST": 8, "AY": 1, "AwayTeam": "Sociedad", "Date": "2015-05-23", "FTAG": 4, "FTHG": 2, "FTR": "A", "HC": 9, "HF": 12, "HR": 0, "HS": 13, "HST": 3, "HTAG": 2, "HTHG": 1, "HTR": "A", "HY": 1, "HomeTeam": "Vallecano"}]