[{"AC": 2, "AF": 11, "AR": 1, "AS": 10, "AST": 2, "AY": 3, "AwayTeam": "Sevilla", "Date": "2015-08-21", "FTAG": 0, "FTHG": 0, "FTR": "D", "HC": 7, "HF": 19, "HR": 0, "HS": 25, "HST": 5, "HTAG": 0, "HTHG": 0, "HTR": "D", "HY": 3, "HomeTeam": "Malaga"},{"AC": 4, "AF": 16, "AR": 0, "AS": 8, "AST": 1, "AY": 0, "AwayTeam": "Las Palmas", "Date": "2015-08-22", "FTAG": 0, "FTHG": 1, "FTR": "H", "HC": 4, "HF": 11, "HR": 0, "HS": 14, "HST": 3, "HTAG": 0, "HTHG": 1, "HTR": "H", "HY": 2, "HomeTeam": "Ath Madrid"},{"AC": 6, "AF": 14, "AR": 1, "AS": 14, "AST": 3, "AY": 3, "AwayTeam": "Getafe", "Date": "2015-08-22", "FTAG": 0, "FTHG": 1, "FTR": "H", "HC": 5, "HF": 19, "HR": 0, "HS": 4, "HST": 2, "HTAG": 0, "HTHG": 1, "HTR": "H", "HY": 2, "HomeTeam": "Espanol"},{"AC": 4, "AF": 10, "AR": 0, "AS": 9, "AST": 2, "AY": 2, "AwayTeam": "Sociedad", "Date": "2015-08-22", "FTAG": 0, "FTHG": 0, "FTR": "D", "HC": 5, "HF": 16, "HR": 0, "HS": 15, "HST": 5, "HTAG": 0, "HTHG": 0, "HTR": "D", "HY": 3, "HomeTeam": "La Coruna"},{"AC": 3, "AF": 11, "AR": 0, "AS": 10, "AST": 4, "AY": 1, "AwayTeam": "Valencia", "Date": "2015-08-22", "FTAG": 0, "FTHG": 0, "FTR": "D", "HC": 3, "HF": 19, "HR": 0, "HS": 8, "HST": 3, "HTAG": 0, "HTHG": 0, "HTR": "D", "HY": 3, "HomeTeam": "Vallecano"},{"AC": 4, "AF": 11, "AR": 0, "AS": 10, "AST": 4, "AY": 3, "AwayTeam": "Barcelona", "Date": "2015-08-23", "FTAG": 1, "FTHG": 0, "FTR": "A", "HC": 2, "HF": 16, "HR": 0, "HS": 8, "HST": 2, "HTAG": 0, "HTHG": 0, "HTR": "D", "HY": 3, "HomeTeam": "Ath Bilbao"},{"AC": 5, "AF": 26, "AR": 1, "AS": 8, "AST": 4, "AY": 1, "AwayTeam": "Villarreal", "Date": "2015-08-23", "FTAG": 1, "FTHG": 1, "FTR": "D", "HC": 7, "HF": 11, "HR": 0, "HS": 22, "HST": 6, "HTAG": 1, "HTHG": 0, "HTR": "A", "HY": 3, "HomeTeam": "Betis"},{"AC": 6, "AF": 17, "AR": 0, "AS": 15, "AST": 6, "AY": 3, "AwayTeam": "Celta", "Date": "2015-08-23", "FTAG": 2, "FTHG": 1, "FTR": "A", "HC": 4, "HF": 12, "HR": 1, "HS": 11, "HST": 2, "HTAG": 1, "HTHG": 0, "HTR": "A", "HY": 1, "HomeTeam": "Levante"},{"AC": 5, "AF": 4, "AR": 0, "AS": 27, "AST": 8, "AY": 0, "AwayTeam": "Real Madrid", "Date": "2015-08-23", "FTAG": 0, "FTHG": 0, "FTR": "D", "HC": 2, "HF": 20, "HR": 0, "HS": 6, "HST": 0, "HTAG": 0, "HTHG": 0, "HTR": "D", "HY": 4, "HomeTeam": "Sp Gijon"},{"AC": 5, "AF": 23, "AR": 0, "AS": 10, "AST": 4, "AY": 6, "AwayTeam": "Eibar", "Date": "2015-08-24", "FTAG": 3, "FTHG": 1, "FTR": "A", "HC": 6, "HF": 5, "HR": 1, "HS": 12, "HST": 6, "HTAG": 2, "HTHG": 0, "HTR": "A", "HY": 1, "HomeTeam": "Granada"},{"AC": 3, "AF": 20, "AR": 0, "AS": 4, "AST": 2, "AY": 6, "AwayTeam": "Espanol", "Date": "2015-08-28", "FTAG": 1, "FTHG": 3, "FTR": "H", "HC": 2, "HF": 10, "HR": 0, "HS": 14, "HST": 4, "HTAG": 1, "HTHG": 0, "HTR": "A", "HY": 1, "HomeTeam": "Villarreal"},{"AC": 2, "AF": 21, "AR": 0, "AS": 4, "AST": 1, "AY": 3, "AwayTeam": "Malaga", "Date": "2015-08-29", "FTAG": 0, "FTHG": 1, "FTR": "H", "HC": 15, "HF": 4, "HR": 0, "HS": 22, "HST": 13, "HTAG": 0, "HTHG": 0, "HTR": "D", "HY": 0, "HomeTeam": "Barcelona"},{"AC": 4, "AF": 11, "AR": 1, "AS": 3, "AST": 0, "AY": 2, "AwayTeam": "Vallecano", "Date": "2015-08-29", "FTAG": 0, "FTHG": 3, "FTR": "H", "HC": 5, "HF": 7, "HR": 0, "HS": 11, "HST": 7, "HTAG": 0, "HTHG": 1, "HTR": "H", "HY": 2, "HomeTeam": "Celta"},{"AC": 4, "AF": 14, "AR": 0, "AS": 7, "AST": 1, "AY": 3, "AwayTeam": "Betis", "Date": "2015-08-29", "FTAG": 0, "FTHG": 5, "FTR": "H", "HC": 11, "HF": 12, "HR": 0, "HS": 21, "HST": 11, "HTAG": 0, "HTHG": 2, "HTR": "H", "HY": 3, "HomeTeam": "Real Madrid"},{"AC": 4, "AF": 15, "AR": 0, "AS": 7, "AST": 2, "AY": 5, "AwayTeam": "Sp Gijon", "Date": "2015-08-29", "FTAG": 0, "FTHG": 0, "FTR": "D", "HC": 6, "HF": 10, "HR": 0, "HS": 12, "HST": 1, "HTAG": 0, "HTHG": 0, "HTR": "D", "HY": 4, "HomeTeam": "Sociedad"},{"AC": 4, "AF": 13, "AR": 0, "AS": 9, "AST": 1, "AY": 2, "AwayTeam": "Ath Bilbao", "Date": "2015-08-30", "FTAG": 0, "FTHG": 2, "FTR": "H", "HC": 11, "HF": 14, "HR": 0, "HS": 9, "HST": 8, "HTAG": 0, "HTHG": 1, "HTR": "H", "HY": 2, "HomeTeam": "Eibar"},{"AC": 6, "AF": 15, "AR": 0, "AS": 9, "AST": 4, "AY": 3, "AwayTeam": "Granada", "Date": "2015-08-30", "FTAG": 2, "FTHG": 1, "FTR": "A", "HC": 6, "HF": 16, "HR": 0, "HS": 16, "HST": 4, "HTAG": 2, "HTHG": 0, "HTR": "A", "HY": 5, "HomeTeam": "Getafe"},{"AC": 0, "AF": 21, "AR": 0, "AS": 3, "AST": 2, "AY": 4, "AwayTeam": "Levante", "Date": "2015-08-30", "FTAG": 0, "FTHG": 0, "FTR": "D", "HC": 3, "HF": 14, "HR": 0, "HS": 16, "HST": 2, "HTAG": 0, "HTHG": 0, "HTR": "D", "HY": 2, "HomeTeam": "Las Palmas"},{"AC": 1, "AF": 13, "AR": 0, "AS": 17, "AST": 7, "AY": 4, "AwayTeam": "Ath Madrid", "Date": "2015-08-30", "FTAG": 3, "FTHG": 0, "FTR": "A", "HC": 11, "HF": 17, "HR": 0, "HS": 25, "HST": 7, "HTAG": 1, "HTHG": 0, "HTR": "A", "HY": 3, "HomeTeam": "Sevilla"},{"AC": 7, "AF": 15, "AR": 0, "AS": 12, "AST": 3, "AY": 1, "AwayTeam": "La Coruna", "Date": "2015-08-30", "FTAG": 1, "FTHG": 1, "FTR": "D", "HC": 5, "HF": 13, "HR": 1, "HS": 12, "HST": 5, "HTAG": 1, "HTHG": 1, "HTR": "D", "HY": 2, "HomeTeam": "Valencia"},{"AC": 4, "AF": 8, "AR": 0, "AS": 8, "AST": 3, "AY": 3, "AwayTeam": "Sevilla", "Date": "2015-09-11", "FTAG": 1, "FTHG": 1, "FTR": "D", "HC": 5, "HF": 12, "HR": 0, "HS": 14, "HST": 4, "HTAG": 1, "HTHG": 0, "HTR": "A", "HY": 3, "HomeTeam": "Levante"},{"AC": 10, "AF": 5, "AR": 0, "AS": 13, "AST": 5, "AY": 1, "AwayTeam": "Barcelona", "Date": "2015-09-12", "FTAG": 2, "FTHG": 1, "FTR": "A", "HC": 1, "HF": 17, "HR": 0, "HS": 11, "HST": 3, "HTAG": 0, "HTHG": 0, "HTR": "D", "HY": 3, "HomeTeam": "Ath Madrid"},{"AC": 4, "AF": 9, "AR": 0, "AS": 15, "AST": 3, "AY": 3, "AwayTeam": "Sociedad", "Date": "2015-09-12", "FTAG": 0, "FTHG": 1, "FTR": "H", "HC": 2, "HF": 12, "HR": 1, "HS": 9, "HST": 2, "HTAG": 0, "HTHG": 1, "HTR": "H", "HY": 4, "HomeTeam": "Betis"},{"AC": 6, "AF": 10, "AR": 0, "AS": 15, "AST": 8, "AY": 2, "AwayTeam": "Real Madrid", "Date": "2015-09-12", "FTAG": 6, "FTHG": 0, "FTR": "A", "HC": 5, "HF": 19, "HR": 0, "HS": 14, "HST": 3, "HTAG": 4, "HTHG": 0, "HTR": "A", "HY": 2, "HomeTeam": "Espanol"},{"AC": 6, "AF": 11, "AR": 0, "AS": 17, "AST": 3, "AY": 3, "AwayTeam": "Valencia", "Date": "2015-09-12", "FTAG": 1, "FTHG": 0, "FTR": "A", "HC": 5, "HF": 16, "HR": 0, "HS": 16, "HST": 8, "HTAG": 0, "HTHG": 0, "HTR": "D", "HY": 3, "HomeTeam": "Sp Gijon"},{"AC": 5, "AF": 15, "AR": 0, "AS": 11, "AST": 3, "AY": 4, "AwayTeam": "Getafe", "Date": "2015-09-13", "FTAG": 1, "FTHG": 3, "FTR": "H", "HC": 12, "HF": 12, "HR": 0, "HS": 14, "HST": 6, "HTAG": 0, "HTHG": 2, "HTR": "H", "HY": 1, "HomeTeam": "Ath Bilbao"},{"AC": 2, "AF": 14, "AR": 1, "AS": 9, "AST": 5, "AY": 3, "AwayTeam": "Las Palmas", "Date": "2015-09-13", "FTAG": 3, "FTHG": 3, "FTR": "D", "HC": 7, "HF": 19, "HR": 0, "HS": 26, "HST": 12, "HTAG": 1, "HTHG": 2, "HTR": "H", "HY": 0, "HomeTeam": "Celta"},{"AC": 6, "AF": 21, "AR": 0, "AS": 8, "AST": 5, "AY": 4, "AwayTeam": "Villarreal", "Date": "2015-09-13", "FTAG": 3, "FTHG": 1, "FTR": "A", "HC": 8, "HF": 16, "HR": 0, "HS": 13, "HST": 2, "HTAG": 0, "HTHG": 0, "HTR": "D", "HY": 2, "HomeTeam": "Granada"},{"AC": 3, "AF": 13, "AR": 0, "AS": 7, "AST": 0, "AY": 4, "AwayTeam": "Eibar", "Date": "2015-09-13", "FTAG": 0, "FTHG": 0, "FTR": "D", "HC": 7, "HF": 11, "HR": 0, "HS": 10, "HST": 4, "HTAG": 0, "HTHG": 0, "HTR": "D", "HY": 2, "HomeTeam": "Malaga"},{"AC": 4, "AF": 10, "AR": 0, "AS": 14, "AST": 8, "AY": 2, "AwayTeam": "La Coruna", "Date": "2015-09-14", "FTAG": 3, "FTHG": 1, "FTR": "A", "HC": 5, "HF": 12, "HR": 1, "HS": 8, "HST": 2, "HTAG": 2, "HTHG": 1, "HTR": "A", "HY": 2, "HomeTeam": "Vallecano"},{"AC": 7, "AF": 11, "AR": 0, "AS": 13, "AST": 3, "AY": 2, "AwayTeam": "Malaga", "Date": "2015-09-18", "FTAG": 0, "FTHG": 1, "FTR": "H", "HC": 4, "HF": 18, "HR": 0, "HS": 10, "HST": 4, "HTAG": 0, "HTHG": 1, "HTR": "H", "HY": 5, "HomeTeam": "Getafe"},{"AC": 4, "AF": 7, "AR": 0, "AS": 14, "AST": 6, "AY": 1, "AwayTeam": "Ath Madrid", "Date": "2015-09-19", "FTAG": 2, "FTHG": 0, "FTR": "A", "HC": 1, "HF": 13, "HR": 0, "HS": 9, "HST": 3, "HTAG": 0, "HTHG": 0, "HTR": "D", "HY": 2, "HomeTeam": "Eibar"},{"AC": 1, "AF": 15, "AR": 0, "AS": 12, "AST": 3, "AY": 3, "AwayTeam": "Granada", "Date": "2015-09-19", "FTAG": 0, "FTHG": 1, "FTR": "H", "HC": 10, "HF": 9, "HR": 0, "HS": 20, "HST": 10, "HTAG": 0, "HTHG": 0, "HTR": "D", "HY": 1, "HomeTeam": "Real Madrid"},{"AC": 6, "AF": 16, "AR": 0, "AS": 18, "AST": 6, "AY": 3, "AwayTeam": "Espanol", "Date": "2015-09-19", "FTAG": 3, "FTHG": 2, "FTR": "A", "HC": 7, "HF": 15, "HR": 1, "HS": 10, "HST": 3, "HTAG": 1, "HTHG": 1, "HTR": "D", "HY": 2, "HomeTeam": "Sociedad"},{"AC": 1, "AF": 15, "AR": 1, "AS": 3, "AST": 1, "AY": 2, "AwayTeam": "Betis", "Date": "2015-09-19", "FTAG": 0, "FTHG": 0, "FTR": "D", "HC": 7, "HF": 17, "HR": 0, "HS": 22, "HST": 5, "HTAG": 0, "HTHG": 0, "HTR": "D", "HY": 4, "HomeTeam": "Valencia"},{"AC": 4, "AF": 16, "AR": 0, "AS": 11, "AST": 4, "AY": 1, "AwayTeam": "Levante", "Date": "2015-09-20", "FTAG": 1, "FTHG": 4, "FTR": "H", "HC": 4, "HF": 8, "HR": 0, "HS": 21, "HST": 8, "HTAG": 0, "HTHG": 0, "HTR": "D", "HY": 0, "HomeTeam": "Barcelona"},{"AC": 3, "AF": 16, "AR": 0, "AS": 4, "AST": 4, "AY": 3, "AwayTeam": "Sp Gijon", "Date": "2015-09-20", "FTAG": 3, "FTHG": 2, "FTR": "A", "HC": 8, "HF": 11, "HR": 0, "HS": 19, "HST": 9, "HTAG": 3, "HTHG": 2, "HTR": "A", "HY": 3, "HomeTeam": "La Coruna"},{"AC": 5, "AF": 19, "AR": 0, "AS": 17, "AST": 6, "AY": 5, "AwayTeam": "Vallecano", "Date": "2015-09-20", "FTAG": 1, "FTHG": 0, "FTR": "A", "HC": 3, "HF": 13, "HR": 0, "HS": 8, "HST": 2, "HTAG": 1, "HTHG": 0, "HTR": "A", "HY": 3, "HomeTeam": "Las Palmas"},{"AC": 5, "AF": 16, "AR": 1, "AS": 15, "AST": 5, "AY": 5, "AwayTeam": "Celta", "Date": "2015-09-20", "FTAG": 2, "FTHG": 1, "FTR": "A", "HC": 5, "HF": 16, "HR": 0, "HS": 13, "HST": 5, "HTAG": 2, "HTHG": 0, "HTR": "A", "HY": 3, "HomeTeam": "Sevilla"},{"AC": 4, "AF": 6, "AR": 0, "AS": 11, "AST": 2, "AY": 4, "AwayTeam": "Ath Bilbao", "Date": "2015-09-20", "FTAG": 1, "FTHG": 3, "FTR": "H", "HC": 9, "HF": 17, "HR": 0, "HS": 14, "HST": 7, "HTAG": 0, "HTHG": 1, "HTR": "H", "HY": 4, "HomeTeam": "Villarreal"},{"AC": 1, "AF": 10, "AR": 0, "AS": 6, "AST": 2, "AY": 2, "AwayTeam": "Getafe", "Date": "2015-09-22", "FTAG": 0, "FTHG": 2, "FTR": "H", "HC": 6, "HF": 14, "HR": 0, "HS": 12, "HST": 3, "HTAG": 0, "HTHG": 1, "HTR": "H", "HY": 3, "HomeTeam": "Ath Madrid"},{"AC": 6, "AF": 14, "AR": 0, "AS": 10, "AST": 4, "AY": 7, "AwayTeam": "Valencia", "Date": "2015-09-22", "FTAG": 0, "FTHG": 1, "FTR": "H", "HC": 7, "HF": 22, "HR": 0, "HS": 17, "HST": 5, "HTAG": 0, "HTHG": 1, "HTR": "H", "HY": 5, "HomeTeam": "Espanol"},{"AC": 3, "AF": 18, "AR": 0, "AS": 8, "AST": 5, "AY": 4, "AwayTeam": "Sociedad", "Date": "2015-09-22", "FTAG": 3, "FTHG": 0, "FTR": "A", "HC": 4, "HF": 20, "HR": 0, "HS": 11, "HST": 1, "HTAG": 2, "HTHG": 0, "HTR": "A", "HY": 5, "HomeTeam": "Granada"},{"AC": 8, "AF": 10, "AR": 0, "AS": 22, "AST": 6, "AY": 3, "AwayTeam": "Real Madrid", "Date": "2015-09-23", "FTAG": 2, "FTHG": 1, "FTR": "A", "HC": 6, "HF": 17, "HR": 0, "HS": 11, "HST": 5, "HTAG": 1, "HTHG": 0, "HTR": "A", "HY": 4, "HomeTeam": "Ath Bilbao"},{"AC": 10, "AF": 4, "AR": 0, "AS": 18, "AST": 7, "AY": 2, "AwayTeam": "Barcelona", "Date": "2015-09-23", "FTAG": 1, "FTHG": 4, "FTR": "H", "HC": 5, "HF": 19, "HR": 0, "HS": 18, "HST": 5, "HTAG": 0, "HTHG": 2, "HTR": "H", "HY": 2, "HomeTeam": "Celta"},{"AC": 5, "AF": 13, "AR": 0, "AS": 17, "AST": 3, "AY": 4, "AwayTeam": "Sevilla", "Date": "2015-09-23", "FTAG": 0, "FTHG": 2, "FTR": "H", "HC": 5, "HF": 9, "HR": 0, "HS": 12, "HST": 4, "HTAG": 0, "HTHG": 1, "HTR": "H", "HY": 3, "HomeTeam": "Las Palmas"},{"AC": 7, "AF": 23, "AR": 0, "AS": 10, "AST": 4, "AY": 5, "AwayTeam": "Eibar", "Date": "2015-09-23", "FTAG": 2, "FTHG": 2, "FTR": "D", "HC": 4, "HF": 13, "HR": 0, "HS": 12, "HST": 2, "HTAG": 1, "HTHG": 0, "HTR": "A", "HY": 2, "HomeTeam": "Levante"},{"AC": 5, "AF": 14, "AR": 0, "AS": 9, "AST": 3, "AY": 3, "AwayTeam": "Villarreal", "Date": "2015-09-23", "FTAG": 1, "FTHG": 0, "FTR": "A", "HC": 8, "HF": 18, "HR": 0, "HS": 15, "HST": 4, "HTAG": 0, "HTHG": 0, "HTR": "D", "HY": 2, "HomeTeam": "Malaga"},{"AC": 4, "AF": 17, "AR": 1, "AS": 5, "AST": 2, "AY": 1, "AwayTeam": "Sp Gijon", "Date": "2015-09-23", "FTAG": 1, "FTHG": 2, "FTR": "H", "HC": 4, "HF": 14, "HR": 0, "HS": 18, "HST": 6, "HTAG": 0, "HTHG": 1, "HTR": "H", "HY": 2, "HomeTeam": "Vallecano"},{"AC": 4, "AF": 22, "AR": 0, "AS": 8, "AST": 3, "AY": 5, "AwayTeam": "La Coruna", "Date": "2015-09-24", "FTAG": 2, "FTHG": 1, "FTR": "A", "HC": 3, "HF": 11, "HR": 0, "HS": 9, "HST": 2, "HTAG": 0, "HTHG": 0, "HTR": "D", "HY": 3, "HomeTeam": "Betis"},{"AC": 3, "AF": 20, "AR": 0, "AS": 18, "AST": 3, "AY": 3, "AwayTeam": "Granada", "Date": "2015-09-25", "FTAG": 0, "FTHG": 1, "FTR": "H", "HC": 11, "HF": 19, "HR": 0, "HS": 12, "HST": 5, "HTAG": 0, "HTHG": 1, "HTR": "H", "HY": 3, "HomeTeam": "Valencia"},{"AC": 4, "AF": 23, "AR": 0, "AS": 10, "AST": 6, "AY": 4, "AwayTeam": "Las Palmas", "Date": "2015-09-26", "FTAG": 1, "FTHG": 2, "FTR": "H", "HC": 3, "HF": 12, "HR": 0, "HS": 18, "HST": 6, "HTAG": 0, "HTHG": 1, "HTR": "H", "HY": 2, "HomeTeam": "Barcelona"},{"AC": 4, "AF": 16, "AR": 0, "AS": 9, "AST": 2, "AY": 4, "AwayTeam": "Celta", "Date": "2015-09-26", "FTAG": 1, "FTHG": 1, "FTR": "D", "HC": 4, "HF": 25, "HR": 0, "HS": 10, "HST": 3, "HTAG": 0, "HTHG": 1, "HTR": "H", "HY": 5, "HomeTeam": "Eibar"},{"AC": 6, "AF": 10, "AR": 1, "AS": 12, "AST": 3, "AY": 4, "AwayTeam": "Malaga", "Date": "2015-09-26", "FTAG": 0, "FTHG": 0, "FTR": "D", "HC": 12, "HF": 11, "HR": 0, "HS": 31, "HST": 9, "HTAG": 0, "HTHG": 0, "HTR": "D", "HY": 4, "HomeTeam": "Real Madrid"},{"AC": 5, "AF": 18, "AR": 1, "AS": 18, "AST": 5, "AY": 2, "AwayTeam": "Vallecano", "Date": "2015-09-26", "FTAG": 2, "FTHG": 3, "FTR": "H", "HC": 6, "HF": 9, "HR": 0, "HS": 17, "HST": 8, "HTAG": 0, "HTHG": 2, "HTR": "H", "HY": 1, "HomeTeam": "Sevilla"},{"AC": 5, "AF": 15, "AR": 0, "AS": 9, "AST": 4, "AY": 2, "AwayTeam": "Ath Madrid", "Date": "2015-09-26", "FTAG": 0, "FTHG": 1, "FTR": "H", "HC": 1, "HF": 11, "HR": 0, "HS": 5, "HST": 2, "HTAG": 0, "HTHG": 1, "HTR": "H", "HY": 2, "HomeTeam": "Villarreal"},{"AC": 4, "AF": 10, "AR": 0, "AS": 10, "AST": 3, "AY": 3, "AwayTeam": "Levante", "Date": "2015-09-27", "FTAG": 0, "FTHG": 3, "FTR": "H", "HC": 4, "HF": 11, "HR": 0, "HS": 15, "HST": 8, "HTAG": 0, "HTHG": 0, "HTR": "D", "HY": 2, "HomeTeam": "Getafe"},{"AC": 5, "AF": 11, "AR": 1, "AS": 7, "AST": 3, "AY": 3, "AwayTeam": "Espanol", "Date": "2015-09-27", "FTAG": 0, "FTHG": 3, "FTR": "H", "HC": 7, "HF": 11, "HR": 0, "HS": 14, "HST": 5, "HTAG": 0, "HTHG": 2, "HTR": "H", "HY": 4, "HomeTeam": "La Coruna"},{"AC": 2, "AF": 19, "AR": 0, "AS": 9, "AST": 2, "AY": 4, "AwayTeam": "Ath Bilbao", "Date": "2015-09-27", "FTAG": 0, "FTHG": 0, "FTR": "D", "HC": 4, "HF": 15, "HR": 0, "HS": 14, "HST": 4, "HTAG": 0, "HTHG": 0, "HTR": "D", "HY": 3, "HomeTeam": "Sociedad"},{"AC": 4, "AF": 9, "AR": 0, "AS": 13, "AST": 5, "AY": 1, "AwayTeam": "Betis", "Date": "2015-09-27", "FTAG": 2, "FTHG": 1, "FTR": "A", "HC": 10, "HF": 11, "HR": 0, "HS": 19, "HST": 10, "HTAG": 0, "HTHG": 1, "HTR": "H", "HY": 1, "HomeTeam": "Sp Gijon"},{"AC": 1, "AF": 18, "AR": 0, "AS": 8, "AST": 2, "AY": 5, "AwayTeam": "Getafe", "Date": "2015-10-02", "FTAG": 0, "FTHG": 0, "FTR": "D", "HC": 9, "HF": 11, "HR": 0, "HS": 18, "HST": 7, "HTAG": 0, "HTHG": 0, "HTR": "D", "HY": 1, "HomeTeam": "Celta"},{"AC": 1, "AF": 16, "AR": 0, "AS": 12, "AST": 2, "AY": 3, "AwayTeam": "Sp Gijon", "Date": "2015-10-03", "FTAG": 2, "FTHG": 1, "FTR": "A", "HC": 9, "HF": 17, "HR": 0, "HS": 13, "HST": 9, "HTAG": 1, "HTHG": 0, "HTR": "A", "HY": 3, "HomeTeam": "Espanol"},{"AC": 5, "AF": 21, "AR": 0, "AS": 14, "AST": 3, "AY": 3, "AwayTeam": "La Coruna", "Date": "2015-10-03", "FTAG": 1, "FTHG": 1, "FTR": "D", "HC": 2, "HF": 13, "HR": 0, "HS": 10, "HST": 3, "HTAG": 1, "HTHG": 0, "HTR": "A", "HY": 1, "HomeTeam": "Granada"},{"AC": 2, "AF": 16, "AR": 0, "AS": 9, "AST": 4, "AY": 2, "AwayTeam": "Eibar", "Date": "2015-10-03", "FTAG": 2, "FTHG": 0, "FTR": "A", "HC": 3, "HF": 5, "HR": 0, "HS": 18, "HST": 4, "HTAG": 1, "HTHG": 0, "HTR": "A", "HY": 2, "HomeTeam": "Las Palmas"},{"AC": 4, "AF": 16, "AR": 0, "AS": 13, "AST": 5, "AY": 2, "AwayTeam": "Sociedad", "Date": "2015-10-03", "FTAG": 1, "FTHG": 3, "FTR": "H", "HC": 2, "HF": 15, "HR": 1, "HS": 11, "HST": 7, "HTAG": 1, "HTHG": 2, "HTR": "H", "HY": 3, "HomeTeam": "Malaga"},{"AC": 9, "AF": 16, "AR": 0, "AS": 28, "AST": 9, "AY": 3, "AwayTeam": "Barcelona", "Date": "2015-10-03", "FTAG": 1, "FTHG": 2, "FTR": "H", "HC": 7, "HF": 16, "HR": 0, "HS": 12, "HST": 5, "HTAG": 0, "HTHG": 0, "HTR": "D", "HY": 5, "HomeTeam": "Sevilla"},{"AC": 4, "AF": 9, "AR": 0, "AS": 9, "AST": 4, "AY": 4, "AwayTeam": "Valencia", "Date": "2015-10-04", "FTAG": 1, "FTHG": 3, "FTR": "H", "HC": 11, "HF": 12, "HR": 0, "HS": 16, "HST": 7, "HTAG": 1, "HTHG": 1, "HTR": "D", "HY": 0, "HomeTeam": "Ath Bilbao"},{"AC": 1, "AF": 12, "AR": 0, "AS": 9, "AST": 2, "AY": 4, "AwayTeam": "Real Madrid", "Date": "2015-10-04", "FTAG": 1, "FTHG": 1, "FTR": "D", "HC": 5, "HF": 19, "HR": 0, "HS": 18, "HST": 4, "HTAG": 1, "HTHG": 0, "HTR": "A", "HY": 6, "HomeTeam": "Ath Madrid"},{"AC": 2, "AF": 17, "AR": 1, "AS": 3, "AST": 2, "AY": 3, "AwayTeam": "Villarreal", "Date": "2015-10-04", "FTAG": 0, "FTHG": 1, "FTR": "H", "HC": 8, "HF": 15, "HR": 0, "HS": 15, "HST": 5, "HTAG": 0, "HTHG": 0, "HTR": "D", "HY": 4, "HomeTeam": "Levante"},{"AC": 3, "AF": 14, "AR": 0, "AS": 9, "AST": 6, "AY": 2, "AwayTeam": "Betis", "Date": "2015-10-04", "FTAG": 2, "FTHG": 0, "FTR": "A", "HC": 8, "HF": 13, "HR": 0, "HS": 23, "HST": 9, "HTAG": 1, "HTHG": 0, "HTR": "A", "HY": 4, "HomeTeam": "Vallecano"},{"AC": 10, "AF": 15, "AR": 0, "AS": 22, "AST": 8, "AY": 2, "AwayTeam": "Vallecano", "Date": "2015-10-17", "FTAG": 2, "FTHG": 5, "FTR": "H", "HC": 7, "HF": 8, "HR": 0, "HS": 14, "HST": 9, "HTAG": 1, "HTHG": 2, "HTR": "H", "HY": 1, "HomeTeam": "Barcelona"},{"AC": 3, "AF": 21, "AR": 0, "AS": 13, "AST": 4, "AY": 4, "AwayTeam": "Espanol", "Date": "2015-10-17", "FTAG": 3, "FTHG": 1, "FTR": "A", "HC": 4, "HF": 18, "HR": 0, "HS": 21, "HST": 6, "HTAG": 1, "HTHG": 0, "HTR": "A", "HY": 2, "HomeTeam": "Betis"},{"AC": 5, "AF": 9, "AR": 0, "AS": 15, "AST": 5, "AY": 3, "AwayTeam": "Sevilla", "Date": "2015-10-17", "FTAG": 1, "FTHG": 1, "FTR": "D", "HC": 2, "HF": 16, "HR": 0, "HS": 14, "HST": 4, "HTAG": 0, "HTHG": 1, "HTR": "H", "HY": 3, "HomeTeam": "Eibar"},{"AC": 4, "AF": 10, "AR": 0, "AS": 15, "AST": 5, "AY": 4, "AwayTeam": "Levante", "Date": "2015-10-17", "FTAG": 0, "FTHG": 3, "FTR": "H", "HC": 4, "HF": 8, "HR": 0, "HS": 20, "HST": 6, "HTAG": 0, "HTHG": 2, "HTR": "H", "HY": 1, "HomeTeam": "Real Madrid"},{"AC": 8, "AF": 21, "AR": 0, "AS": 10, "AST": 3, "AY": 3, "AwayTeam": "Malaga", "Date": "2015-10-17", "FTAG": 0, "FTHG": 3, "FTR": "H", "HC": 6, "HF": 18, "HR": 0, "HS": 6, "HST": 3, "HTAG": 0, "HTHG": 2, "HTR": "H", "HY": 3, "HomeTeam": "Valencia"},{"AC": 1, "AF": 15, "AR": 1, "AS": 16, "AST": 3, "AY": 1, "AwayTeam": "Las Palmas", "Date": "2015-10-18", "FTAG": 0, "FTHG": 4, "FTR": "H", "HC": 5, "HF": 18, "HR": 0, "HS": 14, "HST": 7, "HTAG": 0, "HTHG": 2, "HTR": "H", "HY": 2, "HomeTeam": "Getafe"},{"AC": 6, "AF": 18, "AR": 0, "AS": 7, "AST": 2, "AY": 2, "AwayTeam": "Ath Bilbao", "Date": "2015-10-18", "FTAG": 2, "FTHG": 2, "FTR": "D", "HC": 4, "HF": 8, "HR": 0, "HS": 16, "HST": 3, "HTAG": 1, "HTHG": 0, "HTR": "A", "HY": 2, "HomeTeam": "La Coruna"},{"AC": 2, "AF": 11, "AR": 0, "AS": 7, "AST": 3, "AY": 5, "AwayTeam": "Ath Madrid", "Date": "2015-10-18", "FTAG": 2, "FTHG": 0, "FTR": "A", "HC": 5, "HF": 14, "HR": 2, "HS": 11, "HST": 1, "HTAG": 1, "HTHG": 0, "HTR": "A", "HY": 4, "HomeTeam": "Sociedad"},{"AC": 4, "AF": 12, "AR": 0, "AS": 13, "AST": 2, "AY": 3, "AwayTeam": "Celta", "Date": "2015-10-18", "FTAG": 2, "FTHG": 1, "FTR": "A", "HC": 7, "HF": 10, "HR": 1, "HS": 12, "HST": 3, "HTAG": 1, "HTHG": 0, "HTR": "A", "HY": 1, "HomeTeam": "Villarreal"},{"AC": 1, "AF": 13, "AR": 2, "AS": 14, "AST": 7, "AY": 4, "AwayTeam": "Granada", "Date": "2015-10-19", "FTAG": 3, "FTHG": 3, "FTR": "D", "HC": 6, "HF": 10, "HR": 0, "HS": 16, "HST": 6, "HTAG": 2, "HTHG": 1, "HTR": "A", "HY": 3, "HomeTeam": "Sp Gijon"},{"AC": 5, "AF": 11, "AR": 1, "AS": 9, "AST": 3, "AY": 1, "AwayTeam": "Espanol", "Date": "2015-10-23", "FTAG": 0, "FTHG": 3, "FTR": "H", "HC": 6, "HF": 15, "HR": 1, "HS": 13, "HST": 7, "HTAG": 0, "HTHG": 1, "HTR": "H", "HY": 2, "HomeTeam": "Vallecano"},{"AC": 7, "AF": 16, "AR": 0, "AS": 14, "AST": 8, "AY": 1, "AwayTeam": "Real Madrid", "Date": "2015-10-24", "FTAG": 3, "FTHG": 1, "FTR": "A", "HC": 5, "HF": 17, "HR": 1, "HS": 17, "HST": 7, "HTAG": 2, "HTHG": 0, "HTR": "A", "HY": 4, "HomeTeam": "Celta"},{"AC": 3, "AF": 11, "AR": 0, "AS": 7, "AST": 2, "AY": 3, "AwayTeam": "Betis", "Date": "2015-10-24", "FTAG": 1, "FTHG": 1, "FTR": "D", "HC": 3, "HF": 8, "HR": 0, "HS": 17, "HST": 7, "HTAG": 1, "HTHG": 1, "HTR": "D", "HY": 3, "HomeTeam": "Granada"},{"AC": 5, "AF": 10, "AR": 0, "AS": 10, "AST": 1, "AY": 1, "AwayTeam": "La Coruna", "Date": "2015-10-24", "FTAG": 0, "FTHG": 2, "FTR": "H", "HC": 3, "HF": 11, "HR": 0, "HS": 9, "HST": 4, "HTAG": 0, "HTHG": 0, "HTR": "D", "HY": 0, "HomeTeam": "Malaga"},{"AC": 3, "AF": 15, "AR": 1, "AS": 6, "AST": 0, "AY": 1, "AwayTeam": "Getafe", "Date": "2015-10-24", "FTAG": 0, "FTHG": 5, "FTR": "H", "HC": 7, "HF": 18, "HR": 0, "HS": 22, "HST": 13, "HTAG": 0, "HTHG": 2, "HTR": "H", "HY": 1, "HomeTeam": "Sevilla"},{"AC": 2, "AF": 10, "AR": 0, "AS": 6, "AST": 1, "AY": 4, "AwayTeam": "Valencia", "Date": "2015-10-25", "FTAG": 1, "FTHG": 2, "FTR": "H", "HC": 9, "HF": 26, "HR": 0, "HS": 16, "HST": 8, "HTAG": 0, "HTHG": 2, "HTR": "H", "HY": 4, "HomeTeam": "Ath Madrid"},{"AC": 2, "AF": 18, "AR": 0, "AS": 7, "AST": 5, "AY": 5, "AwayTeam": "Eibar", "Date": "2015-10-25", "FTAG": 1, "FTHG": 3, "FTR": "H", "HC": 6, "HF": 14, "HR": 1, "HS": 14, "HST": 5, "HTAG": 1, "HTHG": 1, "HTR": "D", "HY": 3, "HomeTeam": "Barcelona"},{"AC": 6, "AF": 14, "AR": 0, "AS": 5, "AST": 0, "AY": 2, "AwayTeam": "Villarreal", "Date": "2015-10-25", "FTAG": 0, "FTHG": 0, "FTR": "D", "HC": 6, "HF": 12, "HR": 0, "HS": 6, "HST": 2, "HTAG": 0, "HTHG": 0, "HTR": "D", "HY": 1, "HomeTeam": "Las Palmas"},{"AC": 3, "AF": 15, "AR": 0, "AS": 13, "AST": 6, "AY": 3, "AwayTeam": "Sociedad", "Date": "2015-10-25", "FTAG": 4, "FTHG": 0, "FTR": "A", "HC": 10, "HF": 24, "HR": 1, "HS": 13, "HST": 3, "HTAG": 2, "HTHG": 0, "HTR": "A", "HY": 4, "HomeTeam": "Levante"},{"AC": 3, "AF": 15, "AR": 0, "AS": 6, "AST": 0, "AY": 3, "AwayTeam": "Sp Gijon", "Date": "2015-10-26", "FTAG": 0, "FTHG": 3, "FTR": "H", "HC": 9, "HF": 8, "HR": 0, "HS": 20, "HST": 6, "HTAG": 0, "HTHG": 2, "HTR": "H", "HY": 1, "HomeTeam": "Ath Bilbao"},{"AC": 5, "AF": 9, "AR": 0, "AS": 12, "AST": 3, "AY": 0, "AwayTeam": "Ath Madrid", "Date": "2015-10-30", "FTAG": 1, "FTHG": 1, "FTR": "D", "HC": 1, "HF": 4, "HR": 0, "HS": 7, "HST": 3, "HTAG": 1, "HTHG": 0, "HTR": "A", "HY": 2, "HomeTeam": "La Coruna"},{"AC": 5, "AF": 3, "AR": 0, "AS": 14, "AST": 6, "AY": 0, "AwayTeam": "Barcelona", "Date": "2015-10-31", "FTAG": 2, "FTHG": 0, "FTR": "A", "HC": 3, "HF": 10, "HR": 0, "HS": 6, "HST": 0, "HTAG": 1, "HTHG": 0, "HTR": "A", "HY": 3, "HomeTeam": "Getafe"},{"AC": 3, "AF": 9, "AR": 0, "AS": 8, "AST": 5, "AY": 3, "AwayTeam": "Las Palmas", "Date": "2015-10-31", "FTAG": 1, "FTHG": 3, "FTR": "H", "HC": 6, "HF": 12, "HR": 0, "HS": 17, "HST": 11, "HTAG": 1, "HTHG": 3, "HTR": "H", "HY": 0, "HomeTeam": "Real Madrid"},{"AC": 7, "AF": 12, "AR": 0, "AS": 16, "AST": 8, "AY": 5, "AwayTeam": "Celta", "Date": "2015-10-31", "FTAG": 3, "FTHG": 2, "FTR": "A", "HC": 8, "HF": 9, "HR": 0, "HS": 20, "HST": 5, "HTAG": 1, "HTHG": 2, "HTR": "H", "HY": 2, "HomeTeam": "Sociedad"},{"AC": 5, "AF": 21, "AR": 0, "AS": 10, "AST": 5, "AY": 3, "AwayTeam": "Levante", "Date": "2015-10-31", "FTAG": 0, "FTHG": 3, "FTR": "H", "HC": 5, "HF": 19, "HR": 0, "HS": 13, "HST": 6, "HTAG": 0, "HTHG": 0, "HTR": "D", "HY": 2, "HomeTeam": "Valencia"},{"AC": 5, "AF": 14, "AR": 0, "AS": 6, "AST": 3, "AY": 3, "AwayTeam": "Sevilla", "Date": "2015-10-31", "FTAG": 1, "FTHG": 2, "FTR": "H", "HC": 7, "HF": 17, "HR": 0, "HS": 11, "HST": 5, "HTAG": 0, "HTHG": 1, "HTR": "H", "HY": 5, "HomeTeam": "Villarreal"},{"AC": 9, "AF": 13, "AR": 0, "AS": 23, "AST": 9, "AY": 4, "AwayTeam": "Ath Bilbao", "Date": "2015-11-01", "FTAG": 3, "FTHG": 1, "FTR": "A", "HC": 7, "HF": 9, "HR": 0, "HS": 11, "HST": 3, "HTAG": 2, "HTHG": 0, "HTR": "A", "HY": 2, "HomeTeam": "Betis"},{"AC": 6, "AF": 11, "AR": 0, "AS": 6, "AST": 2, "AY": 3, "AwayTeam": "Vallecano", "Date": "2015-11-01", "FTAG": 0, "FTHG": 1, "FTR": "H", "HC": 2, "HF": 17, "HR": 0, "HS": 12, "HST": 1, "HTAG": 0, "HTHG": 1, "HTR": "H", "HY": 2, "HomeTeam": "Eibar"},{"AC": 6, "AF": 19, "AR": 0, "AS": 9, "AST": 5, "AY": 6, "AwayTeam": "Granada", "Date": "2015-11-01", "FTAG": 1, "FTHG": 1, "FTR": "D", "HC": 5, "HF": 16, "HR": 1, "HS": 10, "HST": 4, "HTAG": 0, "HTHG": 0, "HTR": "D", "HY": 1, "HomeTeam": "Espanol"},{"AC": 5, "AF": 8, "AR": 0, "AS": 13, "AST": 5, "AY": 3, "AwayTeam": "Malaga", "Date": "2015-11-01", "FTAG": 0, "FTHG": 1, "FTR": "H", "HC": 7, "HF": 11, "HR": 0, "HS": 8, "HST": 6, "HTAG": 0, "HTHG": 1, "HTR": "H", "HY": 1, "HomeTeam": "Sp Gijon"},{"AC": 8, "AF": 14, "AR": 0, "AS": 11, "AST": 6, "AY": 4, "AwayTeam": "Sociedad", "Date": "2015-11-06", "FTAG": 0, "FTHG": 2, "FTR": "H", "HC": 0, "HF": 17, "HR": 0, "HS": 8, "HST": 4, "HTAG": 0, "HTHG": 1, "HTR": "H", "HY": 1, "HomeTeam": "Las Palmas"},{"AC": 5, "AF": 27, "AR": 0, "AS": 9, "AST": 5, "AY": 3, "AwayTeam": "Valencia", "Date": "2015-11-07", "FTAG": 5, "FTHG": 1, "FTR": "A", "HC": 15, "HF": 16, "HR": 0, "HS": 17, "HST": 3, "HTAG": 2, "HTHG": 1, "HTR": "A", "HY": 1, "HomeTeam": "Celta"},{"AC": 7, "AF": 9, "AR": 1, "AS": 10, "AST": 4, "AY": 1, "AwayTeam": "Getafe", "Date": "2015-11-07", "FTAG": 1, "FTHG": 3, "FTR": "H", "HC": 5, "HF": 13, "HR": 0, "HS": 16, "HST": 7, "HTAG": 1, "HTHG": 2, "HTR": "H", "HY": 3, "HomeTeam": "Eibar"},{"AC": 5, "AF": 10, "AR": 0, "AS": 9, "AST": 5, "AY": 2, "AwayTeam": "La Coruna", "Date": "2015-11-07", "FTAG": 1, "FTHG": 1, "FTR": "D", "HC": 9, "HF": 13, "HR": 0, "HS": 15, "HST": 5, "HTAG": 1, "HTHG": 0, "HTR": "A", "HY": 4, "HomeTeam": "Levante"},{"AC": 3, "AF": 12, "AR": 0, "AS": 7, "AST": 2, "AY": 5, "AwayTeam": "Betis", "Date": "2015-11-07", "FTAG": 1, "FTHG": 0, "FTR": "A", "HC": 6, "HF": 16, "HR": 0, "HS": 12, "HST": 5, "HTAG": 0, "HTHG": 0, "HTR": "D", "HY": 2, "HomeTeam": "Malaga"},{"AC": 1, "AF": 14, "AR": 0, "AS": 8, "AST": 2, "AY": 3, "AwayTeam": "Granada", "Date": "2015-11-07", "FTAG": 1, "FTHG": 2, "FTR": "H", "HC": 4, "HF": 15, "HR": 1, "HS": 7, "HST": 2, "HTAG": 0, "HTHG": 2, "HTR": "H", "HY": 2, "HomeTeam": "Vallecano"},{"AC": 5, "AF": 25, "AR": 0, "AS": 5, "AST": 1, "AY": 6, "AwayTeam": "Espanol", "Date": "2015-11-08", "FTAG": 1, "FTHG": 2, "FTR": "H", "HC": 4, "HF": 17, "HR": 0, "HS": 8, "HST": 2, "HTAG": 0, "HTHG": 1, "HTR": "H", "HY": 2, "HomeTeam": "Ath Bilbao"},{"AC": 1, "AF": 15, "AR": 0, "AS": 9, "AST": 2, "AY": 3, "AwayTeam": "Sp Gijon", "Date": "2015-11-08", "FTAG": 0, "FTHG": 1, "FTR": "H", "HC": 5, "HF": 14, "HR": 0, "HS": 15, "HST": 3, "HTAG": 0, "HTHG": 0, "HTR": "D", "HY": 4, "HomeTeam": "Ath Madrid"},{"AC": 2, "AF": 19, "AR": 0, "AS": 5, "AST": 2, "AY": 3, "AwayTeam": "Villarreal", "Date": "2015-11-08", "FTAG": 0, "FTHG": 3, "FTR": "H", "HC": 7, "HF": 12, "HR": 0, "HS": 20, "HST": 9, "HTAG": 0, "HTHG": 0, "HTR": "D", "HY": 5, "HomeTeam": "Barcelona"},{"AC": 6, "AF": 11, "AR": 0, "AS": 28, "AST": 10, "AY": 1, "AwayTeam": "Real Madrid", "Date": "2015-11-08", "FTAG": 2, "FTHG": 3, "FTR": "H", "HC": 4, "HF": 13, "HR": 0, "HS": 14, "HST": 5, "HTAG": 1, "HTHG": 1, "HTR": "D", "HY": 1, "HomeTeam": "Sevilla"},{"AC": 8, "AF": 16, "AR": 0, "AS": 14, "AST": 5, "AY": 2, "AwayTeam": "Malaga", "Date": "2015-11-21", "FTAG": 0, "FTHG": 2, "FTR": "H", "HC": 3, "HF": 20, "HR": 0, "HS": 7, "HST": 3, "HTAG": 0, "HTHG": 2, "HTR": "H", "HY": 3, "HomeTeam": "Espanol"},{"AC": 10, "AF": 13, "AR": 0, "AS": 6, "AST": 4, "AY": 3, "AwayTeam": "Celta", "Date": "2015-11-21", "FTAG": 0, "FTHG": 2, "FTR": "H", "HC": 2, "HF": 16, "HR": 0, "HS": 5, "HST": 2, "HTAG": 0, "HTHG": 1, "HTR": "H", "HY": 6, "HomeTeam": "La Coruna"},{"AC": 4, "AF": 10, "AR": 0, "AS": 18, "AST": 7, "AY": 2, "AwayTeam": "Barcelona", "Date": "2015-11-21", "FTAG": 4, "FTHG": 0, "FTR": "A", "HC": 10, "HF": 13, "HR": 1, "HS": 13, "HST": 7, "HTAG": 2, "HTHG": 0, "HTR": "A", "HY": 3, "HomeTeam": "Real Madrid"},{"AC": 5, "AF": 14, "AR": 0, "AS": 12, "AST": 5, "AY": 1, "AwayTeam": "Sevilla", "Date": "2015-11-21", "FTAG": 0, "FTHG": 2, "FTR": "H", "HC": 7, "HF": 6, "HR": 0, "HS": 14, "HST": 7, "HTAG": 0, "HTHG": 0, "HTR": "D", "HY": 2, "HomeTeam": "Sociedad"},{"AC": 8, "AF": 12, "AR": 0, "AS": 18, "AST": 7, "AY": 3, "AwayTeam": "Las Palmas", "Date": "2015-11-21", "FTAG": 1, "FTHG": 1, "FTR": "D", "HC": 1, "HF": 22, "HR": 0, "HS": 9, "HST": 3, "HTAG": 0, "HTHG": 1, "HTR": "H", "HY": 3, "HomeTeam": "Valencia"},{"AC": 6, "AF": 8, "AR": 0, "AS": 11, "AST": 4, "AY": 4, "AwayTeam": "Ath Madrid", "Date": "2015-11-22", "FTAG": 1, "FTHG": 0, "FTR": "A", "HC": 2, "HF": 12, "HR": 0, "HS": 6, "HST": 3, "HTAG": 1, "HTHG": 0, "HTR": "A", "HY": 1, "HomeTeam": "Betis"},{"AC": 7, "AF": 15, "AR": 0, "AS": 11, "AST": 6, "AY": 3, "AwayTeam": "Ath Bilbao", "Date": "2015-11-22", "FTAG": 0, "FTHG": 2, "FTR": "H", "HC": 2, "HF": 21, "HR": 0, "HS": 8, "HST": 1, "HTAG": 0, "HTHG": 1, "HTR": "H", "HY": 6, "HomeTeam": "Granada"},{"AC": 3, "AF": 15, "AR": 0, "AS": 13, "AST": 6, "AY": 5, "AwayTeam": "Levante", "Date": "2015-11-22", "FTAG": 3, "FTHG": 0, "FTR": "A", "HC": 5, "HF": 15, "HR": 0, "HS": 13, "HST": 2, "HTAG": 3, "HTHG": 0, "HTR": "A", "HY": 4, "HomeTeam": "Sp Gijon"},{"AC": 6, "AF": 13, "AR": 1, "AS": 17, "AST": 7, "AY": 2, "AwayTeam": "Eibar", "Date": "2015-11-22", "FTAG": 1, "FTHG": 1, "FTR": "D", "HC": 12, "HF": 8, "HR": 0, "HS": 12, "HST": 5, "HTAG": 1, "HTHG": 0, "HTR": "A", "HY": 3, "HomeTeam": "Villarreal"},{"AC": 7, "AF": 15, "AR": 0, "AS": 8, "AST": 4, "AY": 4, "AwayTeam": "Vallecano", "Date": "2015-11-23", "FTAG": 1, "FTHG": 1, "FTR": "D", "HC": 5, "HF": 20, "HR": 0, "HS": 15, "HST": 8, "HTAG": 0, "HTHG": 0, "HTR": "D", "HY": 5, "HomeTeam": "Getafe"},{"AC": 4, "AF": 15, "AR": 1, "AS": 11, "AST": 5, "AY": 4, "AwayTeam": "Betis", "Date": "2015-11-27", "FTAG": 1, "FTHG": 0, "FTR": "A", "HC": 7, "HF": 12, "HR": 1, "HS": 14, "HST": 1, "HTAG": 1, "HTHG": 0, "HTR": "A", "HY": 6, "HomeTeam": "Levante"},{"AC": 2, "AF": 26, "AR": 0, "AS": 5, "AST": 0, "AY": 4, "AwayTeam": "Espanol", "Date": "2015-11-28", "FTAG": 0, "FTHG": 1, "FTR": "H", "HC": 6, "HF": 16, "HR": 0, "HS": 21, "HST": 6, "HTAG": 0, "HTHG": 1, "HTR": "H", "HY": 0, "HomeTeam": "Ath Madrid"},{"AC": 4, "AF": 14, "AR": 0, "AS": 10, "AST": 2, "AY": 5, "AwayTeam": "Sociedad", "Date": "2015-11-28", "FTAG": 0, "FTHG": 4, "FTR": "H", "HC": 6, "HF": 11, "HR": 0, "HS": 11, "HST": 6, "HTAG": 0, "HTHG": 2, "HTR": "H", "HY": 0, "HomeTeam": "Barcelona"},{"AC": 5, "AF": 9, "AR": 0, "AS": 9, "AST": 2, "AY": 0, "AwayTeam": "Sp Gijon", "Date": "2015-11-28", "FTAG": 1, "FTHG": 2, "FTR": "H", "HC": 3, "HF": 14, "HR": 0, "HS": 6, "HST": 4, "HTAG": 0, "HTHG": 1, "HTR": "H", "HY": 3, "HomeTeam": "Celta"},{"AC": 4, "AF": 13, "AR": 0, "AS": 10, "AST": 5, "AY": 3, "AwayTeam": "La Coruna", "Date": "2015-11-28", "FTAG": 2, "FTHG": 0, "FTR": "A", "HC": 6, "HF": 14, "HR": 0, "HS": 8, "HST": 5, "HTAG": 1, "HTHG": 0, "HTR": "A", "HY": 4, "HomeTeam": "Las Palmas"},{"AC": 4, "AF": 20, "AR": 0, "AS": 11, "AST": 4, "AY": 6, "AwayTeam": "Granada", "Date": "2015-11-28", "FTAG": 2, "FTHG": 2, "FTR": "D", "HC": 7, "HF": 15, "HR": 1, "HS": 12, "HST": 7, "HTAG": 0, "HTHG": 1, "HTR": "H", "HY": 2, "HomeTeam": "Malaga"},{"AC": 5, "AF": 7, "AR": 0, "AS": 17, "AST": 6, "AY": 4, "AwayTeam": "Real Madrid", "Date": "2015-11-29", "FTAG": 2, "FTHG": 0, "FTR": "A", "HC": 6, "HF": 20, "HR": 0, "HS": 8, "HST": 3, "HTAG": 1, "HTHG": 0, "HTR": "A", "HY": 3, "HomeTeam": "Eibar"},{"AC": 6, "AF": 15, "AR": 0, "AS": 7, "AST": 0, "AY": 2, "AwayTeam": "Villarreal", "Date": "2015-11-29", "FTAG": 0, "FTHG": 2, "FTR": "H", "HC": 6, "HF": 11, "HR": 0, "HS": 11, "HST": 5, "HTAG": 0, "HTHG": 1, "HTR": "H", "HY": 4, "HomeTeam": "Getafe"},{"AC": 0, "AF": 20, "AR": 2, "AS": 0, "AST": 0, "AY": 2, "AwayTeam": "Valencia", "Date": "2015-11-29", "FTAG": 0, "FTHG": 1, "FTR": "H", "HC": 17, "HF": 26, "HR": 0, "HS": 15, "HST": 5, "HTAG": 0, "HTHG": 0, "HTR": "D", "HY": 3, "HomeTeam": "Sevilla"},{"AC": 2, "AF": 14, "AR": 1, "AS": 10, "AST": 4, "AY": 0, "AwayTeam": "Ath Bilbao", "Date": "2015-11-29", "FTAG": 3, "FTHG": 0, "FTR": "A", "HC": 6, "HF": 16, "HR": 0, "HS": 15, "HST": 3, "HTAG": 2, "HTHG": 0, "HTR": "A", "HY": 4, "HomeTeam": "Vallecano"},{"AC": 0, "AF": 16, "AR": 1, "AS": 5, "AST": 1, "AY": 5, "AwayTeam": "Celta", "Date": "2015-12-05", "FTAG": 1, "FTHG": 1, "FTR": "D", "HC": 8, "HF": 9, "HR": 0, "HS": 27, "HST": 6, "HTAG": 1, "HTHG": 0, "HTR": "A", "HY": 5, "HomeTeam": "Betis"},{"AC": 8, "AF": 8, "AR": 0, "AS": 11, "AST": 4, "AY": 1, "AwayTeam": "Ath Madrid", "Date": "2015-12-05", "FTAG": 2, "FTHG": 0, "FTR": "A", "HC": 6, "HF": 7, "HR": 0, "HS": 18, "HST": 3, "HTAG": 1, "HTHG": 0, "HTR": "A", "HY": 2, "HomeTeam": "Granada"},{"AC": 2, "AF": 9, "AR": 0, "AS": 8, "AST": 2, "AY": 3, "AwayTeam": "Sevilla", "Date": "2015-12-05", "FTAG": 1, "FTHG": 1, "FTR": "D", "HC": 6, "HF": 10, "HR": 0, "HS": 8, "HST": 4, "HTAG": 0, "HTHG": 1, "HTR": "H", "HY": 2, "HomeTeam": "La Coruna"},{"AC": 4, "AF": 12, "AR": 0, "AS": 7, "AST": 3, "AY": 0, "AwayTeam": "Getafe", "Date": "2015-12-05", "FTAG": 1, "FTHG": 4, "FTR": "H", "HC": 3, "HF": 9, "HR": 0, "HS": 16, "HST": 8, "HTAG": 0, "HTHG": 4, "HTR": "H", "HY": 1, "HomeTeam": "Real Madrid"},{"AC": 6, "AF": 15, "AR": 0, "AS": 16, "AST": 5, "AY": 1, "AwayTeam": "Barcelona", "Date": "2015-12-05", "FTAG": 1, "FTHG": 1, "FTR": "D", "HC": 0, "HF": 13, "HR": 0, "HS": 10, "HST": 3, "HTAG": 0, "HTHG": 0, "HTR": "D", "HY": 3, "HomeTeam": "Valencia"},{"AC": 1, "AF": 21, "AR": 0, "AS": 7, "AST": 2, "AY": 3, "AwayTeam": "Malaga", "Date": "2015-12-06", "FTAG": 0, "FTHG": 0, "FTR": "D", "HC": 6, "HF": 7, "HR": 1, "HS": 11, "HST": 2, "HTAG": 0, "HTHG": 0, "HTR": "D", "HY": 2, "HomeTeam": "Ath Bilbao"},{"AC": 3, "AF": 16, "AR": 0, "AS": 5, "AST": 1, "AY": 3, "AwayTeam": "Eibar", "Date": "2015-12-06", "FTAG": 1, "FTHG": 2, "FTR": "H", "HC": 4, "HF": 12, "HR": 0, "HS": 10, "HST": 7, "HTAG": 1, "HTHG": 1, "HTR": "D", "HY": 3, "HomeTeam": "Sociedad"},{"AC": 4, "AF": 10, "AR": 1, "AS": 12, "AST": 7, "AY": 1, "AwayTeam": "Las Palmas", "Date": "2015-12-06", "FTAG": 1, "FTHG": 3, "FTR": "H", "HC": 8, "HF": 9, "HR": 0, "HS": 21, "HST": 9, "HTAG": 1, "HTHG": 1, "HTR": "D", "HY": 2, "HomeTeam": "Sp Gijon"},{"AC": 4, "AF": 14, "AR": 0, "AS": 8, "AST": 4, "AY": 4, "AwayTeam": "Vallecano", "Date": "2015-12-06", "FTAG": 1, "FTHG": 2, "FTR": "H", "HC": 5, "HF": 16, "HR": 0, "HS": 14, "HST": 5, "HTAG": 1, "HTHG": 0, "HTR": "A", "HY": 1, "HomeTeam": "Villarreal"},{"AC": 6, "AF": 14, "AR": 0, "AS": 12, "AST": 5, "AY": 5, "AwayTeam": "Levante", "Date": "2015-12-07", "FTAG": 1, "FTHG": 1, "FTR": "D", "HC": 2, "HF": 13, "HR": 0, "HS": 9, "HST": 1, "HTAG": 1, "HTHG": 0, "HTR": "A", "HY": 4, "HomeTeam": "Espanol"},{"AC": 5, "AF": 12, "AR": 0, "AS": 10, "AST": 6, "AY": 3, "AwayTeam": "Sociedad", "Date": "2015-12-11", "FTAG": 1, "FTHG": 1, "FTR": "D", "HC": 5, "HF": 15, "HR": 0, "HS": 9, "HST": 5, "HTAG": 0, "HTHG": 0, "HTR": "D", "HY": 3, "HomeTeam": "Getafe"},{"AC": 2, "AF": 11, "AR": 0, "AS": 13, "AST": 4, "AY": 2, "AwayTeam": "La Coruna", "Date": "2015-12-12", "FTAG": 2, "FTHG": 2, "FTR": "D", "HC": 6, "HF": 4, "HR": 0, "HS": 17, "HST": 7, "HTAG": 0, "HTHG": 1, "HTR": "H", "HY": 0, "HomeTeam": "Barcelona"},{"AC": 9, "AF": 23, "AR": 0, "AS": 6, "AST": 2, "AY": 2, "AwayTeam": "Espanol", "Date": "2015-12-12", "FTAG": 0, "FTHG": 1, "FTR": "H", "HC": 4, "HF": 13, "HR": 1, "HS": 16, "HST": 3, "HTAG": 0, "HTHG": 1, "HTR": "H", "HY": 3, "HomeTeam": "Celta"},{"AC": 2, "AF": 9, "AR": 0, "AS": 8, "AST": 2, "AY": 0, "AwayTeam": "Betis", "Date": "2015-12-12", "FTAG": 0, "FTHG": 1, "FTR": "H", "HC": 2, "HF": 10, "HR": 0, "HS": 16, "HST": 4, "HTAG": 0, "HTHG": 0, "HTR": "D", "HY": 3, "HomeTeam": "Las Palmas"},{"AC": 1, "AF": 27, "AR": 0, "AS": 8, "AST": 3, "AY": 2, "AwayTeam": "Granada", "Date": "2015-12-12", "FTAG": 2, "FTHG": 1, "FTR": "A", "HC": 2, "HF": 25, "HR": 0, "HS": 7, "HST": 5, "HTAG": 0, "HTHG": 0, "HTR": "D", "HY": 2, "HomeTeam": "Levante"},{"AC": 1, "AF": 10, "AR": 1, "AS": 4, "AST": 1, "AY": 2, "AwayTeam": "Sp Gijon", "Date": "2015-12-12", "FTAG": 0, "FTHG": 2, "FTR": "H", "HC": 3, "HF": 13, "HR": 0, "HS": 18, "HST": 7, "HTAG": 0, "HTHG": 0, "HTR": "D", "HY": 3, "HomeTeam": "Sevilla"},{"AC": 6, "AF": 10, "AR": 0, "AS": 10, "AST": 5, "AY": 1, "AwayTeam": "Ath Bilbao", "Date": "2015-12-13", "FTAG": 1, "FTHG": 2, "FTR": "H", "HC": 3, "HF": 13, "HR": 0, "HS": 8, "HST": 4, "HTAG": 1, "HTHG": 1, "HTR": "D", "HY": 1, "HomeTeam": "Ath Madrid"},{"AC": 2, "AF": 14, "AR": 1, "AS": 6, "AST": 1, "AY": 4, "AwayTeam": "Valencia", "Date": "2015-12-13", "FTAG": 1, "FTHG": 1, "FTR": "D", "HC": 9, "HF": 20, "HR": 1, "HS": 14, "HST": 5, "HTAG": 0, "HTHG": 1, "HTR": "H", "HY": 4, "HomeTeam": "Eibar"},{"AC": 7, "AF": 17, "AR": 0, "AS": 15, "AST": 5, "AY": 2, "AwayTeam": "Malaga", "Date": "2015-12-13", "FTAG": 2, "FTHG": 1, "FTR": "A", "HC": 6, "HF": 13, "HR": 0, "HS": 13, "HST": 3, "HTAG": 0, "HTHG": 1, "HTR": "H", "HY": 1, "HomeTeam": "Vallecano"},{"AC": 9, "AF": 9, "AR": 0, "AS": 20, "AST": 1, "AY": 2, "AwayTeam": "Real Madrid", "Date": "2015-12-13", "FTAG": 0, "FTHG": 1, "FTR": "H", "HC": 3, "HF": 11, "HR": 0, "HS": 7, "HST": 3, "HTAG": 0, "HTHG": 1, "HTR": "H", "HY": 2, "HomeTeam": "Villarreal"},{"AC": 8, "AF": 19, "AR": 0, "AS": 8, "AST": 2, "AY": 5, "AwayTeam": "Sevilla", "Date": "2015-12-19", "FTAG": 0, "FTHG": 0, "FTR": "D", "HC": 8, "HF": 23, "HR": 0, "HS": 12, "HST": 0, "HTAG": 0, "HTHG": 0, "HTR": "D", "HY": 7, "HomeTeam": "Betis"},{"AC": 5, "AF": 21, "AR": 0, "AS": 9, "AST": 4, "AY": 4, "AwayTeam": "Las Palmas", "Date": "2015-12-19", "FTAG": 0, "FTHG": 1, "FTR": "H", "HC": 7, "HF": 29, "HR": 0, "HS": 12, "HST": 2, "HTAG": 0, "HTHG": 0, "HTR": "D", "HY": 4, "HomeTeam": "Espanol"},{"AC": 8, "AF": 11, "AR": 0, "AS": 13, "AST": 1, "AY": 2, "AwayTeam": "Eibar", "Date": "2015-12-19", "FTAG": 0, "FTHG": 2, "FTR": "H", "HC": 9, "HF": 10, "HR": 1, "HS": 13, "HST": 3, "HTAG": 0, "HTHG": 1, "HTR": "H", "HY": 0, "HomeTeam": "La Coruna"},{"AC": 1, "AF": 20, "AR": 0, "AS": 9, "AST": 3, "AY": 6, "AwayTeam": "Getafe", "Date": "2015-12-19", "FTAG": 2, "FTHG": 2, "FTR": "D", "HC": 5, "HF": 13, "HR": 0, "HS": 12, "HST": 7, "HTAG": 2, "HTHG": 2, "HTR": "D", "HY": 2, "HomeTeam": "Valencia"},{"AC": 3, "AF": 17, "AR": 0, "AS": 6, "AST": 1, "AY": 5, "AwayTeam": "Levante", "Date": "2015-12-20", "FTAG": 0, "FTHG": 2, "FTR": "H", "HC": 10, "HF": 15, "HR": 0, "HS": 18, "HST": 7, "HTAG": 0, "HTHG": 0, "HTR": "D", "HY": 0, "HomeTeam": "Ath Bilbao"},{"AC": 3, "AF": 11, "AR": 0, "AS": 10, "AST": 4, "AY": 2, "AwayTeam": "Celta", "Date": "2015-12-20", "FTAG": 2, "FTHG": 0, "FTR": "A", "HC": 9, "HF": 17, "HR": 0, "HS": 11, "HST": 1, "HTAG": 2, "HTHG": 0, "HTR": "A", "HY": 4, "HomeTeam": "Granada"},{"AC": 1, "AF": 13, "AR": 1, "AS": 6, "AST": 3, "AY": 4, "AwayTeam": "Ath Madrid", "Date": "2015-12-20", "FTAG": 0, "FTHG": 1, "FTR": "H", "HC": 4, "HF": 9, "HR": 0, "HS": 17, "HST": 4, "HTAG": 0, "HTHG": 0, "HTR": "D", "HY": 3, "HomeTeam": "Malaga"},{"AC": 4, "AF": 12, "AR": 2, "AS": 9, "AST": 4, "AY": 2, "AwayTeam": "Vallecano", "Date": "2015-12-20", "FTAG": 2, "FTHG": 10, "FTR": "H", "HC": 10, "HF": 12, "HR": 0, "HS": 30, "HST": 15, "HTAG": 2, "HTHG": 4, "HTR": "H", "HY": 1, "HomeTeam": "Real Madrid"},{"AC": 1, "AF": 21, "AR": 0, "AS": 7, "AST": 5, "AY": 1, "AwayTeam": "Villarreal", "Date": "2015-12-20", "FTAG": 2, "FTHG": 0, "FTR": "A", "HC": 9, "HF": 12, "HR": 0, "HS": 16, "HST": 2, "HTAG": 1, "HTHG": 0, "HTR": "A", "HY": 2, "HomeTeam": "Sociedad"},{"AC": 3, "AF": 20, "AR": 0, "AS": 11, "AST": 4, "AY": 3, "AwayTeam": "Betis", "Date": "2015-12-30", "FTAG": 0, "FTHG": 4, "FTR": "H", "HC": 2, "HF": 16, "HR": 0, "HS": 16, "HST": 7, "HTAG": 0, "HTHG": 2, "HTR": "H", "HY": 1, "HomeTeam": "Barcelona"},{"AC": 3, "AF": 11, "AR": 0, "AS": 13, "AST": 5, "AY": 4, "AwayTeam": "Ath Bilbao", "Date": "2015-12-30", "FTAG": 1, "FTHG": 0, "FTR": "A", "HC": 3, "HF": 11, "HR": 0, "HS": 7, "HST": 3, "HTAG": 0, "HTHG": 0, "HTR": "D", "HY": 3, "HomeTeam": "Celta"},{"AC": 7, "AF": 17, "AR": 0, "AS": 6, "AST": 0, "AY": 3, "AwayTeam": "Sp Gijon", "Date": "2015-12-30", "FTAG": 0, "FTHG": 2, "FTR": "H", "HC": 5, "HF": 16, "HR": 0, "HS": 16, "HST": 5, "HTAG": 0, "HTHG": 0, "HTR": "D", "HY": 3, "HomeTeam": "Eibar"},{"AC": 2, "AF": 8, "AR": 0, "AS": 10, "AST": 3, "AY": 1, "AwayTeam": "La Coruna", "Date": "2015-12-30", "FTAG": 0, "FTHG": 0, "FTR": "D", "HC": 9, "HF": 9, "HR": 0, "HS": 15, "HST": 5, "HTAG": 0, "HTHG": 0, "HTR": "D", "HY": 3, "HomeTeam": "Getafe"},{"AC": 4, "AF": 21, "AR": 1, "AS": 11, "AST": 4, "AY": 5, "AwayTeam": "Granada", "Date": "2015-12-30", "FTAG": 1, "FTHG": 4, "FTR": "H", "HC": 4, "HF": 5, "HR": 0, "HS": 7, "HST": 4, "HTAG": 0, "HTHG": 1, "HTR": "H", "HY": 2, "HomeTeam": "Las Palmas"},{"AC": 5, "AF": 12, "AR": 0, "AS": 9, "AST": 5, "AY": 5, "AwayTeam": "Malaga", "Date": "2015-12-30", "FTAG": 1, "FTHG": 0, "FTR": "A", "HC": 6, "HF": 20, "HR": 0, "HS": 7, "HST": 1, "HTAG": 0, "HTHG": 0, "HTR": "D", "HY": 7, "HomeTeam": "Levante"},{"AC": 2, "AF": 9, "AR": 0, "AS": 13, "AST": 2, "AY": 4, "AwayTeam": "Sociedad", "Date": "2015-12-30", "FTAG": 1, "FTHG": 3, "FTR": "H", "HC": 13, "HF": 12, "HR": 0, "HS": 23, "HST": 13, "HTAG": 0, "HTHG": 1, "HTR": "H", "HY": 1, "HomeTeam": "Real Madrid"},{"AC": 6, "AF": 16, "AR": 0, "AS": 12, "AST": 1, "AY": 3, "AwayTeam": "Espanol", "Date": "2015-12-30", "FTAG": 0, "FTHG": 2, "FTR": "H", "HC": 6, "HF": 15, "HR": 0, "HS": 15, "HST": 10, "HTAG": 0, "HTHG": 2, "HTR": "H", "HY": 3, "HomeTeam": "Sevilla"},{"AC": 8, "AF": 15, "AR": 0, "AS": 17, "AST": 6, "AY": 3, "AwayTeam": "Ath Madrid", "Date": "2015-12-30", "FTAG": 2, "FTHG": 0, "FTR": "A", "HC": 3, "HF": 12, "HR": 0, "HS": 10, "HST": 3, "HTAG": 0, "HTHG": 0, "HTR": "D", "HY": 3, "HomeTeam": "Vallecano"},{"AC": 6, "AF": 19, "AR": 0, "AS": 6, "AST": 2, "AY": 3, "AwayTeam": "Valencia", "Date": "2015-12-31", "FTAG": 0, "FTHG": 1, "FTR": "H", "HC": 3, "HF": 21, "HR": 0, "HS": 9, "HST": 3, "HTAG": 0, "HTHG": 0, "HTR": "D", "HY": 1, "HomeTeam": "Villarreal"},{"AC": 1, "AF": 14, "AR": 0, "AS": 9, "AST": 1, "AY": 4, "AwayTeam": "Levante", "Date": "2016-01-02", "FTAG": 0, "FTHG": 1, "FTR": "H", "HC": 13, "HF": 12, "HR": 0, "HS": 16, "HST": 2, "HTAG": 0, "HTHG": 0, "HTR": "D", "HY": 0, "HomeTeam": "Ath Madrid"},{"AC": 10, "AF": 10, "AR": 0, "AS": 10, "AST": 2, "AY": 3, "AwayTeam": "Barcelona", "Date": "2016-01-02", "FTAG": 0, "FTHG": 0, "FTR": "D", "HC": 6, "HF": 22, "HR": 0, "HS": 4, "HST": 1, "HTAG": 0, "HTHG": 0, "HTR": "D", "HY": 5, "HomeTeam": "Espanol"},{"AC": 2, "AF": 11, "AR": 1, "AS": 8, "AST": 1, "AY": 2, "AwayTeam": "Celta", "Date": "2016-01-02", "FTAG": 0, "FTHG": 2, "FTR": "H", "HC": 5, "HF": 22, "HR": 0, "HS": 14, "HST": 4, "HTAG": 0, "HTHG": 2, "HTR": "H", "HY": 4, "HomeTeam": "Malaga"},{"AC": 5, "AF": 13, "AR": 0, "AS": 11, "AST": 5, "AY": 4, "AwayTeam": "Las Palmas", "Date": "2016-01-03", "FTAG": 2, "FTHG": 2, "FTR": "D", "HC": 5, "HF": 24, "HR": 0, "HS": 16, "HST": 5, "HTAG": 0, "HTHG": 1, "HTR": "H", "HY": 3, "HomeTeam": "Ath Bilbao"},{"AC": 2, "AF": 14, "AR": 0, "AS": 6, "AST": 5, "AY": 3, "AwayTeam": "Eibar", "Date": "2016-01-03", "FTAG": 4, "FTHG": 0, "FTR": "A", "HC": 6, "HF": 16, "HR": 0, "HS": 9, "HST": 5, "HTAG": 2, "HTHG": 0, "HTR": "A", "HY": 4, "HomeTeam": "Betis"},{"AC": 9, "AF": 13, "AR": 1, "AS": 14, "AST": 7, "AY": 2, "AwayTeam": "Sevilla", "Date": "2016-01-03", "FTAG": 1, "FTHG": 2, "FTR": "H", "HC": 2, "HF": 17, "HR": 0, "HS": 9, "HST": 4, "HTAG": 1, "HTHG": 2, "HTR": "H", "HY": 2, "HomeTeam": "Granada"},{"AC": 3, "AF": 11, "AR": 0, "AS": 6, "AST": 4, "AY": 3, "AwayTeam": "Villarreal", "Date": "2016-01-03", "FTAG": 2, "FTHG": 1, "FTR": "A", "HC": 9, "HF": 13, "HR": 0, "HS": 11, "HST": 4, "HTAG": 1, "HTHG": 0, "HTR": "A", "HY": 3, "HomeTeam": "La Coruna"},{"AC": 7, "AF": 17, "AR": 1, "AS": 17, "AST": 4, "AY": 1, "AwayTeam": "Real Madrid", "Date": "2016-01-03", "FTAG": 2, "FTHG": 2, "FTR": "D", "HC": 4, "HF": 18, "HR": 0, "HS": 11, "HST": 4, "HTAG": 1, "HTHG": 1, "HTR": "D", "HY": 1, "HomeTeam": "Valencia"},{"AC": 7, "AF": 11, "AR": 0, "AS": 15, "AST": 7, "AY": 3, "AwayTeam": "Sociedad", "Date": "2016-01-03", "FTAG": 2, "FTHG": 2, "FTR": "D", "HC": 7, "HF": 15, "HR": 0, "HS": 12, "HST": 5, "HTAG": 1, "HTHG": 1, "HTR": "D", "HY": 3, "HomeTeam": "Vallecano"},{"AC": 2, "AF": 14, "AR": 0, "AS": 11, "AST": 2, "AY": 3, "AwayTeam": "Getafe", "Date": "2016-01-04", "FTAG": 2, "FTHG": 1, "FTR": "A", "HC": 4, "HF": 13, "HR": 0, "HS": 17, "HST": 4, "HTAG": 0, "HTHG": 1, "HTR": "H", "HY": 3, "HomeTeam": "Sp Gijon"},{"AC": 0, "AF": 19, "AR": 0, "AS": 8, "AST": 4, "AY": 4, "AwayTeam": "Granada", "Date": "2016-01-09", "FTAG": 0, "FTHG": 4, "FTR": "H", "HC": 7, "HF": 14, "HR": 0, "HS": 17, "HST": 8, "HTAG": 0, "HTHG": 2, "HTR": "H", "HY": 1, "HomeTeam": "Barcelona"},{"AC": 4, "AF": 11, "AR": 0, "AS": 11, "AST": 2, "AY": 3, "AwayTeam": "Betis", "Date": "2016-01-09", "FTAG": 0, "FTHG": 1, "FTR": "H", "HC": 8, "HF": 19, "HR": 0, "HS": 8, "HST": 3, "HTAG": 0, "HTHG": 0, "HTR": "D", "HY": 1, "HomeTeam": "Getafe"},{"AC": 5, "AF": 15, "AR": 0, "AS": 10, "AST": 4, "AY": 1, "AwayTeam": "Vallecano", "Date": "2016-01-09", "FTAG": 1, "FTHG": 2, "FTR": "H", "HC": 5, "HF": 16, "HR": 0, "HS": 10, "HST": 4, "HTAG": 0, "HTHG": 0, "HTR": "D", "HY": 5, "HomeTeam": "Levante"},{"AC": 9, "AF": 8, "AR": 0, "AS": 18, "AST": 4, "AY": 3, "AwayTeam": "La Coruna", "Date": "2016-01-09", "FTAG": 0, "FTHG": 5, "FTR": "H", "HC": 5, "HF": 9, "HR": 0, "HS": 23, "HST": 9, "HTAG": 0, "HTHG": 2, "HTR": "H", "HY": 0, "HomeTeam": "Real Madrid"},{"AC": 8, "AF": 13, "AR": 0, "AS": 11, "AST": 3, "AY": 3, "AwayTeam": "Ath Bilbao", "Date": "2016-01-09", "FTAG": 0, "FTHG": 2, "FTR": "H", "HC": 6, "HF": 14, "HR": 0, "HS": 4, "HST": 4, "HTAG": 0, "HTHG": 1, "HTR": "H", "HY": 2, "HomeTeam": "Sevilla"},{"AC": 4, "AF": 14, "AR": 0, "AS": 10, "AST": 3, "AY": 1, "AwayTeam": "Ath Madrid", "Date": "2016-01-10", "FTAG": 2, "FTHG": 0, "FTR": "A", "HC": 4, "HF": 14, "HR": 0, "HS": 6, "HST": 1, "HTAG": 0, "HTHG": 0, "HTR": "D", "HY": 2, "HomeTeam": "Celta"},{"AC": 2, "AF": 15, "AR": 0, "AS": 7, "AST": 4, "AY": 2, "AwayTeam": "Espanol", "Date": "2016-01-10", "FTAG": 1, "FTHG": 2, "FTR": "H", "HC": 8, "HF": 13, "HR": 0, "HS": 20, "HST": 6, "HTAG": 1, "HTHG": 1, "HTR": "D", "HY": 3, "HomeTeam": "Eibar"},{"AC": 5, "AF": 11, "AR": 0, "AS": 11, "AST": 3, "AY": 4, "AwayTeam": "Malaga", "Date": "2016-01-10", "FTAG": 1, "FTHG": 1, "FTR": "D", "HC": 2, "HF": 21, "HR": 0, "HS": 5, "HST": 3, "HTAG": 0, "HTHG": 0, "HTR": "D", "HY": 5, "HomeTeam": "Las Palmas"},{"AC": 6, "AF": 13, "AR": 0, "AS": 10, "AST": 3, "AY": 4, "AwayTeam": "Valencia", "Date": "2016-01-10", "FTAG": 0, "FTHG": 2, "FTR": "H", "HC": 5, "HF": 16, "HR": 0, "HS": 24, "HST": 7, "HTAG": 0, "HTHG": 0, "HTR": "D", "HY": 3, "HomeTeam": "Sociedad"},{"AC": 9, "AF": 12, "AR": 0, "AS": 12, "AST": 2, "AY": 2, "AwayTeam": "Sp Gijon", "Date": "2016-01-10", "FTAG": 0, "FTHG": 2, "FTR": "H", "HC": 3, "HF": 10, "HR": 0, "HS": 7, "HST": 4, "HTAG": 0, "HTHG": 1, "HTR": "H", "HY": 4, "HomeTeam": "Villarreal"},{"AC": 2, "AF": 16, "AR": 0, "AS": 17, "AST": 7, "AY": 4, "AwayTeam": "Levante", "Date": "2016-01-16", "FTAG": 3, "FTHG": 4, "FTR": "H", "HC": 6, "HF": 14, "HR": 0, "HS": 14, "HST": 6, "HTAG": 0, "HTHG": 2, "HTR": "H", "HY": 1, "HomeTeam": "Celta"},{"AC": 4, "AF": 21, "AR": 1, "AS": 14, "AST": 3, "AY": 2, "AwayTeam": "Malaga", "Date": "2016-01-16", "FTAG": 1, "FTHG": 2, "FTR": "H", "HC": 6, "HF": 21, "HR": 1, "HS": 8, "HST": 4, "HTAG": 0, "HTHG": 2, "HTR": "H", "HY": 2, "HomeTeam": "Sevilla"},{"AC": 4, "AF": 11, "AR": 0, "AS": 7, "AST": 4, "AY": 3, "AwayTeam": "La Coruna", "Date": "2016-01-16", "FTAG": 1, "FTHG": 1, "FTR": "D", "HC": 9, "HF": 9, "HR": 0, "HS": 16, "HST": 6, "HTAG": 1, "HTHG": 0, "HTR": "A", "HY": 1, "HomeTeam": "Sociedad"},{"AC": 11, "AF": 11, "AR": 0, "AS": 15, "AST": 2, "AY": 1, "AwayTeam": "Betis", "Date": "2016-01-16", "FTAG": 0, "FTHG": 0, "FTR": "D", "HC": 7, "HF": 12, "HR": 0, "HS": 9, "HST": 2, "HTAG": 0, "HTHG": 0, "HTR": "D", "HY": 2, "HomeTeam": "Villarreal"},{"AC": 2, "AF": 7, "AR": 1, "AS": 9, "AST": 3, "AY": 2, "AwayTeam": "Ath Bilbao", "Date": "2016-01-17", "FTAG": 0, "FTHG": 6, "FTR": "H", "HC": 6, "HF": 6, "HR": 0, "HS": 20, "HST": 8, "HTAG": 0, "HTHG": 2, "HTR": "H", "HY": 2, "HomeTeam": "Barcelona"},{"AC": 7, "AF": 13, "AR": 0, "AS": 13, "AST": 6, "AY": 2, "AwayTeam": "Espanol", "Date": "2016-01-17", "FTAG": 1, "FTHG": 3, "FTR": "H", "HC": 3, "HF": 12, "HR": 0, "HS": 18, "HST": 4, "HTAG": 1, "HTHG": 2, "HTR": "H", "HY": 2, "HomeTeam": "Getafe"},{"AC": 4, "AF": 21, "AR": 0, "AS": 11, "AST": 5, "AY": 2, "AwayTeam": "Ath Madrid", "Date": "2016-01-17", "FTAG": 3, "FTHG": 0, "FTR": "A", "HC": 3, "HF": 7, "HR": 0, "HS": 11, "HST": 3, "HTAG": 1, "HTHG": 0, "HTR": "A", "HY": 0, "HomeTeam": "Las Palmas"},{"AC": 4, "AF": 15, "AR": 0, "AS": 9, "AST": 2, "AY": 1, "AwayTeam": "Sp Gijon", "Date": "2016-01-17", "FTAG": 1, "FTHG": 5, "FTR": "H", "HC": 4, "HF": 10, "HR": 0, "HS": 17, "HST": 10, "HTAG": 0, "HTHG": 5, "HTR": "H", "HY": 1, "HomeTeam": "Real Madrid"},{"AC": 9, "AF": 20, "AR": 0, "AS": 18, "AST": 8, "AY": 3, "AwayTeam": "Vallecano", "Date": "2016-01-17", "FTAG": 2, "FTHG": 2, "FTR": "D", "HC": 7, "HF": 17, "HR": 0, "HS": 13, "HST": 5, "HTAG": 1, "HTHG": 0, "HTR": "A", "HY": 1, "HomeTeam": "Valencia"},{"AC": 2, "AF": 17, "AR": 0, "AS": 4, "AST": 1, "AY": 4, "AwayTeam": "Granada", "Date": "2016-01-18", "FTAG": 1, "FTHG": 5, "FTR": "H", "HC": 3, "HF": 11, "HR": 0, "HS": 12, "HST": 7, "HTAG": 0, "HTHG": 2, "HTR": "H", "HY": 1, "HomeTeam": "Eibar"},{"AC": 2, "AF": 12, "AR": 0, "AS": 9, "AST": 3, "AY": 2, "AwayTeam": "Sociedad", "Date": "2016-01-22", "FTAG": 1, "FTHG": 5, "FTR": "H", "HC": 6, "HF": 13, "HR": 0, "HS": 11, "HST": 7, "HTAG": 1, "HTHG": 3, "HTR": "H", "HY": 2, "HomeTeam": "Sp Gijon"},{"AC": 9, "AF": 15, "AR": 0, "AS": 14, "AST": 5, "AY": 1, "AwayTeam": "Villarreal", "Date": "2016-01-23", "FTAG": 2, "FTHG": 2, "FTR": "D", "HC": 3, "HF": 12, "HR": 1, "HS": 11, "HST": 5, "HTAG": 1, "HTHG": 2, "HTR": "H", "HY": 3, "HomeTeam": "Espanol"},{"AC": 3, "AF": 16, "AR": 0, "AS": 9, "AST": 2, "AY": 3, "AwayTeam": "Getafe", "Date": "2016-01-23", "FTAG": 2, "FTHG": 3, "FTR": "H", "HC": 5, "HF": 12, "HR": 0, "HS": 20, "HST": 9, "HTAG": 0, "HTHG": 2, "HTR": "H", "HY": 3, "HomeTeam": "Granada"},{"AC": 3, "AF": 9, "AR": 0, "AS": 12, "AST": 6, "AY": 3, "AwayTeam": "Barcelona", "Date": "2016-01-23", "FTAG": 2, "FTHG": 1, "FTR": "A", "HC": 4, "HF": 16, "HR": 0, "HS": 15, "HST": 9, "HTAG": 1, "HTHG": 1, "HTR": "D", "HY": 3, "HomeTeam": "Malaga"},{"AC": 1, "AF": 13, "AR": 0, "AS": 3, "AST": 1, "AY": 5, "AwayTeam": "Celta", "Date": "2016-01-23", "FTAG": 0, "FTHG": 3, "FTR": "H", "HC": 7, "HF": 20, "HR": 0, "HS": 26, "HST": 10, "HTAG": 0, "HTHG": 3, "HTR": "H", "HY": 3, "HomeTeam": "Vallecano"},{"AC": 2, "AF": 14, "AR": 0, "AS": 9, "AST": 2, "AY": 2, "AwayTeam": "Eibar", "Date": "2016-01-24", "FTAG": 2, "FTHG": 5, "FTR": "H", "HC": 7, "HF": 13, "HR": 0, "HS": 10, "HST": 5, "HTAG": 1, "HTHG": 3, "HTR": "H", "HY": 2, "HomeTeam": "Ath Bilbao"},{"AC": 5, "AF": 13, "AR": 1, "AS": 7, "AST": 1, "AY": 3, "AwayTeam": "Sevilla", "Date": "2016-01-24", "FTAG": 0, "FTHG": 0, "FTR": "D", "HC": 8, "HF": 13, "HR": 0, "HS": 21, "HST": 3, "HTAG": 0, "HTHG": 0, "HTR": "D", "HY": 4, "HomeTeam": "Ath Madrid"},{"AC": 9, "AF": 13, "AR": 0, "AS": 18, "AST": 8, "AY": 2, "AwayTeam": "Real Madrid", "Date": "2016-01-24", "FTAG": 1, "FTHG": 1, "FTR": "D", "HC": 1, "HF": 17, "HR": 0, "HS": 4, "HST": 2, "HTAG": 0, "HTHG": 1, "HTR": "H", "HY": 3, "HomeTeam": "Betis"},{"AC": 6, "AF": 9, "AR": 0, "AS": 10, "AST": 3, "AY": 3, "AwayTeam": "Valencia", "Date": "2016-01-24", "FTAG": 1, "FTHG": 1, "FTR": "D", "HC": 8, "HF": 13, "HR": 0, "HS": 10, "HST": 2, "HTAG": 0, "HTHG": 1, "HTR": "H", "HY": 3, "HomeTeam": "La Coruna"},{"AC": 4, "AF": 11, "AR": 0, "AS": 13, "AST": 4, "AY": 4, "AwayTeam": "Las Palmas", "Date": "2016-01-25", "FTAG": 2, "FTHG": 3, "FTR": "H", "HC": 2, "HF": 22, "HR": 1, "HS": 12, "HST": 8, "HTAG": 0, "HTHG": 1, "HTR": "H", "HY": 2, "HomeTeam": "Levante"},{"AC": 6, "AF": 18, "AR": 2, "AS": 7, "AST": 4, "AY": 3, "AwayTeam": "Ath Madrid", "Date": "2016-01-30", "FTAG": 1, "FTHG": 2, "FTR": "H", "HC": 8, "HF": 7, "HR": 0, "HS": 10, "HST": 4, "HTAG": 1, "HTHG": 2, "HTR": "H", "HY": 0, "HomeTeam": "Barcelona"},{"AC": 2, "AF": 15, "AR": 0, "AS": 7, "AST": 4, "AY": 3, "AwayTeam": "Malaga", "Date": "2016-01-30", "FTAG": 2, "FTHG": 1, "FTR": "A", "HC": 1, "HF": 9, "HR": 0, "HS": 11, "HST": 3, "HTAG": 1, "HTHG": 0, "HTR": "A", "HY": 1, "HomeTeam": "Eibar"},{"AC": 5, "AF": 18, "AR": 0, "AS": 13, "AST": 3, "AY": 5, "AwayTeam": "Ath Bilbao", "Date": "2016-01-30", "FTAG": 1, "FTHG": 0, "FTR": "A", "HC": 7, "HF": 13, "HR": 1, "HS": 11, "HST": 3, "HTAG": 1, "HTHG": 0, "HTR": "A", "HY": 2, "HomeTeam": "Getafe"},{"AC": 4, "AF": 9, "AR": 0, "AS": 8, "AST": 1, "AY": 4, "AwayTeam": "Betis", "Date": "2016-01-30", "FTAG": 1, "FTHG": 2, "FTR": "H", "HC": 3, "HF": 13, "HR": 0, "HS": 11, "HST": 4, "HTAG": 0, "HTHG": 2, "HTR": "H", "HY": 1, "HomeTeam": "Sociedad"},{"AC": 0, "AF": 11, "AR": 0, "AS": 7, "AST": 2, "AY": 3, "AwayTeam": "Granada", "Date": "2016-01-30", "FTAG": 0, "FTHG": 1, "FTR": "H", "HC": 8, "HF": 10, "HR": 0, "HS": 12, "HST": 6, "HTAG": 0, "HTHG": 0, "HTR": "D", "HY": 4, "HomeTeam": "Villarreal"},{"AC": 3, "AF": 18, "AR": 1, "AS": 5, "AST": 2, "AY": 2, "AwayTeam": "Celta", "Date": "2016-01-31", "FTAG": 1, "FTHG": 2, "FTR": "H", "HC": 7, "HF": 13, "HR": 0, "HS": 13, "HST": 5, "HTAG": 1, "HTHG": 1, "HTR": "D", "HY": 6, "HomeTeam": "Las Palmas"},{"AC": 1, "AF": 20, "AR": 0, "AS": 15, "AST": 5, "AY": 5, "AwayTeam": "Espanol", "Date": "2016-01-31", "FTAG": 0, "FTHG": 6, "FTR": "H", "HC": 3, "HF": 20, "HR": 0, "HS": 18, "HST": 7, "HTAG": 0, "HTHG": 4, "HTR": "H", "HY": 1, "HomeTeam": "Real Madrid"},{"AC": 9, "AF": 8, "AR": 0, "AS": 22, "AST": 4, "AY": 1, "AwayTeam": "Levante", "Date": "2016-01-31", "FTAG": 1, "FTHG": 3, "FTR": "H", "HC": 5, "HF": 8, "HR": 0, "HS": 14, "HST": 8, "HTAG": 0, "HTHG": 1, "HTR": "H", "HY": 1, "HomeTeam": "Sevilla"},{"AC": 3, "AF": 21, "AR": 0, "AS": 7, "AST": 3, "AY": 2, "AwayTeam": "Sp Gijon", "Date": "2016-01-31", "FTAG": 1, "FTHG": 0, "FTR": "A", "HC": 6, "HF": 15, "HR": 0, "HS": 16, "HST": 3, "HTAG": 0, "HTHG": 0, "HTR": "D", "HY": 0, "HomeTeam": "Valencia"},{"AC": 4, "AF": 15, "AR": 0, "AS": 7, "AST": 3, "AY": 0, "AwayTeam": "Vallecano", "Date": "2016-02-01", "FTAG": 2, "FTHG": 2, "FTR": "D", "HC": 5, "HF": 6, "HR": 0, "HS": 17, "HST": 5, "HTAG": 2, "HTHG": 1, "HTR": "A", "HY": 0, "HomeTeam": "La Coruna"},{"AC": 6, "AF": 10, "AR": 0, "AS": 6, "AST": 2, "AY": 3, "AwayTeam": "Getafe", "Date": "2016-02-05", "FTAG": 0, "FTHG": 3, "FTR": "H", "HC": 4, "HF": 10, "HR": 0, "HS": 8, "HST": 4, "HTAG": 0, "HTHG": 3, "HTR": "H", "HY": 3, "HomeTeam": "Malaga"},{"AC": 3, "AF": 20, "AR": 1, "AS": 2, "AST": 2, "AY": 4, "AwayTeam": "Villarreal", "Date": "2016-02-06", "FTAG": 0, "FTHG": 0, "FTR": "D", "HC": 5, "HF": 19, "HR": 1, "HS": 10, "HST": 1, "HTAG": 0, "HTHG": 0, "HTR": "D", "HY": 4, "HomeTeam": "Ath Bilbao"},{"AC": 2, "AF": 18, "AR": 0, "AS": 6, "AST": 2, "AY": 3, "AwayTeam": "Eibar", "Date": "2016-02-06", "FTAG": 1, "FTHG": 3, "FTR": "H", "HC": 5, "HF": 15, "HR": 0, "HS": 13, "HST": 4, "HTAG": 0, "HTHG": 0, "HTR": "D", "HY": 2, "HomeTeam": "Ath Madrid"},{"AC": 3, "AF": 13, "AR": 0, "AS": 5, "AST": 4, "AY": 2, "AwayTeam": "La Coruna", "Date": "2016-02-06", "FTAG": 1, "FTHG": 1, "FTR": "D", "HC": 4, "HF": 10, "HR": 0, "HS": 11, "HST": 2, "HTAG": 1, "HTHG": 1, "HTR": "D", "HY": 2, "HomeTeam": "Sp Gijon"},{"AC": 5, "AF": 15, "AR": 0, "AS": 9, "AST": 4, "AY": 1, "AwayTeam": "Las Palmas", "Date": "2016-02-06", "FTAG": 0, "FTHG": 2, "FTR": "H", "HC": 5, "HF": 16, "HR": 0, "HS": 18, "HST": 8, "HTAG": 0, "HTHG": 1, "HTR": "H", "HY": 3, "HomeTeam": "Vallecano"},{"AC": 5, "AF": 19, "AR": 1, "AS": 7, "AST": 2, "AY": 5, "AwayTeam": "Valencia", "Date": "2016-02-07", "FTAG": 0, "FTHG": 1, "FTR": "H", "HC": 4, "HF": 17, "HR": 0, "HS": 6, "HST": 2, "HTAG": 0, "HTHG": 0, "HTR": "D", "HY": 4, "HomeTeam": "Betis"},{"AC": 5, "AF": 16, "AR": 1, "AS": 9, "AST": 2, "AY": 3, "AwayTeam": "Sevilla", "Date": "2016-02-07", "FTAG": 1, "FTHG": 1, "FTR": "D", "HC": 10, "HF": 15, "HR": 0, "HS": 25, "HST": 5, "HTAG": 1, "HTHG": 0, "HTR": "A", "HY": 3, "HomeTeam": "Celta"},{"AC": 6, "AF": 8, "AR": 0, "AS": 14, "AST": 4, "AY": 2, "AwayTeam": "Real Madrid", "Date": "2016-02-07", "FTAG": 2, "FTHG": 1, "FTR": "A", "HC": 3, "HF": 20, "HR": 0, "HS": 14, "HST": 2, "HTAG": 1, "HTHG": 0, "HTR": "A", "HY": 3, "HomeTeam": "Granada"},{"AC": 5, "AF": 10, "AR": 0, "AS": 11, "AST": 4, "AY": 3, "AwayTeam": "Barcelona", "Date": "2016-02-07", "FTAG": 2, "FTHG": 0, "FTR": "A", "HC": 2, "HF": 15, "HR": 0, "HS": 11, "HST": 3, "HTAG": 1, "HTHG": 0, "HTR": "A", "HY": 4, "HomeTeam": "Levante"},{"AC": 5, "AF": 11, "AR": 0, "AS": 12, "AST": 6, "AY": 2, "AwayTeam": "Sociedad", "Date": "2016-02-08", "FTAG": 5, "FTHG": 0, "FTR": "A", "HC": 4, "HF": 13, "HR": 0, "HS": 5, "HST": 1, "HTAG": 2, "HTHG": 0, "HTR": "A", "HY": 1, "HomeTeam": "Espanol"},{"AC": 7, "AF": 12, "AR": 0, "AS": 15, "AST": 4, "AY": 4, "AwayTeam": "Vallecano", "Date": "2016-02-12", "FTAG": 2, "FTHG": 2, "FTR": "D", "HC": 3, "HF": 14, "HR": 0, "HS": 11, "HST": 5, "HTAG": 1, "HTHG": 2, "HTR": "H", "HY": 3, "HomeTeam": "Sp Gijon"},{"AC": 0, "AF": 13, "AR": 0, "AS": 4, "AST": 2, "AY": 0, "AwayTeam": "Betis", "Date": "2016-02-13", "FTAG": 2, "FTHG": 2, "FTR": "D", "HC": 11, "HF": 14, "HR": 0, "HS": 25, "HST": 11, "HTAG": 2, "HTHG": 1, "HTR": "A", "HY": 1, "HomeTeam": "La Coruna"},{"AC": 2, "AF": 8, "AR": 0, "AS": 10, "AST": 3, "AY": 2, "AwayTeam": "Ath Bilbao", "Date": "2016-02-13", "FTAG": 2, "FTHG": 4, "FTR": "H", "HC": 5, "HF": 6, "HR": 1, "HS": 19, "HST": 9, "HTAG": 1, "HTHG": 3, "HTR": "H", "HY": 1, "HomeTeam": "Real Madrid"},{"AC": 9, "AF": 19, "AR": 0, "AS": 19, "AST": 6, "AY": 3, "AwayTeam": "Espanol", "Date": "2016-02-13", "FTAG": 1, "FTHG": 2, "FTR": "H", "HC": 9, "HF": 8, "HR": 0, "HS": 17, "HST": 4, "HTAG": 0, "HTHG": 0, "HTR": "D", "HY": 1, "HomeTeam": "Valencia"},{"AC": 1, "AF": 15, "AR": 0, "AS": 7, "AST": 2, "AY": 1, "AwayTeam": "Malaga", "Date": "2016-02-13", "FTAG": 0, "FTHG": 1, "FTR": "H", "HC": 5, "HF": 13, "HR": 0, "HS": 12, "HST": 5, "HTAG": 0, "HTHG": 1, "HTR": "H", "HY": 2, "HomeTeam": "Villarreal"},{"AC": 1, "AF": 16, "AR": 0, "AS": 10, "AST": 4, "AY": 4, "AwayTeam": "Celta", "Date": "2016-02-14", "FTAG": 1, "FTHG": 6, "FTR": "H", "HC": 1, "HF": 10, "HR": 0, "HS": 19, "HST": 11, "HTAG": 1, "HTHG": 1, "HTR": "D", "HY": 0, "HomeTeam": "Barcelona"},{"AC": 2, "AF": 12, "AR": 0, "AS": 8, "AST": 3, "AY": 2, "AwayTeam": "Levante", "Date": "2016-02-14", "FTAG": 0, "FTHG": 2, "FTR": "H", "HC": 8, "HF": 15, "HR": 0, "HS": 15, "HST": 6, "HTAG": 0, "HTHG": 1, "HTR": "H", "HY": 3, "HomeTeam": "Eibar"},{"AC": 4, "AF": 9, "AR": 0, "AS": 6, "AST": 3, "AY": 3, "AwayTeam": "Ath Madrid", "Date": "2016-02-14", "FTAG": 1, "FTHG": 0, "FTR": "A", "HC": 5, "HF": 9, "HR": 0, "HS": 11, "HST": 0, "HTAG": 1, "HTHG": 0, "HTR": "A", "HY": 2, "HomeTeam": "Getafe"},{"AC": 3, "AF": 11, "AR": 0, "AS": 11, "AST": 3, "AY": 3, "AwayTeam": "Las Palmas", "Date": "2016-02-14", "FTAG": 0, "FTHG": 2, "FTR": "H", "HC": 8, "HF": 15, "HR": 0, "HS": 9, "HST": 5, "HTAG": 0, "HTHG": 0, "HTR": "D", "HY": 1, "HomeTeam": "Sevilla"},{"AC": 13, "AF": 18, "AR": 0, "AS": 15, "AST": 2, "AY": 2, "AwayTeam": "Granada", "Date": "2016-02-14", "FTAG": 0, "FTHG": 3, "FTR": "H", "HC": 7, "HF": 9, "HR": 0, "HS": 12, "HST": 6, "HTAG": 0, "HTHG": 2, "HTR": "H", "HY": 1, "HomeTeam": "Sociedad"},{"AC": 4, "AF": 7, "AR": 0, "AS": 17, "AST": 8, "AY": 1, "AwayTeam": "Barcelona", "Date": "2016-02-17", "FTAG": 3, "FTHG": 1, "FTR": "A", "HC": 1, "HF": 11, "HR": 0, "HS": 6, "HST": 2, "HTAG": 2, "HTHG": 1, "HTR": "A", "HY": 2, "HomeTeam": "Sp Gijon"},{"AC": 8, "AF": 13, "AR": 0, "AS": 14, "AST": 6, "AY": 2, "AwayTeam": "Getafe", "Date": "2016-02-19", "FTAG": 0, "FTHG": 3, "FTR": "H", "HC": 6, "HF": 12, "HR": 0, "HS": 12, "HST": 6, "HTAG": 0, "HTHG": 2, "HTR": "H", "HY": 2, "HomeTeam": "Levante"},{"AC": 4, "AF": 25, "AR": 0, "AS": 4, "AST": 3, "AY": 3, "AwayTeam": "Sp Gijon", "Date": "2016-02-20", "FTAG": 1, "FTHG": 1, "FTR": "D", "HC": 10, "HF": 15, "HR": 0, "HS": 17, "HST": 6, "HTAG": 0, "HTHG": 0, "HTR": "D", "HY": 2, "HomeTeam": "Betis"},{"AC": 1, "AF": 25, "AR": 0, "AS": 7, "AST": 3, "AY": 2, "AwayTeam": "Eibar", "Date": "2016-02-20", "FTAG": 2, "FTHG": 3, "FTR": "H", "HC": 6, "HF": 6, "HR": 0, "HS": 14, "HST": 9, "HTAG": 0, "HTHG": 2, "HTR": "H", "HY": 3, "HomeTeam": "Celta"},{"AC": 4, "AF": 4, "AR": 0, "AS": 17, "AST": 3, "AY": 1, "AwayTeam": "La Coruna", "Date": "2016-02-20", "FTAG": 0, "FTHG": 1, "FTR": "H", "HC": 7, "HF": 19, "HR": 0, "HS": 16, "HST": 9, "HTAG": 0, "HTHG": 0, "HTR": "D", "HY": 3, "HomeTeam": "Espanol"},{"AC": 6, "AF": 13, "AR": 0, "AS": 13, "AST": 8, "AY": 2, "AwayTeam": "Barcelona", "Date": "2016-02-20", "FTAG": 2, "FTHG": 1, "FTR": "A", "HC": 3, "HF": 10, "HR": 0, "HS": 16, "HST": 3, "HTAG": 2, "HTHG": 1, "HTR": "A", "HY": 1, "HomeTeam": "Las Palmas"},{"AC": 3, "AF": 16, "AR": 0, "AS": 9, "AST": 4, "AY": 6, "AwayTeam": "Sociedad", "Date": "2016-02-21", "FTAG": 1, "FTHG": 0, "FTR": "A", "HC": 9, "HF": 21, "HR": 0, "HS": 9, "HST": 2, "HTAG": 1, "HTHG": 0, "HTR": "A", "HY": 7, "HomeTeam": "Ath Bilbao"},{"AC": 2, "AF": 13, "AR": 0, "AS": 5, "AST": 0, "AY": 2, "AwayTeam": "Villarreal", "Date": "2016-02-21", "FTAG": 0, "FTHG": 0, "FTR": "D", "HC": 10, "HF": 11, "HR": 0, "HS": 12, "HST": 3, "HTAG": 0, "HTHG": 0, "HTR": "D", "HY": 2, "HomeTeam": "Ath Madrid"},{"AC": 3, "AF": 18, "AR": 0, "AS": 10, "AST": 6, "AY": 3, "AwayTeam": "Valencia", "Date": "2016-02-21", "FTAG": 2, "FTHG": 1, "FTR": "A", "HC": 6, "HF": 18, "HR": 0, "HS": 15, "HST": 4, "HTAG": 0, "HTHG": 0, "HTR": "D", "HY": 2, "HomeTeam": "Granada"},{"AC": 6, "AF": 12, "AR": 0, "AS": 14, "AST": 7, "AY": 2, "AwayTeam": "Real Madrid", "Date": "2016-02-21", "FTAG": 1, "FTHG": 1, "FTR": "D", "HC": 6, "HF": 14, "HR": 0, "HS": 11, "HST": 5, "HTAG": 1, "HTHG": 0, "HTR": "A", "HY": 5, "HomeTeam": "Malaga"},{"AC": 17, "AF": 23, "AR": 0, "AS": 14, "AST": 7, "AY": 2, "AwayTeam": "Sevilla", "Date": "2016-02-21", "FTAG": 2, "FTHG": 2, "FTR": "D", "HC": 3, "HF": 14, "HR": 0, "HS": 13, "HST": 4, "HTAG": 2, "HTHG": 1, "HTR": "A", "HY": 6, "HomeTeam": "Vallecano"},{"AC": 6, "AF": 9, "AR": 0, "AS": 12, "AST": 4, "AY": 1, "AwayTeam": "Las Palmas", "Date": "2016-02-26", "FTAG": 1, "FTHG": 0, "FTR": "A", "HC": 6, "HF": 16, "HR": 0, "HS": 10, "HST": 4, "HTAG": 1, "HTHG": 0, "HTR": "A", "HY": 4, "HomeTeam": "Eibar"},{"AC": 8, "AF": 15, "AR": 0, "AS": 11, "AST": 4, "AY": 3, "AwayTeam": "Vallecano", "Date": "2016-02-27", "FTAG": 2, "FTHG": 2, "FTR": "D", "HC": 8, "HF": 16, "HR": 0, "HS": 20, "HST": 4, "HTAG": 0, "HTHG": 2, "HTR": "H", "HY": 2, "HomeTeam": "Betis"},{"AC": 5, "AF": 14, "AR": 0, "AS": 9, "AST": 3, "AY": 4, "AwayTeam": "Celta", "Date": "2016-02-27", "FTAG": 1, "FTHG": 0, "FTR": "A", "HC": 4, "HF": 11, "HR": 0, "HS": 14, "HST": 2, "HTAG": 0, "HTHG": 0, "HTR": "D", "HY": 3, "HomeTeam": "Getafe"},{"AC": 5, "AF": 13, "AR": 0, "AS": 9, "AST": 5, "AY": 4, "AwayTeam": "Ath Madrid", "Date": "2016-02-27", "FTAG": 1, "FTHG": 0, "FTR": "A", "HC": 2, "HF": 15, "HR": 0, "HS": 15, "HST": 3, "HTAG": 0, "HTHG": 0, "HTR": "D", "HY": 3, "HomeTeam": "Real Madrid"},{"AC": 3, "AF": 14, "AR": 0, "AS": 8, "AST": 3, "AY": 5, "AwayTeam": "Malaga", "Date": "2016-02-27", "FTAG": 1, "FTHG": 1, "FTR": "D", "HC": 8, "HF": 17, "HR": 0, "HS": 11, "HST": 3, "HTAG": 0, "HTHG": 0, "HTR": "D", "HY": 4, "HomeTeam": "Sociedad"},{"AC": 2, "AF": 14, "AR": 0, "AS": 12, "AST": 7, "AY": 2, "AwayTeam": "Espanol", "Date": "2016-02-27", "FTAG": 4, "FTHG": 2, "FTR": "A", "HC": 5, "HF": 14, "HR": 1, "HS": 13, "HST": 5, "HTAG": 1, "HTHG": 1, "HTR": "D", "HY": 5, "HomeTeam": "Sp Gijon"},{"AC": 7, "AF": 10, "AR": 0, "AS": 11, "AST": 4, "AY": 2, "AwayTeam": "Sevilla", "Date": "2016-02-28", "FTAG": 1, "FTHG": 2, "FTR": "H", "HC": 6, "HF": 13, "HR": 0, "HS": 17, "HST": 8, "HTAG": 1, "HTHG": 1, "HTR": "D", "HY": 3, "HomeTeam": "Barcelona"},{"AC": 6, "AF": 12, "AR": 0, "AS": 10, "AST": 3, "AY": 3, "AwayTeam": "Granada", "Date": "2016-02-28", "FTAG": 1, "FTHG": 0, "FTR": "A", "HC": 6, "HF": 12, "HR": 1, "HS": 13, "HST": 2, "HTAG": 1, "HTHG": 0, "HTR": "A", "HY": 2, "HomeTeam": "La Coruna"},{"AC": 7, "AF": 13, "AR": 0, "AS": 13, "AST": 4, "AY": 0, "AwayTeam": "Ath Bilbao", "Date": "2016-02-28", "FTAG": 3, "FTHG": 0, "FTR": "A", "HC": 7, "HF": 9, "HR": 0, "HS": 9, "HST": 3, "HTAG": 0, "HTHG": 0, "HTR": "D", "HY": 2, "HomeTeam": "Valencia"},{"AC": 4, "AF": 12, "AR": 1, "AS": 7, "AST": 1, "AY": 2, "AwayTeam": "Levante", "Date": "2016-02-28", "FTAG": 0, "FTHG": 3, "FTR": "H", "HC": 3, "HF": 15, "HR": 0, "HS": 9, "HST": 3, "HTAG": 0, "HTHG": 2, "HTR": "H", "HY": 0, "HomeTeam": "Villarreal"},{"AC": 1, "AF": 10, "AR": 0, "AS": 7, "AST": 1, "AY": 2, "AwayTeam": "Sociedad", "Date": "2016-03-01", "FTAG": 0, "FTHG": 3, "FTR": "H", "HC": 8, "HF": 19, "HR": 0, "HS": 12, "HST": 5, "HTAG": 0, "HTHG": 1, "HTR": "H", "HY": 1, "HomeTeam": "Ath Madrid"},{"AC": 6, "AF": 12, "AR": 1, "AS": 10, "AST": 2, "AY": 2, "AwayTeam": "Getafe", "Date": "2016-03-01", "FTAG": 0, "FTHG": 4, "FTR": "H", "HC": 2, "HF": 20, "HR": 0, "HS": 11, "HST": 5, "HTAG": 0, "HTHG": 2, "HTR": "H", "HY": 5, "HomeTeam": "Las Palmas"},{"AC": 2, "AF": 14, "AR": 0, "AS": 7, "AST": 4, "AY": 3, "AwayTeam": "La Coruna", "Date": "2016-03-02", "FTAG": 1, "FTHG": 4, "FTR": "H", "HC": 1, "HF": 5, "HR": 0, "HS": 12, "HST": 6, "HTAG": 0, "HTHG": 2, "HTR": "H", "HY": 1, "HomeTeam": "Ath Bilbao"},{"AC": 1, "AF": 2, "AR": 0, "AS": 6, "AST": 3, "AY": 5, "AwayTeam": "Villarreal", "Date": "2016-03-02", "FTAG": 0, "FTHG": 0, "FTR": "D", "HC": 2, "HF": 9, "HR": 0, "HS": 11, "HST": 4, "HTAG": 0, "HTHG": 0, "HTR": "D", "HY": 2, "HomeTeam": "Celta"},{"AC": 10, "AF": 11, "AR": 0, "AS": 21, "AST": 8, "AY": 1, "AwayTeam": "Real Madrid", "Date": "2016-03-02", "FTAG": 3, "FTHG": 1, "FTR": "A", "HC": 3, "HF": 12, "HR": 0, "HS": 11, "HST": 4, "HTAG": 2, "HTHG": 1, "HTR": "A", "HY": 2, "HomeTeam": "Levante"},{"AC": 5, "AF": 16, "AR": 0, "AS": 11, "AST": 2, "AY": 5, "AwayTeam": "Valencia", "Date": "2016-03-02", "FTAG": 2, "FTHG": 1, "FTR": "A", "HC": 4, "HF": 19, "HR": 0, "HS": 10, "HST": 1, "HTAG": 1, "HTHG": 1, "HTR": "D", "HY": 6, "HomeTeam": "Malaga"},{"AC": 6, "AF": 13, "AR": 1, "AS": 11, "AST": 6, "AY": 2, "AwayTeam": "Eibar", "Date": "2016-03-02", "FTAG": 0, "FTHG": 1, "FTR": "H", "HC": 12, "HF": 12, "HR": 0, "HS": 14, "HST": 4, "HTAG": 0, "HTHG": 1, "HTR": "H", "HY": 1, "HomeTeam": "Sevilla"},{"AC": 0, "AF": 13, "AR": 0, "AS": 9, "AST": 6, "AY": 2, "AwayTeam": "Betis", "Date": "2016-03-03", "FTAG": 3, "FTHG": 0, "FTR": "A", "HC": 5, "HF": 20, "HR": 0, "HS": 16, "HST": 3, "HTAG": 2, "HTHG": 0, "HTR": "A", "HY": 4, "HomeTeam": "Espanol"},{"AC": 1, "AF": 13, "AR": 1, "AS": 4, "AST": 0, "AY": 3, "AwayTeam": "Sp Gijon", "Date": "2016-03-03", "FTAG": 0, "FTHG": 2, "FTR": "H", "HC": 4, "HF": 24, "HR": 0, "HS": 13, "HST": 8, "HTAG": 0, "HTHG": 0, "HTR": "D", "HY": 7, "HomeTeam": "Granada"},{"AC": 5, "AF": 9, "AR": 0, "AS": 20, "AST": 8, "AY": 2, "AwayTeam": "Barcelona", "Date": "2016-03-03", "FTAG": 5, "FTHG": 1, "FTR": "A", "HC": 3, "HF": 17, "HR": 2, "HS": 8, "HST": 4, "HTAG": 2, "HTHG": 0, "HTR": "A", "HY": 0, "HomeTeam": "Vallecano"},{"AC": 9, "AF": 14, "AR": 0, "AS": 7, "AST": 4, "AY": 2, "AwayTeam": "Sevilla", "Date": "2016-03-05", "FTAG": 1, "FTHG": 1, "FTR": "D", "HC": 10, "HF": 12, "HR": 0, "HS": 13, "HST": 3, "HTAG": 0, "HTHG": 0, "HTR": "D", "HY": 5, "HomeTeam": "Getafe"},{"AC": 4, "AF": 13, "AR": 1, "AS": 5, "AST": 2, "AY": 2, "AwayTeam": "Malaga", "Date": "2016-03-05", "FTAG": 3, "FTHG": 3, "FTR": "D", "HC": 10, "HF": 11, "HR": 0, "HS": 14, "HST": 7, "HTAG": 1, "HTHG": 1, "HTR": "D", "HY": 4, "HomeTeam": "La Coruna"},{"AC": 5, "AF": 12, "AR": 0, "AS": 8, "AST": 3, "AY": 3, "AwayTeam": "Celta", "Date": "2016-03-05", "FTAG": 1, "FTHG": 7, "FTR": "H", "HC": 10, "HF": 13, "HR": 0, "HS": 20, "HST": 12, "HTAG": 0, "HTHG": 1, "HTR": "H", "HY": 2, "HomeTeam": "Real Madrid"},{"AC": 2, "AF": 8, "AR": 0, "AS": 10, "AST": 3, "AY": 2, "AwayTeam": "Las Palmas", "Date": "2016-03-05", "FTAG": 1, "FTHG": 0, "FTR": "A", "HC": 6, "HF": 9, "HR": 0, "HS": 13, "HST": 2, "HTAG": 1, "HTHG": 0, "HTR": "A", "HY": 1, "HomeTeam": "Villarreal"},{"AC": 4, "AF": 19, "AR": 1, "AS": 10, "AST": 4, "AY": 7, "AwayTeam": "Granada", "Date": "2016-03-06", "FTAG": 0, "FTHG": 2, "FTR": "H", "HC": 6, "HF": 9, "HR": 1, "HS": 10, "HST": 4, "HTAG": 0, "HTHG": 0, "HTR": "D", "HY": 3, "HomeTeam": "Betis"},{"AC": 2, "AF": 10, "AR": 0, "AS": 9, "AST": 7, "AY": 2, "AwayTeam": "Barcelona", "Date": "2016-03-06", "FTAG": 4, "FTHG": 0, "FTR": "A", "HC": 6, "HF": 18, "HR": 0, "HS": 7, "HST": 0, "HTAG": 2, "HTHG": 0, "HTR": "A", "HY": 3, "HomeTeam": "Eibar"},{"AC": 3, "AF": 16, "AR": 0, "AS": 10, "AST": 3, "AY": 3, "AwayTeam": "Levante", "Date": "2016-03-06", "FTAG": 1, "FTHG": 1, "FTR": "D", "HC": 10, "HF": 12, "HR": 0, "HS": 15, "HST": 3, "HTAG": 1, "HTHG": 1, "HTR": "D", "HY": 3, "HomeTeam": "Sociedad"},{"AC": 0, "AF": 14, "AR": 1, "AS": 10, "AST": 6, "AY": 1, "AwayTeam": "Ath Bilbao", "Date": "2016-03-06", "FTAG": 2, "FTHG": 0, "FTR": "A", "HC": 3, "HF": 17, "HR": 0, "HS": 5, "HST": 1, "HTAG": 1, "HTHG": 0, "HTR": "A", "HY": 1, "HomeTeam": "Sp Gijon"},{"AC": 7, "AF": 11, "AR": 0, "AS": 21, "AST": 5, "AY": 1, "AwayTeam": "Ath Madrid", "Date": "2016-03-06", "FTAG": 3, "FTHG": 1, "FTR": "A", "HC": 6, "HF": 13, "HR": 1, "HS": 10, "HST": 3, "HTAG": 1, "HTHG": 1, "HTR": "D", "HY": 1, "HomeTeam": "Valencia"},{"AC": 3, "AF": 15, "AR": 0, "AS": 7, "AST": 1, "AY": 4, "AwayTeam": "Vallecano", "Date": "2016-03-07", "FTAG": 1, "FTHG": 2, "FTR": "H", "HC": 8, "HF": 16, "HR": 1, "HS": 9, "HST": 8, "HTAG": 0, "HTHG": 1, "HTR": "H", "HY": 3, "HomeTeam": "Espanol"},{"AC": 4, "AF": 13, "AR": 0, "AS": 9, "AST": 4, "AY": 4, "AwayTeam": "Sp Gijon", "Date": "2016-03-11", "FTAG": 0, "FTHG": 1, "FTR": "H", "HC": 3, "HF": 8, "HR": 0, "HS": 13, "HST": 3, "HTAG": 0, "HTHG": 1, "HTR": "H", "HY": 2, "HomeTeam": "Malaga"},{"AC": 1, "AF": 8, "AR": 0, "AS": 6, "AST": 2, "AY": 1, "AwayTeam": "La Coruna", "Date": "2016-03-12", "FTAG": 0, "FTHG": 3, "FTR": "H", "HC": 10, "HF": 12, "HR": 0, "HS": 15, "HST": 7, "HTAG": 0, "HTHG": 1, "HTR": "H", "HY": 1, "HomeTeam": "Ath Madrid"},{"AC": 3, "AF": 13, "AR": 0, "AS": 6, "AST": 1, "AY": 3, "AwayTeam": "Getafe", "Date": "2016-03-12", "FTAG": 0, "FTHG": 6, "FTR": "H", "HC": 5, "HF": 7, "HR": 0, "HS": 16, "HST": 9, "HTAG": 0, "HTHG": 4, "HTR": "H", "HY": 0, "HomeTeam": "Barcelona"},{"AC": 3, "AF": 9, "AR": 0, "AS": 15, "AST": 6, "AY": 2, "AwayTeam": "Sociedad", "Date": "2016-03-12", "FTAG": 0, "FTHG": 1, "FTR": "H", "HC": 5, "HF": 21, "HR": 0, "HS": 7, "HST": 1, "HTAG": 0, "HTHG": 1, "HTR": "H", "HY": 3, "HomeTeam": "Celta"},{"AC": 0, "AF": 18, "AR": 1, "AS": 7, "AST": 1, "AY": 1, "AwayTeam": "Eibar", "Date": "2016-03-12", "FTAG": 1, "FTHG": 1, "FTR": "D", "HC": 8, "HF": 17, "HR": 0, "HS": 12, "HST": 3, "HTAG": 1, "HTHG": 1, "HTR": "D", "HY": 5, "HomeTeam": "Vallecano"},{"AC": 6, "AF": 9, "AR": 0, "AS": 3, "AST": 1, "AY": 0, "AwayTeam": "Betis", "Date": "2016-03-13", "FTAG": 1, "FTHG": 3, "FTR": "H", "HC": 5, "HF": 12, "HR": 0, "HS": 18, "HST": 9, "HTAG": 0, "HTHG": 2, "HTR": "H", "HY": 1, "HomeTeam": "Ath Bilbao"},{"AC": 5, "AF": 13, "AR": 1, "AS": 12, "AST": 4, "AY": 3, "AwayTeam": "Real Madrid", "Date": "2016-03-13", "FTAG": 2, "FTHG": 1, "FTR": "A", "HC": 6, "HF": 10, "HR": 0, "HS": 15, "HST": 6, "HTAG": 1, "HTHG": 0, "HTR": "A", "HY": 4, "HomeTeam": "Las Palmas"},{"AC": 0, "AF": 16, "AR": 0, "AS": 6, "AST": 1, "AY": 4, "AwayTeam": "Valencia", "Date": "2016-03-13", "FTAG": 0, "FTHG": 1, "FTR": "H", "HC": 8, "HF": 16, "HR": 0, "HS": 13, "HST": 6, "HTAG": 0, "HTHG": 0, "HTR": "D", "HY": 2, "HomeTeam": "Levante"},{"AC": 8, "AF": 12, "AR": 0, "AS": 13, "AST": 6, "AY": 1, "AwayTeam": "Villarreal", "Date": "2016-03-13", "FTAG": 2, "FTHG": 4, "FTR": "H", "HC": 5, "HF": 10, "HR": 1, "HS": 14, "HST": 4, "HTAG": 2, "HTHG": 1, "HTR": "A", "HY": 1, "HomeTeam": "Sevilla"},{"AC": 8, "AF": 20, "AR": 0, "AS": 10, "AST": 2, "AY": 3, "AwayTeam": "Espanol", "Date": "2016-03-14", "FTAG": 1, "FTHG": 1, "FTR": "D", "HC": 2, "HF": 12, "HR": 1, "HS": 8, "HST": 1, "HTAG": 0, "HTHG": 1, "HTR": "H", "HY": 5, "HomeTeam": "Granada"},{"AC": 3, "AF": 12, "AR": 0, "AS": 20, "AST": 6, "AY": 2, "AwayTeam": "Eibar", "Date": "2016-03-18", "FTAG": 1, "FTHG": 1, "FTR": "D", "HC": 3, "HF": 12, "HR": 0, "HS": 8, "HST": 4, "HTAG": 0, "HTHG": 1, "HTR": "H", "HY": 1, "HomeTeam": "Getafe"},{"AC": 7, "AF": 9, "AR": 0, "AS": 13, "AST": 5, "AY": 2, "AwayTeam": "Malaga", "Date": "2016-03-19", "FTAG": 1, "FTHG": 0, "FTR": "A", "HC": 5, "HF": 15, "HR": 0, "HS": 16, "HST": 5, "HTAG": 0, "HTHG": 0, "HTR": "D", "HY": 3, "HomeTeam": "Betis"},{"AC": 12, "AF": 9, "AR": 0, "AS": 22, "AST": 6, "AY": 5, "AwayTeam": "Vallecano", "Date": "2016-03-19", "FTAG": 2, "FTHG": 2, "FTR": "D", "HC": 6, "HF": 8, "HR": 1, "HS": 11, "HST": 2, "HTAG": 1, "HTHG": 1, "HTR": "D", "HY": 1, "HomeTeam": "Granada"},{"AC": 1, "AF": 12, "AR": 0, "AS": 7, "AST": 1, "AY": 3, "AwayTeam": "Levante", "Date": "2016-03-19", "FTAG": 1, "FTHG": 2, "FTR": "H", "HC": 2, "HF": 8, "HR": 0, "HS": 15, "HST": 6, "HTAG": 0, "HTHG": 1, "HTR": "H", "HY": 2, "HomeTeam": "La Coruna"},{"AC": 5, "AF": 17, "AR": 0, "AS": 12, "AST": 7, "AY": 5, "AwayTeam": "Las Palmas", "Date": "2016-03-19", "FTAG": 1, "FTHG": 0, "FTR": "A", "HC": 11, "HF": 16, "HR": 0, "HS": 13, "HST": 3, "HTAG": 1, "HTHG": 0, "HTR": "A", "HY": 4, "HomeTeam": "Sociedad"},{"AC": 2, "AF": 11, "AR": 0, "AS": 4, "AST": 1, "AY": 2, "AwayTeam": "Ath Madrid", "Date": "2016-03-19", "FTAG": 1, "FTHG": 2, "FTR": "H", "HC": 7, "HF": 14, "HR": 0, "HS": 12, "HST": 3, "HTAG": 1, "HTHG": 0, "HTR": "A", "HY": 5, "HomeTeam": "Sp Gijon"},{"AC": 2, "AF": 13, "AR": 0, "AS": 14, "AST": 4, "AY": 3, "AwayTeam": "Ath Bilbao", "Date": "2016-03-20", "FTAG": 1, "FTHG": 2, "FTR": "H", "HC": 6, "HF": 7, "HR": 0, "HS": 16, "HST": 7, "HTAG": 1, "HTHG": 0, "HTR": "A", "HY": 3, "HomeTeam": "Espanol"},{"AC": 8, "AF": 9, "AR": 0, "AS": 8, "AST": 4, "AY": 2, "AwayTeam": "Sevilla", "Date": "2016-03-20", "FTAG": 0, "FTHG": 4, "FTR": "H", "HC": 8, "HF": 10, "HR": 0, "HS": 26, "HST": 12, "HTAG": 0, "HTHG": 1, "HTR": "H", "HY": 2, "HomeTeam": "Real Madrid"},{"AC": 5, "AF": 14, "AR": 0, "AS": 13, "AST": 6, "AY": 0, "AwayTeam": "Celta", "Date": "2016-03-20", "FTAG": 2, "FTHG": 0, "FTR": "A", "HC": 4, "HF": 14, "HR": 0, "HS": 14, "HST": 4, "HTAG": 0, "HTHG": 0, "HTR": "D", "HY": 1, "HomeTeam": "Valencia"},{"AC": 4, "AF": 9, "AR": 0, "AS": 15, "AST": 6, "AY": 4, "AwayTeam": "Barcelona", "Date": "2016-03-20", "FTAG": 2, "FTHG": 2, "FTR": "D", "HC": 4, "HF": 17, "HR": 0, "HS": 15, "HST": 6, "HTAG": 2, "HTHG": 0, "HTR": "A", "HY": 8, "HomeTeam": "Villarreal"},{"AC": 6, "AF": 10, "AR": 0, "AS": 14, "AST": 3, "AY": 5, "AwayTeam": "Getafe", "Date": "2016-04-01", "FTAG": 0, "FTHG": 2, "FTR": "H", "HC": 9, "HF": 10, "HR": 1, "HS": 16, "HST": 7, "HTAG": 0, "HTHG": 1, "HTR": "H", "HY": 4, "HomeTeam": "Vallecano"},{"AC": 5, "AF": 12, "AR": 0, "AS": 8, "AST": 5, "AY": 3, "AwayTeam": "Betis", "Date": "2016-04-02", "FTAG": 1, "FTHG": 5, "FTR": "H", "HC": 5, "HF": 14, "HR": 0, "HS": 19, "HST": 12, "HTAG": 0, "HTHG": 2, "HTR": "H", "HY": 1, "HomeTeam": "Ath Madrid"},{"AC": 3, "AF": 15, "AR": 1, "AS": 14, "AST": 6, "AY": 2, "AwayTeam": "Real Madrid", "Date": "2016-04-02", "FTAG": 2, "FTHG": 1, "FTR": "A", "HC": 4, "HF": 17, "HR": 0, "HS": 14, "HST": 3, "HTAG": 0, "HTHG": 0, "HTR": "D", "HY": 3, "HomeTeam": "Barcelona"},{"AC": 0, "AF": 8, "AR": 1, "AS": 7, "AST": 3, "AY": 2, "AwayTeam": "La Coruna", "Date": "2016-04-02", "FTAG": 1, "FTHG": 1, "FTR": "D", "HC": 11, "HF": 15, "HR": 0, "HS": 9, "HST": 2, "HTAG": 1, "HTHG": 1, "HTR": "D", "HY": 4, "HomeTeam": "Celta"},{"AC": 2, "AF": 17, "AR": 0, "AS": 7, "AST": 4, "AY": 4, "AwayTeam": "Valencia", "Date": "2016-04-02", "FTAG": 1, "FTHG": 2, "FTR": "H", "HC": 8, "HF": 8, "HR": 0, "HS": 13, "HST": 6, "HTAG": 1, "HTHG": 0, "HTR": "A", "HY": 2, "HomeTeam": "Las Palmas"},{"AC": 1, "AF": 14, "AR": 0, "AS": 9, "AST": 2, "AY": 5, "AwayTeam": "Granada", "Date": "2016-04-03", "FTAG": 1, "FTHG": 1, "FTR": "D", "HC": 13, "HF": 16, "HR": 0, "HS": 8, "HST": 1, "HTAG": 0, "HTHG": 1, "HTR": "H", "HY": 2, "HomeTeam": "Ath Bilbao"},{"AC": 3, "AF": 12, "AR": 0, "AS": 8, "AST": 4, "AY": 3, "AwayTeam": "Villarreal", "Date": "2016-04-03", "FTAG": 2, "FTHG": 1, "FTR": "A", "HC": 4, "HF": 15, "HR": 0, "HS": 10, "HST": 3, "HTAG": 1, "HTHG": 1, "HTR": "D", "HY": 3, "HomeTeam": "Eibar"},{"AC": 1, "AF": 15, "AR": 0, "AS": 5, "AST": 1, "AY": 4, "AwayTeam": "Espanol", "Date": "2016-04-03", "FTAG": 1, "FTHG": 1, "FTR": "D", "HC": 5, "HF": 14, "HR": 0, "HS": 11, "HST": 5, "HTAG": 1, "HTHG": 1, "HTR": "D", "HY": 2, "HomeTeam": "Malaga"},{"AC": 3, "AF": 12, "AR": 1, "AS": 9, "AST": 2, "AY": 3, "AwayTeam": "Sociedad", "Date": "2016-04-03", "FTAG": 2, "FTHG": 1, "FTR": "A", "HC": 8, "HF": 22, "HR": 0, "HS": 15, "HST": 6, "HTAG": 2, "HTHG": 0, "HTR": "A", "HY": 4, "HomeTeam": "Sevilla"},{"AC": 6, "AF": 12, "AR": 0, "AS": 11, "AST": 1, "AY": 4, "AwayTeam": "Sp Gijon", "Date": "2016-04-04", "FTAG": 0, "FTHG": 0, "FTR": "D", "HC": 4, "HF": 17, "HR": 1, "HS": 16, "HST": 4, "HTAG": 0, "HTHG": 0, "HTR": "D", "HY": 4, "HomeTeam": "Levante"},{"AC": 5, "AF": 10, "AR": 0, "AS": 9, "AST": 2, "AY": 3, "AwayTeam": "Malaga", "Date": "2016-04-08", "FTAG": 0, "FTHG": 0, "FTR": "D", "HC": 5, "HF": 14, "HR": 0, "HS": 9, "HST": 1, "HTAG": 0, "HTHG": 0, "HTR": "D", "HY": 1, "HomeTeam": "Granada"},{"AC": 3, "AF": 18, "AR": 0, "AS": 12, "AST": 3, "AY": 3, "AwayTeam": "Levante", "Date": "2016-04-09", "FTAG": 0, "FTHG": 1, "FTR": "H", "HC": 4, "HF": 13, "HR": 0, "HS": 7, "HST": 2, "HTAG": 0, "HTHG": 0, "HTR": "D", "HY": 4, "HomeTeam": "Betis"},{"AC": 5, "AF": 14, "AR": 0, "AS": 14, "AST": 5, "AY": 2, "AwayTeam": "Ath Madrid", "Date": "2016-04-09", "FTAG": 3, "FTHG": 1, "FTR": "A", "HC": 3, "HF": 13, "HR": 0, "HS": 10, "HST": 3, "HTAG": 1, "HTHG": 1, "HTR": "D", "HY": 2, "HomeTeam": "Espanol"},{"AC": 7, "AF": 13, "AR": 0, "AS": 9, "AST": 2, "AY": 3, "AwayTeam": "Eibar", "Date": "2016-04-09", "FTAG": 0, "FTHG": 4, "FTR": "H", "HC": 6, "HF": 9, "HR": 0, "HS": 13, "HST": 6, "HTAG": 0, "HTHG": 4, "HTR": "H", "HY": 1, "HomeTeam": "Real Madrid"},{"AC": 9, "AF": 13, "AR": 0, "AS": 13, "AST": 6, "AY": 3, "AwayTeam": "Barcelona", "Date": "2016-04-09", "FTAG": 0, "FTHG": 1, "FTR": "H", "HC": 5, "HF": 14, "HR": 0, "HS": 5, "HST": 1, "HTAG": 0, "HTHG": 1, "HTR": "H", "HY": 1, "HomeTeam": "Sociedad"},{"AC": 5, "AF": 14, "AR": 0, "AS": 12, "AST": 4, "AY": 3, "AwayTeam": "Vallecano", "Date": "2016-04-10", "FTAG": 0, "FTHG": 1, "FTR": "H", "HC": 0, "HF": 8, "HR": 0, "HS": 14, "HST": 7, "HTAG": 0, "HTHG": 0, "HTR": "D", "HY": 1, "HomeTeam": "Ath Bilbao"},{"AC": 7, "AF": 11, "AR": 0, "AS": 17, "AST": 5, "AY": 5, "AwayTeam": "Celta", "Date": "2016-04-10", "FTAG": 1, "FTHG": 0, "FTR": "A", "HC": 7, "HF": 8, "HR": 0, "HS": 9, "HST": 2, "HTAG": 0, "HTHG": 0, "HTR": "D", "HY": 2, "HomeTeam": "Sp Gijon"},{"AC": 3, "AF": 18, "AR": 0, "AS": 7, "AST": 4, "AY": 2, "AwayTeam": "Sevilla", "Date": "2016-04-10", "FTAG": 1, "FTHG": 2, "FTR": "H", "HC": 10, "HF": 15, "HR": 0, "HS": 23, "HST": 9, "HTAG": 0, "HTHG": 1, "HTR": "H", "HY": 2, "HomeTeam": "Valencia"},{"AC": 5, "AF": 12, "AR": 0, "AS": 16, "AST": 3, "AY": 2, "AwayTeam": "Getafe", "Date": "2016-04-10", "FTAG": 0, "FTHG": 2, "FTR": "H", "HC": 8, "HF": 9, "HR": 0, "HS": 13, "HST": 3, "HTAG": 0, "HTHG": 1, "HTR": "H", "HY": 2, "HomeTeam": "Villarreal"},{"AC": 4, "AF": 9, "AR": 0, "AS": 13, "AST": 6, "AY": 1, "AwayTeam": "Las Palmas", "Date": "2016-04-11", "FTAG": 3, "FTHG": 1, "FTR": "A", "HC": 7, "HF": 8, "HR": 0, "HS": 19, "HST": 5, "HTAG": 0, "HTHG": 0, "HTR": "D", "HY": 1, "HomeTeam": "La Coruna"},{"AC": 6, "AF": 12, "AR": 0, "AS": 10, "AST": 2, "AY": 0, "AwayTeam": "Espanol", "Date": "2016-04-15", "FTAG": 1, "FTHG": 2, "FTR": "H", "HC": 4, "HF": 10, "HR": 0, "HS": 12, "HST": 4, "HTAG": 1, "HTHG": 1, "HTR": "D", "HY": 5, "HomeTeam": "Levante"},{"AC": 4, "AF": 18, "AR": 0, "AS": 9, "AST": 4, "AY": 3, "AwayTeam": "Betis", "Date": "2016-04-16", "FTAG": 1, "FTHG": 1, "FTR": "D", "HC": 12, "HF": 14, "HR": 0, "HS": 18, "HST": 5, "HTAG": 1, "HTHG": 0, "HTR": "A", "HY": 4, "HomeTeam": "Celta"},{"AC": 0, "AF": 11, "AR": 0, "AS": 7, "AST": 4, "AY": 3, "AwayTeam": "Sociedad", "Date": "2016-04-16", "FTAG": 1, "FTHG": 2, "FTR": "H", "HC": 2, "HF": 16, "HR": 0, "HS": 9, "HST": 4, "HTAG": 1, "HTHG": 1, "HTR": "D", "HY": 3, "HomeTeam": "Eibar"},{"AC": 6, "AF": 10, "AR": 0, "AS": 21, "AST": 11, "AY": 1, "AwayTeam": "Real Madrid", "Date": "2016-04-16", "FTAG": 5, "FTHG": 1, "FTR": "A", "HC": 5, "HF": 10, "HR": 0, "HS": 12, "HST": 5, "HTAG": 2, "HTHG": 0, "HTR": "A", "HY": 4, "HomeTeam": "Getafe"},{"AC": 10, "AF": 21, "AR": 0, "AS": 12, "AST": 2, "AY": 5, "AwayTeam": "Sp Gijon", "Date": "2016-04-16", "FTAG": 1, "FTHG": 1, "FTR": "D", "HC": 3, "HF": 11, "HR": 0, "HS": 10, "HST": 4, "HTAG": 0, "HTHG": 1, "HTR": "H", "HY": 2, "HomeTeam": "Las Palmas"},{"AC": 2, "AF": 14, "AR": 0, "AS": 11, "AST": 0, "AY": 5, "AwayTeam": "Granada", "Date": "2016-04-17", "FTAG": 0, "FTHG": 3, "FTR": "H", "HC": 4, "HF": 16, "HR": 0, "HS": 8, "HST": 3, "HTAG": 0, "HTHG": 1, "HTR": "H", "HY": 3, "HomeTeam": "Ath Madrid"},{"AC": 2, "AF": 15, "AR": 0, "AS": 7, "AST": 2, "AY": 3, "AwayTeam": "Valencia", "Date": "2016-04-17", "FTAG": 2, "FTHG": 1, "FTR": "A", "HC": 7, "HF": 12, "HR": 0, "HS": 22, "HST": 7, "HTAG": 2, "HTHG": 0, "HTR": "A", "HY": 3, "HomeTeam": "Barcelona"},{"AC": 2, "AF": 14, "AR": 0, "AS": 6, "AST": 3, "AY": 5, "AwayTeam": "Ath Bilbao", "Date": "2016-04-17", "FTAG": 1, "FTHG": 0, "FTR": "A", "HC": 8, "HF": 13, "HR": 0, "HS": 17, "HST": 7, "HTAG": 0, "HTHG": 0, "HTR": "D", "HY": 3, "HomeTeam": "Malaga"},{"AC": 0, "AF": 8, "AR": 0, "AS": 5, "AST": 4, "AY": 2, "AwayTeam": "La Coruna", "Date": "2016-04-17", "FTAG": 1, "FTHG": 1, "FTR": "D", "HC": 10, "HF": 15, "HR": 0, "HS": 12, "HST": 3, "HTAG": 0, "HTHG": 1, "HTR": "H", "HY": 2, "HomeTeam": "Sevilla"},{"AC": 3, "AF": 15, "AR": 0, "AS": 6, "AST": 2, "AY": 3, "AwayTeam": "Villarreal", "Date": "2016-04-17", "FTAG": 1, "FTHG": 2, "FTR": "H", "HC": 4, "HF": 14, "HR": 0, "HS": 14, "HST": 6, "HTAG": 1, "HTHG": 1, "HTR": "D", "HY": 2, "HomeTeam": "Vallecano"},{"AC": 3, "AF": 12, "AR": 1, "AS": 3, "AST": 0, "AY": 1, "AwayTeam": "Las Palmas", "Date": "2016-04-19", "FTAG": 0, "FTHG": 1, "FTR": "H", "HC": 6, "HF": 14, "HR": 0, "HS": 20, "HST": 6, "HTAG": 0, "HTHG": 0, "HTR": "D", "HY": 2, "HomeTeam": "Betis"},{"AC": 2, "AF": 13, "AR": 0, "AS": 3, "AST": 1, "AY": 1, "AwayTeam": "Celta", "Date": "2016-04-19", "FTAG": 1, "FTHG": 1, "FTR": "D", "HC": 2, "HF": 15, "HR": 0, "HS": 8, "HST": 3, "HTAG": 1, "HTHG": 1, "HTR": "D", "HY": 1, "HomeTeam": "Espanol"},{"AC": 4, "AF": 6, "AR": 0, "AS": 8, "AST": 2, "AY": 0, "AwayTeam": "Ath Madrid", "Date": "2016-04-20", "FTAG": 1, "FTHG": 0, "FTR": "A", "HC": 6, "HF": 9, "HR": 0, "HS": 12, "HST": 6, "HTAG": 1, "HTHG": 0, "HTR": "A", "HY": 0, "HomeTeam": "Ath Bilbao"},{"AC": 2, "AF": 8, "AR": 0, "AS": 19, "AST": 10, "AY": 0, "AwayTeam": "Barcelona", "Date": "2016-04-20", "FTAG": 8, "FTHG": 0, "FTR": "A", "HC": 6, "HF": 11, "HR": 0, "HS": 16, "HST": 5, "HTAG": 2, "HTHG": 0, "HTR": "A", "HY": 1, "HomeTeam": "La Coruna"},{"AC": 7, "AF": 13, "AR": 0, "AS": 11, "AST": 4, "AY": 3, "AwayTeam": "Vallecano", "Date": "2016-04-20", "FTAG": 1, "FTHG": 1, "FTR": "D", "HC": 7, "HF": 19, "HR": 0, "HS": 12, "HST": 4, "HTAG": 0, "HTHG": 0, "HTR": "D", "HY": 1, "HomeTeam": "Malaga"},{"AC": 1, "AF": 8, "AR": 0, "AS": 5, "AST": 2, "AY": 1, "AwayTeam": "Villarreal", "Date": "2016-04-20", "FTAG": 0, "FTHG": 3, "FTR": "H", "HC": 11, "HF": 9, "HR": 0, "HS": 20, "HST": 6, "HTAG": 0, "HTHG": 1, "HTR": "H", "HY": 2, "HomeTeam": "Real Madrid"},{"AC": 7, "AF": 15, "AR": 0, "AS": 18, "AST": 8, "AY": 1, "AwayTeam": "Sevilla", "Date": "2016-04-20", "FTAG": 1, "FTHG": 2, "FTR": "H", "HC": 5, "HF": 7, "HR": 0, "HS": 14, "HST": 2, "HTAG": 1, "HTHG": 1, "HTR": "D", "HY": 2, "HomeTeam": "Sp Gijon"},{"AC": 3, "AF": 6, "AR": 0, "AS": 9, "AST": 2, "AY": 2, "AwayTeam": "Eibar", "Date": "2016-04-20", "FTAG": 0, "FTHG": 4, "FTR": "H", "HC": 6, "HF": 10, "HR": 0, "HS": 9, "HST": 6, "HTAG": 0, "HTHG": 3, "HTR": "H", "HY": 1, "HomeTeam": "Valencia"},{"AC": 4, "AF": 11, "AR": 1, "AS": 15, "AST": 5, "AY": 5, "AwayTeam": "Levante", "Date": "2016-04-21", "FTAG": 1, "FTHG": 5, "FTR": "H", "HC": 3, "HF": 16, "HR": 0, "HS": 13, "HST": 6, "HTAG": 0, "HTHG": 3, "HTR": "H", "HY": 6, "HomeTeam": "Granada"},{"AC": 2, "AF": 17, "AR": 0, "AS": 7, "AST": 3, "AY": 4, "AwayTeam": "Getafe", "Date": "2016-04-21", "FTAG": 2, "FTHG": 1, "FTR": "A", "HC": 8, "HF": 10, "HR": 0, "HS": 14, "HST": 5, "HTAG": 1, "HTHG": 1, "HTR": "D", "HY": 2, "HomeTeam": "Sociedad"},{"AC": 5, "AF": 9, "AR": 0, "AS": 11, "AST": 5, "AY": 4, "AwayTeam": "Espanol", "Date": "2016-04-22", "FTAG": 0, "FTHG": 4, "FTR": "H", "HC": 5, "HF": 14, "HR": 0, "HS": 14, "HST": 9, "HTAG": 0, "HTHG": 1, "HTR": "H", "HY": 4, "HomeTeam": "Las Palmas"},{"AC": 4, "AF": 14, "AR": 0, "AS": 7, "AST": 4, "AY": 3, "AwayTeam": "Malaga", "Date": "2016-04-23", "FTAG": 0, "FTHG": 1, "FTR": "H", "HC": 10, "HF": 6, "HR": 0, "HS": 14, "HST": 4, "HTAG": 0, "HTHG": 0, "HTR": "D", "HY": 3, "HomeTeam": "Ath Madrid"},{"AC": 1, "AF": 11, "AR": 1, "AS": 5, "AST": 3, "AY": 2, "AwayTeam": "Sp Gijon", "Date": "2016-04-23", "FTAG": 0, "FTHG": 6, "FTR": "H", "HC": 6, "HF": 11, "HR": 0, "HS": 24, "HST": 10, "HTAG": 0, "HTHG": 1, "HTR": "H", "HY": 0, "HomeTeam": "Barcelona"},{"AC": 7, "AF": 8, "AR": 0, "AS": 9, "AST": 1, "AY": 1, "AwayTeam": "La Coruna", "Date": "2016-04-23", "FTAG": 1, "FTHG": 1, "FTR": "D", "HC": 11, "HF": 14, "HR": 0, "HS": 9, "HST": 2, "HTAG": 0, "HTHG": 1, "HTR": "H", "HY": 0, "HomeTeam": "Eibar"},{"AC": 6, "AF": 9, "AR": 0, "AS": 16, "AST": 6, "AY": 1, "AwayTeam": "Real Madrid", "Date": "2016-04-23", "FTAG": 3, "FTHG": 2, "FTR": "A", "HC": 4, "HF": 15, "HR": 0, "HS": 11, "HST": 6, "HTAG": 1, "HTHG": 2, "HTR": "H", "HY": 6, "HomeTeam": "Vallecano"},{"AC": 2, "AF": 12, "AR": 0, "AS": 5, "AST": 4, "AY": 1, "AwayTeam": "Valencia", "Date": "2016-04-24", "FTAG": 2, "FTHG": 2, "FTR": "D", "HC": 8, "HF": 14, "HR": 0, "HS": 18, "HST": 11, "HTAG": 0, "HTHG": 0, "HTR": "D", "HY": 4, "HomeTeam": "Getafe"},{"AC": 9, "AF": 8, "AR": 0, "AS": 19, "AST": 8, "AY": 1, "AwayTeam": "Ath Bilbao", "Date": "2016-04-24", "FTAG": 2, "FTHG": 2, "FTR": "D", "HC": 4, "HF": 13, "HR": 0, "HS": 10, "HST": 5, "HTAG": 0, "HTHG": 1, "HTR": "H", "HY": 2, "HomeTeam": "Levante"},{"AC": 5, "AF": 13, "AR": 0, "AS": 8, "AST": 2, "AY": 4, "AwayTeam": "Betis", "Date": "2016-04-24", "FTAG": 0, "FTHG": 2, "FTR": "H", "HC": 8, "HF": 25, "HR": 0, "HS": 13, "HST": 3, "HTAG": 0, "HTHG": 0, "HTR": "D", "HY": 5, "HomeTeam": "Sevilla"},{"AC": 5, "AF": 12, "AR": 0, "AS": 7, "AST": 2, "AY": 1, "AwayTeam": "Sociedad", "Date": "2016-04-24", "FTAG": 0, "FTHG": 0, "FTR": "D", "HC": 3, "HF": 17, "HR": 0, "HS": 8, "HST": 3, "HTAG": 0, "HTHG": 0, "HTR": "D", "HY": 4, "HomeTeam": "Villarreal"},{"AC": 4, "AF": 15, "AR": 0, "AS": 11, "AST": 3, "AY": 2, "AwayTeam": "Granada", "Date": "2016-04-25", "FTAG": 1, "FTHG": 2, "FTR": "H", "HC": 4, "HF": 13, "HR": 0, "HS": 15, "HST": 4, "HTAG": 0, "HTHG": 1, "HTR": "H", "HY": 2, "HomeTeam": "Celta"},{"AC": 5, "AF": 17, "AR": 0, "AS": 12, "AST": 6, "AY": 2, "AwayTeam": "Eibar", "Date": "2016-04-29", "FTAG": 0, "FTHG": 2, "FTR": "H", "HC": 1, "HF": 16, "HR": 0, "HS": 3, "HST": 3, "HTAG": 0, "HTHG": 1, "HTR": "H", "HY": 2, "HomeTeam": "Sp Gijon"},{"AC": 7, "AF": 12, "AR": 0, "AS": 13, "AST": 3, "AY": 1, "AwayTeam": "Vallecano", "Date": "2016-04-30", "FTAG": 0, "FTHG": 1, "FTR": "H", "HC": 5, "HF": 14, "HR": 0, "HS": 12, "HST": 6, "HTAG": 0, "HTHG": 0, "HTR": "D", "HY": 1, "HomeTeam": "Ath Madrid"},{"AC": 4, "AF": 11, "AR": 0, "AS": 11, "AST": 4, "AY": 3, "AwayTeam": "Barcelona", "Date": "2016-04-30", "FTAG": 2, "FTHG": 0, "FTR": "A", "HC": 2, "HF": 9, "HR": 1, "HS": 2, "HST": 1, "HTAG": 0, "HTHG": 0, "HTR": "D", "HY": 3, "HomeTeam": "Betis"},{"AC": 3, "AF": 9, "AR": 0, "AS": 12, "AST": 6, "AY": 2, "AwayTeam": "Las Palmas", "Date": "2016-04-30", "FTAG": 2, "FTHG": 3, "FTR": "H", "HC": 4, "HF": 11, "HR": 0, "HS": 14, "HST": 5, "HTAG": 2, "HTHG": 2, "HTR": "D", "HY": 3, "HomeTeam": "Granada"},{"AC": 6, "AF": 17, "AR": 0, "AS": 18, "AST": 6, "AY": 4, "AwayTeam": "Real Madrid", "Date": "2016-04-30", "FTAG": 1, "FTHG": 0, "FTR": "A", "HC": 6, "HF": 15, "HR": 0, "HS": 11, "HST": 4, "HTAG": 0, "HTHG": 0, "HTR": "D", "HY": 4, "HomeTeam": "Sociedad"},{"AC": 2, "AF": 19, "AR": 1, "AS": 5, "AST": 2, "AY": 5, "AwayTeam": "Celta", "Date": "2016-05-01", "FTAG": 1, "FTHG": 2, "FTR": "H", "HC": 7, "HF": 12, "HR": 0, "HS": 10, "HST": 2, "HTAG": 1, "HTHG": 1, "HTR": "D", "HY": 1, "HomeTeam": "Ath Bilbao"},{"AC": 2, "AF": 15, "AR": 0, "AS": 7, "AST": 0, "AY": 3, "AwayTeam": "Sevilla", "Date": "2016-05-01", "FTAG": 0, "FTHG": 1, "FTR": "H", "HC": 4, "HF": 20, "HR": 0, "HS": 11, "HST": 7, "HTAG": 0, "HTHG": 0, "HTR": "D", "HY": 3, "HomeTeam": "Espanol"},{"AC": 5, "AF": 19, "AR": 0, "AS": 11, "AST": 5, "AY": 6, "AwayTeam": "Getafe", "Date": "2016-05-01", "FTAG": 2, "FTHG": 0, "FTR": "A", "HC": 8, "HF": 7, "HR": 1, "HS": 15, "HST": 5, "HTAG": 1, "HTHG": 0, "HTR": "A", "HY": 1, "HomeTeam": "La Coruna"},{"AC": 3, "AF": 11, "AR": 0, "AS": 8, "AST": 3, "AY": 2, "AwayTeam": "Villarreal", "Date": "2016-05-01", "FTAG": 2, "FTHG": 0, "FTR": "A", "HC": 9, "HF": 15, "HR": 0, "HS": 7, "HST": 1, "HTAG": 2, "HTHG": 0, "HTR": "A", "HY": 0, "HomeTeam": "Valencia"},{"AC": 7, "AF": 10, "AR": 0, "AS": 11, "AST": 5, "AY": 4, "AwayTeam": "Levante", "Date": "2016-05-02", "FTAG": 1, "FTHG": 3, "FTR": "H", "HC": 13, "HF": 18, "HR": 0, "HS": 21, "HST": 11, "HTAG": 1, "HTHG": 1, "HTR": "D", "HY": 2, "HomeTeam": "Malaga"},{"AC": 0, "AF": 25, "AR": 0, "AS": 4, "AST": 1, "AY": 7, "AwayTeam": "Espanol", "Date": "2016-05-08", "FTAG": 0, "FTHG": 5, "FTR": "H", "HC": 8, "HF": 13, "HR": 0, "HS": 13, "HST": 7, "HTAG": 0, "HTHG": 1, "HTR": "H", "HY": 2, "HomeTeam": "Barcelona"},{"AC": 3, "AF": 10, "AR": 0, "AS": 13, "AST": 5, "AY": 2, "AwayTeam": "Malaga", "Date": "2016-05-08", "FTAG": 0, "FTHG": 1, "FTR": "H", "HC": 4, "HF": 11, "HR": 0, "HS": 12, "HST": 3, "HTAG": 0, "HTHG": 1, "HTR": "H", "HY": 0, "HomeTeam": "Celta"},{"AC": 2, "AF": 9, "AR": 0, "AS": 6, "AST": 3, "AY": 3, "AwayTeam": "Betis", "Date": "2016-05-08", "FTAG": 1, "FTHG": 1, "FTR": "D", "HC": 8, "HF": 15, "HR": 0, "HS": 21, "HST": 10, "HTAG": 1, "HTHG": 0, "HTR": "A", "HY": 1, "HomeTeam": "Eibar"},{"AC": 3, "AF": 13, "AR": 1, "AS": 9, "AST": 3, "AY": 1, "AwayTeam": "Sp Gijon", "Date": "2016-05-08", "FTAG": 1, "FTHG": 1, "FTR": "D", "HC": 7, "HF": 15, "HR": 0, "HS": 19, "HST": 9, "HTAG": 0, "HTHG": 0, "HTR": "D", "HY": 3, "HomeTeam": "Getafe"},{"AC": 2, "AF": 18, "AR": 0, "AS": 8, "AST": 3, "AY": 1, "AwayTeam": "Ath Bilbao", "Date": "2016-05-08", "FTAG": 0, "FTHG": 0, "FTR": "D", "HC": 2, "HF": 9, "HR": 0, "HS": 4, "HST": 2, "HTAG": 0, "HTHG": 0, "HTR": "D", "HY": 1, "HomeTeam": "Las Palmas"},{"AC": 5, "AF": 11, "AR": 0, "AS": 17, "AST": 5, "AY": 1, "AwayTeam": "Ath Madrid", "Date": "2016-05-08", "FTAG": 1, "FTHG": 2, "FTR": "H", "HC": 4, "HF": 8, "HR": 0, "HS": 12, "HST": 5, "HTAG": 1, "HTHG": 1, "HTR": "D", "HY": 1, "HomeTeam": "Levante"},{"AC": 8, "AF": 11, "AR": 1, "AS": 17, "AST": 8, "AY": 4, "AwayTeam": "Valencia", "Date": "2016-05-08", "FTAG": 2, "FTHG": 3, "FTR": "H", "HC": 5, "HF": 10, "HR": 0, "HS": 15, "HST": 8, "HTAG": 0, "HTHG": 2, "HTR": "H", "HY": 1, "HomeTeam": "Real Madrid"},{"AC": 4, "AF": 11, "AR": 0, "AS": 10, "AST": 6, "AY": 1, "AwayTeam": "Granada", "Date": "2016-05-08", "FTAG": 4, "FTHG": 1, "FTR": "A", "HC": 5, "HF": 18, "HR": 0, "HS": 12, "HST": 6, "HTAG": 1, "HTHG": 0, "HTR": "A", "HY": 4, "HomeTeam": "Sevilla"},{"AC": 11, "AF": 12, "AR": 0, "AS": 18, "AST": 5, "AY": 1, "AwayTeam": "Vallecano", "Date": "2016-05-08", "FTAG": 1, "FTHG": 2, "FTR": "H", "HC": 5, "HF": 7, "HR": 1, "HS": 12, "HST": 6, "HTAG": 0, "HTHG": 1, "HTR": "H", "HY": 2, "HomeTeam": "Sociedad"},{"AC": 5, "AF": 4, "AR": 0, "AS": 8, "AST": 4, "AY": 1, "AwayTeam": "La Coruna", "Date": "2016-05-08", "FTAG": 2, "FTHG": 0, "FTR": "A", "HC": 8, "HF": 14, "HR": 0, "HS": 11, "HST": 4, "HTAG": 1, "HTHG": 0, "HTR": "A", "HY": 3, "HomeTeam": "Villarreal"},{"AC": 6, "AF": 12, "AR": 0, "AS": 14, "AST": 7, "AY": 2, "AwayTeam": "Sociedad", "Date": "2016-05-13", "FTAG": 1, "FTHG": 0, "FTR": "A", "HC": 4, "HF": 17, "HR": 0, "HS": 8, "HST": 0, "HTAG": 0, "HTHG": 0, "HTR": "D", "HY": 2, "HomeTeam": "Valencia"},{"AC": 6, "AF": 11, "AR": 2, "AS": 8, "AST": 4, "AY": 2, "AwayTeam": "Sevilla", "Date": "2016-05-14", "FTAG": 1, "FTHG": 3, "FTR": "H", "HC": 7, "HF": 13, "HR": 1, "HS": 13, "HST": 6, "HTAG": 0, "HTHG": 2, "HTR": "H", "HY": 1, "HomeTeam": "Ath Bilbao"},{"AC": 4, "AF": 16, "AR": 0, "AS": 7, "AST": 4, "AY": 5, "AwayTeam": "Celta", "Date": "2016-05-14", "FTAG": 0, "FTHG": 2, "FTR": "H", "HC": 4, "HF": 16, "HR": 0, "HS": 12, "HST": 5, "HTAG": 0, "HTHG": 0, "HTR": "D", "HY": 4, "HomeTeam": "Ath Madrid"},{"AC": 6, "AF": 10, "AR": 0, "AS": 12, "AST": 10, "AY": 2, "AwayTeam": "Barcelona", "Date": "2016-05-14", "FTAG": 3, "FTHG": 0, "FTR": "A", "HC": 5, "HF": 12, "HR": 0, "HS": 8, "HST": 2, "HTAG": 2, "HTHG": 0, "HTR": "A", "HY": 5, "HomeTeam": "Granada"},{"AC": 8, "AF": 9, "AR": 0, "AS": 16, "AST": 5, "AY": 3, "AwayTeam": "Real Madrid", "Date": "2016-05-14", "FTAG": 2, "FTHG": 0, "FTR": "A", "HC": 4, "HF": 6, "HR": 0, "HS": 10, "HST": 2, "HTAG": 2, "HTHG": 0, "HTR": "A", "HY": 1, "HomeTeam": "La Coruna"},{"AC": 2, "AF": 27, "AR": 1, "AS": 14, "AST": 5, "AY": 8, "AwayTeam": "Getafe", "Date": "2016-05-15", "FTAG": 1, "FTHG": 2, "FTR": "H", "HC": 3, "HF": 8, "HR": 0, "HS": 7, "HST": 4, "HTAG": 0, "HTHG": 0, "HTR": "D", "HY": 1, "HomeTeam": "Betis"},{"AC": 4, "AF": 14, "AR": 0, "AS": 13, "AST": 8, "AY": 3, "AwayTeam": "Eibar", "Date": "2016-05-15", "FTAG": 2, "FTHG": 4, "FTR": "H", "HC": 3, "HF": 10, "HR": 0, "HS": 11, "HST": 7, "HTAG": 0, "HTHG": 2, "HTR": "H", "HY": 4, "HomeTeam": "Espanol"},{"AC": 6, "AF": 10, "AR": 0, "AS": 12, "AST": 7, "AY": 1, "AwayTeam": "Las Palmas", "Date": "2016-05-15", "FTAG": 1, "FTHG": 4, "FTR": "H", "HC": 3, "HF": 16, "HR": 0, "HS": 14, "HST": 8, "HTAG": 1, "HTHG": 2, "HTR": "H", "HY": 1, "HomeTeam": "Malaga"},{"AC": 1, "AF": 6, "AR": 0, "AS": 10, "AST": 5, "AY": 2, "AwayTeam": "Villarreal", "Date": "2016-05-15", "FTAG": 0, "FTHG": 2, "FTR": "H", "HC": 4, "HF": 9, "HR": 0, "HS": 16, "HST": 7, "HTAG": 0, "HTHG": 1, "HTR": "H", "HY": 1, "HomeTeam": "Sp Gijon"},{"AC": 3, "AF": 8, "AR": 0, "AS": 8, "AST": 2, "AY": 3, "AwayTeam": "Levante", "Date": "2016-05-15", "FTAG": 1, "FTHG": 3, "FTR": "H", "HC": 9, "HF": 12, "HR": 0, "HS": 21, "HST": 9, "HTAG": 0, "HTHG": 2, "HTR": "H", "HY": 1, "HomeTeam": "Vallecano"}]