[{"AC": 3, "AF": 10, "AR": 0, "AS": 6, "AST": 4, "AY": 2, "AwayTeam": "Levante", "Date": "2018-08-17", "FTAG": 3, "FTHG": 0, "FTR": "A", "HC": 5, "HF": 10, "HR": 0, "HS": 22, "HST": 8, "HTAG": 1, "HTHG": 0, "HTR": "A", "HY": 0, "HomeTeam": "Betis"},{"AC": 2, "AF": 20, "AR": 0, "AS": 2, "AST": 1, "AY": 1, "AwayTeam": "Valladolid", "Date": "2018-08-17", "FTAG": 0, "FTHG": 0, "FTR": "D", "HC": 3, "HF": 21, "HR": 0, "HS": 13, "HST": 1, "HTAG": 0, "HTHG": 0, "HTR": "D", "HY": 1, "HomeTeam": "Girona"},{"AC": 1, "AF": 13, "AR": 0, "AS": 3, "AST": 0, "AY": 2, "AwayTeam": "Alaves", "Date": "2018-08-18", "FTAG": 0, "FTHG": 3, "FTR": "H", "HC": 7, "HF": 6, "HR": 0, "HS": 25, "HST": 9, "HTAG": 0, "HTHG": 0, "HTR": "D", "HY": 0, "HomeTeam": "Barcelona"},{"AC": 7, "AF": 14, "AR": 0, "AS": 14, "AST": 5, "AY": 2, "AwayTeam": "Espanol", "Date": "2018-08-18", "FTAG": 1, "FTHG": 1, "FTR": "D", "HC": 8, "HF": 13, "HR": 0, "HS": 12, "HST": 2, "HTAG": 1, "HTHG": 0, "HTR": "A", "HY": 3, "HomeTeam": "Celta"},{"AC": 6, "AF": 10, "AR": 0, "AS": 8, "AST": 4, "AY": 3, "AwayTeam": "Sociedad", "Date": "2018-08-18", "FTAG": 2, "FTHG": 1, "FTR": "A", "HC": 4, "HF": 16, "HR": 0, "HS": 16, "HST": 7, "HTAG": 1, "HTHG": 1, "HTR": "D", "HY": 2, "HomeTeam": "Villarreal"},{"AC": 0, "AF": 13, "AR": 0, "AS": 8, "AST": 6, "AY": 1, "AwayTeam": "Huesca", "Date": "2018-08-19", "FTAG": 2, "FTHG": 1, "FTR": "A", "HC": 7, "HF": 12, "HR": 0, "HS": 18, "HST": 6, "HTAG": 2, "HTHG": 0, "HTR": "A", "HY": 1, "HomeTeam": "Eibar"},{"AC": 0, "AF": 27, "AR": 0, "AS": 4, "AST": 1, "AY": 7, "AwayTeam": "Getafe", "Date": "2018-08-19", "FTAG": 0, "FTHG": 2, "FTR": "H", "HC": 3, "HF": 11, "HR": 0, "HS": 10, "HST": 3, "HTAG": 0, "HTHG": 1, "HTR": "H", "HY": 1, "HomeTeam": "Real Madrid"},{"AC": 6, "AF": 15, "AR": 0, "AS": 17, "AST": 8, "AY": 0, "AwayTeam": "Sevilla", "Date": "2018-08-19", "FTAG": 4, "FTHG": 1, "FTR": "A", "HC": 2, "HF": 6, "HR": 0, "HS": 13, "HST": 2, "HTAG": 3, "HTHG": 0, "HTR": "A", "HY": 1, "HomeTeam": "Vallecano"},{"AC": 2, "AF": 13, "AR": 0, "AS": 12, "AST": 2, "AY": 5, "AwayTeam": "Leganes", "Date": "2018-08-20", "FTAG": 1, "FTHG": 2, "FTR": "H", "HC": 6, "HF": 12, "HR": 0, "HS": 17, "HST": 5, "HTAG": 1, "HTHG": 1, "HTR": "D", "HY": 4, "HomeTeam": "Ath Bilbao"},{"AC": 10, "AF": 15, "AR": 0, "AS": 9, "AST": 3, "AY": 3, "AwayTeam": "Ath Madrid", "Date": "2018-08-20", "FTAG": 1, "FTHG": 1, "FTR": "D", "HC": 4, "HF": 10, "HR": 0, "HS": 13, "HST": 4, "HTAG": 1, "HTHG": 0, "HTR": "A", "HY": 2, "HomeTeam": "Valencia"},{"AC": 5, "AF": 11, "AR": 0, "AS": 9, "AST": 0, "AY": 1, "AwayTeam": "Eibar", "Date": "2018-08-24", "FTAG": 0, "FTHG": 2, "FTR": "H", "HC": 5, "HF": 14, "HR": 0, "HS": 7, "HST": 4, "HTAG": 0, "HTHG": 1, "HTR": "H", "HY": 2, "HomeTeam": "Getafe"},{"AC": 0, "AF": 9, "AR": 0, "AS": 7, "AST": 6, "AY": 2, "AwayTeam": "Sociedad", "Date": "2018-08-24", "FTAG": 2, "FTHG": 2, "FTR": "D", "HC": 5, "HF": 12, "HR": 0, "HS": 18, "HST": 5, "HTAG": 2, "HTHG": 0, "HTR": "A", "HY": 1, "HomeTeam": "Leganes"},{"AC": 6, "AF": 15, "AR": 0, "AS": 13, "AST": 5, "AY": 1, "AwayTeam": "Betis", "Date": "2018-08-25", "FTAG": 0, "FTHG": 0, "FTR": "D", "HC": 5, "HF": 17, "HR": 0, "HS": 16, "HST": 4, "HTAG": 0, "HTHG": 0, "HTR": "D", "HY": 3, "HomeTeam": "Alaves"},{"AC": 5, "AF": 8, "AR": 0, "AS": 13, "AST": 3, "AY": 1, "AwayTeam": "Vallecano", "Date": "2018-08-25", "FTAG": 0, "FTHG": 1, "FTR": "H", "HC": 8, "HF": 7, "HR": 0, "HS": 9, "HST": 2, "HTAG": 0, "HTHG": 0, "HTR": "D", "HY": 1, "HomeTeam": "Ath Madrid"},{"AC": 10, "AF": 11, "AR": 0, "AS": 10, "AST": 5, "AY": 1, "AwayTeam": "Barcelona", "Date": "2018-08-25", "FTAG": 1, "FTHG": 0, "FTR": "A", "HC": 6, "HF": 13, "HR": 0, "HS": 7, "HST": 4, "HTAG": 0, "HTHG": 0, "HTR": "D", "HY": 1, "HomeTeam": "Valladolid"},{"AC": 10, "AF": 12, "AR": 0, "AS": 16, "AST": 4, "AY": 1, "AwayTeam": "Valencia", "Date": "2018-08-26", "FTAG": 0, "FTHG": 2, "FTR": "H", "HC": 6, "HF": 16, "HR": 0, "HS": 19, "HST": 9, "HTAG": 0, "HTHG": 0, "HTR": "D", "HY": 1, "HomeTeam": "Espanol"},{"AC": 7, "AF": 11, "AR": 0, "AS": 20, "AST": 8, "AY": 3, "AwayTeam": "Real Madrid", "Date": "2018-08-26", "FTAG": 4, "FTHG": 1, "FTR": "A", "HC": 4, "HF": 13, "HR": 0, "HS": 10, "HST": 5, "HTAG": 1, "HTHG": 1, "HTR": "D", "HY": 2, "HomeTeam": "Girona"},{"AC": 5, "AF": 14, "AR": 0, "AS": 14, "AST": 6, "AY": 2, "AwayTeam": "Villarreal", "Date": "2018-08-26", "FTAG": 0, "FTHG": 0, "FTR": "D", "HC": 4, "HF": 13, "HR": 0, "HS": 19, "HST": 2, "HTAG": 0, "HTHG": 0, "HTR": "D", "HY": 3, "HomeTeam": "Sevilla"},{"AC": 2, "AF": 17, "AR": 0, "AS": 9, "AST": 4, "AY": 2, "AwayTeam": "Huesca", "Date": "2018-08-27", "FTAG": 2, "FTHG": 2, "FTR": "D", "HC": 3, "HF": 17, "HR": 0, "HS": 14, "HST": 4, "HTAG": 0, "HTHG": 0, "HTR": "D", "HY": 2, "HomeTeam": "Ath Bilbao"},{"AC": 7, "AF": 8, "AR": 0, "AS": 21, "AST": 9, "AY": 3, "AwayTeam": "Celta", "Date": "2018-08-27", "FTAG": 2, "FTHG": 1, "FTR": "A", "HC": 7, "HF": 14, "HR": 0, "HS": 15, "HST": 6, "HTAG": 2, "HTHG": 0, "HTR": "A", "HY": 2, "HomeTeam": "Levante"},{"AC": 2, "AF": 15, "AR": 0, "AS": 7, "AST": 2, "AY": 2, "AwayTeam": "Sociedad", "Date": "2018-08-31", "FTAG": 1, "FTHG": 2, "FTR": "H", "HC": 4, "HF": 18, "HR": 0, "HS": 8, "HST": 2, "HTAG": 1, "HTHG": 1, "HTR": "D", "HY": 3, "HomeTeam": "Eibar"},{"AC": 7, "AF": 14, "AR": 0, "AS": 7, "AST": 4, "AY": 1, "AwayTeam": "Valladolid", "Date": "2018-08-31", "FTAG": 0, "FTHG": 0, "FTR": "D", "HC": 6, "HF": 22, "HR": 0, "HS": 12, "HST": 3, "HTAG": 0, "HTHG": 0, "HTR": "D", "HY": 3, "HomeTeam": "Getafe"},{"AC": 2, "AF": 11, "AR": 0, "AS": 14, "AST": 6, "AY": 2, "AwayTeam": "Girona", "Date": "2018-08-31", "FTAG": 1, "FTHG": 0, "FTR": "A", "HC": 7, "HF": 15, "HR": 0, "HS": 13, "HST": 3, "HTAG": 0, "HTHG": 0, "HTR": "D", "HY": 3, "HomeTeam": "Villarreal"},{"AC": 8, "AF": 14, "AR": 1, "AS": 9, "AST": 0, "AY": 5, "AwayTeam": "Ath Madrid", "Date": "2018-09-01", "FTAG": 0, "FTHG": 2, "FTR": "H", "HC": 2, "HF": 12, "HR": 0, "HS": 10, "HST": 4, "HTAG": 0, "HTHG": 0, "HTR": "D", "HY": 4, "HomeTeam": "Celta"},{"AC": 1, "AF": 11, "AR": 0, "AS": 8, "AST": 3, "AY": 1, "AwayTeam": "Leganes", "Date": "2018-09-01", "FTAG": 1, "FTHG": 4, "FTR": "H", "HC": 8, "HF": 11, "HR": 0, "HS": 17, "HST": 8, "HTAG": 1, "HTHG": 1, "HTR": "D", "HY": 1, "HomeTeam": "Real Madrid"},{"AC": 12, "AF": 13, "AR": 0, "AS": 11, "AST": 7, "AY": 3, "AwayTeam": "Espanol", "Date": "2018-09-02", "FTAG": 1, "FTHG": 2, "FTR": "H", "HC": 0, "HF": 19, "HR": 0, "HS": 8, "HST": 5, "HTAG": 1, "HTHG": 0, "HTR": "A", "HY": 4, "HomeTeam": "Alaves"},{"AC": 4, "AF": 12, "AR": 0, "AS": 7, "AST": 3, "AY": 2, "AwayTeam": "Huesca", "Date": "2018-09-02", "FTAG": 2, "FTHG": 8, "FTR": "H", "HC": 9, "HF": 6, "HR": 0, "HS": 31, "HST": 15, "HTAG": 2, "HTHG": 3, "HTR": "H", "HY": 1, "HomeTeam": "Barcelona"},{"AC": 8, "AF": 17, "AR": 1, "AS": 8, "AST": 2, "AY": 6, "AwayTeam": "Sevilla", "Date": "2018-09-02", "FTAG": 0, "FTHG": 1, "FTR": "H", "HC": 5, "HF": 15, "HR": 0, "HS": 11, "HST": 3, "HTAG": 0, "HTHG": 0, "HTR": "D", "HY": 3, "HomeTeam": "Betis"},{"AC": 5, "AF": 10, "AR": 0, "AS": 18, "AST": 5, "AY": 2, "AwayTeam": "Valencia", "Date": "2018-09-02", "FTAG": 2, "FTHG": 2, "FTR": "D", "HC": 3, "HF": 14, "HR": 1, "HS": 13, "HST": 4, "HTAG": 1, "HTHG": 2, "HTR": "H", "HY": 4, "HomeTeam": "Levante"},{"AC": 3, "AF": 18, "AR": 0, "AS": 14, "AST": 2, "AY": 1, "AwayTeam": "Vallecano", "Date": "2018-09-14", "FTAG": 1, "FTHG": 0, "FTR": "A", "HC": 6, "HF": 16, "HR": 0, "HS": 14, "HST": 4, "HTAG": 1, "HTHG": 0, "HTR": "A", "HY": 2, "HomeTeam": "Huesca"},{"AC": 2, "AF": 6, "AR": 0, "AS": 16, "AST": 6, "AY": 2, "AwayTeam": "Real Madrid", "Date": "2018-09-15", "FTAG": 1, "FTHG": 1, "FTR": "D", "HC": 1, "HF": 18, "HR": 0, "HS": 11, "HST": 3, "HTAG": 0, "HTHG": 1, "HTR": "H", "HY": 6, "HomeTeam": "Ath Bilbao"},{"AC": 3, "AF": 21, "AR": 0, "AS": 12, "AST": 3, "AY": 2, "AwayTeam": "Eibar", "Date": "2018-09-15", "FTAG": 1, "FTHG": 1, "FTR": "D", "HC": 14, "HF": 5, "HR": 0, "HS": 18, "HST": 9, "HTAG": 0, "HTHG": 0, "HTR": "D", "HY": 2, "HomeTeam": "Ath Madrid"},{"AC": 6, "AF": 8, "AR": 0, "AS": 12, "AST": 6, "AY": 1, "AwayTeam": "Barcelona", "Date": "2018-09-15", "FTAG": 2, "FTHG": 1, "FTR": "A", "HC": 1, "HF": 18, "HR": 0, "HS": 8, "HST": 5, "HTAG": 0, "HTHG": 1, "HTR": "H", "HY": 1, "HomeTeam": "Sociedad"},{"AC": 4, "AF": 9, "AR": 0, "AS": 11, "AST": 6, "AY": 3, "AwayTeam": "Betis", "Date": "2018-09-15", "FTAG": 0, "FTHG": 0, "FTR": "D", "HC": 5, "HF": 22, "HR": 0, "HS": 12, "HST": 2, "HTAG": 0, "HTHG": 0, "HTR": "D", "HY": 6, "HomeTeam": "Valencia"},{"AC": 4, "AF": 13, "AR": 0, "AS": 16, "AST": 4, "AY": 2, "AwayTeam": "Levante", "Date": "2018-09-16", "FTAG": 0, "FTHG": 1, "FTR": "H", "HC": 5, "HF": 17, "HR": 0, "HS": 22, "HST": 9, "HTAG": 0, "HTHG": 0, "HTR": "D", "HY": 1, "HomeTeam": "Espanol"},{"AC": 1, "AF": 9, "AR": 0, "AS": 9, "AST": 3, "AY": 3, "AwayTeam": "Villarreal", "Date": "2018-09-16", "FTAG": 1, "FTHG": 0, "FTR": "A", "HC": 6, "HF": 16, "HR": 0, "HS": 16, "HST": 3, "HTAG": 0, "HTHG": 0, "HTR": "D", "HY": 4, "HomeTeam": "Leganes"},{"AC": 1, "AF": 22, "AR": 0, "AS": 10, "AST": 5, "AY": 6, "AwayTeam": "Getafe", "Date": "2018-09-16", "FTAG": 2, "FTHG": 0, "FTR": "A", "HC": 7, "HF": 10, "HR": 0, "HS": 15, "HST": 1, "HTAG": 2, "HTHG": 0, "HTR": "A", "HY": 3, "HomeTeam": "Sevilla"},{"AC": 2, "AF": 12, "AR": 0, "AS": 10, "AST": 4, "AY": 2, "AwayTeam": "Alaves", "Date": "2018-09-16", "FTAG": 1, "FTHG": 0, "FTR": "A", "HC": 7, "HF": 9, "HR": 0, "HS": 15, "HST": 5, "HTAG": 0, "HTHG": 0, "HTR": "D", "HY": 3, "HomeTeam": "Valladolid"},{"AC": 1, "AF": 11, "AR": 1, "AS": 20, "AST": 7, "AY": 3, "AwayTeam": "Celta", "Date": "2018-09-17", "FTAG": 2, "FTHG": 3, "FTR": "H", "HC": 3, "HF": 15, "HR": 0, "HS": 11, "HST": 6, "HTAG": 1, "HTHG": 2, "HTR": "H", "HY": 1, "HomeTeam": "Girona"},{"AC": 5, "AF": 12, "AR": 2, "AS": 7, "AST": 1, "AY": 3, "AwayTeam": "Sociedad", "Date": "2018-09-21", "FTAG": 1, "FTHG": 0, "FTR": "A", "HC": 7, "HF": 16, "HR": 0, "HS": 13, "HST": 3, "HTAG": 0, "HTHG": 0, "HTR": "D", "HY": 5, "HomeTeam": "Huesca"},{"AC": 8, "AF": 11, "AR": 0, "AS": 14, "AST": 4, "AY": 2, "AwayTeam": "Valladolid", "Date": "2018-09-22", "FTAG": 3, "FTHG": 3, "FTR": "D", "HC": 7, "HF": 9, "HR": 0, "HS": 12, "HST": 5, "HTAG": 1, "HTHG": 2, "HTR": "H", "HY": 2, "HomeTeam": "Celta"},{"AC": 2, "AF": 17, "AR": 0, "AS": 4, "AST": 2, "AY": 1, "AwayTeam": "Leganes", "Date": "2018-09-22", "FTAG": 0, "FTHG": 1, "FTR": "H", "HC": 5, "HF": 16, "HR": 0, "HS": 14, "HST": 3, "HTAG": 0, "HTHG": 0, "HTR": "D", "HY": 1, "HomeTeam": "Eibar"},{"AC": 5, "AF": 15, "AR": 0, "AS": 7, "AST": 4, "AY": 2, "AwayTeam": "Ath Madrid", "Date": "2018-09-22", "FTAG": 2, "FTHG": 0, "FTR": "A", "HC": 1, "HF": 12, "HR": 1, "HS": 11, "HST": 2, "HTAG": 1, "HTHG": 0, "HTR": "A", "HY": 1, "HomeTeam": "Getafe"},{"AC": 3, "AF": 16, "AR": 0, "AS": 10, "AST": 3, "AY": 2, "AwayTeam": "Espanol", "Date": "2018-09-22", "FTAG": 0, "FTHG": 1, "FTR": "H", "HC": 8, "HF": 5, "HR": 0, "HS": 19, "HST": 5, "HTAG": 0, "HTHG": 1, "HTR": "H", "HY": 2, "HomeTeam": "Real Madrid"},{"AC": 4, "AF": 12, "AR": 0, "AS": 11, "AST": 7, "AY": 2, "AwayTeam": "Alaves", "Date": "2018-09-22", "FTAG": 5, "FTHG": 1, "FTR": "A", "HC": 8, "HF": 14, "HR": 1, "HS": 13, "HST": 4, "HTAG": 2, "HTHG": 1, "HTR": "A", "HY": 1, "HomeTeam": "Vallecano"},{"AC": 2, "AF": 16, "AR": 0, "AS": 7, "AST": 6, "AY": 5, "AwayTeam": "Girona", "Date": "2018-09-23", "FTAG": 2, "FTHG": 2, "FTR": "D", "HC": 8, "HF": 9, "HR": 1, "HS": 22, "HST": 11, "HTAG": 1, "HTHG": 1, "HTR": "D", "HY": 3, "HomeTeam": "Barcelona"},{"AC": 1, "AF": 20, "AR": 1, "AS": 7, "AST": 4, "AY": 7, "AwayTeam": "Ath Bilbao", "Date": "2018-09-23", "FTAG": 2, "FTHG": 2, "FTR": "D", "HC": 6, "HF": 13, "HR": 0, "HS": 15, "HST": 3, "HTAG": 2, "HTHG": 0, "HTR": "A", "HY": 2, "HomeTeam": "Betis"},{"AC": 4, "AF": 18, "AR": 0, "AS": 20, "AST": 9, "AY": 1, "AwayTeam": "Sevilla", "Date": "2018-09-23", "FTAG": 6, "FTHG": 2, "FTR": "A", "HC": 8, "HF": 5, "HR": 0, "HS": 19, "HST": 10, "HTAG": 4, "HTHG": 1, "HTR": "A", "HY": 1, "HomeTeam": "Levante"},{"AC": 6, "AF": 12, "AR": 1, "AS": 12, "AST": 2, "AY": 1, "AwayTeam": "Valencia", "Date": "2018-09-23", "FTAG": 0, "FTHG": 0, "FTR": "D", "HC": 8, "HF": 12, "HR": 0, "HS": 11, "HST": 1, "HTAG": 0, "HTHG": 0, "HTR": "D", "HY": 4, "HomeTeam": "Villarreal"},{"AC": 3, "AF": 14, "AR": 0, "AS": 8, "AST": 1, "AY": 2, "AwayTeam": "Huesca", "Date": "2018-09-25", "FTAG": 0, "FTHG": 3, "FTR": "H", "HC": 4, "HF": 1, "HR": 0, "HS": 17, "HST": 5, "HTAG": 0, "HTHG": 3, "HTR": "H", "HY": 0, "HomeTeam": "Ath Madrid"},{"AC": 3, "AF": 8, "AR": 0, "AS": 8, "AST": 1, "AY": 2, "AwayTeam": "Eibar", "Date": "2018-09-25", "FTAG": 0, "FTHG": 1, "FTR": "H", "HC": 4, "HF": 8, "HR": 0, "HS": 9, "HST": 5, "HTAG": 0, "HTHG": 0, "HTR": "D", "HY": 2, "HomeTeam": "Espanol"},{"AC": 5, "AF": 18, "AR": 0, "AS": 11, "AST": 6, "AY": 3, "AwayTeam": "Vallecano", "Date": "2018-09-25", "FTAG": 2, "FTHG": 2, "FTR": "D", "HC": 8, "HF": 12, "HR": 0, "HS": 16, "HST": 6, "HTAG": 2, "HTHG": 1, "HTR": "A", "HY": 4, "HomeTeam": "Sociedad"},{"AC": 4, "AF": 14, "AR": 0, "AS": 19, "AST": 6, "AY": 1, "AwayTeam": "Villarreal", "Date": "2018-09-26", "FTAG": 3, "FTHG": 0, "FTR": "A", "HC": 6, "HF": 3, "HR": 0, "HS": 12, "HST": 2, "HTAG": 0, "HTHG": 0, "HTR": "D", "HY": 1, "HomeTeam": "Ath Bilbao"},{"AC": 5, "AF": 11, "AR": 0, "AS": 9, "AST": 5, "AY": 2, "AwayTeam": "Barcelona", "Date": "2018-09-26", "FTAG": 1, "FTHG": 2, "FTR": "H", "HC": 4, "HF": 15, "HR": 0, "HS": 10, "HST": 6, "HTAG": 1, "HTHG": 0, "HTR": "A", "HY": 4, "HomeTeam": "Leganes"},{"AC": 6, "AF": 12, "AR": 0, "AS": 21, "AST": 3, "AY": 4, "AwayTeam": "Real Madrid", "Date": "2018-09-26", "FTAG": 0, "FTHG": 3, "FTR": "H", "HC": 5, "HF": 16, "HR": 0, "HS": 16, "HST": 7, "HTAG": 0, "HTHG": 3, "HTR": "H", "HY": 3, "HomeTeam": "Sevilla"},{"AC": 2, "AF": 7, "AR": 0, "AS": 9, "AST": 3, "AY": 3, "AwayTeam": "Celta", "Date": "2018-09-26", "FTAG": 1, "FTHG": 1, "FTR": "D", "HC": 0, "HF": 18, "HR": 0, "HS": 14, "HST": 5, "HTAG": 0, "HTHG": 1, "HTR": "H", "HY": 1, "HomeTeam": "Valencia"},{"AC": 7, "AF": 22, "AR": 0, "AS": 13, "AST": 5, "AY": 2, "AwayTeam": "Getafe", "Date": "2018-09-27", "FTAG": 1, "FTHG": 1, "FTR": "D", "HC": 5, "HF": 8, "HR": 0, "HS": 15, "HST": 2, "HTAG": 0, "HTHG": 0, "HTR": "D", "HY": 4, "HomeTeam": "Alaves"},{"AC": 1, "AF": 14, "AR": 0, "AS": 14, "AST": 6, "AY": 3, "AwayTeam": "Betis", "Date": "2018-09-27", "FTAG": 1, "FTHG": 0, "FTR": "A", "HC": 5, "HF": 17, "HR": 0, "HS": 8, "HST": 2, "HTAG": 0, "HTHG": 0, "HTR": "D", "HY": 1, "HomeTeam": "Girona"},{"AC": 6, "AF": 10, "AR": 1, "AS": 9, "AST": 4, "AY": 4, "AwayTeam": "Levante", "Date": "2018-09-27", "FTAG": 1, "FTHG": 2, "FTR": "H", "HC": 8, "HF": 17, "HR": 0, "HS": 20, "HST": 6, "HTAG": 0, "HTHG": 0, "HTR": "D", "HY": 1, "HomeTeam": "Valladolid"},{"AC": 3, "AF": 16, "AR": 0, "AS": 12, "AST": 5, "AY": 3, "AwayTeam": "Espanol", "Date": "2018-09-28", "FTAG": 2, "FTHG": 2, "FTR": "D", "HC": 5, "HF": 13, "HR": 0, "HS": 11, "HST": 5, "HTAG": 2, "HTHG": 1, "HTR": "A", "HY": 3, "HomeTeam": "Vallecano"},{"AC": 3, "AF": 18, "AR": 0, "AS": 8, "AST": 2, "AY": 3, "AwayTeam": "Ath Bilbao", "Date": "2018-09-29", "FTAG": 1, "FTHG": 1, "FTR": "D", "HC": 4, "HF": 9, "HR": 0, "HS": 20, "HST": 8, "HTAG": 1, "HTHG": 0, "HTR": "A", "HY": 3, "HomeTeam": "Barcelona"},{"AC": 3, "AF": 9, "AR": 0, "AS": 7, "AST": 5, "AY": 3, "AwayTeam": "Sevilla", "Date": "2018-09-29", "FTAG": 3, "FTHG": 1, "FTR": "A", "HC": 6, "HF": 16, "HR": 0, "HS": 15, "HST": 2, "HTAG": 0, "HTHG": 0, "HTR": "D", "HY": 2, "HomeTeam": "Eibar"},{"AC": 6, "AF": 17, "AR": 0, "AS": 8, "AST": 3, "AY": 4, "AwayTeam": "Ath Madrid", "Date": "2018-09-29", "FTAG": 0, "FTHG": 0, "FTR": "D", "HC": 8, "HF": 7, "HR": 0, "HS": 15, "HST": 6, "HTAG": 0, "HTHG": 0, "HTR": "D", "HY": 3, "HomeTeam": "Real Madrid"},{"AC": 0, "AF": 18, "AR": 0, "AS": 9, "AST": 2, "AY": 5, "AwayTeam": "Valencia", "Date": "2018-09-29", "FTAG": 1, "FTHG": 0, "FTR": "A", "HC": 3, "HF": 13, "HR": 0, "HS": 10, "HST": 5, "HTAG": 1, "HTHG": 0, "HTR": "A", "HY": 3, "HomeTeam": "Sociedad"},{"AC": 1, "AF": 10, "AR": 0, "AS": 11, "AST": 5, "AY": 4, "AwayTeam": "Leganes", "Date": "2018-09-30", "FTAG": 0, "FTHG": 1, "FTR": "H", "HC": 7, "HF": 7, "HR": 0, "HS": 17, "HST": 4, "HTAG": 0, "HTHG": 0, "HTR": "D", "HY": 0, "HomeTeam": "Betis"},{"AC": 5, "AF": 14, "AR": 0, "AS": 14, "AST": 4, "AY": 2, "AwayTeam": "Girona", "Date": "2018-09-30", "FTAG": 1, "FTHG": 1, "FTR": "D", "HC": 5, "HF": 14, "HR": 0, "HS": 13, "HST": 6, "HTAG": 1, "HTHG": 0, "HTR": "A", "HY": 4, "HomeTeam": "Huesca"},{"AC": 4, "AF": 19, "AR": 0, "AS": 14, "AST": 2, "AY": 1, "AwayTeam": "Alaves", "Date": "2018-09-30", "FTAG": 1, "FTHG": 2, "FTR": "H", "HC": 9, "HF": 22, "HR": 0, "HS": 14, "HST": 4, "HTAG": 1, "HTHG": 2, "HTR": "H", "HY": 7, "HomeTeam": "Levante"},{"AC": 2, "AF": 12, "AR": 0, "AS": 9, "AST": 3, "AY": 3, "AwayTeam": "Valladolid", "Date": "2018-09-30", "FTAG": 1, "FTHG": 0, "FTR": "A", "HC": 7, "HF": 17, "HR": 0, "HS": 27, "HST": 7, "HTAG": 0, "HTHG": 0, "HTR": "D", "HY": 3, "HomeTeam": "Villarreal"},{"AC": 9, "AF": 15, "AR": 0, "AS": 12, "AST": 4, "AY": 2, "AwayTeam": "Getafe", "Date": "2018-10-01", "FTAG": 1, "FTHG": 1, "FTR": "D", "HC": 3, "HF": 13, "HR": 0, "HS": 8, "HST": 2, "HTAG": 0, "HTHG": 1, "HTR": "H", "HY": 2, "HomeTeam": "Celta"},{"AC": 0, "AF": 19, "AR": 0, "AS": 6, "AST": 3, "AY": 5, "AwayTeam": "Sociedad", "Date": "2018-10-05", "FTAG": 3, "FTHG": 1, "FTR": "A", "HC": 11, "HF": 15, "HR": 0, "HS": 13, "HST": 5, "HTAG": 1, "HTHG": 1, "HTR": "D", "HY": 6, "HomeTeam": "Ath Bilbao"},{"AC": 3, "AF": 10, "AR": 0, "AS": 13, "AST": 6, "AY": 0, "AwayTeam": "Real Madrid", "Date": "2018-10-06", "FTAG": 0, "FTHG": 1, "FTR": "H", "HC": 4, "HF": 20, "HR": 0, "HS": 8, "HST": 4, "HTAG": 0, "HTHG": 0, "HTR": "D", "HY": 1, "HomeTeam": "Alaves"},{"AC": 2, "AF": 18, "AR": 0, "AS": 12, "AST": 3, "AY": 5, "AwayTeam": "Levante", "Date": "2018-10-06", "FTAG": 1, "FTHG": 0, "FTR": "A", "HC": 10, "HF": 17, "HR": 1, "HS": 15, "HST": 4, "HTAG": 0, "HTHG": 0, "HTR": "D", "HY": 4, "HomeTeam": "Getafe"},{"AC": 9, "AF": 17, "AR": 0, "AS": 12, "AST": 4, "AY": 6, "AwayTeam": "Eibar", "Date": "2018-10-06", "FTAG": 3, "FTHG": 2, "FTR": "A", "HC": 4, "HF": 9, "HR": 0, "HS": 10, "HST": 3, "HTAG": 2, "HTHG": 2, "HTR": "D", "HY": 3, "HomeTeam": "Girona"},{"AC": 4, "AF": 12, "AR": 1, "AS": 6, "AST": 2, "AY": 4, "AwayTeam": "Vallecano", "Date": "2018-10-06", "FTAG": 0, "FTHG": 1, "FTR": "H", "HC": 6, "HF": 12, "HR": 0, "HS": 13, "HST": 4, "HTAG": 0, "HTHG": 1, "HTR": "H", "HY": 1, "HomeTeam": "Leganes"},{"AC": 4, "AF": 10, "AR": 0, "AS": 5, "AST": 0, "AY": 3, "AwayTeam": "Betis", "Date": "2018-10-07", "FTAG": 0, "FTHG": 1, "FTR": "H", "HC": 6, "HF": 16, "HR": 0, "HS": 13, "HST": 5, "HTAG": 0, "HTHG": 0, "HTR": "D", "HY": 5, "HomeTeam": "Ath Madrid"},{"AC": 3, "AF": 8, "AR": 0, "AS": 13, "AST": 6, "AY": 2, "AwayTeam": "Villarreal", "Date": "2018-10-07", "FTAG": 1, "FTHG": 3, "FTR": "H", "HC": 10, "HF": 13, "HR": 0, "HS": 28, "HST": 12, "HTAG": 1, "HTHG": 1, "HTR": "D", "HY": 3, "HomeTeam": "Espanol"},{"AC": 8, "AF": 9, "AR": 1, "AS": 13, "AST": 5, "AY": 4, "AwayTeam": "Celta", "Date": "2018-10-07", "FTAG": 1, "FTHG": 2, "FTR": "H", "HC": 8, "HF": 14, "HR": 0, "HS": 12, "HST": 3, "HTAG": 0, "HTHG": 1, "HTR": "H", "HY": 3, "HomeTeam": "Sevilla"},{"AC": 2, "AF": 6, "AR": 0, "AS": 10, "AST": 5, "AY": 2, "AwayTeam": "Barcelona", "Date": "2018-10-07", "FTAG": 1, "FTHG": 1, "FTR": "D", "HC": 5, "HF": 11, "HR": 0, "HS": 10, "HST": 3, "HTAG": 1, "HTHG": 1, "HTR": "D", "HY": 2, "HomeTeam": "Valencia"},{"AC": 2, "AF": 13, "AR": 0, "AS": 11, "AST": 1, "AY": 2, "AwayTeam": "Huesca", "Date": "2018-10-07", "FTAG": 0, "FTHG": 1, "FTR": "H", "HC": 6, "HF": 9, "HR": 0, "HS": 9, "HST": 3, "HTAG": 0, "HTHG": 1, "HTR": "H", "HY": 1, "HomeTeam": "Valladolid"},{"AC": 2, "AF": 12, "AR": 0, "AS": 9, "AST": 2, "AY": 3, "AwayTeam": "Alaves", "Date": "2018-10-19", "FTAG": 1, "FTHG": 0, "FTR": "A", "HC": 6, "HF": 9, "HR": 0, "HS": 19, "HST": 9, "HTAG": 0, "HTHG": 0, "HTR": "D", "HY": 2, "HomeTeam": "Celta"},{"AC": 7, "AF": 16, "AR": 0, "AS": 19, "AST": 7, "AY": 1, "AwayTeam": "Sevilla", "Date": "2018-10-20", "FTAG": 2, "FTHG": 4, "FTR": "H", "HC": 5, "HF": 10, "HR": 0, "HS": 23, "HST": 9, "HTAG": 0, "HTHG": 2, "HTR": "H", "HY": 0, "HomeTeam": "Barcelona"},{"AC": 1, "AF": 19, "AR": 0, "AS": 6, "AST": 2, "AY": 2, "AwayTeam": "Levante", "Date": "2018-10-20", "FTAG": 2, "FTHG": 1, "FTR": "A", "HC": 15, "HF": 10, "HR": 0, "HS": 34, "HST": 12, "HTAG": 2, "HTHG": 0, "HTR": "A", "HY": 1, "HomeTeam": "Real Madrid"},{"AC": 1, "AF": 13, "AR": 0, "AS": 7, "AST": 5, "AY": 2, "AwayTeam": "Leganes", "Date": "2018-10-20", "FTAG": 1, "FTHG": 1, "FTR": "D", "HC": 10, "HF": 9, "HR": 0, "HS": 18, "HST": 4, "HTAG": 0, "HTHG": 0, "HTR": "D", "HY": 1, "HomeTeam": "Valencia"},{"AC": 7, "AF": 9, "AR": 0, "AS": 15, "AST": 4, "AY": 1, "AwayTeam": "Ath Madrid", "Date": "2018-10-20", "FTAG": 1, "FTHG": 1, "FTR": "D", "HC": 8, "HF": 16, "HR": 0, "HS": 18, "HST": 6, "HTAG": 0, "HTHG": 0, "HTR": "D", "HY": 3, "HomeTeam": "Villarreal"},{"AC": 6, "AF": 10, "AR": 0, "AS": 6, "AST": 2, "AY": 4, "AwayTeam": "Valladolid", "Date": "2018-10-21", "FTAG": 1, "FTHG": 0, "FTR": "A", "HC": 9, "HF": 7, "HR": 0, "HS": 20, "HST": 4, "HTAG": 1, "HTHG": 0, "HTR": "A", "HY": 0, "HomeTeam": "Betis"},{"AC": 2, "AF": 13, "AR": 0, "AS": 6, "AST": 3, "AY": 3, "AwayTeam": "Ath Bilbao", "Date": "2018-10-21", "FTAG": 1, "FTHG": 1, "FTR": "D", "HC": 8, "HF": 7, "HR": 0, "HS": 18, "HST": 6, "HTAG": 1, "HTHG": 1, "HTR": "D", "HY": 2, "HomeTeam": "Eibar"},{"AC": 4, "AF": 14, "AR": 0, "AS": 6, "AST": 2, "AY": 3, "AwayTeam": "Espanol", "Date": "2018-10-21", "FTAG": 2, "FTHG": 0, "FTR": "A", "HC": 6, "HF": 21, "HR": 0, "HS": 10, "HST": 2, "HTAG": 1, "HTHG": 0, "HTR": "A", "HY": 3, "HomeTeam": "Huesca"},{"AC": 2, "AF": 25, "AR": 0, "AS": 5, "AST": 2, "AY": 5, "AwayTeam": "Getafe", "Date": "2018-10-21", "FTAG": 2, "FTHG": 1, "FTR": "A", "HC": 6, "HF": 14, "HR": 1, "HS": 10, "HST": 3, "HTAG": 0, "HTHG": 0, "HTR": "D", "HY": 5, "HomeTeam": "Vallecano"},{"AC": 6, "AF": 15, "AR": 0, "AS": 12, "AST": 2, "AY": 1, "AwayTeam": "Girona", "Date": "2018-10-22", "FTAG": 0, "FTHG": 0, "FTR": "D", "HC": 7, "HF": 14, "HR": 0, "HS": 14, "HST": 8, "HTAG": 0, "HTHG": 0, "HTR": "D", "HY": 3, "HomeTeam": "Sociedad"},{"AC": 4, "AF": 9, "AR": 0, "AS": 12, "AST": 4, "AY": 1, "AwayTeam": "Ath Bilbao", "Date": "2018-10-24", "FTAG": 1, "FTHG": 1, "FTR": "D", "HC": 5, "HF": 14, "HR": 0, "HS": 11, "HST": 3, "HTAG": 0, "HTHG": 1, "HTR": "H", "HY": 1, "HomeTeam": "Vallecano"},{"AC": 2, "AF": 16, "AR": 0, "AS": 11, "AST": 4, "AY": 2, "AwayTeam": "Espanol", "Date": "2018-10-26", "FTAG": 1, "FTHG": 1, "FTR": "D", "HC": 5, "HF": 16, "HR": 0, "HS": 15, "HST": 2, "HTAG": 1, "HTHG": 0, "HTR": "A", "HY": 4, "HomeTeam": "Valladolid"},{"AC": 2, "AF": 22, "AR": 0, "AS": 11, "AST": 3, "AY": 5, "AwayTeam": "Valencia", "Date": "2018-10-27", "FTAG": 0, "FTHG": 0, "FTR": "D", "HC": 5, "HF": 25, "HR": 0, "HS": 13, "HST": 2, "HTAG": 0, "HTHG": 0, "HTR": "D", "HY": 2, "HomeTeam": "Ath Bilbao"},{"AC": 1, "AF": 7, "AR": 0, "AS": 7, "AST": 0, "AY": 1, "AwayTeam": "Sociedad", "Date": "2018-10-27", "FTAG": 0, "FTHG": 2, "FTR": "H", "HC": 10, "HF": 10, "HR": 0, "HS": 14, "HST": 4, "HTAG": 0, "HTHG": 1, "HTR": "H", "HY": 2, "HomeTeam": "Ath Madrid"},{"AC": 8, "AF": 8, "AR": 0, "AS": 17, "AST": 5, "AY": 0, "AwayTeam": "Eibar", "Date": "2018-10-27", "FTAG": 0, "FTHG": 4, "FTR": "H", "HC": 2, "HF": 9, "HR": 0, "HS": 10, "HST": 6, "HTAG": 0, "HTHG": 2, "HTR": "H", "HY": 0, "HomeTeam": "Celta"},{"AC": 7, "AF": 16, "AR": 0, "AS": 14, "AST": 5, "AY": 3, "AwayTeam": "Vallecano", "Date": "2018-10-27", "FTAG": 1, "FTHG": 2, "FTR": "H", "HC": 4, "HF": 11, "HR": 1, "HS": 14, "HST": 6, "HTAG": 0, "HTHG": 2, "HTR": "H", "HY": 1, "HomeTeam": "Girona"},{"AC": 2, "AF": 14, "AR": 0, "AS": 21, "AST": 6, "AY": 2, "AwayTeam": "Leganes", "Date": "2018-10-27", "FTAG": 0, "FTHG": 2, "FTR": "H", "HC": 3, "HF": 12, "HR": 0, "HS": 9, "HST": 4, "HTAG": 0, "HTHG": 1, "HTR": "H", "HY": 2, "HomeTeam": "Levante"},{"AC": 4, "AF": 11, "AR": 0, "AS": 9, "AST": 2, "AY": 1, "AwayTeam": "Villarreal", "Date": "2018-10-28", "FTAG": 1, "FTHG": 2, "FTR": "H", "HC": 8, "HF": 9, "HR": 0, "HS": 19, "HST": 6, "HTAG": 1, "HTHG": 0, "HTR": "A", "HY": 1, "HomeTeam": "Alaves"},{"AC": 2, "AF": 14, "AR": 0, "AS": 15, "AST": 4, "AY": 2, "AwayTeam": "Real Madrid", "Date": "2018-10-28", "FTAG": 1, "FTHG": 5, "FTR": "H", "HC": 4, "HF": 17, "HR": 0, "HS": 13, "HST": 8, "HTAG": 0, "HTHG": 2, "HTR": "H", "HY": 2, "HomeTeam": "Barcelona"},{"AC": 4, "AF": 14, "AR": 0, "AS": 7, "AST": 3, "AY": 2, "AwayTeam": "Betis", "Date": "2018-10-28", "FTAG": 0, "FTHG": 2, "FTR": "H", "HC": 5, "HF": 9, "HR": 0, "HS": 16, "HST": 7, "HTAG": 0, "HTHG": 0, "HTR": "D", "HY": 1, "HomeTeam": "Getafe"},{"AC": 2, "AF": 14, "AR": 0, "AS": 11, "AST": 2, "AY": 3, "AwayTeam": "Huesca", "Date": "2018-10-28", "FTAG": 1, "FTHG": 2, "FTR": "H", "HC": 4, "HF": 9, "HR": 0, "HS": 15, "HST": 4, "HTAG": 0, "HTHG": 0, "HTR": "D", "HY": 2, "HomeTeam": "Sevilla"},{"AC": 7, "AF": 12, "AR": 0, "AS": 9, "AST": 4, "AY": 2, "AwayTeam": "Ath Madrid", "Date": "2018-11-03", "FTAG": 1, "FTHG": 1, "FTR": "D", "HC": 4, "HF": 18, "HR": 0, "HS": 8, "HST": 3, "HTAG": 0, "HTHG": 0, "HTR": "D", "HY": 4, "HomeTeam": "Leganes"},{"AC": 6, "AF": 7, "AR": 0, "AS": 12, "AST": 2, "AY": 0, "AwayTeam": "Valladolid", "Date": "2018-11-03", "FTAG": 0, "FTHG": 2, "FTR": "H", "HC": 8, "HF": 14, "HR": 0, "HS": 16, "HST": 7, "HTAG": 0, "HTHG": 0, "HTR": "D", "HY": 1, "HomeTeam": "Real Madrid"},{"AC": 2, "AF": 13, "AR": 0, "AS": 5, "AST": 3, "AY": 4, "AwayTeam": "Girona", "Date": "2018-11-03", "FTAG": 1, "FTHG": 0, "FTR": "A", "HC": 11, "HF": 14, "HR": 0, "HS": 27, "HST": 9, "HTAG": 0, "HTHG": 0, "HTR": "D", "HY": 4, "HomeTeam": "Valencia"},{"AC": 1, "AF": 11, "AR": 0, "AS": 9, "AST": 5, "AY": 2, "AwayTeam": "Barcelona", "Date": "2018-11-03", "FTAG": 3, "FTHG": 2, "FTR": "A", "HC": 3, "HF": 23, "HR": 0, "HS": 11, "HST": 5, "HTAG": 1, "HTHG": 1, "HTR": "D", "HY": 4, "HomeTeam": "Vallecano"},{"AC": 4, "AF": 11, "AR": 0, "AS": 14, "AST": 7, "AY": 2, "AwayTeam": "Celta", "Date": "2018-11-04", "FTAG": 3, "FTHG": 3, "FTR": "D", "HC": 4, "HF": 12, "HR": 0, "HS": 14, "HST": 6, "HTAG": 0, "HTHG": 1, "HTR": "H", "HY": 4, "HomeTeam": "Betis"},{"AC": 1, "AF": 7, "AR": 1, "AS": 9, "AST": 3, "AY": 0, "AwayTeam": "Alaves", "Date": "2018-11-04", "FTAG": 1, "FTHG": 2, "FTR": "H", "HC": 13, "HF": 11, "HR": 1, "HS": 23, "HST": 8, "HTAG": 1, "HTHG": 0, "HTR": "A", "HY": 4, "HomeTeam": "Eibar"},{"AC": 2, "AF": 13, "AR": 0, "AS": 8, "AST": 2, "AY": 3, "AwayTeam": "Getafe", "Date": "2018-11-04", "FTAG": 1, "FTHG": 1, "FTR": "D", "HC": 10, "HF": 18, "HR": 0, "HS": 18, "HST": 7, "HTAG": 0, "HTHG": 0, "HTR": "D", "HY": 5, "HomeTeam": "Huesca"},{"AC": 7, "AF": 17, "AR": 0, "AS": 8, "AST": 1, "AY": 3, "AwayTeam": "Sevilla", "Date": "2018-11-04", "FTAG": 0, "FTHG": 0, "FTR": "D", "HC": 7, "HF": 8, "HR": 0, "HS": 10, "HST": 1, "HTAG": 0, "HTHG": 0, "HTR": "D", "HY": 1, "HomeTeam": "Sociedad"},{"AC": 4, "AF": 10, "AR": 0, "AS": 13, "AST": 2, "AY": 3, "AwayTeam": "Levante", "Date": "2018-11-04", "FTAG": 1, "FTHG": 1, "FTR": "D", "HC": 5, "HF": 14, "HR": 0, "HS": 23, "HST": 4, "HTAG": 0, "HTHG": 0, "HTR": "D", "HY": 3, "HomeTeam": "Villarreal"},{"AC": 1, "AF": 13, "AR": 0, "AS": 10, "AST": 2, "AY": 3, "AwayTeam": "Ath Bilbao", "Date": "2018-11-05", "FTAG": 0, "FTHG": 1, "FTR": "H", "HC": 2, "HF": 15, "HR": 0, "HS": 8, "HST": 3, "HTAG": 0, "HTHG": 1, "HTR": "H", "HY": 1, "HomeTeam": "Espanol"},{"AC": 4, "AF": 12, "AR": 0, "AS": 15, "AST": 4, "AY": 1, "AwayTeam": "Sociedad", "Date": "2018-11-09", "FTAG": 3, "FTHG": 1, "FTR": "A", "HC": 6, "HF": 17, "HR": 0, "HS": 17, "HST": 2, "HTAG": 0, "HTHG": 1, "HTR": "H", "HY": 6, "HomeTeam": "Levante"},{"AC": 2, "AF": 15, "AR": 1, "AS": 6, "AST": 5, "AY": 4, "AwayTeam": "Ath Bilbao", "Date": "2018-11-10", "FTAG": 2, "FTHG": 3, "FTR": "H", "HC": 12, "HF": 8, "HR": 0, "HS": 9, "HST": 3, "HTAG": 1, "HTHG": 0, "HTR": "A", "HY": 5, "HomeTeam": "Ath Madrid"},{"AC": 4, "AF": 8, "AR": 0, "AS": 7, "AST": 3, "AY": 3, "AwayTeam": "Valencia", "Date": "2018-11-10", "FTAG": 1, "FTHG": 0, "FTR": "A", "HC": 6, "HF": 23, "HR": 1, "HS": 17, "HST": 3, "HTAG": 0, "HTHG": 0, "HTR": "D", "HY": 3, "HomeTeam": "Getafe"},{"AC": 6, "AF": 13, "AR": 0, "AS": 10, "AST": 1, "AY": 4, "AwayTeam": "Leganes", "Date": "2018-11-10", "FTAG": 0, "FTHG": 0, "FTR": "D", "HC": 0, "HF": 13, "HR": 0, "HS": 5, "HST": 0, "HTAG": 0, "HTHG": 0, "HTR": "D", "HY": 1, "HomeTeam": "Girona"},{"AC": 4, "AF": 15, "AR": 1, "AS": 16, "AST": 6, "AY": 4, "AwayTeam": "Eibar", "Date": "2018-11-10", "FTAG": 0, "FTHG": 0, "FTR": "D", "HC": 4, "HF": 16, "HR": 0, "HS": 9, "HST": 1, "HTAG": 0, "HTHG": 0, "HTR": "D", "HY": 2, "HomeTeam": "Valladolid"},{"AC": 4, "AF": 13, "AR": 0, "AS": 9, "AST": 2, "AY": 4, "AwayTeam": "Huesca", "Date": "2018-11-11", "FTAG": 1, "FTHG": 2, "FTR": "H", "HC": 5, "HF": 20, "HR": 0, "HS": 13, "HST": 5, "HTAG": 1, "HTHG": 1, "HTR": "D", "HY": 3, "HomeTeam": "Alaves"},{"AC": 5, "AF": 11, "AR": 0, "AS": 15, "AST": 8, "AY": 2, "AwayTeam": "Betis", "Date": "2018-11-11", "FTAG": 4, "FTHG": 3, "FTR": "A", "HC": 10, "HF": 13, "HR": 1, "HS": 20, "HST": 5, "HTAG": 2, "HTHG": 0, "HTR": "A", "HY": 4, "HomeTeam": "Barcelona"},{"AC": 1, "AF": 13, "AR": 0, "AS": 14, "AST": 5, "AY": 2, "AwayTeam": "Real Madrid", "Date": "2018-11-11", "FTAG": 4, "FTHG": 2, "FTR": "A", "HC": 5, "HF": 19, "HR": 1, "HS": 15, "HST": 4, "HTAG": 1, "HTHG": 0, "HTR": "A", "HY": 4, "HomeTeam": "Celta"},{"AC": 3, "AF": 10, "AR": 0, "AS": 15, "AST": 7, "AY": 2, "AwayTeam": "Espanol", "Date": "2018-11-11", "FTAG": 1, "FTHG": 2, "FTR": "H", "HC": 6, "HF": 18, "HR": 0, "HS": 23, "HST": 10, "HTAG": 1, "HTHG": 0, "HTR": "A", "HY": 4, "HomeTeam": "Sevilla"},{"AC": 4, "AF": 12, "AR": 1, "AS": 11, "AST": 5, "AY": 3, "AwayTeam": "Villarreal", "Date": "2018-11-11", "FTAG": 2, "FTHG": 2, "FTR": "D", "HC": 8, "HF": 7, "HR": 0, "HS": 15, "HST": 7, "HTAG": 1, "HTHG": 1, "HTR": "D", "HY": 1, "HomeTeam": "Vallecano"},{"AC": 3, "AF": 13, "AR": 0, "AS": 7, "AST": 2, "AY": 4, "AwayTeam": "Alaves", "Date": "2018-11-23", "FTAG": 0, "FTHG": 1, "FTR": "H", "HC": 5, "HF": 10, "HR": 0, "HS": 13, "HST": 6, "HTAG": 0, "HTHG": 1, "HTR": "H", "HY": 2, "HomeTeam": "Leganes"},{"AC": 8, "AF": 12, "AR": 0, "AS": 8, "AST": 2, "AY": 3, "AwayTeam": "Barcelona", "Date": "2018-11-24", "FTAG": 1, "FTHG": 1, "FTR": "D", "HC": 2, "HF": 19, "HR": 0, "HS": 3, "HST": 1, "HTAG": 0, "HTHG": 0, "HTR": "D", "HY": 5, "HomeTeam": "Ath Madrid"},{"AC": 4, "AF": 8, "AR": 0, "AS": 9, "AST": 3, "AY": 1, "AwayTeam": "Real Madrid", "Date": "2018-11-24", "FTAG": 0, "FTHG": 3, "FTR": "H", "HC": 5, "HF": 17, "HR": 0, "HS": 14, "HST": 8, "HTAG": 0, "HTHG": 1, "HTR": "H", "HY": 2, "HomeTeam": "Eibar"},{"AC": 2, "AF": 8, "AR": 0, "AS": 5, "AST": 3, "AY": 3, "AwayTeam": "Levante", "Date": "2018-11-24", "FTAG": 2, "FTHG": 2, "FTR": "D", "HC": 7, "HF": 11, "HR": 1, "HS": 32, "HST": 12, "HTAG": 1, "HTHG": 1, "HTR": "D", "HY": 4, "HomeTeam": "Huesca"},{"AC": 5, "AF": 14, "AR": 1, "AS": 13, "AST": 3, "AY": 4, "AwayTeam": "Vallecano", "Date": "2018-11-24", "FTAG": 0, "FTHG": 3, "FTR": "H", "HC": 6, "HF": 15, "HR": 0, "HS": 13, "HST": 10, "HTAG": 0, "HTHG": 1, "HTR": "H", "HY": 2, "HomeTeam": "Valencia"},{"AC": 2, "AF": 12, "AR": 0, "AS": 15, "AST": 2, "AY": 4, "AwayTeam": "Getafe", "Date": "2018-11-25", "FTAG": 1, "FTHG": 1, "FTR": "D", "HC": 2, "HF": 10, "HR": 0, "HS": 8, "HST": 4, "HTAG": 0, "HTHG": 0, "HTR": "D", "HY": 5, "HomeTeam": "Ath Bilbao"},{"AC": 3, "AF": 14, "AR": 0, "AS": 16, "AST": 11, "AY": 4, "AwayTeam": "Girona", "Date": "2018-11-25", "FTAG": 3, "FTHG": 1, "FTR": "A", "HC": 8, "HF": 16, "HR": 0, "HS": 18, "HST": 10, "HTAG": 2, "HTHG": 0, "HTR": "A", "HY": 3, "HomeTeam": "Espanol"},{"AC": 6, "AF": 15, "AR": 0, "AS": 13, "AST": 5, "AY": 3, "AwayTeam": "Valladolid", "Date": "2018-11-25", "FTAG": 0, "FTHG": 1, "FTR": "H", "HC": 8, "HF": 15, "HR": 0, "HS": 17, "HST": 9, "HTAG": 0, "HTHG": 1, "HTR": "H", "HY": 3, "HomeTeam": "Sevilla"},{"AC": 4, "AF": 13, "AR": 0, "AS": 13, "AST": 6, "AY": 1, "AwayTeam": "Betis", "Date": "2018-11-25", "FTAG": 1, "FTHG": 2, "FTR": "H", "HC": 5, "HF": 15, "HR": 0, "HS": 13, "HST": 8, "HTAG": 0, "HTHG": 0, "HTR": "D", "HY": 2, "HomeTeam": "Villarreal"},{"AC": 2, "AF": 14, "AR": 0, "AS": 6, "AST": 2, "AY": 2, "AwayTeam": "Celta", "Date": "2018-11-26", "FTAG": 1, "FTHG": 2, "FTR": "H", "HC": 6, "HF": 12, "HR": 0, "HS": 15, "HST": 8, "HTAG": 0, "HTHG": 1, "HTR": "H", "HY": 2, "HomeTeam": "Sociedad"},{"AC": 4, "AF": 12, "AR": 0, "AS": 13, "AST": 5, "AY": 3, "AwayTeam": "Eibar", "Date": "2018-11-30", "FTAG": 0, "FTHG": 1, "FTR": "H", "HC": 1, "HF": 15, "HR": 0, "HS": 5, "HST": 2, "HTAG": 0, "HTHG": 0, "HTR": "D", "HY": 5, "HomeTeam": "Vallecano"},{"AC": 4, "AF": 14, "AR": 0, "AS": 8, "AST": 3, "AY": 3, "AwayTeam": "Huesca", "Date": "2018-12-01", "FTAG": 0, "FTHG": 2, "FTR": "H", "HC": 4, "HF": 14, "HR": 0, "HS": 12, "HST": 5, "HTAG": 0, "HTHG": 1, "HTR": "H", "HY": 2, "HomeTeam": "Celta"},{"AC": 4, "AF": 16, "AR": 0, "AS": 8, "AST": 2, "AY": 2, "AwayTeam": "Espanol", "Date": "2018-12-01", "FTAG": 0, "FTHG": 3, "FTR": "H", "HC": 7, "HF": 17, "HR": 0, "HS": 14, "HST": 5, "HTAG": 0, "HTHG": 0, "HTR": "D", "HY": 3, "HomeTeam": "Getafe"},{"AC": 2, "AF": 10, "AR": 0, "AS": 7, "AST": 2, "AY": 3, "AwayTeam": "Valencia", "Date": "2018-12-01", "FTAG": 0, "FTHG": 2, "FTR": "H", "HC": 2, "HF": 11, "HR": 0, "HS": 13, "HST": 3, "HTAG": 0, "HTHG": 1, "HTR": "H", "HY": 1, "HomeTeam": "Real Madrid"},{"AC": 5, "AF": 13, "AR": 0, "AS": 14, "AST": 5, "AY": 3, "AwayTeam": "Leganes", "Date": "2018-12-01", "FTAG": 4, "FTHG": 2, "FTR": "A", "HC": 6, "HF": 5, "HR": 0, "HS": 20, "HST": 6, "HTAG": 2, "HTHG": 0, "HTR": "A", "HY": 0, "HomeTeam": "Valladolid"},{"AC": 5, "AF": 14, "AR": 0, "AS": 14, "AST": 3, "AY": 3, "AwayTeam": "Sevilla", "Date": "2018-12-02", "FTAG": 1, "FTHG": 1, "FTR": "D", "HC": 2, "HF": 21, "HR": 0, "HS": 11, "HST": 3, "HTAG": 0, "HTHG": 1, "HTR": "H", "HY": 3, "HomeTeam": "Alaves"},{"AC": 1, "AF": 17, "AR": 0, "AS": 12, "AST": 2, "AY": 4, "AwayTeam": "Villarreal", "Date": "2018-12-02", "FTAG": 0, "FTHG": 2, "FTR": "H", "HC": 11, "HF": 9, "HR": 0, "HS": 16, "HST": 7, "HTAG": 0, "HTHG": 1, "HTR": "H", "HY": 2, "HomeTeam": "Barcelona"},{"AC": 4, "AF": 18, "AR": 0, "AS": 6, "AST": 4, "AY": 2, "AwayTeam": "Sociedad", "Date": "2018-12-02", "FTAG": 0, "FTHG": 1, "FTR": "H", "HC": 6, "HF": 18, "HR": 0, "HS": 6, "HST": 4, "HTAG": 0, "HTHG": 1, "HTR": "H", "HY": 4, "HomeTeam": "Betis"},{"AC": 9, "AF": 16, "AR": 0, "AS": 17, "AST": 3, "AY": 5, "AwayTeam": "Ath Madrid", "Date": "2018-12-02", "FTAG": 1, "FTHG": 1, "FTR": "D", "HC": 2, "HF": 8, "HR": 0, "HS": 13, "HST": 3, "HTAG": 0, "HTHG": 1, "HTR": "H", "HY": 0, "HomeTeam": "Girona"},{"AC": 6, "AF": 15, "AR": 1, "AS": 12, "AST": 3, "AY": 5, "AwayTeam": "Ath Bilbao", "Date": "2018-12-03", "FTAG": 0, "FTHG": 3, "FTR": "H", "HC": 2, "HF": 11, "HR": 0, "HS": 17, "HST": 7, "HTAG": 0, "HTHG": 1, "HTR": "H", "HY": 3, "HomeTeam": "Levante"},{"AC": 2, "AF": 13, "AR": 0, "AS": 6, "AST": 2, "AY": 2, "AwayTeam": "Getafe", "Date": "2018-12-07", "FTAG": 1, "FTHG": 1, "FTR": "D", "HC": 7, "HF": 12, "HR": 1, "HS": 17, "HST": 5, "HTAG": 1, "HTHG": 0, "HTR": "A", "HY": 1, "HomeTeam": "Leganes"},{"AC": 5, "AF": 15, "AR": 0, "AS": 13, "AST": 3, "AY": 4, "AwayTeam": "Alaves", "Date": "2018-12-08", "FTAG": 0, "FTHG": 3, "FTR": "H", "HC": 5, "HF": 20, "HR": 0, "HS": 12, "HST": 5, "HTAG": 0, "HTHG": 1, "HTR": "H", "HY": 5, "HomeTeam": "Ath Madrid"},{"AC": 4, "AF": 10, "AR": 0, "AS": 17, "AST": 9, "AY": 0, "AwayTeam": "Barcelona", "Date": "2018-12-08", "FTAG": 4, "FTHG": 0, "FTR": "A", "HC": 11, "HF": 16, "HR": 0, "HS": 15, "HST": 3, "HTAG": 3, "HTHG": 0, "HTR": "A", "HY": 1, "HomeTeam": "Espanol"},{"AC": 4, "AF": 17, "AR": 0, "AS": 11, "AST": 3, "AY": 4, "AwayTeam": "Sevilla", "Date": "2018-12-08", "FTAG": 1, "FTHG": 1, "FTR": "D", "HC": 6, "HF": 13, "HR": 0, "HS": 16, "HST": 6, "HTAG": 0, "HTHG": 0, "HTR": "D", "HY": 0, "HomeTeam": "Valencia"},{"AC": 1, "AF": 10, "AR": 0, "AS": 14, "AST": 7, "AY": 3, "AwayTeam": "Celta", "Date": "2018-12-08", "FTAG": 3, "FTHG": 2, "FTR": "A", "HC": 6, "HF": 12, "HR": 0, "HS": 13, "HST": 3, "HTAG": 1, "HTHG": 0, "HTR": "A", "HY": 3, "HomeTeam": "Villarreal"},{"AC": 9, "AF": 20, "AR": 0, "AS": 12, "AST": 3, "AY": 3, "AwayTeam": "Vallecano", "Date": "2018-12-09", "FTAG": 0, "FTHG": 2, "FTR": "H", "HC": 2, "HF": 13, "HR": 0, "HS": 8, "HST": 3, "HTAG": 0, "HTHG": 0, "HTR": "D", "HY": 2, "HomeTeam": "Betis"},{"AC": 3, "AF": 7, "AR": 0, "AS": 14, "AST": 5, "AY": 2, "AwayTeam": "Levante", "Date": "2018-12-09", "FTAG": 4, "FTHG": 4, "FTR": "D", "HC": 12, "HF": 11, "HR": 0, "HS": 32, "HST": 7, "HTAG": 2, "HTHG": 1, "HTR": "A", "HY": 2, "HomeTeam": "Eibar"},{"AC": 6, "AF": 10, "AR": 0, "AS": 5, "AST": 4, "AY": 2, "AwayTeam": "Real Madrid", "Date": "2018-12-09", "FTAG": 1, "FTHG": 0, "FTR": "A", "HC": 11, "HF": 12, "HR": 0, "HS": 11, "HST": 4, "HTAG": 1, "HTHG": 0, "HTR": "A", "HY": 2, "HomeTeam": "Huesca"},{"AC": 6, "AF": 16, "AR": 0, "AS": 10, "AST": 6, "AY": 2, "AwayTeam": "Valladolid", "Date": "2018-12-09", "FTAG": 2, "FTHG": 1, "FTR": "A", "HC": 11, "HF": 9, "HR": 0, "HS": 23, "HST": 5, "HTAG": 1, "HTHG": 0, "HTR": "A", "HY": 2, "HomeTeam": "Sociedad"},{"AC": 0, "AF": 15, "AR": 0, "AS": 3, "AST": 1, "AY": 1, "AwayTeam": "Girona", "Date": "2018-12-10", "FTAG": 0, "FTHG": 1, "FTR": "H", "HC": 11, "HF": 17, "HR": 0, "HS": 25, "HST": 10, "HTAG": 0, "HTHG": 0, "HTR": "D", "HY": 3, "HomeTeam": "Ath Bilbao"},{"AC": 0, "AF": 11, "AR": 0, "AS": 5, "AST": 2, "AY": 3, "AwayTeam": "Leganes", "Date": "2018-12-14", "FTAG": 0, "FTHG": 0, "FTR": "D", "HC": 10, "HF": 11, "HR": 0, "HS": 15, "HST": 2, "HTAG": 0, "HTHG": 0, "HTR": "D", "HY": 3, "HomeTeam": "Celta"},{"AC": 2, "AF": 15, "AR": 0, "AS": 11, "AST": 4, "AY": 1, "AwayTeam": "Valencia", "Date": "2018-12-15", "FTAG": 1, "FTHG": 1, "FTR": "D", "HC": 4, "HF": 11, "HR": 0, "HS": 18, "HST": 6, "HTAG": 1, "HTHG": 0, "HTR": "A", "HY": 0, "HomeTeam": "Eibar"},{"AC": 3, "AF": 14, "AR": 0, "AS": 9, "AST": 4, "AY": 4, "AwayTeam": "Sociedad", "Date": "2018-12-15", "FTAG": 0, "FTHG": 1, "FTR": "H", "HC": 2, "HF": 24, "HR": 0, "HS": 9, "HST": 2, "HTAG": 0, "HTHG": 1, "HTR": "H", "HY": 3, "HomeTeam": "Getafe"},{"AC": 4, "AF": 18, "AR": 0, "AS": 11, "AST": 3, "AY": 3, "AwayTeam": "Vallecano", "Date": "2018-12-15", "FTAG": 0, "FTHG": 1, "FTR": "H", "HC": 4, "HF": 15, "HR": 0, "HS": 9, "HST": 4, "HTAG": 0, "HTHG": 1, "HTR": "H", "HY": 0, "HomeTeam": "Real Madrid"},{"AC": 3, "AF": 13, "AR": 0, "AS": 14, "AST": 5, "AY": 1, "AwayTeam": "Ath Madrid", "Date": "2018-12-15", "FTAG": 3, "FTHG": 2, "FTR": "A", "HC": 9, "HF": 16, "HR": 0, "HS": 8, "HST": 2, "HTAG": 2, "HTHG": 0, "HTR": "A", "HY": 4, "HomeTeam": "Valladolid"},{"AC": 4, "AF": 10, "AR": 0, "AS": 12, "AST": 5, "AY": 4, "AwayTeam": "Betis", "Date": "2018-12-16", "FTAG": 3, "FTHG": 1, "FTR": "A", "HC": 0, "HF": 23, "HR": 0, "HS": 10, "HST": 3, "HTAG": 1, "HTHG": 1, "HTR": "D", "HY": 3, "HomeTeam": "Espanol"},{"AC": 2, "AF": 11, "AR": 1, "AS": 10, "AST": 5, "AY": 5, "AwayTeam": "Villarreal", "Date": "2018-12-16", "FTAG": 2, "FTHG": 2, "FTR": "D", "HC": 13, "HF": 12, "HR": 0, "HS": 30, "HST": 13, "HTAG": 0, "HTHG": 1, "HTR": "H", "HY": 4, "HomeTeam": "Huesca"},{"AC": 3, "AF": 9, "AR": 0, "AS": 16, "AST": 9, "AY": 3, "AwayTeam": "Barcelona", "Date": "2018-12-16", "FTAG": 5, "FTHG": 0, "FTR": "A", "HC": 15, "HF": 12, "HR": 1, "HS": 20, "HST": 6, "HTAG": 2, "HTHG": 0, "HTR": "A", "HY": 2, "HomeTeam": "Levante"},{"AC": 3, "AF": 12, "AR": 0, "AS": 8, "AST": 2, "AY": 1, "AwayTeam": "Girona", "Date": "2018-12-16", "FTAG": 0, "FTHG": 2, "FTR": "H", "HC": 5, "HF": 18, "HR": 0, "HS": 17, "HST": 5, "HTAG": 0, "HTHG": 0, "HTR": "D", "HY": 2, "HomeTeam": "Sevilla"},{"AC": 3, "AF": 13, "AR": 0, "AS": 6, "AST": 3, "AY": 2, "AwayTeam": "Ath Bilbao", "Date": "2018-12-17", "FTAG": 0, "FTHG": 0, "FTR": "D", "HC": 5, "HF": 16, "HR": 0, "HS": 11, "HST": 2, "HTAG": 0, "HTHG": 0, "HTR": "D", "HY": 2, "HomeTeam": "Alaves"},{"AC": 1, "AF": 13, "AR": 0, "AS": 5, "AST": 2, "AY": 2, "AwayTeam": "Getafe", "Date": "2018-12-21", "FTAG": 1, "FTHG": 1, "FTR": "D", "HC": 4, "HF": 9, "HR": 0, "HS": 12, "HST": 4, "HTAG": 0, "HTHG": 0, "HTR": "D", "HY": 1, "HomeTeam": "Girona"},{"AC": 1, "AF": 11, "AR": 0, "AS": 9, "AST": 3, "AY": 4, "AwayTeam": "Alaves", "Date": "2018-12-21", "FTAG": 1, "FTHG": 0, "FTR": "A", "HC": 10, "HF": 14, "HR": 0, "HS": 18, "HST": 4, "HTAG": 1, "HTHG": 0, "HTR": "A", "HY": 2, "HomeTeam": "Sociedad"},{"AC": 1, "AF": 12, "AR": 0, "AS": 5, "AST": 2, "AY": 2, "AwayTeam": "Valladolid", "Date": "2018-12-22", "FTAG": 1, "FTHG": 1, "FTR": "D", "HC": 3, "HF": 25, "HR": 0, "HS": 8, "HST": 3, "HTAG": 0, "HTHG": 1, "HTR": "H", "HY": 3, "HomeTeam": "Ath Bilbao"},{"AC": 9, "AF": 13, "AR": 0, "AS": 18, "AST": 4, "AY": 1, "AwayTeam": "Espanol", "Date": "2018-12-22", "FTAG": 0, "FTHG": 1, "FTR": "H", "HC": 5, "HF": 16, "HR": 0, "HS": 8, "HST": 5, "HTAG": 0, "HTHG": 0, "HTR": "D", "HY": 1, "HomeTeam": "Ath Madrid"},{"AC": 6, "AF": 15, "AR": 0, "AS": 11, "AST": 1, "AY": 1, "AwayTeam": "Celta", "Date": "2018-12-22", "FTAG": 0, "FTHG": 2, "FTR": "H", "HC": 4, "HF": 14, "HR": 0, "HS": 9, "HST": 5, "HTAG": 0, "HTHG": 2, "HTR": "H", "HY": 0, "HomeTeam": "Barcelona"},{"AC": 11, "AF": 13, "AR": 0, "AS": 15, "AST": 4, "AY": 4, "AwayTeam": "Eibar", "Date": "2018-12-22", "FTAG": 1, "FTHG": 1, "FTR": "D", "HC": 4, "HF": 11, "HR": 0, "HS": 4, "HST": 2, "HTAG": 0, "HTHG": 1, "HTR": "H", "HY": 2, "HomeTeam": "Betis"},{"AC": 6, "AF": 9, "AR": 1, "AS": 8, "AST": 2, "AY": 3, "AwayTeam": "Sevilla", "Date": "2018-12-23", "FTAG": 1, "FTHG": 1, "FTR": "D", "HC": 3, "HF": 14, "HR": 0, "HS": 13, "HST": 4, "HTAG": 0, "HTHG": 1, "HTR": "H", "HY": 3, "HomeTeam": "Leganes"},{"AC": 5, "AF": 15, "AR": 0, "AS": 11, "AST": 4, "AY": 4, "AwayTeam": "Huesca", "Date": "2018-12-23", "FTAG": 1, "FTHG": 2, "FTR": "H", "HC": 12, "HF": 14, "HR": 0, "HS": 19, "HST": 8, "HTAG": 0, "HTHG": 1, "HTR": "H", "HY": 7, "HomeTeam": "Valencia"},{"AC": 5, "AF": 10, "AR": 0, "AS": 12, "AST": 7, "AY": 2, "AwayTeam": "Levante", "Date": "2018-12-23", "FTAG": 1, "FTHG": 2, "FTR": "H", "HC": 3, "HF": 13, "HR": 0, "HS": 18, "HST": 8, "HTAG": 0, "HTHG": 1, "HTR": "H", "HY": 2, "HomeTeam": "Vallecano"},{"AC": 4, "AF": 13, "AR": 0, "AS": 14, "AST": 7, "AY": 2, "AwayTeam": "Real Madrid", "Date": "2019-01-03", "FTAG": 2, "FTHG": 2, "FTR": "D", "HC": 6, "HF": 12, "HR": 0, "HS": 12, "HST": 4, "HTAG": 2, "HTHG": 1, "HTR": "A", "HY": 2, "HomeTeam": "Villarreal"},{"AC": 6, "AF": 17, "AR": 1, "AS": 10, "AST": 2, "AY": 5, "AwayTeam": "Leganes", "Date": "2019-01-04", "FTAG": 0, "FTHG": 1, "FTR": "H", "HC": 3, "HF": 10, "HR": 0, "HS": 12, "HST": 1, "HTAG": 0, "HTHG": 1, "HTR": "H", "HY": 2, "HomeTeam": "Espanol"},{"AC": 2, "AF": 16, "AR": 0, "AS": 9, "AST": 2, "AY": 1, "AwayTeam": "Girona", "Date": "2019-01-04", "FTAG": 2, "FTHG": 2, "FTR": "D", "HC": 8, "HF": 18, "HR": 1, "HS": 19, "HST": 8, "HTAG": 1, "HTHG": 0, "HTR": "A", "HY": 3, "HomeTeam": "Levante"},{"AC": 6, "AF": 13, "AR": 0, "AS": 14, "AST": 2, "AY": 3, "AwayTeam": "Valencia", "Date": "2019-01-05", "FTAG": 1, "FTHG": 2, "FTR": "H", "HC": 2, "HF": 10, "HR": 0, "HS": 14, "HST": 5, "HTAG": 1, "HTHG": 2, "HTR": "H", "HY": 3, "HomeTeam": "Alaves"},{"AC": 6, "AF": 7, "AR": 0, "AS": 7, "AST": 1, "AY": 2, "AwayTeam": "Betis", "Date": "2019-01-05", "FTAG": 1, "FTHG": 2, "FTR": "H", "HC": 4, "HF": 21, "HR": 0, "HS": 11, "HST": 6, "HTAG": 0, "HTHG": 0, "HTR": "D", "HY": 3, "HomeTeam": "Huesca"},{"AC": 5, "AF": 23, "AR": 0, "AS": 9, "AST": 5, "AY": 3, "AwayTeam": "Vallecano", "Date": "2019-01-05", "FTAG": 1, "FTHG": 0, "FTR": "A", "HC": 9, "HF": 16, "HR": 0, "HS": 12, "HST": 5, "HTAG": 1, "HTHG": 0, "HTR": "A", "HY": 0, "HomeTeam": "Valladolid"},{"AC": 1, "AF": 17, "AR": 0, "AS": 7, "AST": 4, "AY": 2, "AwayTeam": "Villarreal", "Date": "2019-01-06", "FTAG": 0, "FTHG": 0, "FTR": "D", "HC": 13, "HF": 12, "HR": 0, "HS": 24, "HST": 6, "HTAG": 0, "HTHG": 0, "HTR": "D", "HY": 0, "HomeTeam": "Eibar"},{"AC": 4, "AF": 12, "AR": 0, "AS": 12, "AST": 8, "AY": 3, "AwayTeam": "Barcelona", "Date": "2019-01-06", "FTAG": 2, "FTHG": 1, "FTR": "A", "HC": 4, "HF": 23, "HR": 0, "HS": 10, "HST": 2, "HTAG": 2, "HTHG": 1, "HTR": "A", "HY": 4, "HomeTeam": "Getafe"},{"AC": 4, "AF": 13, "AR": 0, "AS": 12, "AST": 4, "AY": 1, "AwayTeam": "Sociedad", "Date": "2019-01-06", "FTAG": 2, "FTHG": 0, "FTR": "A", "HC": 10, "HF": 13, "HR": 1, "HS": 28, "HST": 8, "HTAG": 1, "HTHG": 0, "HTR": "A", "HY": 5, "HomeTeam": "Real Madrid"},{"AC": 5, "AF": 11, "AR": 0, "AS": 12, "AST": 7, "AY": 7, "AwayTeam": "Ath Madrid", "Date": "2019-01-06", "FTAG": 1, "FTHG": 1, "FTR": "D", "HC": 4, "HF": 15, "HR": 0, "HS": 15, "HST": 5, "HTAG": 1, "HTHG": 1, "HTR": "D", "HY": 5, "HomeTeam": "Sevilla"},{"AC": 2, "AF": 21, "AR": 0, "AS": 8, "AST": 4, "AY": 5, "AwayTeam": "Ath Bilbao", "Date": "2019-01-07", "FTAG": 2, "FTHG": 1, "FTR": "A", "HC": 3, "HF": 16, "HR": 0, "HS": 17, "HST": 3, "HTAG": 1, "HTHG": 1, "HTR": "D", "HY": 2, "HomeTeam": "Celta"},{"AC": 5, "AF": 8, "AR": 0, "AS": 13, "AST": 4, "AY": 1, "AwayTeam": "Celta", "Date": "2019-01-11", "FTAG": 2, "FTHG": 4, "FTR": "H", "HC": 7, "HF": 12, "HR": 0, "HS": 11, "HST": 8, "HTAG": 2, "HTHG": 2, "HTR": "D", "HY": 4, "HomeTeam": "Vallecano"},{"AC": 3, "AF": 14, "AR": 0, "AS": 15, "AST": 4, "AY": 2, "AwayTeam": "Alaves", "Date": "2019-01-12", "FTAG": 1, "FTHG": 1, "FTR": "D", "HC": 6, "HF": 21, "HR": 0, "HS": 9, "HST": 4, "HTAG": 0, "HTHG": 1, "HTR": "H", "HY": 4, "HomeTeam": "Girona"},{"AC": 4, "AF": 9, "AR": 0, "AS": 9, "AST": 3, "AY": 3, "AwayTeam": "Huesca", "Date": "2019-01-12", "FTAG": 0, "FTHG": 1, "FTR": "H", "HC": 4, "HF": 11, "HR": 0, "HS": 14, "HST": 7, "HTAG": 0, "HTHG": 0, "HTR": "D", "HY": 3, "HomeTeam": "Leganes"},{"AC": 0, "AF": 18, "AR": 0, "AS": 6, "AST": 1, "AY": 5, "AwayTeam": "Valladolid", "Date": "2019-01-12", "FTAG": 1, "FTHG": 1, "FTR": "D", "HC": 7, "HF": 15, "HR": 0, "HS": 17, "HST": 5, "HTAG": 0, "HTHG": 0, "HTR": "D", "HY": 2, "HomeTeam": "Valencia"},{"AC": 1, "AF": 13, "AR": 0, "AS": 9, "AST": 4, "AY": 3, "AwayTeam": "Getafe", "Date": "2019-01-12", "FTAG": 2, "FTHG": 1, "FTR": "A", "HC": 6, "HF": 14, "HR": 0, "HS": 17, "HST": 6, "HTAG": 0, "HTHG": 0, "HTR": "D", "HY": 5, "HomeTeam": "Villarreal"},{"AC": 6, "AF": 14, "AR": 0, "AS": 10, "AST": 4, "AY": 3, "AwayTeam": "Sevilla", "Date": "2019-01-13", "FTAG": 0, "FTHG": 2, "FTR": "H", "HC": 7, "HF": 14, "HR": 0, "HS": 10, "HST": 3, "HTAG": 0, "HTHG": 1, "HTR": "H", "HY": 4, "HomeTeam": "Ath Bilbao"},{"AC": 2, "AF": 17, "AR": 0, "AS": 7, "AST": 2, "AY": 3, "AwayTeam": "Levante", "Date": "2019-01-13", "FTAG": 0, "FTHG": 1, "FTR": "H", "HC": 5, "HF": 9, "HR": 0, "HS": 19, "HST": 5, "HTAG": 0, "HTHG": 0, "HTR": "D", "HY": 0, "HomeTeam": "Ath Madrid"},{"AC": 3, "AF": 12, "AR": 0, "AS": 15, "AST": 2, "AY": 1, "AwayTeam": "Eibar", "Date": "2019-01-13", "FTAG": 0, "FTHG": 3, "FTR": "H", "HC": 2, "HF": 10, "HR": 0, "HS": 7, "HST": 6, "HTAG": 0, "HTHG": 1, "HTR": "H", "HY": 2, "HomeTeam": "Barcelona"},{"AC": 5, "AF": 13, "AR": 0, "AS": 14, "AST": 5, "AY": 3, "AwayTeam": "Real Madrid", "Date": "2019-01-13", "FTAG": 2, "FTHG": 1, "FTR": "A", "HC": 6, "HF": 9, "HR": 0, "HS": 9, "HST": 2, "HTAG": 1, "HTHG": 0, "HTR": "A", "HY": 2, "HomeTeam": "Betis"},{"AC": 3, "AF": 12, "AR": 0, "AS": 21, "AST": 2, "AY": 4, "AwayTeam": "Espanol", "Date": "2019-01-14", "FTAG": 2, "FTHG": 3, "FTR": "H", "HC": 7, "HF": 15, "HR": 1, "HS": 9, "HST": 4, "HTAG": 2, "HTHG": 2, "HTR": "D", "HY": 7, "HomeTeam": "Sociedad"}]