[{"AC": 1, "AF": 18, "AR": 0, "AS": 14, "AST": 5, "AY": 4, "AwayTeam": "Ath Bilbao", "Date": "2010-08-28", "FTAG": 1, "FTHG": 0, "FTR": "A", "HC": 10, "HF": 15, "HR": 1, "HS": 9, "HST": 3, "HTAG": 0, "HTHG": 0, "HTR": "D", "HY": 2, "HomeTeam": "Hercules"},{"AC": 2, "AF": 22, "AR": 0, "AS": 14, "AST": 8, "AY": 4, "AwayTeam": "Sevilla", "Date": "2010-08-28", "FTAG": 4, "FTHG": 1, "FTR": "A", "HC": 4, "HF": 20, "HR": 0, "HS": 7, "HST": 4, "HTAG": 2, "HTHG": 1, "HTR": "A", "HY": 4, "HomeTeam": "Levante"},{"AC": 10, "AF": 15, "AR": 0, "AS": 21, "AST": 8, "AY": 5, "AwayTeam": "Valencia", "Date": "2010-08-28", "FTAG": 3, "FTHG": 1, "FTR": "A", "HC": 7, "HF": 16, "HR": 0, "HS": 19, "HST": 5, "HTAG": 1, "HTHG": 1, "HTR": "D", "HY": 2, "HomeTeam": "Malaga"},{"AC": 4, "AF": 9, "AR": 0, "AS": 13, "AST": 1, "AY": 4, "AwayTeam": "Getafe", "Date": "2010-08-29", "FTAG": 1, "FTHG": 3, "FTR": "H", "HC": 8, "HF": 17, "HR": 0, "HS": 17, "HST": 8, "HTAG": 0, "HTHG": 1, "HTR": "H", "HY": 3, "HomeTeam": "Espanol"},{"AC": 6, "AF": 19, "AR": 0, "AS": 8, "AST": 3, "AY": 1, "AwayTeam": "Zaragoza", "Date": "2010-08-29", "FTAG": 0, "FTHG": 0, "FTR": "D", "HC": 4, "HF": 16, "HR": 0, "HS": 8, "HST": 2, "HTAG": 0, "HTHG": 0, "HTR": "D", "HY": 0, "HomeTeam": "La Coruna"},{"AC": 4, "AF": 15, "AR": 0, "AS": 16, "AST": 5, "AY": 2, "AwayTeam": "Real Madrid", "Date": "2010-08-29", "FTAG": 0, "FTHG": 0, "FTR": "D", "HC": 1, "HF": 16, "HR": 0, "HS": 7, "HST": 2, "HTAG": 0, "HTHG": 0, "HTR": "D", "HY": 2, "HomeTeam": "Mallorca"},{"AC": 3, "AF": 18, "AR": 1, "AS": 3, "AST": 0, "AY": 1, "AwayTeam": "Almeria", "Date": "2010-08-29", "FTAG": 0, "FTHG": 0, "FTR": "D", "HC": 9, "HF": 22, "HR": 0, "HS": 13, "HST": 2, "HTAG": 0, "HTHG": 0, "HTR": "D", "HY": 4, "HomeTeam": "Osasuna"},{"AC": 5, "AF": 14, "AR": 0, "AS": 9, "AST": 5, "AY": 1, "AwayTeam": "Barcelona", "Date": "2010-08-29", "FTAG": 3, "FTHG": 0, "FTR": "A", "HC": 6, "HF": 21, "HR": 0, "HS": 11, "HST": 7, "HTAG": 2, "HTHG": 0, "HTR": "A", "HY": 4, "HomeTeam": "Santander"},{"AC": 4, "AF": 21, "AR": 0, "AS": 23, "AST": 5, "AY": 3, "AwayTeam": "Villarreal", "Date": "2010-08-29", "FTAG": 0, "FTHG": 1, "FTR": "H", "HC": 7, "HF": 15, "HR": 0, "HS": 10, "HST": 3, "HTAG": 0, "HTHG": 0, "HTR": "D", "HY": 3, "HomeTeam": "Sociedad"},{"AC": 3, "AF": 22, "AR": 0, "AS": 18, "AST": 8, "AY": 3, "AwayTeam": "Sp Gijon", "Date": "2010-08-30", "FTAG": 0, "FTHG": 4, "FTR": "H", "HC": 2, "HF": 13, "HR": 0, "HS": 16, "HST": 7, "HTAG": 0, "HTHG": 2, "HTR": "H", "HY": 3, "HomeTeam": "Ath Madrid"},{"AC": 1, "AF": 13, "AR": 0, "AS": 11, "AST": 5, "AY": 5, "AwayTeam": "Ath Madrid", "Date": "2010-09-11", "FTAG": 2, "FTHG": 1, "FTR": "A", "HC": 6, "HF": 22, "HR": 0, "HS": 18, "HST": 3, "HTAG": 1, "HTHG": 0, "HTR": "A", "HY": 4, "HomeTeam": "Ath Bilbao"},{"AC": 2, "AF": 8, "AR": 0, "AS": 9, "AST": 7, "AY": 2, "AwayTeam": "Hercules", "Date": "2010-09-11", "FTAG": 2, "FTHG": 0, "FTR": "A", "HC": 14, "HF": 7, "HR": 0, "HS": 17, "HST": 9, "HTAG": 1, "HTHG": 0, "HTR": "A", "HY": 2, "HomeTeam": "Barcelona"},{"AC": 3, "AF": 27, "AR": 0, "AS": 4, "AST": 1, "AY": 2, "AwayTeam": "Osasuna", "Date": "2010-09-11", "FTAG": 0, "FTHG": 1, "FTR": "H", "HC": 9, "HF": 20, "HR": 0, "HS": 25, "HST": 7, "HTAG": 0, "HTHG": 0, "HTR": "D", "HY": 2, "HomeTeam": "Real Madrid"},{"AC": 8, "AF": 15, "AR": 0, "AS": 15, "AST": 7, "AY": 2, "AwayTeam": "Santander", "Date": "2010-09-11", "FTAG": 0, "FTHG": 1, "FTR": "H", "HC": 6, "HF": 19, "HR": 0, "HS": 14, "HST": 5, "HTAG": 0, "HTHG": 1, "HTR": "H", "HY": 4, "HomeTeam": "Valencia"},{"AC": 7, "AF": 14, "AR": 0, "AS": 7, "AST": 2, "AY": 4, "AwayTeam": "Levante", "Date": "2010-09-12", "FTAG": 1, "FTHG": 4, "FTR": "H", "HC": 13, "HF": 19, "HR": 0, "HS": 21, "HST": 10, "HTAG": 1, "HTHG": 2, "HTR": "H", "HY": 3, "HomeTeam": "Getafe"},{"AC": 5, "AF": 12, "AR": 0, "AS": 12, "AST": 2, "AY": 3, "AwayTeam": "La Coruna", "Date": "2010-09-12", "FTAG": 0, "FTHG": 0, "FTR": "D", "HC": 8, "HF": 9, "HR": 0, "HS": 26, "HST": 10, "HTAG": 0, "HTHG": 0, "HTR": "D", "HY": 3, "HomeTeam": "Sevilla"},{"AC": 2, "AF": 11, "AR": 1, "AS": 9, "AST": 1, "AY": 2, "AwayTeam": "Mallorca", "Date": "2010-09-12", "FTAG": 0, "FTHG": 2, "FTR": "H", "HC": 2, "HF": 19, "HR": 0, "HS": 12, "HST": 6, "HTAG": 0, "HTHG": 0, "HTR": "D", "HY": 2, "HomeTeam": "Sp Gijon"},{"AC": 8, "AF": 19, "AR": 1, "AS": 15, "AST": 5, "AY": 6, "AwayTeam": "Espanol", "Date": "2010-09-12", "FTAG": 0, "FTHG": 4, "FTR": "H", "HC": 3, "HF": 16, "HR": 0, "HS": 11, "HST": 5, "HTAG": 0, "HTHG": 2, "HTR": "H", "HY": 6, "HomeTeam": "Villarreal"},{"AC": 1, "AF": 13, "AR": 0, "AS": 12, "AST": 8, "AY": 2, "AwayTeam": "Malaga", "Date": "2010-09-12", "FTAG": 5, "FTHG": 3, "FTR": "A", "HC": 10, "HF": 11, "HR": 0, "HS": 32, "HST": 10, "HTAG": 5, "HTHG": 1, "HTR": "A", "HY": 2, "HomeTeam": "Zaragoza"},{"AC": 4, "AF": 13, "AR": 0, "AS": 15, "AST": 6, "AY": 2, "AwayTeam": "Sociedad", "Date": "2010-09-13", "FTAG": 2, "FTHG": 2, "FTR": "D", "HC": 6, "HF": 17, "HR": 0, "HS": 18, "HST": 7, "HTAG": 2, "HTHG": 1, "HTR": "A", "HY": 4, "HomeTeam": "Almeria"},{"AC": 2, "AF": 12, "AR": 0, "AS": 4, "AST": 1, "AY": 3, "AwayTeam": "Almeria", "Date": "2010-09-18", "FTAG": 0, "FTHG": 1, "FTR": "H", "HC": 7, "HF": 23, "HR": 0, "HS": 13, "HST": 4, "HTAG": 0, "HTHG": 0, "HTR": "D", "HY": 3, "HomeTeam": "Espanol"},{"AC": 5, "AF": 20, "AR": 0, "AS": 12, "AST": 4, "AY": 2, "AwayTeam": "Osasuna", "Date": "2010-09-18", "FTAG": 0, "FTHG": 2, "FTR": "H", "HC": 6, "HF": 8, "HR": 0, "HS": 13, "HST": 5, "HTAG": 0, "HTHG": 1, "HTR": "H", "HY": 0, "HomeTeam": "Mallorca"},{"AC": 3, "AF": 15, "AR": 0, "AS": 22, "AST": 10, "AY": 2, "AwayTeam": "Real Madrid", "Date": "2010-09-18", "FTAG": 2, "FTHG": 1, "FTR": "A", "HC": 8, "HF": 13, "HR": 0, "HS": 10, "HST": 1, "HTAG": 0, "HTHG": 0, "HTR": "D", "HY": 1, "HomeTeam": "Sociedad"},{"AC": 6, "AF": 13, "AR": 0, "AS": 17, "AST": 7, "AY": 3, "AwayTeam": "Ath Bilbao", "Date": "2010-09-18", "FTAG": 2, "FTHG": 2, "FTR": "D", "HC": 5, "HF": 15, "HR": 0, "HS": 10, "HST": 5, "HTAG": 1, "HTHG": 2, "HTR": "H", "HY": 3, "HomeTeam": "Sp Gijon"},{"AC": 6, "AF": 15, "AR": 0, "AS": 16, "AST": 8, "AY": 5, "AwayTeam": "Barcelona", "Date": "2010-09-19", "FTAG": 2, "FTHG": 1, "FTR": "A", "HC": 6, "HF": 21, "HR": 1, "HS": 7, "HST": 4, "HTAG": 2, "HTHG": 1, "HTR": "A", "HY": 4, "HomeTeam": "Ath Madrid"},{"AC": 1, "AF": 12, "AR": 1, "AS": 8, "AST": 4, "AY": 4, "AwayTeam": "Valencia", "Date": "2010-09-19", "FTAG": 2, "FTHG": 1, "FTR": "A", "HC": 5, "HF": 12, "HR": 0, "HS": 13, "HST": 7, "HTAG": 2, "HTHG": 1, "HTR": "A", "HY": 2, "HomeTeam": "Hercules"},{"AC": 2, "AF": 17, "AR": 0, "AS": 8, "AST": 5, "AY": 1, "AwayTeam": "Villarreal", "Date": "2010-09-19", "FTAG": 2, "FTHG": 1, "FTR": "A", "HC": 6, "HF": 9, "HR": 0, "HS": 15, "HST": 2, "HTAG": 2, "HTHG": 0, "HTR": "A", "HY": 1, "HomeTeam": "Levante"},{"AC": 8, "AF": 22, "AR": 0, "AS": 19, "AST": 6, "AY": 6, "AwayTeam": "Sevilla", "Date": "2010-09-19", "FTAG": 2, "FTHG": 1, "FTR": "A", "HC": 3, "HF": 13, "HR": 0, "HS": 8, "HST": 5, "HTAG": 2, "HTHG": 1, "HTR": "A", "HY": 2, "HomeTeam": "Malaga"},{"AC": 2, "AF": 22, "AR": 0, "AS": 7, "AST": 1, "AY": 4, "AwayTeam": "Zaragoza", "Date": "2010-09-19", "FTAG": 0, "FTHG": 2, "FTR": "H", "HC": 3, "HF": 14, "HR": 0, "HS": 8, "HST": 4, "HTAG": 0, "HTHG": 0, "HTR": "D", "HY": 1, "HomeTeam": "Santander"},{"AC": 7, "AF": 13, "AR": 1, "AS": 12, "AST": 2, "AY": 4, "AwayTeam": "Getafe", "Date": "2010-09-20", "FTAG": 2, "FTHG": 2, "FTR": "D", "HC": 5, "HF": 7, "HR": 0, "HS": 26, "HST": 11, "HTAG": 1, "HTHG": 0, "HTR": "A", "HY": 1, "HomeTeam": "La Coruna"},{"AC": 3, "AF": 12, "AR": 0, "AS": 15, "AST": 3, "AY": 0, "AwayTeam": "Mallorca", "Date": "2010-09-21", "FTAG": 0, "FTHG": 3, "FTR": "H", "HC": 9, "HF": 22, "HR": 0, "HS": 12, "HST": 6, "HTAG": 0, "HTHG": 1, "HTR": "H", "HY": 1, "HomeTeam": "Ath Bilbao"},{"AC": 5, "AF": 10, "AR": 0, "AS": 8, "AST": 2, "AY": 2, "AwayTeam": "Sociedad", "Date": "2010-09-21", "FTAG": 1, "FTHG": 3, "FTR": "H", "HC": 7, "HF": 22, "HR": 0, "HS": 17, "HST": 5, "HTAG": 1, "HTHG": 2, "HTR": "H", "HY": 3, "HomeTeam": "Osasuna"},{"AC": 5, "AF": 11, "AR": 2, "AS": 9, "AST": 3, "AY": 2, "AwayTeam": "Espanol", "Date": "2010-09-21", "FTAG": 0, "FTHG": 3, "FTR": "H", "HC": 8, "HF": 15, "HR": 1, "HS": 20, "HST": 7, "HTAG": 0, "HTHG": 1, "HTR": "H", "HY": 2, "HomeTeam": "Real Madrid"},{"AC": 5, "AF": 12, "AR": 0, "AS": 6, "AST": 2, "AY": 2, "AwayTeam": "Levante", "Date": "2010-09-22", "FTAG": 1, "FTHG": 0, "FTR": "A", "HC": 6, "HF": 10, "HR": 0, "HS": 19, "HST": 5, "HTAG": 1, "HTHG": 0, "HTR": "A", "HY": 4, "HomeTeam": "Almeria"},{"AC": 4, "AF": 15, "AR": 0, "AS": 3, "AST": 0, "AY": 5, "AwayTeam": "Sp Gijon", "Date": "2010-09-22", "FTAG": 0, "FTHG": 1, "FTR": "H", "HC": 8, "HF": 14, "HR": 0, "HS": 16, "HST": 5, "HTAG": 0, "HTHG": 0, "HTR": "D", "HY": 2, "HomeTeam": "Barcelona"},{"AC": 2, "AF": 17, "AR": 0, "AS": 6, "AST": 2, "AY": 3, "AwayTeam": "Ath Madrid", "Date": "2010-09-22", "FTAG": 1, "FTHG": 1, "FTR": "D", "HC": 13, "HF": 15, "HR": 0, "HS": 16, "HST": 4, "HTAG": 1, "HTHG": 0, "HTR": "A", "HY": 5, "HomeTeam": "Valencia"},{"AC": 2, "AF": 17, "AR": 0, "AS": 5, "AST": 4, "AY": 2, "AwayTeam": "Hercules", "Date": "2010-09-22", "FTAG": 0, "FTHG": 0, "FTR": "D", "HC": 8, "HF": 22, "HR": 0, "HS": 20, "HST": 5, "HTAG": 0, "HTHG": 0, "HTR": "D", "HY": 4, "HomeTeam": "Zaragoza"},{"AC": 4, "AF": 16, "AR": 1, "AS": 15, "AST": 5, "AY": 3, "AwayTeam": "Malaga", "Date": "2010-09-23", "FTAG": 2, "FTHG": 0, "FTR": "A", "HC": 10, "HF": 21, "HR": 1, "HS": 24, "HST": 7, "HTAG": 0, "HTHG": 0, "HTR": "D", "HY": 1, "HomeTeam": "Getafe"},{"AC": 5, "AF": 13, "AR": 0, "AS": 13, "AST": 4, "AY": 2, "AwayTeam": "Santander", "Date": "2010-09-23", "FTAG": 1, "FTHG": 1, "FTR": "D", "HC": 9, "HF": 14, "HR": 0, "HS": 14, "HST": 4, "HTAG": 0, "HTHG": 1, "HTR": "H", "HY": 0, "HomeTeam": "Sevilla"},{"AC": 1, "AF": 17, "AR": 0, "AS": 14, "AST": 4, "AY": 3, "AwayTeam": "La Coruna", "Date": "2010-09-23", "FTAG": 0, "FTHG": 1, "FTR": "H", "HC": 4, "HF": 13, "HR": 0, "HS": 19, "HST": 8, "HTAG": 0, "HTHG": 1, "HTR": "H", "HY": 2, "HomeTeam": "Villarreal"},{"AC": 8, "AF": 8, "AR": 1, "AS": 25, "AST": 10, "AY": 1, "AwayTeam": "Barcelona", "Date": "2010-09-25", "FTAG": 3, "FTHG": 1, "FTR": "A", "HC": 1, "HF": 8, "HR": 1, "HS": 11, "HST": 4, "HTAG": 0, "HTHG": 0, "HTR": "D", "HY": 1, "HomeTeam": "Ath Bilbao"},{"AC": 6, "AF": 11, "AR": 0, "AS": 25, "AST": 6, "AY": 2, "AwayTeam": "Real Madrid", "Date": "2010-09-25", "FTAG": 0, "FTHG": 0, "FTR": "D", "HC": 2, "HF": 15, "HR": 0, "HS": 4, "HST": 0, "HTAG": 0, "HTHG": 0, "HTR": "D", "HY": 5, "HomeTeam": "Levante"},{"AC": 2, "AF": 13, "AR": 0, "AS": 8, "AST": 5, "AY": 0, "AwayTeam": "Valencia", "Date": "2010-09-25", "FTAG": 2, "FTHG": 0, "FTR": "A", "HC": 6, "HF": 19, "HR": 0, "HS": 10, "HST": 1, "HTAG": 2, "HTHG": 0, "HTR": "A", "HY": 3, "HomeTeam": "Sp Gijon"},{"AC": 3, "AF": 18, "AR": 0, "AS": 19, "AST": 6, "AY": 3, "AwayTeam": "Zaragoza", "Date": "2010-09-26", "FTAG": 0, "FTHG": 1, "FTR": "H", "HC": 5, "HF": 15, "HR": 1, "HS": 12, "HST": 4, "HTAG": 0, "HTHG": 1, "HTR": "H", "HY": 7, "HomeTeam": "Ath Madrid"},{"AC": 6, "AF": 15, "AR": 1, "AS": 7, "AST": 2, "AY": 2, "AwayTeam": "Osasuna", "Date": "2010-09-26", "FTAG": 0, "FTHG": 1, "FTR": "H", "HC": 8, "HF": 9, "HR": 0, "HS": 26, "HST": 7, "HTAG": 0, "HTHG": 1, "HTR": "H", "HY": 2, "HomeTeam": "Espanol"},{"AC": 1, "AF": 14, "AR": 0, "AS": 15, "AST": 5, "AY": 1, "AwayTeam": "Sevilla", "Date": "2010-09-26", "FTAG": 0, "FTHG": 2, "FTR": "H", "HC": 3, "HF": 22, "HR": 0, "HS": 7, "HST": 3, "HTAG": 0, "HTHG": 2, "HTR": "H", "HY": 2, "HomeTeam": "Hercules"},{"AC": 4, "AF": 11, "AR": 0, "AS": 15, "AST": 6, "AY": 2, "AwayTeam": "Almeria", "Date": "2010-09-26", "FTAG": 2, "FTHG": 0, "FTR": "A", "HC": 6, "HF": 20, "HR": 1, "HS": 15, "HST": 7, "HTAG": 2, "HTHG": 0, "HTR": "A", "HY": 2, "HomeTeam": "La Coruna"},{"AC": 7, "AF": 10, "AR": 0, "AS": 13, "AST": 3, "AY": 2, "AwayTeam": "Sociedad", "Date": "2010-09-26", "FTAG": 0, "FTHG": 2, "FTR": "H", "HC": 7, "HF": 17, "HR": 0, "HS": 15, "HST": 6, "HTAG": 0, "HTHG": 1, "HTR": "H", "HY": 2, "HomeTeam": "Mallorca"},{"AC": 6, "AF": 14, "AR": 0, "AS": 9, "AST": 2, "AY": 3, "AwayTeam": "Getafe", "Date": "2010-09-26", "FTAG": 1, "FTHG": 0, "FTR": "A", "HC": 4, "HF": 22, "HR": 1, "HS": 15, "HST": 5, "HTAG": 1, "HTHG": 0, "HTR": "A", "HY": 4, "HomeTeam": "Santander"},{"AC": 5, "AF": 16, "AR": 0, "AS": 19, "AST": 8, "AY": 4, "AwayTeam": "Villarreal", "Date": "2010-09-27", "FTAG": 3, "FTHG": 2, "FTR": "A", "HC": 4, "HF": 14, "HR": 1, "HS": 9, "HST": 3, "HTAG": 3, "HTHG": 2, "HTR": "A", "HY": 1, "HomeTeam": "Malaga"},{"AC": 6, "AF": 18, "AR": 0, "AS": 18, "AST": 9, "AY": 4, "AwayTeam": "Espanol", "Date": "2010-10-02", "FTAG": 0, "FTHG": 1, "FTR": "H", "HC": 8, "HF": 13, "HR": 0, "HS": 18, "HST": 4, "HTAG": 0, "HTHG": 0, "HTR": "D", "HY": 1, "HomeTeam": "Sociedad"},{"AC": 5, "AF": 13, "AR": 0, "AS": 13, "AST": 2, "AY": 2, "AwayTeam": "Ath Bilbao", "Date": "2010-10-02", "FTAG": 1, "FTHG": 2, "FTR": "H", "HC": 6, "HF": 17, "HR": 0, "HS": 18, "HST": 6, "HTAG": 0, "HTHG": 1, "HTR": "H", "HY": 3, "HomeTeam": "Valencia"},{"AC": 8, "AF": 16, "AR": 0, "AS": 18, "AST": 5, "AY": 3, "AwayTeam": "Sp Gijon", "Date": "2010-10-02", "FTAG": 2, "FTHG": 2, "FTR": "D", "HC": 3, "HF": 16, "HR": 1, "HS": 9, "HST": 4, "HTAG": 1, "HTHG": 0, "HTR": "A", "HY": 2, "HomeTeam": "Zaragoza"},{"AC": 5, "AF": 12, "AR": 1, "AS": 11, "AST": 4, "AY": 5, "AwayTeam": "Malaga", "Date": "2010-10-03", "FTAG": 1, "FTHG": 1, "FTR": "D", "HC": 7, "HF": 14, "HR": 0, "HS": 26, "HST": 7, "HTAG": 0, "HTHG": 0, "HTR": "D", "HY": 2, "HomeTeam": "Almeria"},{"AC": 6, "AF": 15, "AR": 0, "AS": 11, "AST": 2, "AY": 6, "AwayTeam": "Mallorca", "Date": "2010-10-03", "FTAG": 1, "FTHG": 1, "FTR": "D", "HC": 13, "HF": 7, "HR": 0, "HS": 26, "HST": 10, "HTAG": 1, "HTHG": 1, "HTR": "D", "HY": 0, "HomeTeam": "Barcelona"},{"AC": 5, "AF": 14, "AR": 1, "AS": 9, "AST": 1, "AY": 2, "AwayTeam": "Hercules", "Date": "2010-10-03", "FTAG": 0, "FTHG": 3, "FTR": "H", "HC": 3, "HF": 17, "HR": 0, "HS": 20, "HST": 7, "HTAG": 0, "HTHG": 2, "HTR": "H", "HY": 4, "HomeTeam": "Getafe"},{"AC": 3, "AF": 13, "AR": 0, "AS": 7, "AST": 2, "AY": 2, "AwayTeam": "Levante", "Date": "2010-10-03", "FTAG": 1, "FTHG": 1, "FTR": "D", "HC": 4, "HF": 14, "HR": 0, "HS": 18, "HST": 8, "HTAG": 0, "HTHG": 0, "HTR": "D", "HY": 4, "HomeTeam": "Osasuna"},{"AC": 1, "AF": 6, "AR": 0, "AS": 8, "AST": 3, "AY": 1, "AwayTeam": "La Coruna", "Date": "2010-10-03", "FTAG": 1, "FTHG": 6, "FTR": "H", "HC": 4, "HF": 7, "HR": 0, "HS": 17, "HST": 8, "HTAG": 0, "HTHG": 3, "HTR": "H", "HY": 0, "HomeTeam": "Real Madrid"},{"AC": 9, "AF": 17, "AR": 0, "AS": 9, "AST": 4, "AY": 3, "AwayTeam": "Ath Madrid", "Date": "2010-10-03", "FTAG": 1, "FTHG": 3, "FTR": "H", "HC": 6, "HF": 16, "HR": 0, "HS": 18, "HST": 10, "HTAG": 0, "HTHG": 2, "HTR": "H", "HY": 4, "HomeTeam": "Sevilla"},{"AC": 8, "AF": 17, "AR": 0, "AS": 19, "AST": 4, "AY": 0, "AwayTeam": "Santander", "Date": "2010-10-03", "FTAG": 0, "FTHG": 2, "FTR": "H", "HC": 6, "HF": 10, "HR": 0, "HS": 16, "HST": 10, "HTAG": 0, "HTHG": 2, "HTR": "H", "HY": 1, "HomeTeam": "Villarreal"},{"AC": 8, "AF": 16, "AR": 0, "AS": 15, "AST": 8, "AY": 4, "AwayTeam": "Getafe", "Date": "2010-10-16", "FTAG": 0, "FTHG": 2, "FTR": "H", "HC": 2, "HF": 21, "HR": 0, "HS": 11, "HST": 3, "HTAG": 0, "HTHG": 1, "HTR": "H", "HY": 2, "HomeTeam": "Ath Madrid"},{"AC": 6, "AF": 9, "AR": 0, "AS": 8, "AST": 2, "AY": 4, "AwayTeam": "Valencia", "Date": "2010-10-16", "FTAG": 1, "FTHG": 2, "FTR": "H", "HC": 7, "HF": 9, "HR": 0, "HS": 12, "HST": 8, "HTAG": 1, "HTHG": 0, "HTR": "A", "HY": 2, "HomeTeam": "Barcelona"},{"AC": 7, "AF": 18, "AR": 0, "AS": 21, "AST": 7, "AY": 3, "AwayTeam": "Real Madrid", "Date": "2010-10-16", "FTAG": 4, "FTHG": 1, "FTR": "A", "HC": 4, "HF": 10, "HR": 0, "HS": 9, "HST": 1, "HTAG": 2, "HTHG": 0, "HTR": "A", "HY": 4, "HomeTeam": "Malaga"},{"AC": 5, "AF": 19, "AR": 1, "AS": 16, "AST": 3, "AY": 4, "AwayTeam": "Zaragoza", "Date": "2010-10-17", "FTAG": 1, "FTHG": 2, "FTR": "H", "HC": 5, "HF": 19, "HR": 0, "HS": 16, "HST": 7, "HTAG": 0, "HTHG": 2, "HTR": "H", "HY": 3, "HomeTeam": "Ath Bilbao"},{"AC": 2, "AF": 19, "AR": 1, "AS": 8, "AST": 2, "AY": 1, "AwayTeam": "Osasuna", "Date": "2010-10-17", "FTAG": 0, "FTHG": 0, "FTR": "D", "HC": 12, "HF": 18, "HR": 0, "HS": 23, "HST": 10, "HTAG": 0, "HTHG": 0, "HTR": "D", "HY": 3, "HomeTeam": "La Coruna"},{"AC": 4, "AF": 19, "AR": 0, "AS": 10, "AST": 5, "AY": 3, "AwayTeam": "Sociedad", "Date": "2010-10-17", "FTAG": 1, "FTHG": 2, "FTR": "H", "HC": 9, "HF": 14, "HR": 0, "HS": 13, "HST": 3, "HTAG": 0, "HTHG": 0, "HTR": "D", "HY": 3, "HomeTeam": "Levante"},{"AC": 4, "AF": 18, "AR": 1, "AS": 14, "AST": 7, "AY": 3, "AwayTeam": "Espanol", "Date": "2010-10-17", "FTAG": 1, "FTHG": 0, "FTR": "A", "HC": 6, "HF": 14, "HR": 0, "HS": 12, "HST": 1, "HTAG": 1, "HTHG": 0, "HTR": "A", "HY": 3, "HomeTeam": "Mallorca"},{"AC": 5, "AF": 7, "AR": 0, "AS": 9, "AST": 4, "AY": 1, "AwayTeam": "Almeria", "Date": "2010-10-17", "FTAG": 0, "FTHG": 1, "FTR": "H", "HC": 8, "HF": 22, "HR": 0, "HS": 25, "HST": 14, "HTAG": 0, "HTHG": 1, "HTR": "H", "HY": 3, "HomeTeam": "Santander"},{"AC": 5, "AF": 7, "AR": 0, "AS": 18, "AST": 4, "AY": 2, "AwayTeam": "Sevilla", "Date": "2010-10-17", "FTAG": 0, "FTHG": 2, "FTR": "H", "HC": 8, "HF": 20, "HR": 0, "HS": 14, "HST": 7, "HTAG": 0, "HTHG": 1, "HTR": "H", "HY": 6, "HomeTeam": "Sp Gijon"},{"AC": 2, "AF": 22, "AR": 2, "AS": 23, "AST": 9, "AY": 3, "AwayTeam": "Villarreal", "Date": "2010-10-18", "FTAG": 2, "FTHG": 2, "FTR": "D", "HC": 4, "HF": 8, "HR": 1, "HS": 9, "HST": 5, "HTAG": 1, "HTHG": 2, "HTR": "H", "HY": 5, "HomeTeam": "Hercules"},{"AC": 4, "AF": 13, "AR": 0, "AS": 13, "AST": 3, "AY": 2, "AwayTeam": "Santander", "Date": "2010-10-23", "FTAG": 1, "FTHG": 6, "FTR": "H", "HC": 4, "HF": 16, "HR": 0, "HS": 16, "HST": 10, "HTAG": 0, "HTHG": 3, "HTR": "H", "HY": 2, "HomeTeam": "Real Madrid"},{"AC": 2, "AF": 17, "AR": 0, "AS": 14, "AST": 6, "AY": 4, "AwayTeam": "Mallorca", "Date": "2010-10-23", "FTAG": 2, "FTHG": 1, "FTR": "A", "HC": 11, "HF": 17, "HR": 0, "HS": 13, "HST": 5, "HTAG": 2, "HTHG": 1, "HTR": "A", "HY": 6, "HomeTeam": "Valencia"},{"AC": 3, "AF": 12, "AR": 0, "AS": 20, "AST": 10, "AY": 1, "AwayTeam": "Barcelona", "Date": "2010-10-23", "FTAG": 2, "FTHG": 0, "FTR": "A", "HC": 5, "HF": 21, "HR": 1, "HS": 5, "HST": 4, "HTAG": 1, "HTHG": 0, "HTR": "A", "HY": 4, "HomeTeam": "Zaragoza"},{"AC": 6, "AF": 11, "AR": 0, "AS": 9, "AST": 4, "AY": 3, "AwayTeam": "Hercules", "Date": "2010-10-24", "FTAG": 1, "FTHG": 1, "FTR": "D", "HC": 8, "HF": 15, "HR": 0, "HS": 13, "HST": 8, "HTAG": 1, "HTHG": 0, "HTR": "A", "HY": 2, "HomeTeam": "Almeria"},{"AC": 3, "AF": 14, "AR": 1, "AS": 12, "AST": 2, "AY": 6, "AwayTeam": "Levante", "Date": "2010-10-24", "FTAG": 1, "FTHG": 2, "FTR": "H", "HC": 6, "HF": 15, "HR": 0, "HS": 14, "HST": 3, "HTAG": 0, "HTHG": 1, "HTR": "H", "HY": 5, "HomeTeam": "Espanol"},{"AC": 2, "AF": 13, "AR": 0, "AS": 10, "AST": 3, "AY": 2, "AwayTeam": "Sp Gijon", "Date": "2010-10-24", "FTAG": 0, "FTHG": 3, "FTR": "H", "HC": 4, "HF": 10, "HR": 0, "HS": 15, "HST": 6, "HTAG": 0, "HTHG": 1, "HTR": "H", "HY": 1, "HomeTeam": "Getafe"},{"AC": 4, "AF": 17, "AR": 0, "AS": 8, "AST": 0, "AY": 3, "AwayTeam": "Malaga", "Date": "2010-10-24", "FTAG": 0, "FTHG": 3, "FTR": "H", "HC": 4, "HF": 13, "HR": 0, "HS": 14, "HST": 8, "HTAG": 0, "HTHG": 2, "HTR": "H", "HY": 1, "HomeTeam": "Osasuna"},{"AC": 7, "AF": 18, "AR": 0, "AS": 17, "AST": 9, "AY": 5, "AwayTeam": "Ath Bilbao", "Date": "2010-10-24", "FTAG": 3, "FTHG": 4, "FTR": "H", "HC": 5, "HF": 10, "HR": 1, "HS": 14, "HST": 9, "HTAG": 0, "HTHG": 2, "HTR": "H", "HY": 3, "HomeTeam": "Sevilla"},{"AC": 3, "AF": 15, "AR": 0, "AS": 11, "AST": 2, "AY": 3, "AwayTeam": "Ath Madrid", "Date": "2010-10-24", "FTAG": 0, "FTHG": 2, "FTR": "H", "HC": 2, "HF": 15, "HR": 0, "HS": 10, "HST": 5, "HTAG": 0, "HTHG": 1, "HTR": "H", "HY": 1, "HomeTeam": "Villarreal"},{"AC": 3, "AF": 14, "AR": 0, "AS": 8, "AST": 2, "AY": 2, "AwayTeam": "La Coruna", "Date": "2010-10-25", "FTAG": 0, "FTHG": 3, "FTR": "H", "HC": 4, "HF": 18, "HR": 0, "HS": 9, "HST": 7, "HTAG": 0, "HTHG": 1, "HTR": "H", "HY": 1, "HomeTeam": "Sociedad"},{"AC": 1, "AF": 11, "AR": 1, "AS": 3, "AST": 1, "AY": 2, "AwayTeam": "Sevilla", "Date": "2010-10-30", "FTAG": 0, "FTHG": 5, "FTR": "H", "HC": 11, "HF": 13, "HR": 0, "HS": 18, "HST": 9, "HTAG": 0, "HTHG": 2, "HTR": "H", "HY": 1, "HomeTeam": "Barcelona"},{"AC": 6, "AF": 9, "AR": 0, "AS": 25, "AST": 10, "AY": 3, "AwayTeam": "Real Madrid", "Date": "2010-10-30", "FTAG": 3, "FTHG": 1, "FTR": "A", "HC": 3, "HF": 6, "HR": 0, "HS": 7, "HST": 2, "HTAG": 0, "HTHG": 1, "HTR": "H", "HY": 0, "HomeTeam": "Hercules"},{"AC": 4, "AF": 21, "AR": 1, "AS": 10, "AST": 3, "AY": 3, "AwayTeam": "Zaragoza", "Date": "2010-10-30", "FTAG": 1, "FTHG": 1, "FTR": "D", "HC": 7, "HF": 20, "HR": 0, "HS": 15, "HST": 2, "HTAG": 1, "HTHG": 1, "HTR": "D", "HY": 3, "HomeTeam": "Valencia"},{"AC": 4, "AF": 15, "AR": 0, "AS": 10, "AST": 2, "AY": 5, "AwayTeam": "Getafe", "Date": "2010-10-31", "FTAG": 0, "FTHG": 3, "FTR": "H", "HC": 6, "HF": 14, "HR": 0, "HS": 20, "HST": 7, "HTAG": 0, "HTHG": 2, "HTR": "H", "HY": 2, "HomeTeam": "Ath Bilbao"},{"AC": 3, "AF": 13, "AR": 0, "AS": 10, "AST": 3, "AY": 2, "AwayTeam": "Almeria", "Date": "2010-10-31", "FTAG": 1, "FTHG": 1, "FTR": "D", "HC": 12, "HF": 15, "HR": 0, "HS": 28, "HST": 11, "HTAG": 1, "HTHG": 1, "HTR": "D", "HY": 3, "HomeTeam": "Ath Madrid"},{"AC": 4, "AF": 14, "AR": 0, "AS": 11, "AST": 4, "AY": 3, "AwayTeam": "Espanol", "Date": "2010-10-31", "FTAG": 0, "FTHG": 3, "FTR": "H", "HC": 5, "HF": 17, "HR": 0, "HS": 11, "HST": 4, "HTAG": 0, "HTHG": 1, "HTR": "H", "HY": 2, "HomeTeam": "La Coruna"},{"AC": 5, "AF": 17, "AR": 0, "AS": 12, "AST": 2, "AY": 3, "AwayTeam": "Sociedad", "Date": "2010-10-31", "FTAG": 2, "FTHG": 1, "FTR": "A", "HC": 1, "HF": 18, "HR": 0, "HS": 16, "HST": 6, "HTAG": 1, "HTHG": 0, "HTR": "A", "HY": 1, "HomeTeam": "Malaga"},{"AC": 5, "AF": 14, "AR": 0, "AS": 12, "AST": 4, "AY": 3, "AwayTeam": "Osasuna", "Date": "2010-10-31", "FTAG": 1, "FTHG": 4, "FTR": "H", "HC": 5, "HF": 18, "HR": 0, "HS": 17, "HST": 7, "HTAG": 0, "HTHG": 2, "HTR": "H", "HY": 2, "HomeTeam": "Santander"},{"AC": 4, "AF": 11, "AR": 1, "AS": 10, "AST": 4, "AY": 2, "AwayTeam": "Villarreal", "Date": "2010-10-31", "FTAG": 1, "FTHG": 1, "FTR": "D", "HC": 2, "HF": 20, "HR": 0, "HS": 12, "HST": 5, "HTAG": 0, "HTHG": 0, "HTR": "D", "HY": 5, "HomeTeam": "Sp Gijon"},{"AC": 3, "AF": 15, "AR": 0, "AS": 13, "AST": 3, "AY": 2, "AwayTeam": "Levante", "Date": "2010-11-01", "FTAG": 1, "FTHG": 2, "FTR": "H", "HC": 5, "HF": 14, "HR": 0, "HS": 22, "HST": 6, "HTAG": 1, "HTHG": 0, "HTR": "A", "HY": 2, "HomeTeam": "Mallorca"},{"AC": 5, "AF": 18, "AR": 0, "AS": 11, "AST": 3, "AY": 3, "AwayTeam": "Malaga", "Date": "2010-11-06", "FTAG": 0, "FTHG": 1, "FTR": "H", "HC": 5, "HF": 20, "HR": 0, "HS": 15, "HST": 6, "HTAG": 0, "HTHG": 1, "HTR": "H", "HY": 2, "HomeTeam": "Espanol"},{"AC": 6, "AF": 18, "AR": 0, "AS": 13, "AST": 3, "AY": 6, "AwayTeam": "Santander", "Date": "2010-11-06", "FTAG": 0, "FTHG": 1, "FTR": "H", "HC": 5, "HF": 15, "HR": 0, "HS": 11, "HST": 4, "HTAG": 0, "HTHG": 1, "HTR": "H", "HY": 1, "HomeTeam": "Sociedad"},{"AC": 10, "AF": 12, "AR": 0, "AS": 14, "AST": 3, "AY": 2, "AwayTeam": "Sp Gijon", "Date": "2010-11-07", "FTAG": 1, "FTHG": 1, "FTR": "D", "HC": 5, "HF": 16, "HR": 0, "HS": 9, "HST": 3, "HTAG": 0, "HTHG": 1, "HTR": "H", "HY": 5, "HomeTeam": "Almeria"},{"AC": 3, "AF": 9, "AR": 1, "AS": 14, "AST": 8, "AY": 1, "AwayTeam": "Barcelona", "Date": "2010-11-07", "FTAG": 3, "FTHG": 1, "FTR": "A", "HC": 5, "HF": 10, "HR": 1, "HS": 12, "HST": 5, "HTAG": 2, "HTHG": 0, "HTR": "A", "HY": 3, "HomeTeam": "Getafe"},{"AC": 4, "AF": 10, "AR": 0, "AS": 11, "AST": 6, "AY": 2, "AwayTeam": "La Coruna", "Date": "2010-11-07", "FTAG": 2, "FTHG": 1, "FTR": "A", "HC": 11, "HF": 14, "HR": 0, "HS": 11, "HST": 2, "HTAG": 1, "HTHG": 0, "HTR": "A", "HY": 2, "HomeTeam": "Levante"},{"AC": 3, "AF": 16, "AR": 0, "AS": 8, "AST": 1, "AY": 4, "AwayTeam": "Hercules", "Date": "2010-11-07", "FTAG": 0, "FTHG": 3, "FTR": "H", "HC": 4, "HF": 18, "HR": 0, "HS": 16, "HST": 5, "HTAG": 0, "HTHG": 1, "HTR": "H", "HY": 1, "HomeTeam": "Osasuna"},{"AC": 7, "AF": 14, "AR": 0, "AS": 18, "AST": 3, "AY": 2, "AwayTeam": "Ath Madrid", "Date": "2010-11-07", "FTAG": 0, "FTHG": 2, "FTR": "H", "HC": 3, "HF": 13, "HR": 0, "HS": 22, "HST": 13, "HTAG": 0, "HTHG": 2, "HTR": "H", "HY": 2, "HomeTeam": "Real Madrid"},{"AC": 3, "AF": 27, "AR": 1, "AS": 7, "AST": 4, "AY": 3, "AwayTeam": "Ath Bilbao", "Date": "2010-11-07", "FTAG": 1, "FTHG": 4, "FTR": "H", "HC": 7, "HF": 13, "HR": 0, "HS": 23, "HST": 9, "HTAG": 1, "HTHG": 2, "HTR": "H", "HY": 4, "HomeTeam": "Villarreal"},{"AC": 3, "AF": 20, "AR": 0, "AS": 8, "AST": 4, "AY": 6, "AwayTeam": "Mallorca", "Date": "2010-11-07", "FTAG": 2, "FTHG": 3, "FTR": "H", "HC": 11, "HF": 10, "HR": 0, "HS": 22, "HST": 3, "HTAG": 1, "HTHG": 0, "HTR": "A", "HY": 4, "HomeTeam": "Zaragoza"},{"AC": 2, "AF": 12, "AR": 1, "AS": 12, "AST": 6, "AY": 0, "AwayTeam": "Valencia", "Date": "2010-11-08", "FTAG": 0, "FTHG": 2, "FTR": "H", "HC": 7, "HF": 11, "HR": 0, "HS": 22, "HST": 10, "HTAG": 0, "HTHG": 0, "HTR": "D", "HY": 1, "HomeTeam": "Sevilla"},{"AC": 2, "AF": 15, "AR": 0, "AS": 8, "AST": 3, "AY": 3, "AwayTeam": "Almeria", "Date": "2010-11-13", "FTAG": 0, "FTHG": 1, "FTR": "H", "HC": 9, "HF": 18, "HR": 2, "HS": 13, "HST": 4, "HTAG": 0, "HTHG": 1, "HTR": "H", "HY": 2, "HomeTeam": "Ath Bilbao"},{"AC": 3, "AF": 17, "AR": 1, "AS": 14, "AST": 5, "AY": 1, "AwayTeam": "Osasuna", "Date": "2010-11-13", "FTAG": 0, "FTHG": 3, "FTR": "H", "HC": 8, "HF": 11, "HR": 0, "HS": 24, "HST": 7, "HTAG": 0, "HTHG": 2, "HTR": "H", "HY": 1, "HomeTeam": "Ath Madrid"},{"AC": 4, "AF": 19, "AR": 0, "AS": 9, "AST": 2, "AY": 3, "AwayTeam": "Villarreal", "Date": "2010-11-13", "FTAG": 1, "FTHG": 3, "FTR": "H", "HC": 4, "HF": 22, "HR": 0, "HS": 15, "HST": 5, "HTAG": 1, "HTHG": 1, "HTR": "D", "HY": 2, "HomeTeam": "Barcelona"},{"AC": 7, "AF": 12, "AR": 0, "AS": 18, "AST": 1, "AY": 2, "AwayTeam": "Sociedad", "Date": "2010-11-14", "FTAG": 1, "FTHG": 2, "FTR": "H", "HC": 6, "HF": 19, "HR": 0, "HS": 14, "HST": 5, "HTAG": 1, "HTHG": 0, "HTR": "A", "HY": 1, "HomeTeam": "Hercules"},{"AC": 8, "AF": 15, "AR": 0, "AS": 12, "AST": 2, "AY": 5, "AwayTeam": "Levante", "Date": "2010-11-14", "FTAG": 0, "FTHG": 1, "FTR": "H", "HC": 5, "HF": 15, "HR": 0, "HS": 11, "HST": 7, "HTAG": 0, "HTHG": 0, "HTR": "D", "HY": 3, "HomeTeam": "Malaga"},{"AC": 1, "AF": 13, "AR": 0, "AS": 8, "AST": 4, "AY": 1, "AwayTeam": "La Coruna", "Date": "2010-11-14", "FTAG": 0, "FTHG": 0, "FTR": "D", "HC": 8, "HF": 9, "HR": 0, "HS": 13, "HST": 4, "HTAG": 0, "HTHG": 0, "HTR": "D", "HY": 2, "HomeTeam": "Mallorca"},{"AC": 5, "AF": 12, "AR": 0, "AS": 8, "AST": 3, "AY": 3, "AwayTeam": "Espanol", "Date": "2010-11-14", "FTAG": 0, "FTHG": 0, "FTR": "D", "HC": 5, "HF": 22, "HR": 0, "HS": 10, "HST": 4, "HTAG": 0, "HTHG": 0, "HTR": "D", "HY": 2, "HomeTeam": "Santander"},{"AC": 9, "AF": 7, "AR": 0, "AS": 12, "AST": 5, "AY": 2, "AwayTeam": "Real Madrid", "Date": "2010-11-14", "FTAG": 1, "FTHG": 0, "FTR": "A", "HC": 2, "HF": 19, "HR": 1, "HS": 10, "HST": 3, "HTAG": 0, "HTHG": 0, "HTR": "D", "HY": 5, "HomeTeam": "Sp Gijon"},{"AC": 5, "AF": 9, "AR": 0, "AS": 8, "AST": 3, "AY": 3, "AwayTeam": "Getafe", "Date": "2010-11-14", "FTAG": 0, "FTHG": 2, "FTR": "H", "HC": 7, "HF": 22, "HR": 0, "HS": 14, "HST": 4, "HTAG": 0, "HTHG": 1, "HTR": "H", "HY": 3, "HomeTeam": "Valencia"},{"AC": 3, "AF": 26, "AR": 1, "AS": 2, "AST": 2, "AY": 4, "AwayTeam": "Sevilla", "Date": "2010-11-14", "FTAG": 2, "FTHG": 1, "FTR": "A", "HC": 7, "HF": 21, "HR": 0, "HS": 15, "HST": 2, "HTAG": 1, "HTHG": 0, "HTR": "A", "HY": 5, "HomeTeam": "Zaragoza"},{"AC": 5, "AF": 7, "AR": 0, "AS": 18, "AST": 13, "AY": 1, "AwayTeam": "Barcelona", "Date": "2010-11-20", "FTAG": 8, "FTHG": 0, "FTR": "A", "HC": 6, "HF": 10, "HR": 0, "HS": 9, "HST": 2, "HTAG": 5, "HTHG": 0, "HTR": "A", "HY": 2, "HomeTeam": "Almeria"},{"AC": 6, "AF": 15, "AR": 0, "AS": 14, "AST": 6, "AY": 2, "AwayTeam": "Ath Bilbao", "Date": "2010-11-20", "FTAG": 1, "FTHG": 5, "FTR": "H", "HC": 4, "HF": 10, "HR": 0, "HS": 16, "HST": 6, "HTAG": 1, "HTHG": 2, "HTR": "H", "HY": 2, "HomeTeam": "Real Madrid"},{"AC": 4, "AF": 28, "AR": 1, "AS": 8, "AST": 2, "AY": 7, "AwayTeam": "Valencia", "Date": "2010-11-20", "FTAG": 1, "FTHG": 1, "FTR": "D", "HC": 1, "HF": 9, "HR": 0, "HS": 18, "HST": 6, "HTAG": 1, "HTHG": 0, "HTR": "A", "HY": 3, "HomeTeam": "Villarreal"},{"AC": 6, "AF": 19, "AR": 1, "AS": 12, "AST": 5, "AY": 1, "AwayTeam": "Hercules", "Date": "2010-11-21", "FTAG": 0, "FTHG": 3, "FTR": "H", "HC": 1, "HF": 25, "HR": 0, "HS": 7, "HST": 5, "HTAG": 0, "HTHG": 1, "HTR": "H", "HY": 3, "HomeTeam": "Espanol"},{"AC": 12, "AF": 11, "AR": 0, "AS": 13, "AST": 4, "AY": 2, "AwayTeam": "Malaga", "Date": "2010-11-21", "FTAG": 0, "FTHG": 3, "FTR": "H", "HC": 6, "HF": 18, "HR": 0, "HS": 8, "HST": 3, "HTAG": 0, "HTHG": 2, "HTR": "H", "HY": 3, "HomeTeam": "La Coruna"},{"AC": 1, "AF": 17, "AR": 1, "AS": 15, "AST": 4, "AY": 3, "AwayTeam": "Santander", "Date": "2010-11-21", "FTAG": 1, "FTHG": 3, "FTR": "H", "HC": 6, "HF": 22, "HR": 0, "HS": 18, "HST": 10, "HTAG": 0, "HTHG": 3, "HTR": "H", "HY": 2, "HomeTeam": "Levante"},{"AC": 6, "AF": 20, "AR": 0, "AS": 9, "AST": 0, "AY": 2, "AwayTeam": "Sp Gijon", "Date": "2010-11-21", "FTAG": 0, "FTHG": 1, "FTR": "H", "HC": 5, "HF": 22, "HR": 0, "HS": 13, "HST": 2, "HTAG": 0, "HTHG": 0, "HTR": "D", "HY": 4, "HomeTeam": "Osasuna"},{"AC": 1, "AF": 12, "AR": 0, "AS": 17, "AST": 8, "AY": 1, "AwayTeam": "Mallorca", "Date": "2010-11-21", "FTAG": 2, "FTHG": 1, "FTR": "A", "HC": 2, "HF": 8, "HR": 0, "HS": 11, "HST": 2, "HTAG": 1, "HTHG": 0, "HTR": "A", "HY": 2, "HomeTeam": "Sevilla"},{"AC": 8, "AF": 15, "AR": 0, "AS": 23, "AST": 8, "AY": 2, "AwayTeam": "Ath Madrid", "Date": "2010-11-21", "FTAG": 4, "FTHG": 2, "FTR": "A", "HC": 4, "HF": 21, "HR": 0, "HS": 10, "HST": 4, "HTAG": 0, "HTHG": 1, "HTR": "H", "HY": 3, "HomeTeam": "Sociedad"},{"AC": 1, "AF": 13, "AR": 1, "AS": 10, "AST": 4, "AY": 2, "AwayTeam": "Zaragoza", "Date": "2010-11-22", "FTAG": 1, "FTHG": 1, "FTR": "D", "HC": 10, "HF": 16, "HR": 0, "HS": 21, "HST": 3, "HTAG": 1, "HTHG": 0, "HTR": "A", "HY": 3, "HomeTeam": "Getafe"},{"AC": 4, "AF": 23, "AR": 0, "AS": 15, "AST": 6, "AY": 6, "AwayTeam": "Espanol", "Date": "2010-11-27", "FTAG": 3, "FTHG": 2, "FTR": "A", "HC": 10, "HF": 19, "HR": 0, "HS": 23, "HST": 10, "HTAG": 1, "HTHG": 1, "HTR": "D", "HY": 3, "HomeTeam": "Ath Madrid"},{"AC": 6, "AF": 18, "AR": 0, "AS": 13, "AST": 6, "AY": 1, "AwayTeam": "Getafe", "Date": "2010-11-27", "FTAG": 3, "FTHG": 1, "FTR": "A", "HC": 10, "HF": 16, "HR": 0, "HS": 17, "HST": 6, "HTAG": 0, "HTHG": 1, "HTR": "H", "HY": 3, "HomeTeam": "Sevilla"},{"AC": 1, "AF": 8, "AR": 0, "AS": 14, "AST": 6, "AY": 2, "AwayTeam": "Villarreal", "Date": "2010-11-27", "FTAG": 3, "FTHG": 0, "FTR": "A", "HC": 4, "HF": 15, "HR": 1, "HS": 13, "HST": 4, "HTAG": 2, "HTHG": 0, "HTR": "A", "HY": 4, "HomeTeam": "Zaragoza"},{"AC": 8, "AF": 16, "AR": 0, "AS": 11, "AST": 3, "AY": 2, "AwayTeam": "Osasuna", "Date": "2010-11-28", "FTAG": 0, "FTHG": 1, "FTR": "H", "HC": 6, "HF": 12, "HR": 0, "HS": 15, "HST": 5, "HTAG": 0, "HTHG": 0, "HTR": "D", "HY": 3, "HomeTeam": "Ath Bilbao"},{"AC": 4, "AF": 16, "AR": 0, "AS": 9, "AST": 5, "AY": 4, "AwayTeam": "Levante", "Date": "2010-11-28", "FTAG": 1, "FTHG": 3, "FTR": "H", "HC": 6, "HF": 17, "HR": 0, "HS": 18, "HST": 10, "HTAG": 1, "HTHG": 1, "HTR": "D", "HY": 2, "HomeTeam": "Hercules"},{"AC": 6, "AF": 13, "AR": 0, "AS": 14, "AST": 5, "AY": 1, "AwayTeam": "Malaga", "Date": "2010-11-28", "FTAG": 0, "FTHG": 2, "FTR": "H", "HC": 2, "HF": 17, "HR": 0, "HS": 12, "HST": 6, "HTAG": 0, "HTHG": 0, "HTR": "D", "HY": 3, "HomeTeam": "Mallorca"},{"AC": 2, "AF": 12, "AR": 0, "AS": 4, "AST": 0, "AY": 1, "AwayTeam": "La Coruna", "Date": "2010-11-28", "FTAG": 0, "FTHG": 1, "FTR": "H", "HC": 7, "HF": 10, "HR": 0, "HS": 11, "HST": 6, "HTAG": 0, "HTHG": 0, "HTR": "D", "HY": 1, "HomeTeam": "Santander"},{"AC": 3, "AF": 27, "AR": 0, "AS": 12, "AST": 6, "AY": 3, "AwayTeam": "Sociedad", "Date": "2010-11-28", "FTAG": 3, "FTHG": 1, "FTR": "A", "HC": 8, "HF": 31, "HR": 0, "HS": 9, "HST": 3, "HTAG": 2, "HTHG": 1, "HTR": "A", "HY": 5, "HomeTeam": "Sp Gijon"},{"AC": 7, "AF": 12, "AR": 0, "AS": 10, "AST": 3, "AY": 3, "AwayTeam": "Almeria", "Date": "2010-11-28", "FTAG": 1, "FTHG": 2, "FTR": "H", "HC": 8, "HF": 24, "HR": 0, "HS": 11, "HST": 6, "HTAG": 0, "HTHG": 1, "HTR": "H", "HY": 2, "HomeTeam": "Valencia"},{"AC": 6, "AF": 16, "AR": 1, "AS": 5, "AST": 2, "AY": 7, "AwayTeam": "Real Madrid", "Date": "2010-11-29", "FTAG": 0, "FTHG": 5, "FTR": "H", "HC": 3, "HF": 12, "HR": 0, "HS": 15, "HST": 6, "HTAG": 0, "HTHG": 2, "HTR": "H", "HY": 5, "HomeTeam": "Barcelona"},{"AC": 3, "AF": 14, "AR": 0, "AS": 15, "AST": 5, "AY": 5, "AwayTeam": "Ath Madrid", "Date": "2010-12-04", "FTAG": 0, "FTHG": 2, "FTR": "H", "HC": 5, "HF": 20, "HR": 0, "HS": 18, "HST": 8, "HTAG": 0, "HTHG": 1, "HTR": "H", "HY": 5, "HomeTeam": "Levante"},{"AC": 5, "AF": 7, "AR": 0, "AS": 16, "AST": 8, "AY": 0, "AwayTeam": "Barcelona", "Date": "2010-12-04", "FTAG": 3, "FTHG": 0, "FTR": "A", "HC": 3, "HF": 23, "HR": 0, "HS": 4, "HST": 2, "HTAG": 1, "HTHG": 0, "HTR": "A", "HY": 3, "HomeTeam": "Osasuna"},{"AC": 7, "AF": 22, "AR": 1, "AS": 15, "AST": 4, "AY": 4, "AwayTeam": "Valencia", "Date": "2010-12-04", "FTAG": 0, "FTHG": 2, "FTR": "H", "HC": 12, "HF": 22, "HR": 0, "HS": 19, "HST": 11, "HTAG": 0, "HTHG": 0, "HTR": "D", "HY": 3, "HomeTeam": "Real Madrid"},{"AC": 6, "AF": 9, "AR": 0, "AS": 17, "AST": 6, "AY": 0, "AwayTeam": "Zaragoza", "Date": "2010-12-05", "FTAG": 1, "FTHG": 1, "FTR": "D", "HC": 7, "HF": 10, "HR": 0, "HS": 15, "HST": 5, "HTAG": 0, "HTHG": 0, "HTR": "D", "HY": 2, "HomeTeam": "Almeria"},{"AC": 6, "AF": 13, "AR": 0, "AS": 13, "AST": 2, "AY": 5, "AwayTeam": "Sp Gijon", "Date": "2010-12-05", "FTAG": 0, "FTHG": 1, "FTR": "H", "HC": 1, "HF": 15, "HR": 1, "HS": 7, "HST": 2, "HTAG": 0, "HTHG": 0, "HTR": "D", "HY": 2, "HomeTeam": "Espanol"},{"AC": 7, "AF": 9, "AR": 0, "AS": 17, "AST": 3, "AY": 0, "AwayTeam": "Mallorca", "Date": "2010-12-05", "FTAG": 0, "FTHG": 3, "FTR": "H", "HC": 8, "HF": 9, "HR": 0, "HS": 12, "HST": 7, "HTAG": 0, "HTHG": 2, "HTR": "H", "HY": 1, "HomeTeam": "Getafe"},{"AC": 4, "AF": 10, "AR": 0, "AS": 11, "AST": 4, "AY": 0, "AwayTeam": "Santander", "Date": "2010-12-05", "FTAG": 1, "FTHG": 4, "FTR": "H", "HC": 6, "HF": 10, "HR": 0, "HS": 18, "HST": 6, "HTAG": 1, "HTHG": 2, "HTR": "H", "HY": 1, "HomeTeam": "Malaga"},{"AC": 11, "AF": 18, "AR": 0, "AS": 22, "AST": 3, "AY": 1, "AwayTeam": "Ath Bilbao", "Date": "2010-12-05", "FTAG": 0, "FTHG": 2, "FTR": "H", "HC": 2, "HF": 15, "HR": 0, "HS": 7, "HST": 2, "HTAG": 0, "HTHG": 1, "HTR": "H", "HY": 2, "HomeTeam": "Sociedad"},{"AC": 3, "AF": 22, "AR": 0, "AS": 8, "AST": 3, "AY": 3, "AwayTeam": "Sevilla", "Date": "2010-12-05", "FTAG": 0, "FTHG": 1, "FTR": "H", "HC": 9, "HF": 16, "HR": 0, "HS": 11, "HST": 4, "HTAG": 0, "HTHG": 1, "HTR": "H", "HY": 3, "HomeTeam": "Villarreal"},{"AC": 3, "AF": 12, "AR": 0, "AS": 7, "AST": 1, "AY": 4, "AwayTeam": "Hercules", "Date": "2010-12-06", "FTAG": 0, "FTHG": 1, "FTR": "H", "HC": 3, "HF": 14, "HR": 0, "HS": 12, "HST": 4, "HTAG": 0, "HTHG": 0, "HTR": "D", "HY": 2, "HomeTeam": "La Coruna"},{"AC": 6, "AF": 12, "AR": 0, "AS": 5, "AST": 0, "AY": 3, "AwayTeam": "La Coruna", "Date": "2010-12-11", "FTAG": 0, "FTHG": 2, "FTR": "H", "HC": 11, "HF": 9, "HR": 0, "HS": 20, "HST": 7, "HTAG": 0, "HTHG": 2, "HTR": "H", "HY": 1, "HomeTeam": "Ath Madrid"},{"AC": 5, "AF": 18, "AR": 0, "AS": 14, "AST": 7, "AY": 1, "AwayTeam": "Villarreal", "Date": "2010-12-11", "FTAG": 0, "FTHG": 1, "FTR": "H", "HC": 3, "HF": 21, "HR": 2, "HS": 9, "HST": 3, "HTAG": 0, "HTHG": 0, "HTR": "D", "HY": 3, "HomeTeam": "Getafe"},{"AC": 6, "AF": 21, "AR": 0, "AS": 16, "AST": 9, "AY": 3, "AwayTeam": "Almeria", "Date": "2010-12-11", "FTAG": 3, "FTHG": 1, "FTR": "A", "HC": 10, "HF": 20, "HR": 1, "HS": 19, "HST": 8, "HTAG": 0, "HTHG": 0, "HTR": "D", "HY": 2, "HomeTeam": "Sevilla"},{"AC": 7, "AF": 13, "AR": 0, "AS": 11, "AST": 6, "AY": 4, "AwayTeam": "Espanol", "Date": "2010-12-12", "FTAG": 1, "FTHG": 2, "FTR": "H", "HC": 4, "HF": 20, "HR": 0, "HS": 16, "HST": 7, "HTAG": 1, "HTHG": 0, "HTR": "A", "HY": 3, "HomeTeam": "Ath Bilbao"},{"AC": 2, "AF": 9, "AR": 0, "AS": 2, "AST": 0, "AY": 0, "AwayTeam": "Sociedad", "Date": "2010-12-12", "FTAG": 0, "FTHG": 5, "FTR": "H", "HC": 11, "HF": 9, "HR": 0, "HS": 21, "HST": 9, "HTAG": 0, "HTHG": 2, "HTR": "H", "HY": 1, "HomeTeam": "Barcelona"},{"AC": 3, "AF": 22, "AR": 0, "AS": 8, "AST": 5, "AY": 4, "AwayTeam": "Malaga", "Date": "2010-12-12", "FTAG": 1, "FTHG": 4, "FTR": "H", "HC": 5, "HF": 10, "HR": 0, "HS": 19, "HST": 7, "HTAG": 1, "HTHG": 0, "HTR": "A", "HY": 5, "HomeTeam": "Hercules"},{"AC": 3, "AF": 13, "AR": 0, "AS": 10, "AST": 3, "AY": 0, "AwayTeam": "Santander", "Date": "2010-12-12", "FTAG": 1, "FTHG": 0, "FTR": "A", "HC": 6, "HF": 9, "HR": 0, "HS": 14, "HST": 4, "HTAG": 0, "HTHG": 0, "HTR": "D", "HY": 1, "HomeTeam": "Mallorca"},{"AC": 3, "AF": 16, "AR": 0, "AS": 4, "AST": 1, "AY": 5, "AwayTeam": "Levante", "Date": "2010-12-12", "FTAG": 1, "FTHG": 1, "FTR": "D", "HC": 13, "HF": 20, "HR": 0, "HS": 15, "HST": 5, "HTAG": 0, "HTHG": 0, "HTR": "D", "HY": 2, "HomeTeam": "Sp Gijon"},{"AC": 5, "AF": 14, "AR": 0, "AS": 20, "AST": 7, "AY": 4, "AwayTeam": "Real Madrid", "Date": "2010-12-12", "FTAG": 3, "FTHG": 1, "FTR": "A", "HC": 5, "HF": 13, "HR": 0, "HS": 6, "HST": 3, "HTAG": 2, "HTHG": 0, "HTR": "A", "HY": 3, "HomeTeam": "Zaragoza"},{"AC": 9, "AF": 18, "AR": 0, "AS": 16, "AST": 4, "AY": 4, "AwayTeam": "Osasuna", "Date": "2010-12-13", "FTAG": 3, "FTHG": 3, "FTR": "D", "HC": 5, "HF": 18, "HR": 0, "HS": 12, "HST": 9, "HTAG": 1, "HTHG": 3, "HTR": "H", "HY": 1, "HomeTeam": "Valencia"},{"AC": 7, "AF": 15, "AR": 0, "AS": 19, "AST": 10, "AY": 3, "AwayTeam": "Barcelona", "Date": "2010-12-18", "FTAG": 5, "FTHG": 1, "FTR": "A", "HC": 2, "HF": 20, "HR": 0, "HS": 7, "HST": 5, "HTAG": 2, "HTHG": 0, "HTR": "A", "HY": 5, "HomeTeam": "Espanol"},{"AC": 9, "AF": 13, "AR": 0, "AS": 10, "AST": 3, "AY": 3, "AwayTeam": "Sp Gijon", "Date": "2010-12-18", "FTAG": 1, "FTHG": 1, "FTR": "D", "HC": 3, "HF": 10, "HR": 0, "HS": 12, "HST": 6, "HTAG": 0, "HTHG": 1, "HTR": "H", "HY": 4, "HomeTeam": "La Coruna"},{"AC": 4, "AF": 19, "AR": 0, "AS": 9, "AST": 6, "AY": 4, "AwayTeam": "Ath Bilbao", "Date": "2010-12-18", "FTAG": 2, "FTHG": 1, "FTR": "A", "HC": 12, "HF": 16, "HR": 0, "HS": 15, "HST": 2, "HTAG": 1, "HTHG": 1, "HTR": "D", "HY": 2, "HomeTeam": "Levante"},{"AC": 7, "AF": 11, "AR": 0, "AS": 15, "AST": 5, "AY": 4, "AwayTeam": "Valencia", "Date": "2010-12-18", "FTAG": 2, "FTHG": 1, "FTR": "A", "HC": 7, "HF": 10, "HR": 0, "HS": 12, "HST": 2, "HTAG": 1, "HTHG": 1, "HTR": "D", "HY": 3, "HomeTeam": "Sociedad"},{"AC": 3, "AF": 25, "AR": 0, "AS": 7, "AST": 2, "AY": 5, "AwayTeam": "Mallorca", "Date": "2010-12-18", "FTAG": 1, "FTHG": 3, "FTR": "H", "HC": 3, "HF": 8, "HR": 0, "HS": 14, "HST": 7, "HTAG": 1, "HTHG": 2, "HTR": "H", "HY": 1, "HomeTeam": "Villarreal"},{"AC": 10, "AF": 12, "AR": 0, "AS": 22, "AST": 9, "AY": 4, "AwayTeam": "Getafe", "Date": "2010-12-19", "FTAG": 3, "FTHG": 2, "FTR": "A", "HC": 9, "HF": 15, "HR": 0, "HS": 16, "HST": 5, "HTAG": 1, "HTHG": 2, "HTR": "H", "HY": 3, "HomeTeam": "Almeria"},{"AC": 3, "AF": 19, "AR": 0, "AS": 11, "AST": 6, "AY": 2, "AwayTeam": "Ath Madrid", "Date": "2010-12-19", "FTAG": 3, "FTHG": 0, "FTR": "A", "HC": 3, "HF": 21, "HR": 0, "HS": 12, "HST": 3, "HTAG": 1, "HTHG": 0, "HTR": "A", "HY": 2, "HomeTeam": "Malaga"},{"AC": 2, "AF": 18, "AR": 0, "AS": 10, "AST": 1, "AY": 2, "AwayTeam": "Zaragoza", "Date": "2010-12-19", "FTAG": 0, "FTHG": 0, "FTR": "D", "HC": 13, "HF": 11, "HR": 0, "HS": 15, "HST": 5, "HTAG": 0, "HTHG": 0, "HTR": "D", "HY": 2, "HomeTeam": "Osasuna"},{"AC": 3, "AF": 18, "AR": 1, "AS": 5, "AST": 2, "AY": 3, "AwayTeam": "Sevilla", "Date": "2010-12-19", "FTAG": 0, "FTHG": 1, "FTR": "H", "HC": 8, "HF": 22, "HR": 1, "HS": 10, "HST": 5, "HTAG": 0, "HTHG": 0, "HTR": "D", "HY": 6, "HomeTeam": "Real Madrid"},{"AC": 9, "AF": 15, "AR": 0, "AS": 8, "AST": 3, "AY": 2, "AwayTeam": "Hercules", "Date": "2010-12-20", "FTAG": 0, "FTHG": 0, "FTR": "D", "HC": 4, "HF": 20, "HR": 0, "HS": 8, "HST": 2, "HTAG": 0, "HTHG": 0, "HTR": "D", "HY": 3, "HomeTeam": "Santander"},{"AC": 1, "AF": 17, "AR": 1, "AS": 7, "AST": 3, "AY": 2, "AwayTeam": "La Coruna", "Date": "2011-01-02", "FTAG": 2, "FTHG": 1, "FTR": "A", "HC": 9, "HF": 18, "HR": 2, "HS": 21, "HST": 7, "HTAG": 1, "HTHG": 0, "HTR": "A", "HY": 1, "HomeTeam": "Ath Bilbao"},{"AC": 1, "AF": 13, "AR": 0, "AS": 4, "AST": 2, "AY": 2, "AwayTeam": "Levante", "Date": "2011-01-02", "FTAG": 1, "FTHG": 2, "FTR": "H", "HC": 12, "HF": 16, "HR": 0, "HS": 22, "HST": 10, "HTAG": 0, "HTHG": 0, "HTR": "D", "HY": 4, "HomeTeam": "Barcelona"},{"AC": 6, "AF": 22, "AR": 0, "AS": 7, "AST": 3, "AY": 5, "AwayTeam": "Osasuna", "Date": "2011-01-02", "FTAG": 0, "FTHG": 1, "FTR": "H", "HC": 8, "HF": 17, "HR": 0, "HS": 13, "HST": 5, "HTAG": 0, "HTHG": 1, "HTR": "H", "HY": 1, "HomeTeam": "Sevilla"},{"AC": 3, "AF": 20, "AR": 0, "AS": 6, "AST": 5, "AY": 3, "AwayTeam": "Malaga", "Date": "2011-01-02", "FTAG": 2, "FTHG": 1, "FTR": "A", "HC": 2, "HF": 16, "HR": 0, "HS": 14, "HST": 6, "HTAG": 1, "HTHG": 1, "HTR": "D", "HY": 5, "HomeTeam": "Sp Gijon"},{"AC": 4, "AF": 14, "AR": 0, "AS": 15, "AST": 2, "AY": 3, "AwayTeam": "Espanol", "Date": "2011-01-02", "FTAG": 1, "FTHG": 2, "FTR": "H", "HC": 6, "HF": 17, "HR": 1, "HS": 13, "HST": 8, "HTAG": 1, "HTHG": 1, "HTR": "D", "HY": 2, "HomeTeam": "Valencia"},{"AC": 0, "AF": 11, "AR": 0, "AS": 9, "AST": 3, "AY": 1, "AwayTeam": "Santander", "Date": "2011-01-03", "FTAG": 0, "FTHG": 0, "FTR": "D", "HC": 10, "HF": 15, "HR": 0, "HS": 13, "HST": 5, "HTAG": 0, "HTHG": 0, "HTR": "D", "HY": 2, "HomeTeam": "Ath Madrid"},{"AC": 2, "AF": 20, "AR": 1, "AS": 15, "AST": 5, "AY": 3, "AwayTeam": "Real Madrid", "Date": "2011-01-03", "FTAG": 3, "FTHG": 2, "FTR": "A", "HC": 3, "HF": 16, "HR": 0, "HS": 12, "HST": 5, "HTAG": 2, "HTHG": 1, "HTR": "A", "HY": 5, "HomeTeam": "Getafe"},{"AC": 12, "AF": 7, "AR": 0, "AS": 11, "AST": 3, "AY": 4, "AwayTeam": "Hercules", "Date": "2011-01-03", "FTAG": 0, "FTHG": 3, "FTR": "H", "HC": 4, "HF": 7, "HR": 0, "HS": 20, "HST": 10, "HTAG": 0, "HTHG": 2, "HTR": "H", "HY": 1, "HomeTeam": "Mallorca"},{"AC": 0, "AF": 18, "AR": 0, "AS": 11, "AST": 2, "AY": 4, "AwayTeam": "Almeria", "Date": "2011-01-03", "FTAG": 0, "FTHG": 2, "FTR": "H", "HC": 4, "HF": 16, "HR": 0, "HS": 16, "HST": 10, "HTAG": 0, "HTHG": 1, "HTR": "H", "HY": 1, "HomeTeam": "Villarreal"},{"AC": 4, "AF": 16, "AR": 0, "AS": 8, "AST": 2, "AY": 1, "AwayTeam": "Sociedad", "Date": "2011-01-03", "FTAG": 1, "FTHG": 2, "FTR": "H", "HC": 9, "HF": 17, "HR": 0, "HS": 24, "HST": 9, "HTAG": 1, "HTHG": 1, "HTR": "D", "HY": 3, "HomeTeam": "Zaragoza"},{"AC": 7, "AF": 7, "AR": 0, "AS": 8, "AST": 5, "AY": 0, "AwayTeam": "Barcelona", "Date": "2011-01-08", "FTAG": 4, "FTHG": 0, "FTR": "A", "HC": 4, "HF": 8, "HR": 0, "HS": 7, "HST": 1, "HTAG": 1, "HTHG": 0, "HTR": "A", "HY": 1, "HomeTeam": "La Coruna"},{"AC": 5, "AF": 19, "AR": 0, "AS": 13, "AST": 6, "AY": 3, "AwayTeam": "Ath Bilbao", "Date": "2011-01-08", "FTAG": 1, "FTHG": 1, "FTR": "D", "HC": 8, "HF": 15, "HR": 0, "HS": 12, "HST": 3, "HTAG": 0, "HTHG": 0, "HTR": "D", "HY": 4, "HomeTeam": "Malaga"},{"AC": 7, "AF": 13, "AR": 0, "AS": 17, "AST": 5, "AY": 1, "AwayTeam": "Sevilla", "Date": "2011-01-08", "FTAG": 3, "FTHG": 2, "FTR": "A", "HC": 5, "HF": 12, "HR": 0, "HS": 14, "HST": 8, "HTAG": 1, "HTHG": 2, "HTR": "H", "HY": 2, "HomeTeam": "Sociedad"},{"AC": 3, "AF": 21, "AR": 0, "AS": 13, "AST": 4, "AY": 4, "AwayTeam": "Zaragoza", "Date": "2011-01-09", "FTAG": 0, "FTHG": 4, "FTR": "H", "HC": 3, "HF": 12, "HR": 0, "HS": 11, "HST": 6, "HTAG": 0, "HTHG": 3, "HTR": "H", "HY": 2, "HomeTeam": "Espanol"},{"AC": 3, "AF": 14, "AR": 0, "AS": 16, "AST": 6, "AY": 1, "AwayTeam": "Valencia", "Date": "2011-01-09", "FTAG": 1, "FTHG": 0, "FTR": "A", "HC": 6, "HF": 14, "HR": 0, "HS": 13, "HST": 2, "HTAG": 0, "HTHG": 0, "HTR": "D", "HY": 4, "HomeTeam": "Levante"},{"AC": 9, "AF": 9, "AR": 0, "AS": 10, "AST": 2, "AY": 1, "AwayTeam": "Almeria", "Date": "2011-01-09", "FTAG": 1, "FTHG": 4, "FTR": "H", "HC": 8, "HF": 14, "HR": 0, "HS": 18, "HST": 9, "HTAG": 0, "HTHG": 2, "HTR": "H", "HY": 2, "HomeTeam": "Mallorca"},{"AC": 11, "AF": 10, "AR": 0, "AS": 18, "AST": 7, "AY": 1, "AwayTeam": "Getafe", "Date": "2011-01-09", "FTAG": 0, "FTHG": 0, "FTR": "D", "HC": 6, "HF": 15, "HR": 0, "HS": 15, "HST": 3, "HTAG": 0, "HTHG": 0, "HTR": "D", "HY": 4, "HomeTeam": "Osasuna"},{"AC": 3, "AF": 8, "AR": 0, "AS": 12, "AST": 3, "AY": 4, "AwayTeam": "Villarreal", "Date": "2011-01-09", "FTAG": 2, "FTHG": 4, "FTR": "H", "HC": 6, "HF": 20, "HR": 0, "HS": 15, "HST": 7, "HTAG": 2, "HTHG": 2, "HTR": "D", "HY": 3, "HomeTeam": "Real Madrid"},{"AC": 10, "AF": 15, "AR": 0, "AS": 17, "AST": 9, "AY": 3, "AwayTeam": "Sp Gijon", "Date": "2011-01-09", "FTAG": 1, "FTHG": 1, "FTR": "D", "HC": 4, "HF": 16, "HR": 0, "HS": 13, "HST": 3, "HTAG": 0, "HTHG": 1, "HTR": "H", "HY": 1, "HomeTeam": "Santander"},{"AC": 4, "AF": 15, "AR": 0, "AS": 22, "AST": 4, "AY": 0, "AwayTeam": "Ath Madrid", "Date": "2011-01-10", "FTAG": 1, "FTHG": 4, "FTR": "H", "HC": 4, "HF": 17, "HR": 0, "HS": 10, "HST": 6, "HTAG": 0, "HTHG": 4, "HTR": "H", "HY": 1, "HomeTeam": "Hercules"},{"AC": 7, "AF": 12, "AR": 1, "AS": 12, "AST": 4, "AY": 3, "AwayTeam": "Santander", "Date": "2011-01-15", "FTAG": 1, "FTHG": 2, "FTR": "H", "HC": 6, "HF": 13, "HR": 0, "HS": 9, "HST": 4, "HTAG": 0, "HTHG": 2, "HTR": "H", "HY": 2, "HomeTeam": "Ath Bilbao"},{"AC": 2, "AF": 17, "AR": 0, "AS": 11, "AST": 4, "AY": 4, "AwayTeam": "Sociedad", "Date": "2011-01-15", "FTAG": 4, "FTHG": 0, "FTR": "A", "HC": 10, "HF": 8, "HR": 0, "HS": 22, "HST": 3, "HTAG": 2, "HTHG": 0, "HTR": "A", "HY": 3, "HomeTeam": "Getafe"},{"AC": 3, "AF": 9, "AR": 0, "AS": 11, "AST": 4, "AY": 2, "AwayTeam": "Espanol", "Date": "2011-01-15", "FTAG": 2, "FTHG": 1, "FTR": "A", "HC": 7, "HF": 17, "HR": 0, "HS": 17, "HST": 6, "HTAG": 1, "HTHG": 0, "HTR": "A", "HY": 1, "HomeTeam": "Sevilla"},{"AC": 4, "AF": 17, "AR": 0, "AS": 5, "AST": 2, "AY": 5, "AwayTeam": "Hercules", "Date": "2011-01-15", "FTAG": 0, "FTHG": 2, "FTR": "H", "HC": 3, "HF": 12, "HR": 0, "HS": 8, "HST": 6, "HTAG": 0, "HTHG": 2, "HTR": "H", "HY": 3, "HomeTeam": "Sp Gijon"},{"AC": 5, "AF": 10, "AR": 0, "AS": 12, "AST": 4, "AY": 3, "AwayTeam": "Osasuna", "Date": "2011-01-15", "FTAG": 2, "FTHG": 4, "FTR": "H", "HC": 6, "HF": 10, "HR": 0, "HS": 20, "HST": 12, "HTAG": 0, "HTHG": 1, "HTR": "H", "HY": 1, "HomeTeam": "Villarreal"},{"AC": 0, "AF": 18, "AR": 0, "AS": 8, "AST": 3, "AY": 3, "AwayTeam": "Levante", "Date": "2011-01-15", "FTAG": 0, "FTHG": 1, "FTR": "H", "HC": 4, "HF": 25, "HR": 0, "HS": 10, "HST": 2, "HTAG": 0, "HTHG": 1, "HTR": "H", "HY": 5, "HomeTeam": "Zaragoza"},{"AC": 12, "AF": 18, "AR": 0, "AS": 24, "AST": 10, "AY": 2, "AwayTeam": "Real Madrid", "Date": "2011-01-16", "FTAG": 1, "FTHG": 1, "FTR": "D", "HC": 1, "HF": 21, "HR": 0, "HS": 9, "HST": 3, "HTAG": 0, "HTHG": 0, "HTR": "D", "HY": 2, "HomeTeam": "Almeria"},{"AC": 1, "AF": 12, "AR": 0, "AS": 4, "AST": 2, "AY": 1, "AwayTeam": "Malaga", "Date": "2011-01-16", "FTAG": 1, "FTHG": 4, "FTR": "H", "HC": 8, "HF": 12, "HR": 0, "HS": 13, "HST": 9, "HTAG": 0, "HTHG": 3, "HTR": "H", "HY": 1, "HomeTeam": "Barcelona"},{"AC": 3, "AF": 14, "AR": 0, "AS": 9, "AST": 1, "AY": 2, "AwayTeam": "La Coruna", "Date": "2011-01-16", "FTAG": 0, "FTHG": 2, "FTR": "H", "HC": 2, "HF": 16, "HR": 0, "HS": 17, "HST": 7, "HTAG": 0, "HTHG": 0, "HTR": "D", "HY": 3, "HomeTeam": "Valencia"},{"AC": 4, "AF": 9, "AR": 1, "AS": 18, "AST": 7, "AY": 3, "AwayTeam": "Mallorca", "Date": "2011-01-17", "FTAG": 0, "FTHG": 3, "FTR": "H", "HC": 4, "HF": 12, "HR": 1, "HS": 10, "HST": 5, "HTAG": 0, "HTHG": 2, "HTR": "H", "HY": 2, "HomeTeam": "Ath Madrid"},{"AC": 1, "AF": 15, "AR": 0, "AS": 7, "AST": 3, "AY": 0, "AwayTeam": "Santander", "Date": "2011-01-22", "FTAG": 0, "FTHG": 3, "FTR": "H", "HC": 8, "HF": 6, "HR": 0, "HS": 14, "HST": 11, "HTAG": 0, "HTHG": 2, "HTR": "H", "HY": 0, "HomeTeam": "Barcelona"},{"AC": 1, "AF": 22, "AR": 0, "AS": 5, "AST": 2, "AY": 2, "AwayTeam": "Levante", "Date": "2011-01-22", "FTAG": 1, "FTHG": 4, "FTR": "H", "HC": 6, "HF": 14, "HR": 0, "HS": 9, "HST": 5, "HTAG": 0, "HTHG": 3, "HTR": "H", "HY": 2, "HomeTeam": "Sevilla"},{"AC": 2, "AF": 7, "AR": 2, "AS": 9, "AST": 6, "AY": 4, "AwayTeam": "Malaga", "Date": "2011-01-22", "FTAG": 3, "FTHG": 4, "FTR": "H", "HC": 9, "HF": 15, "HR": 0, "HS": 15, "HST": 7, "HTAG": 2, "HTHG": 1, "HTR": "A", "HY": 1, "HomeTeam": "Valencia"},{"AC": 9, "AF": 16, "AR": 0, "AS": 16, "AST": 5, "AY": 5, "AwayTeam": "Osasuna", "Date": "2011-01-23", "FTAG": 2, "FTHG": 3, "FTR": "H", "HC": 6, "HF": 19, "HR": 0, "HS": 14, "HST": 4, "HTAG": 1, "HTHG": 2, "HTR": "H", "HY": 3, "HomeTeam": "Almeria"},{"AC": 6, "AF": 6, "AR": 0, "AS": 12, "AST": 6, "AY": 0, "AwayTeam": "Espanol", "Date": "2011-01-23", "FTAG": 3, "FTHG": 1, "FTR": "A", "HC": 5, "HF": 15, "HR": 0, "HS": 17, "HST": 5, "HTAG": 0, "HTHG": 1, "HTR": "H", "HY": 0, "HomeTeam": "Getafe"},{"AC": 5, "AF": 15, "AR": 0, "AS": 10, "AST": 2, "AY": 4, "AwayTeam": "Mallorca", "Date": "2011-01-23", "FTAG": 0, "FTHG": 1, "FTR": "H", "HC": 12, "HF": 12, "HR": 0, "HS": 18, "HST": 5, "HTAG": 0, "HTHG": 0, "HTR": "D", "HY": 3, "HomeTeam": "Real Madrid"},{"AC": 5, "AF": 14, "AR": 0, "AS": 5, "AST": 1, "AY": 3, "AwayTeam": "Ath Madrid", "Date": "2011-01-23", "FTAG": 0, "FTHG": 1, "FTR": "H", "HC": 4, "HF": 19, "HR": 0, "HS": 6, "HST": 3, "HTAG": 0, "HTHG": 0, "HTR": "D", "HY": 2, "HomeTeam": "Sp Gijon"},{"AC": 2, "AF": 20, "AR": 0, "AS": 4, "AST": 1, "AY": 4, "AwayTeam": "Sociedad", "Date": "2011-01-23", "FTAG": 1, "FTHG": 2, "FTR": "H", "HC": 8, "HF": 14, "HR": 0, "HS": 28, "HST": 8, "HTAG": 1, "HTHG": 1, "HTR": "D", "HY": 1, "HomeTeam": "Villarreal"},{"AC": 1, "AF": 14, "AR": 0, "AS": 5, "AST": 0, "AY": 2, "AwayTeam": "La Coruna", "Date": "2011-01-23", "FTAG": 0, "FTHG": 1, "FTR": "H", "HC": 5, "HF": 30, "HR": 0, "HS": 7, "HST": 4, "HTAG": 0, "HTHG": 1, "HTR": "H", "HY": 4, "HomeTeam": "Zaragoza"},{"AC": 1, "AF": 16, "AR": 0, "AS": 7, "AST": 3, "AY": 4, "AwayTeam": "Hercules", "Date": "2011-01-24", "FTAG": 0, "FTHG": 3, "FTR": "H", "HC": 8, "HF": 21, "HR": 0, "HS": 12, "HST": 4, "HTAG": 0, "HTHG": 1, "HTR": "H", "HY": 3, "HomeTeam": "Ath Bilbao"},{"AC": 9, "AF": 8, "AR": 0, "AS": 22, "AST": 8, "AY": 1, "AwayTeam": "Barcelona", "Date": "2011-01-29", "FTAG": 3, "FTHG": 0, "FTR": "A", "HC": 2, "HF": 12, "HR": 1, "HS": 4, "HST": 2, "HTAG": 1, "HTHG": 0, "HTR": "A", "HY": 2, "HomeTeam": "Hercules"},{"AC": 5, "AF": 8, "AR": 1, "AS": 12, "AST": 6, "AY": 3, "AwayTeam": "Sevilla", "Date": "2011-01-29", "FTAG": 3, "FTHG": 3, "FTR": "D", "HC": 4, "HF": 14, "HR": 0, "HS": 16, "HST": 5, "HTAG": 0, "HTHG": 1, "HTR": "H", "HY": 1, "HomeTeam": "La Coruna"},{"AC": 3, "AF": 11, "AR": 1, "AS": 7, "AST": 0, "AY": 2, "AwayTeam": "Getafe", "Date": "2011-01-29", "FTAG": 0, "FTHG": 2, "FTR": "H", "HC": 3, "HF": 10, "HR": 1, "HS": 15, "HST": 6, "HTAG": 0, "HTHG": 0, "HTR": "D", "HY": 3, "HomeTeam": "Levante"},{"AC": 3, "AF": 26, "AR": 0, "AS": 12, "AST": 7, "AY": 4, "AwayTeam": "Zaragoza", "Date": "2011-01-29", "FTAG": 2, "FTHG": 1, "FTR": "A", "HC": 5, "HF": 14, "HR": 0, "HS": 15, "HST": 6, "HTAG": 1, "HTHG": 1, "HTR": "D", "HY": 3, "HomeTeam": "Malaga"},{"AC": 2, "AF": 10, "AR": 0, "AS": 10, "AST": 3, "AY": 2, "AwayTeam": "Sp Gijon", "Date": "2011-01-29", "FTAG": 4, "FTHG": 0, "FTR": "A", "HC": 4, "HF": 17, "HR": 0, "HS": 16, "HST": 3, "HTAG": 1, "HTHG": 0, "HTR": "A", "HY": 4, "HomeTeam": "Mallorca"},{"AC": 2, "AF": 23, "AR": 0, "AS": 22, "AST": 5, "AY": 3, "AwayTeam": "Almeria", "Date": "2011-01-29", "FTAG": 0, "FTHG": 2, "FTR": "H", "HC": 9, "HF": 10, "HR": 0, "HS": 13, "HST": 5, "HTAG": 0, "HTHG": 1, "HTR": "H", "HY": 2, "HomeTeam": "Sociedad"},{"AC": 6, "AF": 17, "AR": 0, "AS": 15, "AST": 7, "AY": 1, "AwayTeam": "Ath Bilbao", "Date": "2011-01-30", "FTAG": 2, "FTHG": 0, "FTR": "A", "HC": 3, "HF": 17, "HR": 1, "HS": 16, "HST": 7, "HTAG": 1, "HTHG": 0, "HTR": "A", "HY": 3, "HomeTeam": "Ath Madrid"},{"AC": 5, "AF": 13, "AR": 0, "AS": 16, "AST": 6, "AY": 4, "AwayTeam": "Villarreal", "Date": "2011-01-30", "FTAG": 1, "FTHG": 0, "FTR": "A", "HC": 7, "HF": 9, "HR": 0, "HS": 13, "HST": 5, "HTAG": 1, "HTHG": 0, "HTR": "A", "HY": 2, "HomeTeam": "Espanol"},{"AC": 5, "AF": 9, "AR": 0, "AS": 21, "AST": 4, "AY": 3, "AwayTeam": "Real Madrid", "Date": "2011-01-30", "FTAG": 0, "FTHG": 1, "FTR": "H", "HC": 5, "HF": 24, "HR": 0, "HS": 9, "HST": 3, "HTAG": 0, "HTHG": 0, "HTR": "D", "HY": 8, "HomeTeam": "Osasuna"},{"AC": 6, "AF": 16, "AR": 2, "AS": 8, "AST": 3, "AY": 2, "AwayTeam": "Valencia", "Date": "2011-01-31", "FTAG": 1, "FTHG": 1, "FTR": "D", "HC": 3, "HF": 14, "HR": 1, "HS": 8, "HST": 4, "HTAG": 0, "HTHG": 1, "HTR": "H", "HY": 4, "HomeTeam": "Santander"},{"AC": 6, "AF": 16, "AR": 0, "AS": 17, "AST": 5, "AY": 3, "AwayTeam": "Espanol", "Date": "2011-02-05", "FTAG": 2, "FTHG": 3, "FTR": "H", "HC": 4, "HF": 24, "HR": 0, "HS": 11, "HST": 5, "HTAG": 1, "HTHG": 3, "HTR": "H", "HY": 5, "HomeTeam": "Almeria"},{"AC": 3, "AF": 14, "AR": 1, "AS": 6, "AST": 1, "AY": 2, "AwayTeam": "Sp Gijon", "Date": "2011-02-05", "FTAG": 0, "FTHG": 3, "FTR": "H", "HC": 9, "HF": 15, "HR": 0, "HS": 13, "HST": 6, "HTAG": 0, "HTHG": 2, "HTR": "H", "HY": 4, "HomeTeam": "Ath Bilbao"},{"AC": 5, "AF": 15, "AR": 0, "AS": 10, "AST": 4, "AY": 3, "AwayTeam": "Ath Madrid", "Date": "2011-02-05", "FTAG": 0, "FTHG": 3, "FTR": "H", "HC": 5, "HF": 11, "HR": 0, "HS": 15, "HST": 8, "HTAG": 0, "HTHG": 2, "HTR": "H", "HY": 2, "HomeTeam": "Barcelona"},{"AC": 7, "AF": 8, "AR": 0, "AS": 19, "AST": 8, "AY": 4, "AwayTeam": "La Coruna", "Date": "2011-02-05", "FTAG": 1, "FTHG": 4, "FTR": "H", "HC": 5, "HF": 12, "HR": 0, "HS": 19, "HST": 10, "HTAG": 0, "HTHG": 3, "HTR": "H", "HY": 5, "HomeTeam": "Getafe"},{"AC": 4, "AF": 14, "AR": 0, "AS": 8, "AST": 4, "AY": 1, "AwayTeam": "Mallorca", "Date": "2011-02-05", "FTAG": 1, "FTHG": 1, "FTR": "D", "HC": 5, "HF": 16, "HR": 0, "HS": 16, "HST": 5, "HTAG": 1, "HTHG": 1, "HTR": "D", "HY": 1, "HomeTeam": "Osasuna"},{"AC": 7, "AF": 14, "AR": 0, "AS": 11, "AST": 4, "AY": 7, "AwayTeam": "Levante", "Date": "2011-02-05", "FTAG": 1, "FTHG": 0, "FTR": "A", "HC": 6, "HF": 10, "HR": 0, "HS": 14, "HST": 4, "HTAG": 0, "HTHG": 0, "HTR": "D", "HY": 2, "HomeTeam": "Villarreal"},{"AC": 5, "AF": 22, "AR": 0, "AS": 13, "AST": 4, "AY": 3, "AwayTeam": "Santander", "Date": "2011-02-05", "FTAG": 1, "FTHG": 1, "FTR": "D", "HC": 4, "HF": 20, "HR": 0, "HS": 18, "HST": 5, "HTAG": 1, "HTHG": 1, "HTR": "D", "HY": 4, "HomeTeam": "Zaragoza"},{"AC": 3, "AF": 10, "AR": 0, "AS": 14, "AST": 4, "AY": 3, "AwayTeam": "Sociedad", "Date": "2011-02-06", "FTAG": 1, "FTHG": 4, "FTR": "H", "HC": 11, "HF": 7, "HR": 0, "HS": 30, "HST": 8, "HTAG": 0, "HTHG": 3, "HTR": "H", "HY": 2, "HomeTeam": "Real Madrid"},{"AC": 4, "AF": 16, "AR": 0, "AS": 6, "AST": 1, "AY": 4, "AwayTeam": "Malaga", "Date": "2011-02-06", "FTAG": 0, "FTHG": 0, "FTR": "D", "HC": 7, "HF": 17, "HR": 0, "HS": 9, "HST": 2, "HTAG": 0, "HTHG": 0, "HTR": "D", "HY": 4, "HomeTeam": "Sevilla"},{"AC": 2, "AF": 14, "AR": 0, "AS": 7, "AST": 3, "AY": 2, "AwayTeam": "Hercules", "Date": "2011-02-06", "FTAG": 0, "FTHG": 2, "FTR": "H", "HC": 4, "HF": 17, "HR": 0, "HS": 15, "HST": 7, "HTAG": 0, "HTHG": 1, "HTR": "H", "HY": 3, "HomeTeam": "Valencia"},{"AC": 5, "AF": 17, "AR": 0, "AS": 11, "AST": 2, "AY": 4, "AwayTeam": "Valencia", "Date": "2011-02-12", "FTAG": 2, "FTHG": 1, "FTR": "A", "HC": 13, "HF": 14, "HR": 1, "HS": 15, "HST": 5, "HTAG": 1, "HTHG": 1, "HTR": "D", "HY": 2, "HomeTeam": "Ath Madrid"},{"AC": 7, "AF": 10, "AR": 0, "AS": 19, "AST": 6, "AY": 3, "AwayTeam": "Sevilla", "Date": "2011-02-12", "FTAG": 2, "FTHG": 3, "FTR": "H", "HC": 1, "HF": 19, "HR": 1, "HS": 8, "HST": 4, "HTAG": 1, "HTHG": 2, "HTR": "H", "HY": 4, "HomeTeam": "Santander"},{"AC": 10, "AF": 8, "AR": 0, "AS": 15, "AST": 6, "AY": 6, "AwayTeam": "Barcelona", "Date": "2011-02-12", "FTAG": 1, "FTHG": 1, "FTR": "D", "HC": 4, "HF": 17, "HR": 0, "HS": 7, "HST": 1, "HTAG": 0, "HTHG": 1, "HTR": "H", "HY": 4, "HomeTeam": "Sp Gijon"},{"AC": 9, "AF": 9, "AR": 1, "AS": 19, "AST": 10, "AY": 2, "AwayTeam": "Real Madrid", "Date": "2011-02-13", "FTAG": 1, "FTHG": 0, "FTR": "A", "HC": 5, "HF": 11, "HR": 0, "HS": 19, "HST": 5, "HTAG": 1, "HTHG": 0, "HTR": "A", "HY": 2, "HomeTeam": "Espanol"},{"AC": 3, "AF": 17, "AR": 0, "AS": 11, "AST": 6, "AY": 3, "AwayTeam": "Zaragoza", "Date": "2011-02-13", "FTAG": 1, "FTHG": 2, "FTR": "H", "HC": 2, "HF": 12, "HR": 0, "HS": 7, "HST": 5, "HTAG": 1, "HTHG": 0, "HTR": "A", "HY": 1, "HomeTeam": "Hercules"},{"AC": 2, "AF": 12, "AR": 0, "AS": 3, "AST": 2, "AY": 2, "AwayTeam": "Villarreal", "Date": "2011-02-13", "FTAG": 0, "FTHG": 1, "FTR": "H", "HC": 2, "HF": 16, "HR": 0, "HS": 12, "HST": 3, "HTAG": 0, "HTHG": 0, "HTR": "D", "HY": 1, "HomeTeam": "La Coruna"},{"AC": 9, "AF": 17, "AR": 0, "AS": 12, "AST": 3, "AY": 2, "AwayTeam": "Almeria", "Date": "2011-02-13", "FTAG": 0, "FTHG": 1, "FTR": "H", "HC": 7, "HF": 16, "HR": 0, "HS": 11, "HST": 4, "HTAG": 0, "HTHG": 0, "HTR": "D", "HY": 3, "HomeTeam": "Levante"},{"AC": 3, "AF": 15, "AR": 0, "AS": 8, "AST": 5, "AY": 4, "AwayTeam": "Getafe", "Date": "2011-02-13", "FTAG": 2, "FTHG": 2, "FTR": "D", "HC": 9, "HF": 13, "HR": 0, "HS": 20, "HST": 6, "HTAG": 2, "HTHG": 0, "HTR": "A", "HY": 2, "HomeTeam": "Malaga"},{"AC": 3, "AF": 15, "AR": 1, "AS": 12, "AST": 1, "AY": 3, "AwayTeam": "Osasuna", "Date": "2011-02-13", "FTAG": 0, "FTHG": 1, "FTR": "H", "HC": 5, "HF": 10, "HR": 0, "HS": 19, "HST": 9, "HTAG": 0, "HTHG": 0, "HTR": "D", "HY": 1, "HomeTeam": "Sociedad"},{"AC": 9, "AF": 11, "AR": 0, "AS": 12, "AST": 3, "AY": 2, "AwayTeam": "Ath Bilbao", "Date": "2011-02-14", "FTAG": 0, "FTHG": 1, "FTR": "H", "HC": 3, "HF": 15, "HR": 0, "HS": 11, "HST": 5, "HTAG": 0, "HTHG": 1, "HTR": "H", "HY": 2, "HomeTeam": "Mallorca"},{"AC": 2, "AF": 11, "AR": 0, "AS": 3, "AST": 1, "AY": 2, "AwayTeam": "Levante", "Date": "2011-02-19", "FTAG": 0, "FTHG": 2, "FTR": "H", "HC": 13, "HF": 8, "HR": 0, "HS": 25, "HST": 11, "HTAG": 0, "HTHG": 2, "HTR": "H", "HY": 2, "HomeTeam": "Real Madrid"},{"AC": 4, "AF": 5, "AR": 0, "AS": 7, "AST": 0, "AY": 0, "AwayTeam": "Sp Gijon", "Date": "2011-02-19", "FTAG": 0, "FTHG": 0, "FTR": "D", "HC": 12, "HF": 13, "HR": 0, "HS": 12, "HST": 2, "HTAG": 0, "HTHG": 0, "HTR": "D", "HY": 1, "HomeTeam": "Valencia"},{"AC": 5, "AF": 15, "AR": 0, "AS": 16, "AST": 7, "AY": 3, "AwayTeam": "Ath Madrid", "Date": "2011-02-19", "FTAG": 1, "FTHG": 0, "FTR": "A", "HC": 4, "HF": 15, "HR": 0, "HS": 14, "HST": 2, "HTAG": 0, "HTHG": 0, "HTR": "D", "HY": 3, "HomeTeam": "Zaragoza"},{"AC": 7, "AF": 17, "AR": 0, "AS": 8, "AST": 4, "AY": 4, "AwayTeam": "La Coruna", "Date": "2011-02-20", "FTAG": 1, "FTHG": 1, "FTR": "D", "HC": 3, "HF": 15, "HR": 0, "HS": 12, "HST": 4, "HTAG": 0, "HTHG": 0, "HTR": "D", "HY": 1, "HomeTeam": "Almeria"},{"AC": 1, "AF": 18, "AR": 0, "AS": 5, "AST": 4, "AY": 3, "AwayTeam": "Ath Bilbao", "Date": "2011-02-20", "FTAG": 1, "FTHG": 2, "FTR": "H", "HC": 11, "HF": 9, "HR": 0, "HS": 20, "HST": 5, "HTAG": 0, "HTHG": 1, "HTR": "H", "HY": 3, "HomeTeam": "Barcelona"},{"AC": 4, "AF": 12, "AR": 0, "AS": 8, "AST": 4, "AY": 2, "AwayTeam": "Santander", "Date": "2011-02-20", "FTAG": 1, "FTHG": 0, "FTR": "A", "HC": 8, "HF": 13, "HR": 1, "HS": 6, "HST": 1, "HTAG": 0, "HTHG": 0, "HTR": "D", "HY": 1, "HomeTeam": "Getafe"},{"AC": 8, "AF": 12, "AR": 0, "AS": 11, "AST": 0, "AY": 2, "AwayTeam": "Espanol", "Date": "2011-02-20", "FTAG": 0, "FTHG": 4, "FTR": "H", "HC": 8, "HF": 19, "HR": 0, "HS": 15, "HST": 8, "HTAG": 0, "HTHG": 1, "HTR": "H", "HY": 2, "HomeTeam": "Osasuna"},{"AC": 8, "AF": 16, "AR": 0, "AS": 7, "AST": 3, "AY": 3, "AwayTeam": "Hercules", "Date": "2011-02-20", "FTAG": 0, "FTHG": 1, "FTR": "H", "HC": 6, "HF": 14, "HR": 0, "HS": 17, "HST": 6, "HTAG": 0, "HTHG": 1, "HTR": "H", "HY": 2, "HomeTeam": "Sevilla"},{"AC": 1, "AF": 23, "AR": 0, "AS": 6, "AST": 2, "AY": 1, "AwayTeam": "Malaga", "Date": "2011-02-20", "FTAG": 1, "FTHG": 1, "FTR": "D", "HC": 3, "HF": 14, "HR": 0, "HS": 15, "HST": 7, "HTAG": 0, "HTHG": 1, "HTR": "H", "HY": 1, "HomeTeam": "Villarreal"},{"AC": 5, "AF": 17, "AR": 0, "AS": 9, "AST": 2, "AY": 2, "AwayTeam": "Mallorca", "Date": "2011-02-21", "FTAG": 0, "FTHG": 1, "FTR": "H", "HC": 11, "HF": 13, "HR": 0, "HS": 12, "HST": 4, "HTAG": 0, "HTHG": 0, "HTR": "D", "HY": 1, "HomeTeam": "Sociedad"},{"AC": 3, "AF": 10, "AR": 0, "AS": 15, "AST": 5, "AY": 2, "AwayTeam": "Sevilla", "Date": "2011-02-26", "FTAG": 2, "FTHG": 2, "FTR": "D", "HC": 9, "HF": 15, "HR": 0, "HS": 19, "HST": 11, "HTAG": 1, "HTHG": 0, "HTR": "A", "HY": 2, "HomeTeam": "Ath Madrid"},{"AC": 6, "AF": 16, "AR": 0, "AS": 14, "AST": 5, "AY": 1, "AwayTeam": "Sociedad", "Date": "2011-02-26", "FTAG": 1, "FTHG": 4, "FTR": "H", "HC": 4, "HF": 13, "HR": 0, "HS": 11, "HST": 4, "HTAG": 1, "HTHG": 1, "HTR": "D", "HY": 1, "HomeTeam": "Espanol"},{"AC": 11, "AF": 13, "AR": 0, "AS": 21, "AST": 9, "AY": 3, "AwayTeam": "Real Madrid", "Date": "2011-02-26", "FTAG": 0, "FTHG": 0, "FTR": "D", "HC": 4, "HF": 21, "HR": 0, "HS": 4, "HST": 1, "HTAG": 0, "HTHG": 0, "HTR": "D", "HY": 4, "HomeTeam": "La Coruna"},{"AC": 2, "AF": 9, "AR": 0, "AS": 7, "AST": 4, "AY": 0, "AwayTeam": "Barcelona", "Date": "2011-02-26", "FTAG": 3, "FTHG": 0, "FTR": "A", "HC": 5, "HF": 12, "HR": 0, "HS": 8, "HST": 3, "HTAG": 1, "HTHG": 0, "HTR": "A", "HY": 1, "HomeTeam": "Mallorca"},{"AC": 3, "AF": 11, "AR": 0, "AS": 12, "AST": 0, "AY": 4, "AwayTeam": "Zaragoza", "Date": "2011-02-26", "FTAG": 0, "FTHG": 0, "FTR": "D", "HC": 4, "HF": 15, "HR": 0, "HS": 13, "HST": 5, "HTAG": 0, "HTHG": 0, "HTR": "D", "HY": 3, "HomeTeam": "Sp Gijon"},{"AC": 5, "AF": 14, "AR": 0, "AS": 11, "AST": 5, "AY": 4, "AwayTeam": "Valencia", "Date": "2011-02-27", "FTAG": 2, "FTHG": 1, "FTR": "A", "HC": 7, "HF": 19, "HR": 0, "HS": 17, "HST": 6, "HTAG": 0, "HTHG": 1, "HTR": "H", "HY": 3, "HomeTeam": "Ath Bilbao"},{"AC": 9, "AF": 15, "AR": 0, "AS": 17, "AST": 7, "AY": 2, "AwayTeam": "Getafe", "Date": "2011-02-27", "FTAG": 0, "FTHG": 0, "FTR": "D", "HC": 7, "HF": 12, "HR": 1, "HS": 11, "HST": 5, "HTAG": 0, "HTHG": 0, "HTR": "D", "HY": 1, "HomeTeam": "Hercules"},{"AC": 1, "AF": 16, "AR": 0, "AS": 8, "AST": 4, "AY": 2, "AwayTeam": "Osasuna", "Date": "2011-02-27", "FTAG": 1, "FTHG": 2, "FTR": "H", "HC": 5, "HF": 13, "HR": 0, "HS": 14, "HST": 7, "HTAG": 1, "HTHG": 1, "HTR": "D", "HY": 3, "HomeTeam": "Levante"},{"AC": 8, "AF": 7, "AR": 0, "AS": 17, "AST": 2, "AY": 3, "AwayTeam": "Villarreal", "Date": "2011-02-27", "FTAG": 2, "FTHG": 2, "FTR": "D", "HC": 6, "HF": 11, "HR": 0, "HS": 17, "HST": 9, "HTAG": 0, "HTHG": 1, "HTR": "H", "HY": 2, "HomeTeam": "Santander"},{"AC": 5, "AF": 20, "AR": 2, "AS": 15, "AST": 5, "AY": 1, "AwayTeam": "Almeria", "Date": "2011-02-28", "FTAG": 1, "FTHG": 3, "FTR": "H", "HC": 6, "HF": 12, "HR": 0, "HS": 18, "HST": 8, "HTAG": 1, "HTHG": 0, "HTR": "A", "HY": 4, "HomeTeam": "Malaga"},{"AC": 9, "AF": 18, "AR": 0, "AS": 16, "AST": 6, "AY": 3, "AwayTeam": "Mallorca", "Date": "2011-03-01", "FTAG": 2, "FTHG": 1, "FTR": "A", "HC": 0, "HF": 20, "HR": 0, "HS": 10, "HST": 3, "HTAG": 0, "HTHG": 1, "HTR": "H", "HY": 5, "HomeTeam": "Espanol"},{"AC": 1, "AF": 15, "AR": 1, "AS": 3, "AST": 0, "AY": 1, "AwayTeam": "Sp Gijon", "Date": "2011-03-01", "FTAG": 0, "FTHG": 3, "FTR": "H", "HC": 2, "HF": 17, "HR": 0, "HS": 16, "HST": 8, "HTAG": 0, "HTHG": 2, "HTR": "H", "HY": 2, "HomeTeam": "Sevilla"},{"AC": 8, "AF": 13, "AR": 0, "AS": 13, "AST": 3, "AY": 2, "AwayTeam": "Ath Madrid", "Date": "2011-03-02", "FTAG": 1, "FTHG": 1, "FTR": "D", "HC": 7, "HF": 15, "HR": 0, "HS": 11, "HST": 3, "HTAG": 0, "HTHG": 1, "HTR": "H", "HY": 4, "HomeTeam": "Getafe"},{"AC": 4, "AF": 16, "AR": 0, "AS": 5, "AST": 3, "AY": 2, "AwayTeam": "La Coruna", "Date": "2011-03-02", "FTAG": 0, "FTHG": 0, "FTR": "D", "HC": 8, "HF": 14, "HR": 0, "HS": 19, "HST": 6, "HTAG": 0, "HTHG": 0, "HTR": "D", "HY": 2, "HomeTeam": "Osasuna"},{"AC": 6, "AF": 20, "AR": 0, "AS": 11, "AST": 1, "AY": 4, "AwayTeam": "Levante", "Date": "2011-03-02", "FTAG": 1, "FTHG": 1, "FTR": "D", "HC": 4, "HF": 15, "HR": 0, "HS": 14, "HST": 1, "HTAG": 0, "HTHG": 0, "HTR": "D", "HY": 1, "HomeTeam": "Sociedad"},{"AC": 4, "AF": 7, "AR": 0, "AS": 20, "AST": 8, "AY": 1, "AwayTeam": "Barcelona", "Date": "2011-03-02", "FTAG": 1, "FTHG": 0, "FTR": "A", "HC": 8, "HF": 18, "HR": 0, "HS": 7, "HST": 1, "HTAG": 0, "HTHG": 0, "HTR": "D", "HY": 4, "HomeTeam": "Valencia"},{"AC": 4, "AF": 18, "AR": 0, "AS": 6, "AST": 3, "AY": 2, "AwayTeam": "Hercules", "Date": "2011-03-02", "FTAG": 0, "FTHG": 1, "FTR": "H", "HC": 5, "HF": 8, "HR": 0, "HS": 18, "HST": 7, "HTAG": 0, "HTHG": 1, "HTR": "H", "HY": 2, "HomeTeam": "Villarreal"},{"AC": 3, "AF": 18, "AR": 0, "AS": 9, "AST": 3, "AY": 2, "AwayTeam": "Ath Bilbao", "Date": "2011-03-02", "FTAG": 1, "FTHG": 2, "FTR": "H", "HC": 8, "HF": 19, "HR": 0, "HS": 18, "HST": 5, "HTAG": 1, "HTHG": 0, "HTR": "A", "HY": 4, "HomeTeam": "Zaragoza"},{"AC": 5, "AF": 12, "AR": 1, "AS": 6, "AST": 3, "AY": 4, "AwayTeam": "Santander", "Date": "2011-03-03", "FTAG": 1, "FTHG": 1, "FTR": "D", "HC": 15, "HF": 17, "HR": 0, "HS": 20, "HST": 6, "HTAG": 1, "HTHG": 0, "HTR": "A", "HY": 2, "HomeTeam": "Almeria"},{"AC": 2, "AF": 14, "AR": 1, "AS": 5, "AST": 1, "AY": 2, "AwayTeam": "Malaga", "Date": "2011-03-03", "FTAG": 0, "FTHG": 7, "FTR": "H", "HC": 5, "HF": 18, "HR": 0, "HS": 20, "HST": 13, "HTAG": 0, "HTHG": 3, "HTR": "H", "HY": 1, "HomeTeam": "Real Madrid"},{"AC": 2, "AF": 7, "AR": 0, "AS": 8, "AST": 2, "AY": 3, "AwayTeam": "Villarreal", "Date": "2011-03-05", "FTAG": 1, "FTHG": 3, "FTR": "H", "HC": 11, "HF": 19, "HR": 0, "HS": 16, "HST": 6, "HTAG": 1, "HTHG": 1, "HTR": "D", "HY": 3, "HomeTeam": "Ath Madrid"},{"AC": 2, "AF": 12, "AR": 0, "AS": 3, "AST": 1, "AY": 1, "AwayTeam": "Zaragoza", "Date": "2011-03-05", "FTAG": 0, "FTHG": 1, "FTR": "H", "HC": 13, "HF": 9, "HR": 0, "HS": 23, "HST": 12, "HTAG": 0, "HTHG": 1, "HTR": "H", "HY": 1, "HomeTeam": "Barcelona"},{"AC": 6, "AF": 14, "AR": 0, "AS": 11, "AST": 6, "AY": 0, "AwayTeam": "Valencia", "Date": "2011-03-05", "FTAG": 2, "FTHG": 1, "FTR": "A", "HC": 7, "HF": 16, "HR": 0, "HS": 10, "HST": 4, "HTAG": 1, "HTHG": 1, "HTR": "D", "HY": 2, "HomeTeam": "Mallorca"},{"AC": 8, "AF": 19, "AR": 0, "AS": 12, "AST": 3, "AY": 3, "AwayTeam": "Sevilla", "Date": "2011-03-06", "FTAG": 0, "FTHG": 2, "FTR": "H", "HC": 12, "HF": 17, "HR": 0, "HS": 15, "HST": 6, "HTAG": 0, "HTHG": 0, "HTR": "D", "HY": 1, "HomeTeam": "Ath Bilbao"},{"AC": 1, "AF": 12, "AR": 0, "AS": 8, "AST": 6, "AY": 4, "AwayTeam": "Almeria", "Date": "2011-03-06", "FTAG": 2, "FTHG": 1, "FTR": "A", "HC": 4, "HF": 11, "HR": 0, "HS": 13, "HST": 3, "HTAG": 0, "HTHG": 0, "HTR": "D", "HY": 3, "HomeTeam": "Hercules"},{"AC": 5, "AF": 11, "AR": 0, "AS": 11, "AST": 2, "AY": 5, "AwayTeam": "Espanol", "Date": "2011-03-06", "FTAG": 0, "FTHG": 1, "FTR": "H", "HC": 2, "HF": 16, "HR": 0, "HS": 13, "HST": 5, "HTAG": 0, "HTHG": 1, "HTR": "H", "HY": 3, "HomeTeam": "Levante"},{"AC": 8, "AF": 25, "AR": 0, "AS": 15, "AST": 4, "AY": 6, "AwayTeam": "Osasuna", "Date": "2011-03-06", "FTAG": 1, "FTHG": 0, "FTR": "A", "HC": 6, "HF": 20, "HR": 0, "HS": 20, "HST": 4, "HTAG": 0, "HTHG": 0, "HTR": "D", "HY": 0, "HomeTeam": "Malaga"},{"AC": 3, "AF": 10, "AR": 0, "AS": 21, "AST": 8, "AY": 2, "AwayTeam": "Real Madrid", "Date": "2011-03-06", "FTAG": 3, "FTHG": 1, "FTR": "A", "HC": 3, "HF": 22, "HR": 0, "HS": 7, "HST": 3, "HTAG": 2, "HTHG": 0, "HTR": "A", "HY": 2, "HomeTeam": "Santander"},{"AC": 1, "AF": 15, "AR": 0, "AS": 12, "AST": 0, "AY": 4, "AwayTeam": "Getafe", "Date": "2011-03-06", "FTAG": 0, "FTHG": 2, "FTR": "H", "HC": 8, "HF": 20, "HR": 1, "HS": 16, "HST": 4, "HTAG": 0, "HTHG": 2, "HTR": "H", "HY": 2, "HomeTeam": "Sp Gijon"},{"AC": 2, "AF": 9, "AR": 0, "AS": 5, "AST": 2, "AY": 1, "AwayTeam": "Sociedad", "Date": "2011-03-07", "FTAG": 1, "FTHG": 2, "FTR": "H", "HC": 6, "HF": 9, "HR": 0, "HS": 14, "HST": 3, "HTAG": 0, "HTHG": 1, "HTR": "H", "HY": 2, "HomeTeam": "La Coruna"},{"AC": 7, "AF": 13, "AR": 0, "AS": 17, "AST": 7, "AY": 3, "AwayTeam": "Ath Madrid", "Date": "2011-03-12", "FTAG": 2, "FTHG": 2, "FTR": "D", "HC": 6, "HF": 19, "HR": 0, "HS": 12, "HST": 6, "HTAG": 1, "HTHG": 0, "HTR": "A", "HY": 2, "HomeTeam": "Almeria"},{"AC": 7, "AF": 12, "AR": 0, "AS": 9, "AST": 4, "AY": 1, "AwayTeam": "Hercules", "Date": "2011-03-12", "FTAG": 0, "FTHG": 2, "FTR": "H", "HC": 8, "HF": 9, "HR": 0, "HS": 22, "HST": 11, "HTAG": 0, "HTHG": 1, "HTR": "H", "HY": 0, "HomeTeam": "Real Madrid"},{"AC": 3, "AF": 20, "AR": 1, "AS": 3, "AST": 1, "AY": 2, "AwayTeam": "Valencia", "Date": "2011-03-12", "FTAG": 0, "FTHG": 4, "FTR": "H", "HC": 1, "HF": 17, "HR": 0, "HS": 9, "HST": 6, "HTAG": 0, "HTHG": 2, "HTR": "H", "HY": 2, "HomeTeam": "Zaragoza"},{"AC": 5, "AF": 19, "AR": 1, "AS": 6, "AST": 2, "AY": 2, "AwayTeam": "La Coruna", "Date": "2011-03-13", "FTAG": 0, "FTHG": 2, "FTR": "H", "HC": 9, "HF": 12, "HR": 0, "HS": 13, "HST": 6, "HTAG": 0, "HTHG": 0, "HTR": "D", "HY": 2, "HomeTeam": "Espanol"},{"AC": 6, "AF": 7, "AR": 0, "AS": 15, "AST": 7, "AY": 2, "AwayTeam": "Mallorca", "Date": "2011-03-13", "FTAG": 1, "FTHG": 1, "FTR": "D", "HC": 4, "HF": 11, "HR": 0, "HS": 8, "HST": 2, "HTAG": 0, "HTHG": 1, "HTR": "H", "HY": 4, "HomeTeam": "Levante"},{"AC": 8, "AF": 17, "AR": 0, "AS": 10, "AST": 3, "AY": 2, "AwayTeam": "Santander", "Date": "2011-03-13", "FTAG": 1, "FTHG": 3, "FTR": "H", "HC": 7, "HF": 13, "HR": 1, "HS": 12, "HST": 3, "HTAG": 0, "HTHG": 2, "HTR": "H", "HY": 2, "HomeTeam": "Osasuna"},{"AC": 4, "AF": 11, "AR": 0, "AS": 12, "AST": 6, "AY": 2, "AwayTeam": "Barcelona", "Date": "2011-03-13", "FTAG": 1, "FTHG": 1, "FTR": "D", "HC": 0, "HF": 20, "HR": 0, "HS": 11, "HST": 3, "HTAG": 1, "HTHG": 0, "HTR": "A", "HY": 5, "HomeTeam": "Sevilla"},{"AC": 2, "AF": 14, "AR": 0, "AS": 10, "AST": 5, "AY": 2, "AwayTeam": "Malaga", "Date": "2011-03-13", "FTAG": 2, "FTHG": 0, "FTR": "A", "HC": 8, "HF": 23, "HR": 0, "HS": 14, "HST": 5, "HTAG": 1, "HTHG": 0, "HTR": "A", "HY": 2, "HomeTeam": "Sociedad"},{"AC": 2, "AF": 14, "AR": 2, "AS": 14, "AST": 5, "AY": 2, "AwayTeam": "Sp Gijon", "Date": "2011-03-13", "FTAG": 1, "FTHG": 1, "FTR": "D", "HC": 4, "HF": 13, "HR": 0, "HS": 12, "HST": 3, "HTAG": 0, "HTHG": 1, "HTR": "H", "HY": 2, "HomeTeam": "Villarreal"},{"AC": 4, "AF": 15, "AR": 0, "AS": 12, "AST": 5, "AY": 2, "AwayTeam": "Ath Bilbao", "Date": "2011-03-14", "FTAG": 2, "FTHG": 2, "FTR": "D", "HC": 6, "HF": 16, "HR": 0, "HS": 14, "HST": 3, "HTAG": 0, "HTHG": 0, "HTR": "D", "HY": 4, "HomeTeam": "Getafe"},{"AC": 1, "AF": 15, "AR": 0, "AS": 17, "AST": 8, "AY": 3, "AwayTeam": "Real Madrid", "Date": "2011-03-19", "FTAG": 2, "FTHG": 1, "FTR": "A", "HC": 12, "HF": 16, "HR": 0, "HS": 16, "HST": 9, "HTAG": 2, "HTHG": 0, "HTR": "A", "HY": 2, "HomeTeam": "Ath Madrid"},{"AC": 3, "AF": 10, "AR": 0, "AS": 8, "AST": 3, "AY": 2, "AwayTeam": "Getafe", "Date": "2011-03-19", "FTAG": 1, "FTHG": 2, "FTR": "H", "HC": 5, "HF": 12, "HR": 0, "HS": 14, "HST": 6, "HTAG": 0, "HTHG": 1, "HTR": "H", "HY": 3, "HomeTeam": "Barcelona"},{"AC": 3, "AF": 18, "AR": 1, "AS": 6, "AST": 1, "AY": 2, "AwayTeam": "Zaragoza", "Date": "2011-03-19", "FTAG": 0, "FTHG": 1, "FTR": "H", "HC": 2, "HF": 20, "HR": 0, "HS": 11, "HST": 5, "HTAG": 0, "HTHG": 0, "HTR": "D", "HY": 4, "HomeTeam": "Mallorca"},{"AC": 2, "AF": 5, "AR": 0, "AS": 9, "AST": 4, "AY": 1, "AwayTeam": "Villarreal", "Date": "2011-03-20", "FTAG": 1, "FTHG": 0, "FTR": "A", "HC": 10, "HF": 22, "HR": 0, "HS": 15, "HST": 6, "HTAG": 0, "HTHG": 0, "HTR": "D", "HY": 2, "HomeTeam": "Ath Bilbao"},{"AC": 3, "AF": 13, "AR": 0, "AS": 13, "AST": 7, "AY": 4, "AwayTeam": "Osasuna", "Date": "2011-03-20", "FTAG": 4, "FTHG": 0, "FTR": "A", "HC": 7, "HF": 18, "HR": 0, "HS": 18, "HST": 6, "HTAG": 2, "HTHG": 0, "HTR": "A", "HY": 2, "HomeTeam": "Hercules"},{"AC": 6, "AF": 8, "AR": 0, "AS": 20, "AST": 6, "AY": 2, "AwayTeam": "Levante", "Date": "2011-03-20", "FTAG": 1, "FTHG": 0, "FTR": "A", "HC": 6, "HF": 15, "HR": 0, "HS": 11, "HST": 3, "HTAG": 0, "HTHG": 0, "HTR": "D", "HY": 2, "HomeTeam": "La Coruna"},{"AC": 9, "AF": 18, "AR": 0, "AS": 10, "AST": 2, "AY": 2, "AwayTeam": "Espanol", "Date": "2011-03-20", "FTAG": 0, "FTHG": 2, "FTR": "H", "HC": 6, "HF": 17, "HR": 0, "HS": 11, "HST": 7, "HTAG": 0, "HTHG": 2, "HTR": "H", "HY": 1, "HomeTeam": "Malaga"},{"AC": 5, "AF": 14, "AR": 0, "AS": 11, "AST": 5, "AY": 2, "AwayTeam": "Sociedad", "Date": "2011-03-20", "FTAG": 1, "FTHG": 2, "FTR": "H", "HC": 5, "HF": 18, "HR": 0, "HS": 16, "HST": 3, "HTAG": 0, "HTHG": 1, "HTR": "H", "HY": 1, "HomeTeam": "Santander"},{"AC": 3, "AF": 24, "AR": 0, "AS": 15, "AST": 5, "AY": 3, "AwayTeam": "Almeria", "Date": "2011-03-20", "FTAG": 0, "FTHG": 1, "FTR": "H", "HC": 0, "HF": 18, "HR": 0, "HS": 9, "HST": 4, "HTAG": 0, "HTHG": 1, "HTR": "H", "HY": 3, "HomeTeam": "Sp Gijon"},{"AC": 6, "AF": 13, "AR": 0, "AS": 23, "AST": 10, "AY": 1, "AwayTeam": "Sevilla", "Date": "2011-03-20", "FTAG": 1, "FTHG": 0, "FTR": "A", "HC": 9, "HF": 14, "HR": 0, "HS": 26, "HST": 9, "HTAG": 0, "HTHG": 0, "HTR": "D", "HY": 2, "HomeTeam": "Valencia"},{"AC": 7, "AF": 11, "AR": 0, "AS": 12, "AST": 5, "AY": 2, "AwayTeam": "Valencia", "Date": "2011-04-02", "FTAG": 4, "FTHG": 2, "FTR": "A", "HC": 7, "HF": 11, "HR": 0, "HS": 13, "HST": 6, "HTAG": 0, "HTHG": 1, "HTR": "H", "HY": 1, "HomeTeam": "Getafe"},{"AC": 1, "AF": 14, "AR": 0, "AS": 4, "AST": 1, "AY": 3, "AwayTeam": "Sp Gijon", "Date": "2011-04-02", "FTAG": 1, "FTHG": 0, "FTR": "A", "HC": 10, "HF": 17, "HR": 0, "HS": 33, "HST": 13, "HTAG": 0, "HTHG": 0, "HTR": "D", "HY": 4, "HomeTeam": "Real Madrid"},{"AC": 8, "AF": 14, "AR": 0, "AS": 10, "AST": 6, "AY": 4, "AwayTeam": "Barcelona", "Date": "2011-04-02", "FTAG": 1, "FTHG": 0, "FTR": "A", "HC": 3, "HF": 10, "HR": 0, "HS": 7, "HST": 3, "HTAG": 0, "HTHG": 0, "HTR": "D", "HY": 2, "HomeTeam": "Villarreal"},{"AC": 2, "AF": 27, "AR": 0, "AS": 7, "AST": 5, "AY": 3, "AwayTeam": "Santander", "Date": "2011-04-03", "FTAG": 2, "FTHG": 1, "FTR": "A", "HC": 6, "HF": 11, "HR": 0, "HS": 8, "HST": 4, "HTAG": 0, "HTHG": 1, "HTR": "H", "HY": 1, "HomeTeam": "Espanol"},{"AC": 1, "AF": 17, "AR": 1, "AS": 4, "AST": 2, "AY": 1, "AwayTeam": "Mallorca", "Date": "2011-04-03", "FTAG": 1, "FTHG": 2, "FTR": "H", "HC": 6, "HF": 14, "HR": 0, "HS": 16, "HST": 5, "HTAG": 1, "HTHG": 0, "HTR": "A", "HY": 3, "HomeTeam": "La Coruna"},{"AC": 8, "AF": 7, "AR": 0, "AS": 18, "AST": 4, "AY": 4, "AwayTeam": "Malaga", "Date": "2011-04-03", "FTAG": 1, "FTHG": 3, "FTR": "H", "HC": 2, "HF": 29, "HR": 0, "HS": 9, "HST": 5, "HTAG": 0, "HTHG": 2, "HTR": "H", "HY": 5, "HomeTeam": "Levante"},{"AC": 4, "AF": 11, "AR": 0, "AS": 12, "AST": 6, "AY": 2, "AwayTeam": "Ath Madrid", "Date": "2011-04-03", "FTAG": 3, "FTHG": 2, "FTR": "A", "HC": 3, "HF": 21, "HR": 1, "HS": 15, "HST": 7, "HTAG": 1, "HTHG": 1, "HTR": "D", "HY": 4, "HomeTeam": "Osasuna"},{"AC": 5, "AF": 19, "AR": 0, "AS": 15, "AST": 5, "AY": 4, "AwayTeam": "Zaragoza", "Date": "2011-04-03", "FTAG": 1, "FTHG": 3, "FTR": "H", "HC": 8, "HF": 12, "HR": 0, "HS": 20, "HST": 10, "HTAG": 0, "HTHG": 1, "HTR": "H", "HY": 1, "HomeTeam": "Sevilla"},{"AC": 5, "AF": 14, "AR": 0, "AS": 13, "AST": 8, "AY": 5, "AwayTeam": "Hercules", "Date": "2011-04-03", "FTAG": 3, "FTHG": 1, "FTR": "A", "HC": 9, "HF": 13, "HR": 0, "HS": 19, "HST": 5, "HTAG": 0, "HTHG": 0, "HTR": "D", "HY": 2, "HomeTeam": "Sociedad"},{"AC": 7, "AF": 10, "AR": 0, "AS": 14, "AST": 7, "AY": 1, "AwayTeam": "Ath Bilbao", "Date": "2011-04-04", "FTAG": 3, "FTHG": 1, "FTR": "A", "HC": 8, "HF": 8, "HR": 0, "HS": 18, "HST": 6, "HTAG": 1, "HTHG": 1, "HTR": "D", "HY": 1, "HomeTeam": "Almeria"},{"AC": 1, "AF": 10, "AR": 0, "AS": 7, "AST": 2, "AY": 5, "AwayTeam": "Real Madrid", "Date": "2011-04-09", "FTAG": 3, "FTHG": 0, "FTR": "A", "HC": 8, "HF": 13, "HR": 0, "HS": 12, "HST": 2, "HTAG": 1, "HTHG": 0, "HTR": "A", "HY": 3, "HomeTeam": "Ath Bilbao"},{"AC": 4, "AF": 5, "AR": 0, "AS": 2, "AST": 1, "AY": 3, "AwayTeam": "Almeria", "Date": "2011-04-09", "FTAG": 1, "FTHG": 3, "FTR": "H", "HC": 8, "HF": 7, "HR": 0, "HS": 14, "HST": 4, "HTAG": 0, "HTHG": 0, "HTR": "D", "HY": 3, "HomeTeam": "Barcelona"},{"AC": 5, "AF": 6, "AR": 0, "AS": 7, "AST": 3, "AY": 3, "AwayTeam": "Sevilla", "Date": "2011-04-09", "FTAG": 2, "FTHG": 2, "FTR": "D", "HC": 5, "HF": 10, "HR": 0, "HS": 10, "HST": 3, "HTAG": 1, "HTHG": 2, "HTR": "H", "HY": 3, "HomeTeam": "Mallorca"},{"AC": 7, "AF": 7, "AR": 0, "AS": 7, "AST": 4, "AY": 1, "AwayTeam": "Sociedad", "Date": "2011-04-10", "FTAG": 0, "FTHG": 3, "FTR": "H", "HC": 10, "HF": 16, "HR": 0, "HS": 21, "HST": 13, "HTAG": 0, "HTHG": 2, "HTR": "H", "HY": 2, "HomeTeam": "Ath Madrid"},{"AC": 2, "AF": 8, "AR": 0, "AS": 3, "AST": 1, "AY": 2, "AwayTeam": "Espanol", "Date": "2011-04-10", "FTAG": 0, "FTHG": 0, "FTR": "D", "HC": 4, "HF": 11, "HR": 0, "HS": 8, "HST": 3, "HTAG": 0, "HTHG": 0, "HTR": "D", "HY": 2, "HomeTeam": "Hercules"},{"AC": 2, "AF": 7, "AR": 1, "AS": 5, "AST": 2, "AY": 3, "AwayTeam": "La Coruna", "Date": "2011-04-10", "FTAG": 0, "FTHG": 0, "FTR": "D", "HC": 6, "HF": 12, "HR": 0, "HS": 8, "HST": 1, "HTAG": 0, "HTHG": 0, "HTR": "D", "HY": 4, "HomeTeam": "Malaga"},{"AC": 3, "AF": 9, "AR": 0, "AS": 6, "AST": 2, "AY": 2, "AwayTeam": "Levante", "Date": "2011-04-10", "FTAG": 1, "FTHG": 1, "FTR": "D", "HC": 6, "HF": 10, "HR": 0, "HS": 14, "HST": 6, "HTAG": 0, "HTHG": 1, "HTR": "H", "HY": 3, "HomeTeam": "Santander"},{"AC": 6, "AF": 13, "AR": 0, "AS": 7, "AST": 4, "AY": 2, "AwayTeam": "Osasuna", "Date": "2011-04-10", "FTAG": 0, "FTHG": 1, "FTR": "H", "HC": 1, "HF": 2, "HR": 0, "HS": 9, "HST": 5, "HTAG": 0, "HTHG": 0, "HTR": "D", "HY": 1, "HomeTeam": "Sp Gijon"},{"AC": 5, "AF": 7, "AR": 0, "AS": 7, "AST": 4, "AY": 2, "AwayTeam": "Villarreal", "Date": "2011-04-10", "FTAG": 0, "FTHG": 5, "FTR": "H", "HC": 14, "HF": 10, "HR": 0, "HS": 17, "HST": 12, "HTAG": 0, "HTHG": 1, "HTR": "H", "HY": 1, "HomeTeam": "Valencia"},{"AC": 9, "AF": 12, "AR": 0, "AS": 14, "AST": 5, "AY": 3, "AwayTeam": "Getafe", "Date": "2011-04-11", "FTAG": 1, "FTHG": 2, "FTR": "H", "HC": 2, "HF": 23, "HR": 0, "HS": 11, "HST": 7, "HTAG": 1, "HTHG": 2, "HTR": "H", "HY": 2, "HomeTeam": "Zaragoza"},{"AC": 9, "AF": 10, "AR": 0, "AS": 18, "AST": 7, "AY": 1, "AwayTeam": "Valencia", "Date": "2011-04-16", "FTAG": 3, "FTHG": 0, "FTR": "A", "HC": 5, "HF": 9, "HR": 0, "HS": 8, "HST": 1, "HTAG": 0, "HTHG": 0, "HTR": "D", "HY": 0, "HomeTeam": "Almeria"},{"AC": 2, "AF": 16, "AR": 0, "AS": 2, "AST": 2, "AY": 4, "AwayTeam": "Sevilla", "Date": "2011-04-16", "FTAG": 0, "FTHG": 1, "FTR": "H", "HC": 5, "HF": 20, "HR": 0, "HS": 13, "HST": 6, "HTAG": 0, "HTHG": 0, "HTR": "D", "HY": 3, "HomeTeam": "Getafe"},{"AC": 2, "AF": 17, "AR": 0, "AS": 14, "AST": 8, "AY": 3, "AwayTeam": "Mallorca", "Date": "2011-04-16", "FTAG": 0, "FTHG": 3, "FTR": "H", "HC": 14, "HF": 12, "HR": 0, "HS": 19, "HST": 8, "HTAG": 0, "HTHG": 2, "HTR": "H", "HY": 2, "HomeTeam": "Malaga"},{"AC": 0, "AF": 14, "AR": 0, "AS": 11, "AST": 6, "AY": 5, "AwayTeam": "Barcelona", "Date": "2011-04-16", "FTAG": 1, "FTHG": 1, "FTR": "D", "HC": 8, "HF": 22, "HR": 1, "HS": 13, "HST": 6, "HTAG": 0, "HTHG": 0, "HTR": "D", "HY": 2, "HomeTeam": "Real Madrid"},{"AC": 9, "AF": 15, "AR": 0, "AS": 19, "AST": 4, "AY": 5, "AwayTeam": "Ath Madrid", "Date": "2011-04-17", "FTAG": 2, "FTHG": 2, "FTR": "D", "HC": 1, "HF": 12, "HR": 0, "HS": 10, "HST": 3, "HTAG": 1, "HTHG": 1, "HTR": "D", "HY": 2, "HomeTeam": "Espanol"},{"AC": 6, "AF": 9, "AR": 0, "AS": 16, "AST": 5, "AY": 2, "AwayTeam": "Santander", "Date": "2011-04-17", "FTAG": 0, "FTHG": 2, "FTR": "H", "HC": 7, "HF": 8, "HR": 0, "HS": 12, "HST": 4, "HTAG": 0, "HTHG": 1, "HTR": "H", "HY": 2, "HomeTeam": "La Coruna"},{"AC": 4, "AF": 25, "AR": 0, "AS": 9, "AST": 3, "AY": 3, "AwayTeam": "Hercules", "Date": "2011-04-17", "FTAG": 1, "FTHG": 2, "FTR": "H", "HC": 7, "HF": 15, "HR": 0, "HS": 16, "HST": 5, "HTAG": 0, "HTHG": 2, "HTR": "H", "HY": 4, "HomeTeam": "Levante"},{"AC": 3, "AF": 15, "AR": 1, "AS": 6, "AST": 2, "AY": 4, "AwayTeam": "Ath Bilbao", "Date": "2011-04-17", "FTAG": 2, "FTHG": 1, "FTR": "A", "HC": 4, "HF": 19, "HR": 1, "HS": 6, "HST": 2, "HTAG": 0, "HTHG": 0, "HTR": "D", "HY": 3, "HomeTeam": "Osasuna"},{"AC": 6, "AF": 23, "AR": 0, "AS": 12, "AST": 6, "AY": 2, "AwayTeam": "Sp Gijon", "Date": "2011-04-17", "FTAG": 1, "FTHG": 2, "FTR": "H", "HC": 4, "HF": 10, "HR": 0, "HS": 13, "HST": 4, "HTAG": 0, "HTHG": 1, "HTR": "H", "HY": 3, "HomeTeam": "Sociedad"},{"AC": 3, "AF": 24, "AR": 1, "AS": 17, "AST": 8, "AY": 4, "AwayTeam": "Zaragoza", "Date": "2011-04-18", "FTAG": 0, "FTHG": 1, "FTR": "H", "HC": 4, "HF": 12, "HR": 0, "HS": 10, "HST": 6, "HTAG": 0, "HTHG": 0, "HTR": "D", "HY": 2, "HomeTeam": "Villarreal"},{"AC": 5, "AF": 13, "AR": 0, "AS": 10, "AST": 3, "AY": 2, "AwayTeam": "Sociedad", "Date": "2011-04-23", "FTAG": 1, "FTHG": 2, "FTR": "H", "HC": 5, "HF": 19, "HR": 0, "HS": 9, "HST": 6, "HTAG": 1, "HTHG": 2, "HTR": "H", "HY": 6, "HomeTeam": "Ath Bilbao"},{"AC": 5, "AF": 17, "AR": 0, "AS": 14, "AST": 5, "AY": 2, "AwayTeam": "Osasuna", "Date": "2011-04-23", "FTAG": 0, "FTHG": 2, "FTR": "H", "HC": 6, "HF": 11, "HR": 0, "HS": 11, "HST": 2, "HTAG": 0, "HTHG": 1, "HTR": "H", "HY": 2, "HomeTeam": "Barcelona"},{"AC": 7, "AF": 19, "AR": 0, "AS": 14, "AST": 8, "AY": 0, "AwayTeam": "Real Madrid", "Date": "2011-04-23", "FTAG": 6, "FTHG": 3, "FTR": "A", "HC": 11, "HF": 7, "HR": 0, "HS": 21, "HST": 8, "HTAG": 4, "HTHG": 0, "HTR": "A", "HY": 1, "HomeTeam": "Valencia"},{"AC": 4, "AF": 18, "AR": 0, "AS": 12, "AST": 3, "AY": 4, "AwayTeam": "Levante", "Date": "2011-04-24", "FTAG": 1, "FTHG": 4, "FTR": "H", "HC": 5, "HF": 14, "HR": 0, "HS": 16, "HST": 6, "HTAG": 1, "HTHG": 1, "HTR": "D", "HY": 3, "HomeTeam": "Ath Madrid"},{"AC": 5, "AF": 13, "AR": 0, "AS": 9, "AST": 2, "AY": 4, "AwayTeam": "La Coruna", "Date": "2011-04-24", "FTAG": 0, "FTHG": 1, "FTR": "H", "HC": 8, "HF": 8, "HR": 0, "HS": 14, "HST": 3, "HTAG": 0, "HTHG": 0, "HTR": "D", "HY": 2, "HomeTeam": "Hercules"},{"AC": 5, "AF": 8, "AR": 0, "AS": 11, "AST": 3, "AY": 3, "AwayTeam": "Getafe", "Date": "2011-04-24", "FTAG": 0, "FTHG": 2, "FTR": "H", "HC": 7, "HF": 15, "HR": 0, "HS": 13, "HST": 7, "HTAG": 0, "HTHG": 1, "HTR": "H", "HY": 2, "HomeTeam": "Mallorca"},{"AC": 5, "AF": 10, "AR": 0, "AS": 11, "AST": 4, "AY": 3, "AwayTeam": "Malaga", "Date": "2011-04-24", "FTAG": 2, "FTHG": 1, "FTR": "A", "HC": 11, "HF": 8, "HR": 0, "HS": 21, "HST": 5, "HTAG": 2, "HTHG": 0, "HTR": "A", "HY": 4, "HomeTeam": "Santander"},{"AC": 9, "AF": 18, "AR": 1, "AS": 19, "AST": 7, "AY": 3, "AwayTeam": "Villarreal", "Date": "2011-04-24", "FTAG": 2, "FTHG": 3, "FTR": "H", "HC": 0, "HF": 11, "HR": 0, "HS": 9, "HST": 3, "HTAG": 0, "HTHG": 2, "HTR": "H", "HY": 3, "HomeTeam": "Sevilla"},{"AC": 3, "AF": 13, "AR": 0, "AS": 10, "AST": 4, "AY": 6, "AwayTeam": "Espanol", "Date": "2011-04-24", "FTAG": 0, "FTHG": 1, "FTR": "H", "HC": 2, "HF": 16, "HR": 0, "HS": 14, "HST": 4, "HTAG": 0, "HTHG": 0, "HTR": "D", "HY": 0, "HomeTeam": "Sp Gijon"},{"AC": 10, "AF": 19, "AR": 0, "AS": 7, "AST": 3, "AY": 4, "AwayTeam": "Almeria", "Date": "2011-04-25", "FTAG": 0, "FTHG": 1, "FTR": "H", "HC": 8, "HF": 15, "HR": 1, "HS": 22, "HST": 11, "HTAG": 0, "HTHG": 0, "HTR": "D", "HY": 2, "HomeTeam": "Zaragoza"},{"AC": 6, "AF": 8, "AR": 0, "AS": 17, "AST": 5, "AY": 4, "AwayTeam": "Ath Madrid", "Date": "2011-04-30", "FTAG": 1, "FTHG": 0, "FTR": "A", "HC": 9, "HF": 16, "HR": 1, "HS": 10, "HST": 3, "HTAG": 0, "HTHG": 0, "HTR": "D", "HY": 1, "HomeTeam": "La Coruna"},{"AC": 5, "AF": 21, "AR": 0, "AS": 10, "AST": 4, "AY": 4, "AwayTeam": "Zaragoza", "Date": "2011-04-30", "FTAG": 3, "FTHG": 2, "FTR": "A", "HC": 7, "HF": 12, "HR": 1, "HS": 18, "HST": 7, "HTAG": 1, "HTHG": 0, "HTR": "A", "HY": 1, "HomeTeam": "Real Madrid"},{"AC": 5, "AF": 12, "AR": 0, "AS": 13, "AST": 7, "AY": 1, "AwayTeam": "Barcelona", "Date": "2011-04-30", "FTAG": 1, "FTHG": 2, "FTR": "H", "HC": 4, "HF": 19, "HR": 0, "HS": 8, "HST": 3, "HTAG": 1, "HTHG": 0, "HTR": "A", "HY": 2, "HomeTeam": "Sociedad"},{"AC": 5, "AF": 13, "AR": 0, "AS": 19, "AST": 10, "AY": 3, "AwayTeam": "Sevilla", "Date": "2011-05-01", "FTAG": 1, "FTHG": 0, "FTR": "A", "HC": 3, "HF": 13, "HR": 1, "HS": 6, "HST": 1, "HTAG": 0, "HTHG": 0, "HTR": "D", "HY": 1, "HomeTeam": "Almeria"},{"AC": 1, "AF": 16, "AR": 0, "AS": 4, "AST": 1, "AY": 2, "AwayTeam": "Sp Gijon", "Date": "2011-05-01", "FTAG": 0, "FTHG": 0, "FTR": "D", "HC": 6, "HF": 10, "HR": 0, "HS": 8, "HST": 2, "HTAG": 0, "HTHG": 0, "HTR": "D", "HY": 2, "HomeTeam": "Levante"},{"AC": 6, "AF": 14, "AR": 1, "AS": 11, "AST": 4, "AY": 3, "AwayTeam": "Hercules", "Date": "2011-05-01", "FTAG": 1, "FTHG": 3, "FTR": "H", "HC": 4, "HF": 15, "HR": 0, "HS": 12, "HST": 3, "HTAG": 1, "HTHG": 1, "HTR": "D", "HY": 2, "HomeTeam": "Malaga"},{"AC": 1, "AF": 16, "AR": 0, "AS": 5, "AST": 1, "AY": 7, "AwayTeam": "Valencia", "Date": "2011-05-01", "FTAG": 0, "FTHG": 1, "FTR": "H", "HC": 8, "HF": 12, "HR": 0, "HS": 19, "HST": 6, "HTAG": 0, "HTHG": 0, "HTR": "D", "HY": 4, "HomeTeam": "Osasuna"},{"AC": 6, "AF": 12, "AR": 0, "AS": 13, "AST": 8, "AY": 1, "AwayTeam": "Mallorca", "Date": "2011-05-01", "FTAG": 0, "FTHG": 2, "FTR": "H", "HC": 3, "HF": 18, "HR": 0, "HS": 8, "HST": 3, "HTAG": 0, "HTHG": 2, "HTR": "H", "HY": 4, "HomeTeam": "Santander"},{"AC": 5, "AF": 16, "AR": 0, "AS": 15, "AST": 6, "AY": 4, "AwayTeam": "Getafe", "Date": "2011-05-01", "FTAG": 1, "FTHG": 2, "FTR": "H", "HC": 8, "HF": 15, "HR": 0, "HS": 19, "HST": 6, "HTAG": 1, "HTHG": 0, "HTR": "A", "HY": 4, "HomeTeam": "Villarreal"},{"AC": 6, "AF": 18, "AR": 0, "AS": 7, "AST": 4, "AY": 2, "AwayTeam": "Ath Bilbao", "Date": "2011-05-02", "FTAG": 1, "FTHG": 2, "FTR": "H", "HC": 11, "HF": 16, "HR": 0, "HS": 9, "HST": 6, "HTAG": 1, "HTHG": 1, "HTR": "D", "HY": 2, "HomeTeam": "Espanol"},{"AC": 6, "AF": 11, "AR": 0, "AS": 13, "AST": 4, "AY": 4, "AwayTeam": "Levante", "Date": "2011-05-07", "FTAG": 2, "FTHG": 3, "FTR": "H", "HC": 4, "HF": 14, "HR": 0, "HS": 13, "HST": 4, "HTAG": 0, "HTHG": 1, "HTR": "H", "HY": 3, "HomeTeam": "Ath Bilbao"},{"AC": 1, "AF": 14, "AR": 0, "AS": 11, "AST": 5, "AY": 3, "AwayTeam": "Malaga", "Date": "2011-05-07", "FTAG": 3, "FTHG": 0, "FTR": "A", "HC": 7, "HF": 15, "HR": 0, "HS": 14, "HST": 6, "HTAG": 2, "HTHG": 0, "HTR": "A", "HY": 2, "HomeTeam": "Ath Madrid"},{"AC": 3, "AF": 20, "AR": 0, "AS": 10, "AST": 1, "AY": 4, "AwayTeam": "Almeria", "Date": "2011-05-07", "FTAG": 0, "FTHG": 2, "FTR": "H", "HC": 7, "HF": 10, "HR": 0, "HS": 15, "HST": 8, "HTAG": 0, "HTHG": 1, "HTR": "H", "HY": 5, "HomeTeam": "Getafe"},{"AC": 2, "AF": 20, "AR": 0, "AS": 12, "AST": 7, "AY": 1, "AwayTeam": "Santander", "Date": "2011-05-07", "FTAG": 3, "FTHG": 2, "FTR": "A", "HC": 13, "HF": 14, "HR": 1, "HS": 21, "HST": 9, "HTAG": 3, "HTHG": 2, "HTR": "A", "HY": 1, "HomeTeam": "Hercules"},{"AC": 10, "AF": 15, "AR": 0, "AS": 19, "AST": 10, "AY": 2, "AwayTeam": "Real Madrid", "Date": "2011-05-07", "FTAG": 6, "FTHG": 2, "FTR": "A", "HC": 10, "HF": 13, "HR": 0, "HS": 16, "HST": 5, "HTAG": 3, "HTHG": 0, "HTR": "A", "HY": 2, "HomeTeam": "Sevilla"},{"AC": 4, "AF": 9, "AR": 0, "AS": 8, "AST": 5, "AY": 4, "AwayTeam": "La Coruna", "Date": "2011-05-07", "FTAG": 2, "FTHG": 2, "FTR": "D", "HC": 4, "HF": 15, "HR": 0, "HS": 17, "HST": 7, "HTAG": 2, "HTHG": 1, "HTR": "A", "HY": 4, "HomeTeam": "Sp Gijon"},{"AC": 7, "AF": 8, "AR": 0, "AS": 11, "AST": 1, "AY": 1, "AwayTeam": "Sociedad", "Date": "2011-05-07", "FTAG": 0, "FTHG": 3, "FTR": "H", "HC": 8, "HF": 10, "HR": 0, "HS": 9, "HST": 4, "HTAG": 0, "HTHG": 3, "HTR": "H", "HY": 1, "HomeTeam": "Valencia"},{"AC": 3, "AF": 14, "AR": 0, "AS": 6, "AST": 2, "AY": 3, "AwayTeam": "Espanol", "Date": "2011-05-08", "FTAG": 0, "FTHG": 2, "FTR": "H", "HC": 8, "HF": 13, "HR": 0, "HS": 14, "HST": 6, "HTAG": 0, "HTHG": 1, "HTR": "H", "HY": 1, "HomeTeam": "Barcelona"},{"AC": 7, "AF": 6, "AR": 0, "AS": 6, "AST": 2, "AY": 1, "AwayTeam": "Villarreal", "Date": "2011-05-08", "FTAG": 0, "FTHG": 0, "FTR": "D", "HC": 6, "HF": 16, "HR": 0, "HS": 11, "HST": 5, "HTAG": 0, "HTHG": 0, "HTR": "D", "HY": 1, "HomeTeam": "Mallorca"},{"AC": 3, "AF": 15, "AR": 0, "AS": 11, "AST": 3, "AY": 1, "AwayTeam": "Osasuna", "Date": "2011-05-08", "FTAG": 3, "FTHG": 1, "FTR": "A", "HC": 5, "HF": 11, "HR": 0, "HS": 21, "HST": 7, "HTAG": 0, "HTHG": 1, "HTR": "H", "HY": 1, "HomeTeam": "Zaragoza"},{"AC": 4, "AF": 12, "AR": 0, "AS": 12, "AST": 2, "AY": 2, "AwayTeam": "Ath Bilbao", "Date": "2011-05-10", "FTAG": 1, "FTHG": 2, "FTR": "H", "HC": 5, "HF": 7, "HR": 0, "HS": 10, "HST": 3, "HTAG": 1, "HTHG": 1, "HTR": "D", "HY": 3, "HomeTeam": "La Coruna"},{"AC": 7, "AF": 14, "AR": 0, "AS": 13, "AST": 4, "AY": 1, "AwayTeam": "Sp Gijon", "Date": "2011-05-10", "FTAG": 0, "FTHG": 2, "FTR": "H", "HC": 6, "HF": 10, "HR": 0, "HS": 6, "HST": 3, "HTAG": 0, "HTHG": 1, "HTR": "H", "HY": 2, "HomeTeam": "Malaga"},{"AC": 4, "AF": 18, "AR": 0, "AS": 8, "AST": 1, "AY": 3, "AwayTeam": "Getafe", "Date": "2011-05-10", "FTAG": 0, "FTHG": 4, "FTR": "H", "HC": 7, "HF": 16, "HR": 0, "HS": 21, "HST": 7, "HTAG": 0, "HTHG": 1, "HTR": "H", "HY": 2, "HomeTeam": "Real Madrid"},{"AC": 7, "AF": 19, "AR": 0, "AS": 6, "AST": 1, "AY": 2, "AwayTeam": "Ath Madrid", "Date": "2011-05-10", "FTAG": 1, "FTHG": 2, "FTR": "H", "HC": 4, "HF": 24, "HR": 0, "HS": 14, "HST": 6, "HTAG": 1, "HTHG": 1, "HTR": "D", "HY": 2, "HomeTeam": "Santander"},{"AC": 9, "AF": 5, "AR": 0, "AS": 12, "AST": 4, "AY": 1, "AwayTeam": "Villarreal", "Date": "2011-05-11", "FTAG": 0, "FTHG": 0, "FTR": "D", "HC": 10, "HF": 11, "HR": 0, "HS": 15, "HST": 3, "HTAG": 0, "HTHG": 0, "HTR": "D", "HY": 3, "HomeTeam": "Almeria"},{"AC": 4, "AF": 18, "AR": 0, "AS": 10, "AST": 5, "AY": 3, "AwayTeam": "Valencia", "Date": "2011-05-11", "FTAG": 2, "FTHG": 2, "FTR": "D", "HC": 7, "HF": 7, "HR": 0, "HS": 20, "HST": 7, "HTAG": 2, "HTHG": 1, "HTR": "A", "HY": 2, "HomeTeam": "Espanol"},{"AC": 2, "AF": 15, "AR": 0, "AS": 9, "AST": 3, "AY": 2, "AwayTeam": "Mallorca", "Date": "2011-05-11", "FTAG": 2, "FTHG": 2, "FTR": "D", "HC": 4, "HF": 10, "HR": 0, "HS": 15, "HST": 2, "HTAG": 0, "HTHG": 2, "HTR": "H", "HY": 2, "HomeTeam": "Hercules"},{"AC": 3, "AF": 4, "AR": 0, "AS": 10, "AST": 2, "AY": 1, "AwayTeam": "Barcelona", "Date": "2011-05-11", "FTAG": 1, "FTHG": 1, "FTR": "D", "HC": 2, "HF": 10, "HR": 0, "HS": 9, "HST": 2, "HTAG": 1, "HTHG": 1, "HTR": "D", "HY": 1, "HomeTeam": "Levante"},{"AC": 2, "AF": 13, "AR": 1, "AS": 9, "AST": 3, "AY": 3, "AwayTeam": "Sevilla", "Date": "2011-05-11", "FTAG": 2, "FTHG": 3, "FTR": "H", "HC": 7, "HF": 11, "HR": 0, "HS": 19, "HST": 7, "HTAG": 2, "HTHG": 0, "HTR": "A", "HY": 3, "HomeTeam": "Osasuna"},{"AC": 1, "AF": 21, "AR": 0, "AS": 11, "AST": 4, "AY": 2, "AwayTeam": "Zaragoza", "Date": "2011-05-11", "FTAG": 1, "FTHG": 2, "FTR": "H", "HC": 7, "HF": 22, "HR": 0, "HS": 14, "HST": 4, "HTAG": 0, "HTHG": 1, "HTR": "H", "HY": 4, "HomeTeam": "Sociedad"},{"AC": 7, "AF": 7, "AR": 0, "AS": 13, "AST": 5, "AY": 1, "AwayTeam": "Mallorca", "Date": "2011-05-15", "FTAG": 1, "FTHG": 3, "FTR": "H", "HC": 3, "HF": 11, "HR": 0, "HS": 13, "HST": 4, "HTAG": 1, "HTHG": 3, "HTR": "H", "HY": 1, "HomeTeam": "Almeria"},{"AC": 7, "AF": 14, "AR": 1, "AS": 8, "AST": 3, "AY": 2, "AwayTeam": "Malaga", "Date": "2011-05-15", "FTAG": 1, "FTHG": 1, "FTR": "D", "HC": 5, "HF": 13, "HR": 0, "HS": 18, "HST": 7, "HTAG": 1, "HTHG": 0, "HTR": "A", "HY": 2, "HomeTeam": "Ath Bilbao"},{"AC": 10, "AF": 8, "AR": 0, "AS": 8, "AST": 2, "AY": 3, "AwayTeam": "Hercules", "Date": "2011-05-15", "FTAG": 1, "FTHG": 2, "FTR": "H", "HC": 7, "HF": 12, "HR": 0, "HS": 19, "HST": 6, "HTAG": 0, "HTHG": 1, "HTR": "H", "HY": 1, "HomeTeam": "Ath Madrid"},{"AC": 0, "AF": 13, "AR": 0, "AS": 8, "AST": 4, "AY": 2, "AwayTeam": "La Coruna", "Date": "2011-05-15", "FTAG": 0, "FTHG": 0, "FTR": "D", "HC": 5, "HF": 11, "HR": 0, "HS": 8, "HST": 2, "HTAG": 0, "HTHG": 0, "HTR": "D", "HY": 0, "HomeTeam": "Barcelona"},{"AC": 8, "AF": 14, "AR": 0, "AS": 12, "AST": 5, "AY": 0, "AwayTeam": "Osasuna", "Date": "2011-05-15", "FTAG": 0, "FTHG": 2, "FTR": "H", "HC": 11, "HF": 8, "HR": 0, "HS": 19, "HST": 4, "HTAG": 0, "HTHG": 0, "HTR": "D", "HY": 0, "HomeTeam": "Getafe"},{"AC": 3, "AF": 18, "AR": 0, "AS": 4, "AST": 1, "AY": 3, "AwayTeam": "Sociedad", "Date": "2011-05-15", "FTAG": 1, "FTHG": 3, "FTR": "H", "HC": 7, "HF": 12, "HR": 0, "HS": 16, "HST": 8, "HTAG": 0, "HTHG": 0, "HTR": "D", "HY": 3, "HomeTeam": "Sevilla"},{"AC": 1, "AF": 4, "AR": 0, "AS": 3, "AST": 2, "AY": 0, "AwayTeam": "Santander", "Date": "2011-05-15", "FTAG": 1, "FTHG": 2, "FTR": "H", "HC": 16, "HF": 11, "HR": 0, "HS": 33, "HST": 16, "HTAG": 1, "HTHG": 1, "HTR": "D", "HY": 0, "HomeTeam": "Sp Gijon"},{"AC": 2, "AF": 5, "AR": 1, "AS": 5, "AST": 1, "AY": 2, "AwayTeam": "Levante", "Date": "2011-05-15", "FTAG": 0, "FTHG": 0, "FTR": "D", "HC": 5, "HF": 19, "HR": 0, "HS": 17, "HST": 5, "HTAG": 0, "HTHG": 0, "HTR": "D", "HY": 2, "HomeTeam": "Valencia"},{"AC": 4, "AF": 17, "AR": 0, "AS": 7, "AST": 5, "AY": 1, "AwayTeam": "Real Madrid", "Date": "2011-05-15", "FTAG": 3, "FTHG": 1, "FTR": "A", "HC": 4, "HF": 13, "HR": 0, "HS": 10, "HST": 2, "HTAG": 2, "HTHG": 0, "HTR": "A", "HY": 5, "HomeTeam": "Villarreal"},{"AC": 6, "AF": 16, "AR": 0, "AS": 7, "AST": 5, "AY": 0, "AwayTeam": "Espanol", "Date": "2011-05-15", "FTAG": 0, "FTHG": 1, "FTR": "H", "HC": 5, "HF": 11, "HR": 0, "HS": 21, "HST": 7, "HTAG": 0, "HTHG": 0, "HTR": "D", "HY": 2, "HomeTeam": "Zaragoza"},{"AC": 1, "AF": 14, "AR": 0, "AS": 5, "AST": 3, "AY": 1, "AwayTeam": "Sevilla", "Date": "2011-05-21", "FTAG": 3, "FTHG": 2, "FTR": "A", "HC": 7, "HF": 7, "HR": 0, "HS": 15, "HST": 7, "HTAG": 2, "HTHG": 0, "HTR": "A", "HY": 0, "HomeTeam": "Espanol"},{"AC": 4, "AF": 9, "AR": 0, "AS": 9, "AST": 2, "AY": 0, "AwayTeam": "Sp Gijon", "Date": "2011-05-21", "FTAG": 0, "FTHG": 0, "FTR": "D", "HC": 10, "HF": 10, "HR": 0, "HS": 17, "HST": 4, "HTAG": 0, "HTHG": 0, "HTR": "D", "HY": 1, "HomeTeam": "Hercules"},{"AC": 3, "AF": 22, "AR": 0, "AS": 12, "AST": 6, "AY": 1, "AwayTeam": "Valencia", "Date": "2011-05-21", "FTAG": 2, "FTHG": 0, "FTR": "A", "HC": 11, "HF": 6, "HR": 0, "HS": 28, "HST": 6, "HTAG": 1, "HTHG": 0, "HTR": "A", "HY": 1, "HomeTeam": "La Coruna"},{"AC": 11, "AF": 18, "AR": 0, "AS": 20, "AST": 10, "AY": 4, "AwayTeam": "Zaragoza", "Date": "2011-05-21", "FTAG": 2, "FTHG": 1, "FTR": "A", "HC": 1, "HF": 19, "HR": 0, "HS": 3, "HST": 2, "HTAG": 1, "HTHG": 0, "HTR": "A", "HY": 5, "HomeTeam": "Levante"},{"AC": 8, "AF": 8, "AR": 0, "AS": 18, "AST": 8, "AY": 2, "AwayTeam": "Barcelona", "Date": "2011-05-21", "FTAG": 3, "FTHG": 1, "FTR": "A", "HC": 6, "HF": 10, "HR": 0, "HS": 13, "HST": 4, "HTAG": 1, "HTHG": 1, "HTR": "D", "HY": 3, "HomeTeam": "Malaga"},{"AC": 4, "AF": 8, "AR": 0, "AS": 12, "AST": 6, "AY": 3, "AwayTeam": "Ath Madrid", "Date": "2011-05-21", "FTAG": 4, "FTHG": 3, "FTR": "A", "HC": 10, "HF": 17, "HR": 0, "HS": 25, "HST": 14, "HTAG": 2, "HTHG": 0, "HTR": "A", "HY": 1, "HomeTeam": "Mallorca"},{"AC": 3, "AF": 10, "AR": 0, "AS": 4, "AST": 3, "AY": 2, "AwayTeam": "Villarreal", "Date": "2011-05-21", "FTAG": 0, "FTHG": 1, "FTR": "H", "HC": 11, "HF": 20, "HR": 0, "HS": 14, "HST": 6, "HTAG": 0, "HTHG": 1, "HTR": "H", "HY": 1, "HomeTeam": "Osasuna"},{"AC": 6, "AF": 10, "AR": 0, "AS": 6, "AST": 1, "AY": 1, "AwayTeam": "Almeria", "Date": "2011-05-21", "FTAG": 1, "FTHG": 8, "FTR": "H", "HC": 15, "HF": 11, "HR": 0, "HS": 27, "HST": 13, "HTAG": 1, "HTHG": 2, "HTR": "H", "HY": 1, "HomeTeam": "Real Madrid"},{"AC": 2, "AF": 12, "AR": 0, "AS": 9, "AST": 7, "AY": 0, "AwayTeam": "Ath Bilbao", "Date": "2011-05-21", "FTAG": 2, "FTHG": 1, "FTR": "A", "HC": 9, "HF": 14, "HR": 1, "HS": 18, "HST": 6, "HTAG": 2, "HTHG": 0, "HTR": "A", "HY": 2, "HomeTeam": "Santander"},{"AC": 3, "AF": 12, "AR": 0, "AS": 8, "AST": 1, "AY": 1, "AwayTeam": "Getafe", "Date": "2011-05-21", "FTAG": 1, "FTHG": 1, "FTR": "D", "HC": 4, "HF": 8, "HR": 0, "HS": 12, "HST": 7, "HTAG": 1, "HTHG": 0, "HTR": "A", "HY": 0, "HomeTeam": "Sociedad"}]