[{"AC": 5, "AF": 16, "AR": 0, "AS": 18, "AST": 3, "AY": 2, "AwayTeam": "Betis", "Date": "2011-08-27", "FTAG": 1, "FTHG": 0, "FTR": "A", "HC": 8, "HF": 12, "HR": 0, "HS": 11, "HST": 2, "HTAG": 0, "HTHG": 0, "HTR": "D", "HY": 2, "HomeTeam": "Granada"},{"AC": 2, "AF": 11, "AR": 1, "AS": 6, "AST": 2, "AY": 1, "AwayTeam": "Sociedad", "Date": "2011-08-27", "FTAG": 2, "FTHG": 1, "FTR": "A", "HC": 9, "HF": 14, "HR": 1, "HS": 17, "HST": 4, "HTAG": 1, "HTHG": 0, "HTR": "A", "HY": 2, "HomeTeam": "Sp Gijon"},{"AC": 3, "AF": 11, "AR": 0, "AS": 4, "AST": 3, "AY": 3, "AwayTeam": "Santander", "Date": "2011-08-27", "FTAG": 3, "FTHG": 4, "FTR": "H", "HC": 10, "HF": 14, "HR": 0, "HS": 26, "HST": 11, "HTAG": 2, "HTHG": 1, "HTR": "A", "HY": 3, "HomeTeam": "Valencia"},{"AC": 4, "AF": 19, "AR": 0, "AS": 13, "AST": 6, "AY": 3, "AwayTeam": "Vallecano", "Date": "2011-08-28", "FTAG": 1, "FTHG": 1, "FTR": "D", "HC": 9, "HF": 17, "HR": 0, "HS": 10, "HST": 4, "HTAG": 0, "HTHG": 0, "HTR": "D", "HY": 1, "HomeTeam": "Ath Bilbao"},{"AC": 5, "AF": 8, "AR": 0, "AS": 16, "AST": 2, "AY": 0, "AwayTeam": "Osasuna", "Date": "2011-08-28", "FTAG": 0, "FTHG": 0, "FTR": "D", "HC": 12, "HF": 9, "HR": 0, "HS": 28, "HST": 8, "HTAG": 0, "HTHG": 0, "HTR": "D", "HY": 1, "HomeTeam": "Ath Madrid"},{"AC": 4, "AF": 6, "AR": 0, "AS": 9, "AST": 1, "AY": 3, "AwayTeam": "Levante", "Date": "2011-08-28", "FTAG": 1, "FTHG": 1, "FTR": "D", "HC": 1, "HF": 15, "HR": 0, "HS": 8, "HST": 2, "HTAG": 0, "HTHG": 0, "HTR": "D", "HY": 5, "HomeTeam": "Getafe"},{"AC": 4, "AF": 15, "AR": 0, "AS": 9, "AST": 3, "AY": 3, "AwayTeam": "Espanol", "Date": "2011-08-28", "FTAG": 0, "FTHG": 1, "FTR": "H", "HC": 5, "HF": 21, "HR": 0, "HS": 11, "HST": 4, "HTAG": 0, "HTHG": 0, "HTR": "D", "HY": 2, "HomeTeam": "Mallorca"},{"AC": 8, "AF": 7, "AR": 0, "AS": 6, "AST": 1, "AY": 1, "AwayTeam": "Malaga", "Date": "2011-08-28", "FTAG": 1, "FTHG": 2, "FTR": "H", "HC": 2, "HF": 15, "HR": 0, "HS": 15, "HST": 9, "HTAG": 0, "HTHG": 2, "HTR": "H", "HY": 3, "HomeTeam": "Sevilla"},{"AC": 9, "AF": 16, "AR": 0, "AS": 39, "AST": 16, "AY": 1, "AwayTeam": "Real Madrid", "Date": "2011-08-28", "FTAG": 6, "FTHG": 0, "FTR": "A", "HC": 7, "HF": 16, "HR": 0, "HS": 8, "HST": 1, "HTAG": 2, "HTHG": 0, "HTR": "A", "HY": 2, "HomeTeam": "Zaragoza"},{"AC": 0, "AF": 14, "AR": 0, "AS": 5, "AST": 1, "AY": 3, "AwayTeam": "Villarreal", "Date": "2011-08-29", "FTAG": 0, "FTHG": 5, "FTR": "H", "HC": 12, "HF": 15, "HR": 0, "HS": 18, "HST": 9, "HTAG": 0, "HTHG": 2, "HTR": "H", "HY": 3, "HomeTeam": "Barcelona"},{"AC": 6, "AF": 13, "AR": 0, "AS": 10, "AST": 6, "AY": 3, "AwayTeam": "Getafe", "Date": "2011-09-10", "FTAG": 2, "FTHG": 4, "FTR": "H", "HC": 4, "HF": 9, "HR": 0, "HS": 26, "HST": 10, "HTAG": 1, "HTHG": 1, "HTR": "D", "HY": 3, "HomeTeam": "Real Madrid"},{"AC": 4, "AF": 17, "AR": 0, "AS": 13, "AST": 6, "AY": 1, "AwayTeam": "Barcelona", "Date": "2011-09-10", "FTAG": 2, "FTHG": 2, "FTR": "D", "HC": 5, "HF": 10, "HR": 0, "HS": 10, "HST": 4, "HTAG": 2, "HTHG": 0, "HTR": "A", "HY": 2, "HomeTeam": "Sociedad"},{"AC": 7, "AF": 18, "AR": 0, "AS": 12, "AST": 2, "AY": 2, "AwayTeam": "Ath Madrid", "Date": "2011-09-10", "FTAG": 0, "FTHG": 1, "FTR": "H", "HC": 3, "HF": 15, "HR": 0, "HS": 12, "HST": 6, "HTAG": 0, "HTHG": 0, "HTR": "D", "HY": 1, "HomeTeam": "Valencia"},{"AC": 1, "AF": 14, "AR": 0, "AS": 10, "AST": 5, "AY": 4, "AwayTeam": "Sevilla", "Date": "2011-09-10", "FTAG": 2, "FTHG": 2, "FTR": "D", "HC": 2, "HF": 15, "HR": 1, "HS": 11, "HST": 5, "HTAG": 1, "HTHG": 1, "HTR": "D", "HY": 2, "HomeTeam": "Villarreal"},{"AC": 5, "AF": 17, "AR": 0, "AS": 9, "AST": 2, "AY": 4, "AwayTeam": "Mallorca", "Date": "2011-09-11", "FTAG": 0, "FTHG": 1, "FTR": "H", "HC": 7, "HF": 9, "HR": 0, "HS": 24, "HST": 7, "HTAG": 0, "HTHG": 0, "HTR": "D", "HY": 2, "HomeTeam": "Betis"},{"AC": 3, "AF": 21, "AR": 0, "AS": 17, "AST": 7, "AY": 1, "AwayTeam": "Ath Bilbao", "Date": "2011-09-11", "FTAG": 1, "FTHG": 2, "FTR": "H", "HC": 2, "HF": 17, "HR": 0, "HS": 10, "HST": 6, "HTAG": 0, "HTHG": 1, "HTR": "H", "HY": 2, "HomeTeam": "Espanol"},{"AC": 8, "AF": 16, "AR": 0, "AS": 10, "AST": 2, "AY": 3, "AwayTeam": "Sp Gijon", "Date": "2011-09-11", "FTAG": 1, "FTHG": 2, "FTR": "H", "HC": 6, "HF": 22, "HR": 0, "HS": 21, "HST": 7, "HTAG": 0, "HTHG": 2, "HTR": "H", "HY": 2, "HomeTeam": "Osasuna"},{"AC": 4, "AF": 20, "AR": 0, "AS": 11, "AST": 2, "AY": 2, "AwayTeam": "Levante", "Date": "2011-09-11", "FTAG": 0, "FTHG": 0, "FTR": "D", "HC": 3, "HF": 14, "HR": 1, "HS": 8, "HST": 1, "HTAG": 0, "HTHG": 0, "HTR": "D", "HY": 2, "HomeTeam": "Santander"},{"AC": 1, "AF": 14, "AR": 0, "AS": 7, "AST": 1, "AY": 4, "AwayTeam": "Zaragoza", "Date": "2011-09-11", "FTAG": 0, "FTHG": 0, "FTR": "D", "HC": 3, "HF": 19, "HR": 0, "HS": 20, "HST": 5, "HTAG": 0, "HTHG": 0, "HTR": "D", "HY": 4, "HomeTeam": "Vallecano"},{"AC": 3, "AF": 11, "AR": 0, "AS": 12, "AST": 4, "AY": 2, "AwayTeam": "Granada", "Date": "2011-09-12", "FTAG": 0, "FTHG": 4, "FTR": "H", "HC": 4, "HF": 12, "HR": 0, "HS": 20, "HST": 9, "HTAG": 0, "HTHG": 2, "HTR": "H", "HY": 1, "HomeTeam": "Malaga"},{"AC": 3, "AF": 15, "AR": 0, "AS": 7, "AST": 1, "AY": 5, "AwayTeam": "Osasuna", "Date": "2011-09-17", "FTAG": 0, "FTHG": 8, "FTR": "H", "HC": 8, "HF": 8, "HR": 0, "HS": 18, "HST": 14, "HTAG": 0, "HTHG": 5, "HTR": "H", "HY": 1, "HomeTeam": "Barcelona"},{"AC": 7, "AF": 11, "AR": 0, "AS": 14, "AST": 4, "AY": 2, "AwayTeam": "Villarreal", "Date": "2011-09-17", "FTAG": 0, "FTHG": 1, "FTR": "H", "HC": 0, "HF": 17, "HR": 0, "HS": 8, "HST": 2, "HTAG": 0, "HTHG": 0, "HTR": "D", "HY": 7, "HomeTeam": "Granada"},{"AC": 8, "AF": 12, "AR": 0, "AS": 8, "AST": 4, "AY": 1, "AwayTeam": "Malaga", "Date": "2011-09-17", "FTAG": 1, "FTHG": 0, "FTR": "A", "HC": 4, "HF": 21, "HR": 0, "HS": 6, "HST": 1, "HTAG": 1, "HTHG": 0, "HTR": "A", "HY": 2, "HomeTeam": "Mallorca"},{"AC": 1, "AF": 9, "AR": 0, "AS": 11, "AST": 1, "AY": 2, "AwayTeam": "Sociedad", "Date": "2011-09-17", "FTAG": 0, "FTHG": 1, "FTR": "H", "HC": 8, "HF": 20, "HR": 0, "HS": 15, "HST": 5, "HTAG": 0, "HTHG": 0, "HTR": "D", "HY": 3, "HomeTeam": "Sevilla"},{"AC": 6, "AF": 19, "AR": 0, "AS": 11, "AST": 5, "AY": 5, "AwayTeam": "Valencia", "Date": "2011-09-17", "FTAG": 1, "FTHG": 0, "FTR": "A", "HC": 6, "HF": 13, "HR": 0, "HS": 15, "HST": 4, "HTAG": 1, "HTHG": 0, "HTR": "A", "HY": 1, "HomeTeam": "Sp Gijon"},{"AC": 1, "AF": 19, "AR": 1, "AS": 18, "AST": 6, "AY": 4, "AwayTeam": "Betis", "Date": "2011-09-18", "FTAG": 3, "FTHG": 2, "FTR": "A", "HC": 10, "HF": 14, "HR": 1, "HS": 18, "HST": 9, "HTAG": 3, "HTHG": 1, "HTR": "A", "HY": 3, "HomeTeam": "Ath Bilbao"},{"AC": 4, "AF": 17, "AR": 0, "AS": 4, "AST": 0, "AY": 2, "AwayTeam": "Santander", "Date": "2011-09-18", "FTAG": 0, "FTHG": 4, "FTR": "H", "HC": 5, "HF": 17, "HR": 0, "HS": 17, "HST": 7, "HTAG": 0, "HTHG": 2, "HTR": "H", "HY": 3, "HomeTeam": "Ath Madrid"},{"AC": 8, "AF": 14, "AR": 0, "AS": 9, "AST": 4, "AY": 5, "AwayTeam": "Vallecano", "Date": "2011-09-18", "FTAG": 1, "FTHG": 0, "FTR": "A", "HC": 5, "HF": 20, "HR": 0, "HS": 7, "HST": 2, "HTAG": 1, "HTHG": 0, "HTR": "A", "HY": 3, "HomeTeam": "Getafe"},{"AC": 6, "AF": 16, "AR": 1, "AS": 14, "AST": 3, "AY": 3, "AwayTeam": "Real Madrid", "Date": "2011-09-18", "FTAG": 0, "FTHG": 1, "FTR": "H", "HC": 3, "HF": 20, "HR": 0, "HS": 11, "HST": 4, "HTAG": 0, "HTHG": 0, "HTR": "D", "HY": 7, "HomeTeam": "Levante"},{"AC": 4, "AF": 12, "AR": 1, "AS": 14, "AST": 4, "AY": 4, "AwayTeam": "Espanol", "Date": "2011-09-18", "FTAG": 1, "FTHG": 2, "FTR": "H", "HC": 3, "HF": 23, "HR": 0, "HS": 12, "HST": 5, "HTAG": 0, "HTHG": 1, "HTR": "H", "HY": 2, "HomeTeam": "Zaragoza"},{"AC": 3, "AF": 15, "AR": 0, "AS": 11, "AST": 5, "AY": 2, "AwayTeam": "Sevilla", "Date": "2011-09-20", "FTAG": 0, "FTHG": 0, "FTR": "D", "HC": 5, "HF": 18, "HR": 0, "HS": 15, "HST": 8, "HTAG": 0, "HTHG": 0, "HTR": "D", "HY": 3, "HomeTeam": "Osasuna"},{"AC": 4, "AF": 16, "AR": 0, "AS": 15, "AST": 4, "AY": 2, "AwayTeam": "Granada", "Date": "2011-09-20", "FTAG": 0, "FTHG": 1, "FTR": "H", "HC": 5, "HF": 16, "HR": 0, "HS": 14, "HST": 4, "HTAG": 0, "HTHG": 0, "HTR": "D", "HY": 5, "HomeTeam": "Sociedad"},{"AC": 2, "AF": 14, "AR": 0, "AS": 9, "AST": 3, "AY": 3, "AwayTeam": "Mallorca", "Date": "2011-09-20", "FTAG": 0, "FTHG": 2, "FTR": "H", "HC": 3, "HF": 9, "HR": 0, "HS": 13, "HST": 9, "HTAG": 0, "HTHG": 1, "HTR": "H", "HY": 0, "HomeTeam": "Villarreal"},{"AC": 2, "AF": 18, "AR": 0, "AS": 3, "AST": 1, "AY": 4, "AwayTeam": "Sp Gijon", "Date": "2011-09-21", "FTAG": 0, "FTHG": 4, "FTR": "H", "HC": 11, "HF": 18, "HR": 0, "HS": 19, "HST": 11, "HTAG": 0, "HTHG": 1, "HTR": "H", "HY": 2, "HomeTeam": "Ath Madrid"},{"AC": 6, "AF": 20, "AR": 0, "AS": 8, "AST": 3, "AY": 2, "AwayTeam": "Ath Bilbao", "Date": "2011-09-21", "FTAG": 0, "FTHG": 1, "FTR": "H", "HC": 6, "HF": 16, "HR": 0, "HS": 13, "HST": 4, "HTAG": 0, "HTHG": 0, "HTR": "D", "HY": 1, "HomeTeam": "Malaga"},{"AC": 10, "AF": 19, "AR": 0, "AS": 16, "AST": 2, "AY": 3, "AwayTeam": "Real Madrid", "Date": "2011-09-21", "FTAG": 0, "FTHG": 0, "FTR": "D", "HC": 2, "HF": 20, "HR": 0, "HS": 5, "HST": 2, "HTAG": 0, "HTHG": 0, "HTR": "D", "HY": 6, "HomeTeam": "Santander"},{"AC": 3, "AF": 5, "AR": 0, "AS": 10, "AST": 7, "AY": 1, "AwayTeam": "Barcelona", "Date": "2011-09-21", "FTAG": 2, "FTHG": 2, "FTR": "D", "HC": 4, "HF": 14, "HR": 1, "HS": 9, "HST": 1, "HTAG": 1, "HTHG": 2, "HTR": "H", "HY": 4, "HomeTeam": "Valencia"},{"AC": 5, "AF": 12, "AR": 0, "AS": 9, "AST": 5, "AY": 1, "AwayTeam": "Levante", "Date": "2011-09-21", "FTAG": 2, "FTHG": 1, "FTR": "A", "HC": 7, "HF": 15, "HR": 1, "HS": 14, "HST": 7, "HTAG": 2, "HTHG": 0, "HTR": "A", "HY": 2, "HomeTeam": "Vallecano"},{"AC": 10, "AF": 16, "AR": 0, "AS": 21, "AST": 8, "AY": 2, "AwayTeam": "Zaragoza", "Date": "2011-09-22", "FTAG": 3, "FTHG": 4, "FTR": "H", "HC": 2, "HF": 8, "HR": 1, "HS": 9, "HST": 6, "HTAG": 1, "HTHG": 2, "HTR": "H", "HY": 0, "HomeTeam": "Betis"},{"AC": 0, "AF": 16, "AR": 0, "AS": 9, "AST": 0, "AY": 1, "AwayTeam": "Getafe", "Date": "2011-09-22", "FTAG": 0, "FTHG": 1, "FTR": "H", "HC": 10, "HF": 25, "HR": 0, "HS": 16, "HST": 6, "HTAG": 0, "HTHG": 0, "HTR": "D", "HY": 5, "HomeTeam": "Espanol"},{"AC": 4, "AF": 17, "AR": 0, "AS": 15, "AST": 3, "AY": 1, "AwayTeam": "Villarreal", "Date": "2011-09-24", "FTAG": 1, "FTHG": 1, "FTR": "D", "HC": 8, "HF": 22, "HR": 1, "HS": 10, "HST": 6, "HTAG": 0, "HTHG": 1, "HTR": "H", "HY": 3, "HomeTeam": "Ath Bilbao"},{"AC": 1, "AF": 18, "AR": 0, "AS": 6, "AST": 2, "AY": 1, "AwayTeam": "Ath Madrid", "Date": "2011-09-24", "FTAG": 0, "FTHG": 5, "FTR": "H", "HC": 8, "HF": 17, "HR": 0, "HS": 18, "HST": 8, "HTAG": 0, "HTHG": 3, "HTR": "H", "HY": 1, "HomeTeam": "Barcelona"},{"AC": 6, "AF": 18, "AR": 0, "AS": 16, "AST": 6, "AY": 4, "AwayTeam": "Vallecano", "Date": "2011-09-24", "FTAG": 2, "FTHG": 6, "FTR": "H", "HC": 7, "HF": 7, "HR": 1, "HS": 18, "HST": 11, "HTAG": 1, "HTHG": 2, "HTR": "H", "HY": 0, "HomeTeam": "Real Madrid"},{"AC": 8, "AF": 13, "AR": 1, "AS": 14, "AST": 6, "AY": 3, "AwayTeam": "Valencia", "Date": "2011-09-24", "FTAG": 0, "FTHG": 1, "FTR": "H", "HC": 4, "HF": 15, "HR": 2, "HS": 12, "HST": 6, "HTAG": 0, "HTHG": 1, "HTR": "H", "HY": 2, "HomeTeam": "Sevilla"},{"AC": 6, "AF": 12, "AR": 0, "AS": 20, "AST": 6, "AY": 3, "AwayTeam": "Osasuna", "Date": "2011-09-25", "FTAG": 1, "FTHG": 1, "FTR": "D", "HC": 4, "HF": 20, "HR": 0, "HS": 10, "HST": 2, "HTAG": 1, "HTHG": 0, "HTR": "A", "HY": 3, "HomeTeam": "Granada"},{"AC": 8, "AF": 14, "AR": 2, "AS": 18, "AST": 6, "AY": 4, "AwayTeam": "Espanol", "Date": "2011-09-25", "FTAG": 1, "FTHG": 3, "FTR": "H", "HC": 7, "HF": 11, "HR": 0, "HS": 12, "HST": 5, "HTAG": 0, "HTHG": 1, "HTR": "H", "HY": 1, "HomeTeam": "Levante"},{"AC": 1, "AF": 8, "AR": 0, "AS": 16, "AST": 5, "AY": 0, "AwayTeam": "Sociedad", "Date": "2011-09-25", "FTAG": 1, "FTHG": 2, "FTR": "H", "HC": 6, "HF": 14, "HR": 0, "HS": 16, "HST": 4, "HTAG": 1, "HTHG": 1, "HTR": "D", "HY": 2, "HomeTeam": "Mallorca"},{"AC": 5, "AF": 15, "AR": 0, "AS": 8, "AST": 3, "AY": 4, "AwayTeam": "Santander", "Date": "2011-09-25", "FTAG": 0, "FTHG": 0, "FTR": "D", "HC": 3, "HF": 15, "HR": 0, "HS": 16, "HST": 1, "HTAG": 0, "HTHG": 0, "HTR": "D", "HY": 2, "HomeTeam": "Sp Gijon"},{"AC": 7, "AF": 10, "AR": 0, "AS": 9, "AST": 4, "AY": 1, "AwayTeam": "Malaga", "Date": "2011-09-25", "FTAG": 0, "FTHG": 0, "FTR": "D", "HC": 3, "HF": 19, "HR": 0, "HS": 8, "HST": 4, "HTAG": 0, "HTHG": 0, "HTR": "D", "HY": 1, "HomeTeam": "Zaragoza"},{"AC": 4, "AF": 22, "AR": 0, "AS": 9, "AST": 3, "AY": 3, "AwayTeam": "Betis", "Date": "2011-09-26", "FTAG": 0, "FTHG": 1, "FTR": "H", "HC": 2, "HF": 13, "HR": 0, "HS": 12, "HST": 5, "HTAG": 0, "HTHG": 1, "HTR": "H", "HY": 5, "HomeTeam": "Getafe"},{"AC": 1, "AF": 22, "AR": 1, "AS": 6, "AST": 2, "AY": 6, "AwayTeam": "Getafe", "Date": "2011-10-01", "FTAG": 2, "FTHG": 3, "FTR": "H", "HC": 5, "HF": 11, "HR": 0, "HS": 19, "HST": 8, "HTAG": 0, "HTHG": 0, "HTR": "D", "HY": 2, "HomeTeam": "Malaga"},{"AC": 1, "AF": 16, "AR": 1, "AS": 14, "AST": 6, "AY": 4, "AwayTeam": "Mallorca", "Date": "2011-10-01", "FTAG": 2, "FTHG": 2, "FTR": "D", "HC": 7, "HF": 11, "HR": 0, "HS": 10, "HST": 6, "HTAG": 1, "HTHG": 1, "HTR": "D", "HY": 2, "HomeTeam": "Osasuna"},{"AC": 4, "AF": 17, "AR": 0, "AS": 9, "AST": 5, "AY": 4, "AwayTeam": "Vallecano", "Date": "2011-10-01", "FTAG": 1, "FTHG": 1, "FTR": "D", "HC": 3, "HF": 11, "HR": 0, "HS": 7, "HST": 4, "HTAG": 1, "HTHG": 0, "HTR": "A", "HY": 1, "HomeTeam": "Santander"},{"AC": 4, "AF": 1, "AR": 0, "AS": 14, "AST": 5, "AY": 0, "AwayTeam": "Granada", "Date": "2011-10-01", "FTAG": 0, "FTHG": 1, "FTR": "H", "HC": 10, "HF": 14, "HR": 0, "HS": 23, "HST": 11, "HTAG": 0, "HTHG": 1, "HTR": "H", "HY": 2, "HomeTeam": "Valencia"},{"AC": 4, "AF": 23, "AR": 1, "AS": 16, "AST": 9, "AY": 3, "AwayTeam": "Zaragoza", "Date": "2011-10-01", "FTAG": 2, "FTHG": 2, "FTR": "D", "HC": 13, "HF": 3, "HR": 0, "HS": 25, "HST": 12, "HTAG": 2, "HTHG": 1, "HTR": "A", "HY": 1, "HomeTeam": "Villarreal"},{"AC": 5, "AF": 17, "AR": 0, "AS": 8, "AST": 5, "AY": 6, "AwayTeam": "Sevilla", "Date": "2011-10-02", "FTAG": 0, "FTHG": 0, "FTR": "D", "HC": 7, "HF": 20, "HR": 0, "HS": 15, "HST": 4, "HTAG": 0, "HTHG": 0, "HTR": "D", "HY": 5, "HomeTeam": "Ath Madrid"},{"AC": 2, "AF": 11, "AR": 0, "AS": 8, "AST": 3, "AY": 4, "AwayTeam": "Levante", "Date": "2011-10-02", "FTAG": 1, "FTHG": 0, "FTR": "A", "HC": 11, "HF": 13, "HR": 0, "HS": 20, "HST": 4, "HTAG": 1, "HTHG": 0, "HTR": "A", "HY": 2, "HomeTeam": "Betis"},{"AC": 5, "AF": 6, "AR": 0, "AS": 16, "AST": 7, "AY": 1, "AwayTeam": "Real Madrid", "Date": "2011-10-02", "FTAG": 4, "FTHG": 0, "FTR": "A", "HC": 9, "HF": 25, "HR": 0, "HS": 15, "HST": 3, "HTAG": 1, "HTHG": 0, "HTR": "A", "HY": 4, "HomeTeam": "Espanol"},{"AC": 6, "AF": 16, "AR": 0, "AS": 16, "AST": 7, "AY": 4, "AwayTeam": "Ath Bilbao", "Date": "2011-10-02", "FTAG": 2, "FTHG": 1, "FTR": "A", "HC": 5, "HF": 15, "HR": 0, "HS": 15, "HST": 4, "HTAG": 1, "HTHG": 0, "HTR": "A", "HY": 1, "HomeTeam": "Sociedad"},{"AC": 5, "AF": 7, "AR": 0, "AS": 14, "AST": 4, "AY": 2, "AwayTeam": "Barcelona", "Date": "2011-10-02", "FTAG": 1, "FTHG": 0, "FTR": "A", "HC": 4, "HF": 19, "HR": 0, "HS": 4, "HST": 1, "HTAG": 1, "HTHG": 0, "HTR": "A", "HY": 2, "HomeTeam": "Sp Gijon"},{"AC": 0, "AF": 17, "AR": 0, "AS": 3, "AST": 2, "AY": 2, "AwayTeam": "Santander", "Date": "2011-10-15", "FTAG": 0, "FTHG": 3, "FTR": "H", "HC": 6, "HF": 5, "HR": 0, "HS": 19, "HST": 6, "HTAG": 0, "HTHG": 2, "HTR": "H", "HY": 0, "HomeTeam": "Barcelona"},{"AC": 2, "AF": 14, "AR": 0, "AS": 14, "AST": 4, "AY": 5, "AwayTeam": "Villarreal", "Date": "2011-10-15", "FTAG": 0, "FTHG": 0, "FTR": "D", "HC": 6, "HF": 18, "HR": 0, "HS": 8, "HST": 3, "HTAG": 0, "HTHG": 0, "HTR": "D", "HY": 4, "HomeTeam": "Getafe"},{"AC": 8, "AF": 17, "AR": 0, "AS": 20, "AST": 8, "AY": 5, "AwayTeam": "Ath Madrid", "Date": "2011-10-15", "FTAG": 0, "FTHG": 0, "FTR": "D", "HC": 10, "HF": 13, "HR": 0, "HS": 18, "HST": 3, "HTAG": 0, "HTHG": 0, "HTR": "D", "HY": 3, "HomeTeam": "Granada"},{"AC": 6, "AF": 19, "AR": 0, "AS": 10, "AST": 3, "AY": 4, "AwayTeam": "Valencia", "Date": "2011-10-15", "FTAG": 1, "FTHG": 1, "FTR": "D", "HC": 10, "HF": 13, "HR": 0, "HS": 11, "HST": 1, "HTAG": 1, "HTHG": 0, "HTR": "A", "HY": 3, "HomeTeam": "Mallorca"},{"AC": 0, "AF": 15, "AR": 0, "AS": 10, "AST": 3, "AY": 3, "AwayTeam": "Betis", "Date": "2011-10-15", "FTAG": 1, "FTHG": 4, "FTR": "H", "HC": 2, "HF": 14, "HR": 0, "HS": 22, "HST": 10, "HTAG": 0, "HTHG": 0, "HTR": "D", "HY": 1, "HomeTeam": "Real Madrid"},{"AC": 4, "AF": 12, "AR": 1, "AS": 7, "AST": 3, "AY": 0, "AwayTeam": "Malaga", "Date": "2011-10-16", "FTAG": 0, "FTHG": 3, "FTR": "H", "HC": 4, "HF": 19, "HR": 0, "HS": 14, "HST": 4, "HTAG": 0, "HTHG": 3, "HTR": "H", "HY": 3, "HomeTeam": "Levante"},{"AC": 7, "AF": 20, "AR": 0, "AS": 15, "AST": 6, "AY": 2, "AwayTeam": "Sp Gijon", "Date": "2011-10-16", "FTAG": 1, "FTHG": 2, "FTR": "H", "HC": 5, "HF": 14, "HR": 0, "HS": 20, "HST": 4, "HTAG": 0, "HTHG": 1, "HTR": "H", "HY": 4, "HomeTeam": "Sevilla"},{"AC": 8, "AF": 14, "AR": 0, "AS": 10, "AST": 4, "AY": 3, "AwayTeam": "Espanol", "Date": "2011-10-16", "FTAG": 1, "FTHG": 0, "FTR": "A", "HC": 6, "HF": 12, "HR": 0, "HS": 6, "HST": 1, "HTAG": 0, "HTHG": 0, "HTR": "D", "HY": 3, "HomeTeam": "Vallecano"},{"AC": 6, "AF": 9, "AR": 0, "AS": 13, "AST": 2, "AY": 3, "AwayTeam": "Sociedad", "Date": "2011-10-16", "FTAG": 0, "FTHG": 2, "FTR": "H", "HC": 2, "HF": 13, "HR": 0, "HS": 8, "HST": 4, "HTAG": 0, "HTHG": 1, "HTR": "H", "HY": 3, "HomeTeam": "Zaragoza"},{"AC": 3, "AF": 12, "AR": 1, "AS": 11, "AST": 6, "AY": 1, "AwayTeam": "Osasuna", "Date": "2011-10-17", "FTAG": 1, "FTHG": 3, "FTR": "H", "HC": 11, "HF": 15, "HR": 0, "HS": 13, "HST": 6, "HTAG": 0, "HTHG": 3, "HTR": "H", "HY": 2, "HomeTeam": "Ath Bilbao"},{"AC": 3, "AF": 8, "AR": 2, "AS": 6, "AST": 3, "AY": 8, "AwayTeam": "Sevilla", "Date": "2011-10-22", "FTAG": 0, "FTHG": 0, "FTR": "D", "HC": 13, "HF": 9, "HR": 0, "HS": 21, "HST": 6, "HTAG": 0, "HTHG": 0, "HTR": "D", "HY": 2, "HomeTeam": "Barcelona"},{"AC": 1, "AF": 13, "AR": 0, "AS": 12, "AST": 7, "AY": 0, "AwayTeam": "Real Madrid", "Date": "2011-10-22", "FTAG": 4, "FTHG": 0, "FTR": "A", "HC": 6, "HF": 7, "HR": 0, "HS": 21, "HST": 6, "HTAG": 4, "HTHG": 0, "HTR": "A", "HY": 1, "HomeTeam": "Malaga"},{"AC": 3, "AF": 17, "AR": 0, "AS": 14, "AST": 4, "AY": 4, "AwayTeam": "Espanol", "Date": "2011-10-22", "FTAG": 1, "FTHG": 0, "FTR": "A", "HC": 7, "HF": 13, "HR": 0, "HS": 20, "HST": 5, "HTAG": 0, "HTHG": 0, "HTR": "D", "HY": 1, "HomeTeam": "Santander"},{"AC": 5, "AF": 11, "AR": 0, "AS": 19, "AST": 5, "AY": 1, "AwayTeam": "Granada", "Date": "2011-10-22", "FTAG": 0, "FTHG": 2, "FTR": "H", "HC": 5, "HF": 15, "HR": 0, "HS": 16, "HST": 5, "HTAG": 0, "HTHG": 2, "HTR": "H", "HY": 2, "HomeTeam": "Sp Gijon"},{"AC": 0, "AF": 21, "AR": 0, "AS": 6, "AST": 3, "AY": 6, "AwayTeam": "Mallorca", "Date": "2011-10-23", "FTAG": 1, "FTHG": 1, "FTR": "D", "HC": 15, "HF": 11, "HR": 0, "HS": 20, "HST": 4, "HTAG": 1, "HTHG": 1, "HTR": "D", "HY": 2, "HomeTeam": "Ath Madrid"},{"AC": 7, "AF": 18, "AR": 0, "AS": 12, "AST": 5, "AY": 3, "AwayTeam": "Vallecano", "Date": "2011-10-23", "FTAG": 2, "FTHG": 0, "FTR": "A", "HC": 12, "HF": 17, "HR": 0, "HS": 18, "HST": 4, "HTAG": 0, "HTHG": 0, "HTR": "D", "HY": 2, "HomeTeam": "Betis"},{"AC": 1, "AF": 24, "AR": 0, "AS": 6, "AST": 2, "AY": 6, "AwayTeam": "Zaragoza", "Date": "2011-10-23", "FTAG": 0, "FTHG": 3, "FTR": "H", "HC": 5, "HF": 17, "HR": 0, "HS": 16, "HST": 7, "HTAG": 0, "HTHG": 3, "HTR": "H", "HY": 2, "HomeTeam": "Osasuna"},{"AC": 5, "AF": 11, "AR": 0, "AS": 12, "AST": 2, "AY": 1, "AwayTeam": "Getafe", "Date": "2011-10-23", "FTAG": 0, "FTHG": 0, "FTR": "D", "HC": 10, "HF": 11, "HR": 0, "HS": 12, "HST": 2, "HTAG": 0, "HTHG": 0, "HTR": "D", "HY": 2, "HomeTeam": "Sociedad"},{"AC": 4, "AF": 20, "AR": 0, "AS": 6, "AST": 3, "AY": 4, "AwayTeam": "Ath Bilbao", "Date": "2011-10-23", "FTAG": 1, "FTHG": 1, "FTR": "D", "HC": 9, "HF": 20, "HR": 0, "HS": 22, "HST": 3, "HTAG": 0, "HTHG": 0, "HTR": "D", "HY": 3, "HomeTeam": "Valencia"},{"AC": 4, "AF": 8, "AR": 0, "AS": 9, "AST": 3, "AY": 1, "AwayTeam": "Levante", "Date": "2011-10-23", "FTAG": 3, "FTHG": 0, "FTR": "A", "HC": 4, "HF": 7, "HR": 0, "HS": 15, "HST": 5, "HTAG": 2, "HTHG": 0, "HTR": "A", "HY": 2, "HomeTeam": "Villarreal"},{"AC": 10, "AF": 9, "AR": 0, "AS": 17, "AST": 7, "AY": 4, "AwayTeam": "Barcelona", "Date": "2011-10-25", "FTAG": 1, "FTHG": 0, "FTR": "A", "HC": 2, "HF": 14, "HR": 2, "HS": 2, "HST": 0, "HTAG": 1, "HTHG": 0, "HTR": "A", "HY": 3, "HomeTeam": "Granada"},{"AC": 0, "AF": 19, "AR": 0, "AS": 9, "AST": 5, "AY": 3, "AwayTeam": "Santander", "Date": "2011-10-25", "FTAG": 2, "FTHG": 2, "FTR": "D", "HC": 14, "HF": 8, "HR": 0, "HS": 22, "HST": 11, "HTAG": 0, "HTHG": 1, "HTR": "H", "HY": 1, "HomeTeam": "Sevilla"},{"AC": 3, "AF": 19, "AR": 0, "AS": 6, "AST": 3, "AY": 3, "AwayTeam": "Osasuna", "Date": "2011-10-26", "FTAG": 2, "FTHG": 2, "FTR": "D", "HC": 4, "HF": 12, "HR": 0, "HS": 13, "HST": 4, "HTAG": 1, "HTHG": 0, "HTR": "A", "HY": 2, "HomeTeam": "Getafe"},{"AC": 6, "AF": 16, "AR": 0, "AS": 19, "AST": 5, "AY": 1, "AwayTeam": "Sociedad", "Date": "2011-10-26", "FTAG": 2, "FTHG": 3, "FTR": "H", "HC": 6, "HF": 12, "HR": 1, "HS": 10, "HST": 4, "HTAG": 1, "HTHG": 0, "HTR": "A", "HY": 3, "HomeTeam": "Levante"},{"AC": 5, "AF": 12, "AR": 0, "AS": 12, "AST": 2, "AY": 4, "AwayTeam": "Sp Gijon", "Date": "2011-10-26", "FTAG": 2, "FTHG": 1, "FTR": "A", "HC": 6, "HF": 15, "HR": 0, "HS": 17, "HST": 5, "HTAG": 0, "HTHG": 1, "HTR": "H", "HY": 4, "HomeTeam": "Mallorca"},{"AC": 5, "AF": 12, "AR": 0, "AS": 4, "AST": 3, "AY": 3, "AwayTeam": "Villarreal", "Date": "2011-10-26", "FTAG": 0, "FTHG": 3, "FTR": "H", "HC": 4, "HF": 15, "HR": 0, "HS": 13, "HST": 6, "HTAG": 0, "HTHG": 3, "HTR": "H", "HY": 2, "HomeTeam": "Real Madrid"},{"AC": 4, "AF": 10, "AR": 1, "AS": 5, "AST": 0, "AY": 3, "AwayTeam": "Malaga", "Date": "2011-10-26", "FTAG": 0, "FTHG": 2, "FTR": "H", "HC": 6, "HF": 13, "HR": 0, "HS": 15, "HST": 6, "HTAG": 0, "HTHG": 1, "HTR": "H", "HY": 2, "HomeTeam": "Vallecano"},{"AC": 9, "AF": 16, "AR": 0, "AS": 15, "AST": 4, "AY": 4, "AwayTeam": "Valencia", "Date": "2011-10-26", "FTAG": 1, "FTHG": 0, "FTR": "A", "HC": 1, "HF": 20, "HR": 0, "HS": 8, "HST": 0, "HTAG": 0, "HTHG": 0, "HTR": "D", "HY": 3, "HomeTeam": "Zaragoza"},{"AC": 8, "AF": 21, "AR": 0, "AS": 11, "AST": 4, "AY": 5, "AwayTeam": "Ath Madrid", "Date": "2011-10-27", "FTAG": 0, "FTHG": 3, "FTR": "H", "HC": 10, "HF": 9, "HR": 0, "HS": 14, "HST": 4, "HTAG": 0, "HTHG": 0, "HTR": "D", "HY": 3, "HomeTeam": "Ath Bilbao"},{"AC": 8, "AF": 10, "AR": 0, "AS": 9, "AST": 5, "AY": 2, "AwayTeam": "Betis", "Date": "2011-10-27", "FTAG": 0, "FTHG": 1, "FTR": "H", "HC": 5, "HF": 9, "HR": 0, "HS": 17, "HST": 5, "HTAG": 0, "HTHG": 0, "HTR": "D", "HY": 5, "HomeTeam": "Espanol"},{"AC": 1, "AF": 16, "AR": 0, "AS": 2, "AST": 0, "AY": 2, "AwayTeam": "Mallorca", "Date": "2011-10-29", "FTAG": 0, "FTHG": 5, "FTR": "H", "HC": 9, "HF": 11, "HR": 0, "HS": 18, "HST": 10, "HTAG": 0, "HTHG": 3, "HTR": "H", "HY": 1, "HomeTeam": "Barcelona"},{"AC": 5, "AF": 18, "AR": 0, "AS": 12, "AST": 6, "AY": 2, "AwayTeam": "Real Madrid", "Date": "2011-10-29", "FTAG": 1, "FTHG": 0, "FTR": "A", "HC": 3, "HF": 18, "HR": 0, "HS": 5, "HST": 3, "HTAG": 1, "HTHG": 0, "HTR": "A", "HY": 5, "HomeTeam": "Sociedad"},{"AC": 3, "AF": 13, "AR": 0, "AS": 9, "AST": 3, "AY": 2, "AwayTeam": "Getafe", "Date": "2011-10-29", "FTAG": 1, "FTHG": 3, "FTR": "H", "HC": 5, "HF": 20, "HR": 0, "HS": 13, "HST": 5, "HTAG": 1, "HTHG": 2, "HTR": "H", "HY": 2, "HomeTeam": "Valencia"},{"AC": 2, "AF": 11, "AR": 0, "AS": 9, "AST": 1, "AY": 5, "AwayTeam": "Vallecano", "Date": "2011-10-29", "FTAG": 0, "FTHG": 2, "FTR": "H", "HC": 5, "HF": 14, "HR": 0, "HS": 11, "HST": 5, "HTAG": 0, "HTHG": 1, "HTR": "H", "HY": 3, "HomeTeam": "Villarreal"},{"AC": 4, "AF": 12, "AR": 0, "AS": 12, "AST": 4, "AY": 3, "AwayTeam": "Zaragoza", "Date": "2011-10-30", "FTAG": 1, "FTHG": 3, "FTR": "H", "HC": 5, "HF": 18, "HR": 0, "HS": 18, "HST": 7, "HTAG": 0, "HTHG": 2, "HTR": "H", "HY": 3, "HomeTeam": "Ath Madrid"},{"AC": 3, "AF": 21, "AR": 0, "AS": 7, "AST": 3, "AY": 5, "AwayTeam": "Espanol", "Date": "2011-10-30", "FTAG": 1, "FTHG": 2, "FTR": "H", "HC": 9, "HF": 12, "HR": 0, "HS": 19, "HST": 8, "HTAG": 1, "HTHG": 1, "HTR": "D", "HY": 0, "HomeTeam": "Malaga"},{"AC": 5, "AF": 13, "AR": 0, "AS": 14, "AST": 1, "AY": 3, "AwayTeam": "Levante", "Date": "2011-10-30", "FTAG": 0, "FTHG": 2, "FTR": "H", "HC": 5, "HF": 13, "HR": 1, "HS": 13, "HST": 5, "HTAG": 0, "HTHG": 2, "HTR": "H", "HY": 1, "HomeTeam": "Osasuna"},{"AC": 7, "AF": 12, "AR": 0, "AS": 22, "AST": 5, "AY": 1, "AwayTeam": "Betis", "Date": "2011-10-30", "FTAG": 0, "FTHG": 1, "FTR": "H", "HC": 8, "HF": 21, "HR": 0, "HS": 6, "HST": 2, "HTAG": 0, "HTHG": 0, "HTR": "D", "HY": 4, "HomeTeam": "Santander"},{"AC": 5, "AF": 21, "AR": 0, "AS": 7, "AST": 3, "AY": 3, "AwayTeam": "Ath Bilbao", "Date": "2011-10-30", "FTAG": 1, "FTHG": 1, "FTR": "D", "HC": 2, "HF": 9, "HR": 0, "HS": 11, "HST": 4, "HTAG": 0, "HTHG": 0, "HTR": "D", "HY": 1, "HomeTeam": "Sp Gijon"},{"AC": 7, "AF": 12, "AR": 0, "AS": 15, "AST": 4, "AY": 1, "AwayTeam": "Granada", "Date": "2011-10-31", "FTAG": 2, "FTHG": 1, "FTR": "A", "HC": 4, "HF": 7, "HR": 0, "HS": 31, "HST": 13, "HTAG": 0, "HTHG": 1, "HTR": "H", "HY": 1, "HomeTeam": "Sevilla"},{"AC": 7, "AF": 19, "AR": 0, "AS": 9, "AST": 4, "AY": 1, "AwayTeam": "Malaga", "Date": "2011-11-05", "FTAG": 0, "FTHG": 0, "FTR": "D", "HC": 2, "HF": 16, "HR": 0, "HS": 10, "HST": 0, "HTAG": 0, "HTHG": 0, "HTR": "D", "HY": 2, "HomeTeam": "Betis"},{"AC": 5, "AF": 19, "AR": 0, "AS": 8, "AST": 3, "AY": 3, "AwayTeam": "Valencia", "Date": "2011-11-05", "FTAG": 2, "FTHG": 0, "FTR": "A", "HC": 9, "HF": 13, "HR": 0, "HS": 13, "HST": 3, "HTAG": 1, "HTHG": 0, "HTR": "A", "HY": 6, "HomeTeam": "Levante"},{"AC": 8, "AF": 6, "AR": 0, "AS": 11, "AST": 1, "AY": 2, "AwayTeam": "Sevilla", "Date": "2011-11-05", "FTAG": 0, "FTHG": 0, "FTR": "D", "HC": 9, "HF": 20, "HR": 0, "HS": 15, "HST": 5, "HTAG": 0, "HTHG": 0, "HTR": "D", "HY": 5, "HomeTeam": "Mallorca"},{"AC": 5, "AF": 12, "AR": 0, "AS": 16, "AST": 9, "AY": 1, "AwayTeam": "Barcelona", "Date": "2011-11-06", "FTAG": 2, "FTHG": 2, "FTR": "D", "HC": 3, "HF": 26, "HR": 1, "HS": 4, "HST": 4, "HTAG": 1, "HTHG": 1, "HTR": "D", "HY": 3, "HomeTeam": "Ath Bilbao"},{"AC": 2, "AF": 9, "AR": 0, "AS": 10, "AST": 1, "AY": 3, "AwayTeam": "Villarreal", "Date": "2011-11-06", "FTAG": 0, "FTHG": 0, "FTR": "D", "HC": 7, "HF": 14, "HR": 1, "HS": 19, "HST": 2, "HTAG": 0, "HTHG": 0, "HTR": "D", "HY": 1, "HomeTeam": "Espanol"},{"AC": 5, "AF": 19, "AR": 0, "AS": 11, "AST": 6, "AY": 6, "AwayTeam": "Ath Madrid", "Date": "2011-11-06", "FTAG": 2, "FTHG": 3, "FTR": "H", "HC": 4, "HF": 17, "HR": 1, "HS": 14, "HST": 5, "HTAG": 1, "HTHG": 1, "HTR": "D", "HY": 5, "HomeTeam": "Getafe"},{"AC": 5, "AF": 20, "AR": 1, "AS": 14, "AST": 2, "AY": 5, "AwayTeam": "Santander", "Date": "2011-11-06", "FTAG": 0, "FTHG": 0, "FTR": "D", "HC": 5, "HF": 13, "HR": 0, "HS": 16, "HST": 3, "HTAG": 0, "HTHG": 0, "HTR": "D", "HY": 4, "HomeTeam": "Granada"},{"AC": 1, "AF": 13, "AR": 1, "AS": 4, "AST": 2, "AY": 1, "AwayTeam": "Osasuna", "Date": "2011-11-06", "FTAG": 1, "FTHG": 7, "FTR": "H", "HC": 6, "HF": 9, "HR": 0, "HS": 18, "HST": 11, "HTAG": 1, "HTHG": 3, "HTR": "H", "HY": 0, "HomeTeam": "Real Madrid"},{"AC": 2, "AF": 9, "AR": 1, "AS": 10, "AST": 3, "AY": 1, "AwayTeam": "Sociedad", "Date": "2011-11-06", "FTAG": 0, "FTHG": 4, "FTR": "H", "HC": 5, "HF": 24, "HR": 0, "HS": 13, "HST": 9, "HTAG": 0, "HTHG": 1, "HTR": "H", "HY": 1, "HomeTeam": "Vallecano"},{"AC": 3, "AF": 17, "AR": 0, "AS": 7, "AST": 2, "AY": 2, "AwayTeam": "Sp Gijon", "Date": "2011-11-06", "FTAG": 2, "FTHG": 2, "FTR": "D", "HC": 5, "HF": 15, "HR": 0, "HS": 13, "HST": 7, "HTAG": 2, "HTHG": 1, "HTR": "A", "HY": 4, "HomeTeam": "Zaragoza"},{"AC": 1, "AF": 17, "AR": 0, "AS": 4, "AST": 0, "AY": 3, "AwayTeam": "Zaragoza", "Date": "2011-11-19", "FTAG": 0, "FTHG": 4, "FTR": "H", "HC": 6, "HF": 20, "HR": 0, "HS": 27, "HST": 11, "HTAG": 0, "HTHG": 2, "HTR": "H", "HY": 2, "HomeTeam": "Barcelona"},{"AC": 2, "AF": 19, "AR": 0, "AS": 11, "AST": 4, "AY": 7, "AwayTeam": "Real Madrid", "Date": "2011-11-19", "FTAG": 3, "FTHG": 2, "FTR": "A", "HC": 5, "HF": 22, "HR": 0, "HS": 14, "HST": 5, "HTAG": 1, "HTHG": 0, "HTR": "A", "HY": 3, "HomeTeam": "Valencia"},{"AC": 5, "AF": 24, "AR": 0, "AS": 14, "AST": 4, "AY": 2, "AwayTeam": "Betis", "Date": "2011-11-19", "FTAG": 0, "FTHG": 1, "FTR": "H", "HC": 3, "HF": 17, "HR": 0, "HS": 11, "HST": 5, "HTAG": 0, "HTHG": 1, "HTR": "H", "HY": 5, "HomeTeam": "Villarreal"},{"AC": 2, "AF": 9, "AR": 0, "AS": 9, "AST": 5, "AY": 2, "AwayTeam": "Levante", "Date": "2011-11-20", "FTAG": 2, "FTHG": 3, "FTR": "H", "HC": 7, "HF": 18, "HR": 0, "HS": 26, "HST": 13, "HTAG": 0, "HTHG": 0, "HTR": "D", "HY": 4, "HomeTeam": "Ath Madrid"},{"AC": 5, "AF": 14, "AR": 0, "AS": 9, "AST": 2, "AY": 5, "AwayTeam": "Vallecano", "Date": "2011-11-20", "FTAG": 0, "FTHG": 0, "FTR": "D", "HC": 6, "HF": 17, "HR": 0, "HS": 10, "HST": 5, "HTAG": 0, "HTHG": 0, "HTR": "D", "HY": 3, "HomeTeam": "Osasuna"},{"AC": 6, "AF": 9, "AR": 0, "AS": 14, "AST": 5, "AY": 2, "AwayTeam": "Ath Bilbao", "Date": "2011-11-20", "FTAG": 2, "FTHG": 1, "FTR": "A", "HC": 1, "HF": 13, "HR": 0, "HS": 8, "HST": 5, "HTAG": 1, "HTHG": 1, "HTR": "D", "HY": 2, "HomeTeam": "Sevilla"},{"AC": 6, "AF": 10, "AR": 0, "AS": 19, "AST": 5, "AY": 1, "AwayTeam": "Espanol", "Date": "2011-11-20", "FTAG": 0, "FTHG": 0, "FTR": "D", "HC": 7, "HF": 15, "HR": 0, "HS": 12, "HST": 1, "HTAG": 0, "HTHG": 0, "HTR": "D", "HY": 4, "HomeTeam": "Sociedad"},{"AC": 1, "AF": 22, "AR": 1, "AS": 9, "AST": 1, "AY": 8, "AwayTeam": "Getafe", "Date": "2011-11-20", "FTAG": 1, "FTHG": 2, "FTR": "H", "HC": 8, "HF": 12, "HR": 0, "HS": 19, "HST": 8, "HTAG": 1, "HTHG": 1, "HTR": "D", "HY": 3, "HomeTeam": "Sp Gijon"},{"AC": 8, "AF": 8, "AR": 0, "AS": 19, "AST": 7, "AY": 2, "AwayTeam": "Malaga", "Date": "2011-11-21", "FTAG": 3, "FTHG": 1, "FTR": "A", "HC": 5, "HF": 16, "HR": 0, "HS": 11, "HST": 4, "HTAG": 0, "HTHG": 0, "HTR": "D", "HY": 3, "HomeTeam": "Santander"},{"AC": 13, "AF": 6, "AR": 0, "AS": 21, "AST": 7, "AY": 2, "AwayTeam": "Barcelona", "Date": "2011-11-26", "FTAG": 0, "FTHG": 1, "FTR": "H", "HC": 2, "HF": 16, "HR": 0, "HS": 7, "HST": 1, "HTAG": 0, "HTHG": 0, "HTR": "D", "HY": 4, "HomeTeam": "Getafe"},{"AC": 2, "AF": 25, "AR": 2, "AS": 4, "AST": 1, "AY": 5, "AwayTeam": "Ath Madrid", "Date": "2011-11-26", "FTAG": 1, "FTHG": 4, "FTR": "H", "HC": 2, "HF": 8, "HR": 0, "HS": 16, "HST": 7, "HTAG": 1, "HTHG": 1, "HTR": "D", "HY": 1, "HomeTeam": "Real Madrid"},{"AC": 3, "AF": 16, "AR": 0, "AS": 10, "AST": 3, "AY": 4, "AwayTeam": "Valencia", "Date": "2011-11-26", "FTAG": 2, "FTHG": 1, "FTR": "A", "HC": 9, "HF": 14, "HR": 0, "HS": 12, "HST": 3, "HTAG": 1, "HTHG": 0, "HTR": "A", "HY": 2, "HomeTeam": "Vallecano"},{"AC": 3, "AF": 15, "AR": 0, "AS": 13, "AST": 5, "AY": 4, "AwayTeam": "Granada", "Date": "2011-11-27", "FTAG": 1, "FTHG": 0, "FTR": "A", "HC": 8, "HF": 11, "HR": 0, "HS": 18, "HST": 4, "HTAG": 1, "HTHG": 0, "HTR": "A", "HY": 2, "HomeTeam": "Ath Bilbao"},{"AC": 4, "AF": 8, "AR": 0, "AS": 11, "AST": 7, "AY": 3, "AwayTeam": "Sociedad", "Date": "2011-11-27", "FTAG": 3, "FTHG": 2, "FTR": "A", "HC": 7, "HF": 20, "HR": 0, "HS": 20, "HST": 5, "HTAG": 0, "HTHG": 0, "HTR": "D", "HY": 3, "HomeTeam": "Betis"},{"AC": 1, "AF": 14, "AR": 1, "AS": 6, "AST": 3, "AY": 4, "AwayTeam": "Osasuna", "Date": "2011-11-27", "FTAG": 2, "FTHG": 1, "FTR": "A", "HC": 7, "HF": 14, "HR": 0, "HS": 8, "HST": 3, "HTAG": 1, "HTHG": 0, "HTR": "A", "HY": 4, "HomeTeam": "Espanol"},{"AC": 6, "AF": 10, "AR": 0, "AS": 17, "AST": 3, "AY": 2, "AwayTeam": "Sp Gijon", "Date": "2011-11-27", "FTAG": 0, "FTHG": 4, "FTR": "H", "HC": 8, "HF": 16, "HR": 0, "HS": 10, "HST": 6, "HTAG": 0, "HTHG": 1, "HTR": "H", "HY": 3, "HomeTeam": "Levante"},{"AC": 9, "AF": 20, "AR": 0, "AS": 13, "AST": 4, "AY": 2, "AwayTeam": "Santander", "Date": "2011-11-27", "FTAG": 1, "FTHG": 2, "FTR": "H", "HC": 5, "HF": 27, "HR": 1, "HS": 12, "HST": 6, "HTAG": 0, "HTHG": 1, "HTR": "H", "HY": 3, "HomeTeam": "Mallorca"},{"AC": 8, "AF": 15, "AR": 0, "AS": 14, "AST": 7, "AY": 2, "AwayTeam": "Sevilla", "Date": "2011-11-27", "FTAG": 1, "FTHG": 0, "FTR": "A", "HC": 11, "HF": 20, "HR": 1, "HS": 13, "HST": 2, "HTAG": 1, "HTHG": 0, "HTR": "A", "HY": 5, "HomeTeam": "Zaragoza"},{"AC": 3, "AF": 18, "AR": 0, "AS": 12, "AST": 8, "AY": 3, "AwayTeam": "Villarreal", "Date": "2011-11-28", "FTAG": 1, "FTHG": 2, "FTR": "H", "HC": 5, "HF": 9, "HR": 1, "HS": 10, "HST": 5, "HTAG": 1, "HTHG": 2, "HTR": "H", "HY": 2, "HomeTeam": "Malaga"},{"AC": 2, "AF": 16, "AR": 0, "AS": 10, "AST": 4, "AY": 3, "AwayTeam": "Vallecano", "Date": "2011-11-29", "FTAG": 0, "FTHG": 4, "FTR": "H", "HC": 5, "HF": 9, "HR": 0, "HS": 12, "HST": 6, "HTAG": 0, "HTHG": 3, "HTR": "H", "HY": 2, "HomeTeam": "Barcelona"},{"AC": 4, "AF": 10, "AR": 0, "AS": 6, "AST": 3, "AY": 3, "AwayTeam": "Levante", "Date": "2011-12-03", "FTAG": 0, "FTHG": 5, "FTR": "H", "HC": 10, "HF": 12, "HR": 0, "HS": 18, "HST": 9, "HTAG": 0, "HTHG": 3, "HTR": "H", "HY": 2, "HomeTeam": "Barcelona"},{"AC": 3, "AF": 18, "AR": 0, "AS": 6, "AST": 2, "AY": 3, "AwayTeam": "Villarreal", "Date": "2011-12-03", "FTAG": 0, "FTHG": 1, "FTR": "H", "HC": 4, "HF": 24, "HR": 0, "HS": 8, "HST": 1, "HTAG": 0, "HTHG": 1, "HTR": "H", "HY": 2, "HomeTeam": "Santander"},{"AC": 8, "AF": 12, "AR": 0, "AS": 20, "AST": 7, "AY": 3, "AwayTeam": "Real Madrid", "Date": "2011-12-03", "FTAG": 3, "FTHG": 0, "FTR": "A", "HC": 2, "HF": 18, "HR": 1, "HS": 10, "HST": 5, "HTAG": 1, "HTHG": 0, "HTR": "A", "HY": 4, "HomeTeam": "Sp Gijon"},{"AC": 4, "AF": 6, "AR": 0, "AS": 9, "AST": 4, "AY": 5, "AwayTeam": "Espanol", "Date": "2011-12-03", "FTAG": 1, "FTHG": 2, "FTR": "H", "HC": 9, "HF": 25, "HR": 0, "HS": 8, "HST": 5, "HTAG": 0, "HTHG": 1, "HTR": "H", "HY": 6, "HomeTeam": "Valencia"},{"AC": 3, "AF": 18, "AR": 0, "AS": 14, "AST": 4, "AY": 3, "AwayTeam": "Vallecano", "Date": "2011-12-04", "FTAG": 1, "FTHG": 3, "FTR": "H", "HC": 1, "HF": 16, "HR": 0, "HS": 21, "HST": 8, "HTAG": 0, "HTHG": 1, "HTR": "H", "HY": 1, "HomeTeam": "Ath Madrid"},{"AC": 6, "AF": 16, "AR": 0, "AS": 18, "AST": 5, "AY": 2, "AwayTeam": "Zaragoza", "Date": "2011-12-04", "FTAG": 0, "FTHG": 1, "FTR": "H", "HC": 5, "HF": 8, "HR": 0, "HS": 11, "HST": 5, "HTAG": 0, "HTHG": 1, "HTR": "H", "HY": 2, "HomeTeam": "Granada"},{"AC": 5, "AF": 12, "AR": 0, "AS": 7, "AST": 4, "AY": 5, "AwayTeam": "Ath Bilbao", "Date": "2011-12-04", "FTAG": 1, "FTHG": 1, "FTR": "D", "HC": 8, "HF": 30, "HR": 0, "HS": 12, "HST": 4, "HTAG": 1, "HTHG": 1, "HTR": "D", "HY": 7, "HomeTeam": "Mallorca"},{"AC": 12, "AF": 5, "AR": 0, "AS": 15, "AST": 8, "AY": 2, "AwayTeam": "Betis", "Date": "2011-12-04", "FTAG": 1, "FTHG": 2, "FTR": "H", "HC": 5, "HF": 9, "HR": 0, "HS": 8, "HST": 3, "HTAG": 0, "HTHG": 1, "HTR": "H", "HY": 3, "HomeTeam": "Osasuna"},{"AC": 4, "AF": 10, "AR": 0, "AS": 11, "AST": 6, "AY": 3, "AwayTeam": "Malaga", "Date": "2011-12-04", "FTAG": 2, "FTHG": 3, "FTR": "H", "HC": 5, "HF": 12, "HR": 0, "HS": 13, "HST": 4, "HTAG": 1, "HTHG": 1, "HTR": "D", "HY": 2, "HomeTeam": "Sociedad"},{"AC": 3, "AF": 17, "AR": 0, "AS": 6, "AST": 1, "AY": 4, "AwayTeam": "Getafe", "Date": "2011-12-05", "FTAG": 0, "FTHG": 3, "FTR": "H", "HC": 9, "HF": 10, "HR": 0, "HS": 15, "HST": 7, "HTAG": 0, "HTHG": 1, "HTR": "H", "HY": 2, "HomeTeam": "Sevilla"},{"AC": 5, "AF": 23, "AR": 0, "AS": 11, "AST": 4, "AY": 3, "AwayTeam": "Mallorca", "Date": "2011-12-07", "FTAG": 2, "FTHG": 2, "FTR": "D", "HC": 3, "HF": 10, "HR": 0, "HS": 13, "HST": 6, "HTAG": 1, "HTHG": 0, "HTR": "A", "HY": 4, "HomeTeam": "Granada"},{"AC": 5, "AF": 16, "AR": 0, "AS": 7, "AST": 2, "AY": 3, "AwayTeam": "Valencia", "Date": "2011-12-10", "FTAG": 1, "FTHG": 2, "FTR": "H", "HC": 13, "HF": 11, "HR": 0, "HS": 18, "HST": 4, "HTAG": 0, "HTHG": 0, "HTR": "D", "HY": 3, "HomeTeam": "Betis"},{"AC": 2, "AF": 18, "AR": 0, "AS": 15, "AST": 6, "AY": 4, "AwayTeam": "Sevilla", "Date": "2011-12-10", "FTAG": 0, "FTHG": 1, "FTR": "H", "HC": 4, "HF": 14, "HR": 0, "HS": 7, "HST": 3, "HTAG": 0, "HTHG": 0, "HTR": "D", "HY": 2, "HomeTeam": "Levante"},{"AC": 5, "AF": 13, "AR": 0, "AS": 12, "AST": 7, "AY": 3, "AwayTeam": "Barcelona", "Date": "2011-12-10", "FTAG": 3, "FTHG": 1, "FTR": "A", "HC": 3, "HF": 22, "HR": 0, "HS": 17, "HST": 5, "HTAG": 1, "HTHG": 1, "HTR": "D", "HY": 4, "HomeTeam": "Real Madrid"},{"AC": 1, "AF": 23, "AR": 0, "AS": 6, "AST": 2, "AY": 4, "AwayTeam": "Santander", "Date": "2011-12-11", "FTAG": 1, "FTHG": 1, "FTR": "D", "HC": 10, "HF": 13, "HR": 0, "HS": 16, "HST": 2, "HTAG": 0, "HTHG": 0, "HTR": "D", "HY": 2, "HomeTeam": "Ath Bilbao"},{"AC": 3, "AF": 18, "AR": 0, "AS": 9, "AST": 4, "AY": 4, "AwayTeam": "Ath Madrid", "Date": "2011-12-11", "FTAG": 2, "FTHG": 4, "FTR": "H", "HC": 7, "HF": 18, "HR": 0, "HS": 18, "HST": 11, "HTAG": 1, "HTHG": 3, "HTR": "H", "HY": 3, "HomeTeam": "Espanol"},{"AC": 3, "AF": 9, "AR": 0, "AS": 7, "AST": 2, "AY": 2, "AwayTeam": "Granada", "Date": "2011-12-11", "FTAG": 0, "FTHG": 1, "FTR": "H", "HC": 5, "HF": 12, "HR": 0, "HS": 19, "HST": 7, "HTAG": 0, "HTHG": 0, "HTR": "D", "HY": 4, "HomeTeam": "Getafe"},{"AC": 1, "AF": 13, "AR": 0, "AS": 7, "AST": 1, "AY": 1, "AwayTeam": "Osasuna", "Date": "2011-12-11", "FTAG": 1, "FTHG": 1, "FTR": "D", "HC": 9, "HF": 8, "HR": 0, "HS": 19, "HST": 5, "HTAG": 1, "HTHG": 0, "HTR": "A", "HY": 1, "HomeTeam": "Malaga"},{"AC": 7, "AF": 14, "AR": 0, "AS": 13, "AST": 7, "AY": 2, "AwayTeam": "Sp Gijon", "Date": "2011-12-11", "FTAG": 3, "FTHG": 1, "FTR": "A", "HC": 9, "HF": 9, "HR": 0, "HS": 19, "HST": 7, "HTAG": 2, "HTHG": 0, "HTR": "A", "HY": 2, "HomeTeam": "Vallecano"},{"AC": 3, "AF": 15, "AR": 1, "AS": 8, "AST": 2, "AY": 2, "AwayTeam": "Sociedad", "Date": "2011-12-11", "FTAG": 1, "FTHG": 1, "FTR": "D", "HC": 9, "HF": 16, "HR": 0, "HS": 19, "HST": 7, "HTAG": 0, "HTHG": 0, "HTR": "D", "HY": 2, "HomeTeam": "Villarreal"},{"AC": 4, "AF": 13, "AR": 0, "AS": 14, "AST": 6, "AY": 1, "AwayTeam": "Mallorca", "Date": "2011-12-11", "FTAG": 1, "FTHG": 0, "FTR": "A", "HC": 4, "HF": 16, "HR": 0, "HS": 7, "HST": 3, "HTAG": 1, "HTHG": 0, "HTR": "A", "HY": 2, "HomeTeam": "Zaragoza"},{"AC": 4, "AF": 23, "AR": 1, "AS": 6, "AST": 2, "AY": 4, "AwayTeam": "Zaragoza", "Date": "2011-12-17", "FTAG": 1, "FTHG": 2, "FTR": "H", "HC": 11, "HF": 10, "HR": 1, "HS": 11, "HST": 5, "HTAG": 1, "HTHG": 1, "HTR": "D", "HY": 1, "HomeTeam": "Ath Bilbao"},{"AC": 3, "AF": 15, "AR": 0, "AS": 6, "AST": 2, "AY": 4, "AwayTeam": "Getafe", "Date": "2011-12-17", "FTAG": 2, "FTHG": 1, "FTR": "A", "HC": 9, "HF": 22, "HR": 0, "HS": 12, "HST": 4, "HTAG": 2, "HTHG": 1, "HTR": "A", "HY": 5, "HomeTeam": "Mallorca"},{"AC": 1, "AF": 10, "AR": 1, "AS": 17, "AST": 10, "AY": 3, "AwayTeam": "Real Madrid", "Date": "2011-12-17", "FTAG": 6, "FTHG": 2, "FTR": "A", "HC": 9, "HF": 12, "HR": 1, "HS": 19, "HST": 6, "HTAG": 3, "HTHG": 0, "HTR": "A", "HY": 3, "HomeTeam": "Sevilla"},{"AC": 4, "AF": 16, "AR": 0, "AS": 22, "AST": 9, "AY": 2, "AwayTeam": "Espanol", "Date": "2011-12-17", "FTAG": 2, "FTHG": 1, "FTR": "A", "HC": 6, "HF": 15, "HR": 0, "HS": 12, "HST": 6, "HTAG": 1, "HTHG": 0, "HTR": "A", "HY": 0, "HomeTeam": "Sp Gijon"},{"AC": 4, "AF": 15, "AR": 1, "AS": 6, "AST": 4, "AY": 3, "AwayTeam": "Betis", "Date": "2011-12-18", "FTAG": 2, "FTHG": 0, "FTR": "A", "HC": 14, "HF": 10, "HR": 0, "HS": 31, "HST": 9, "HTAG": 0, "HTHG": 0, "HTR": "D", "HY": 3, "HomeTeam": "Ath Madrid"},{"AC": 6, "AF": 9, "AR": 0, "AS": 13, "AST": 4, "AY": 5, "AwayTeam": "Levante", "Date": "2011-12-18", "FTAG": 1, "FTHG": 2, "FTR": "H", "HC": 4, "HF": 10, "HR": 0, "HS": 17, "HST": 6, "HTAG": 0, "HTHG": 2, "HTR": "H", "HY": 1, "HomeTeam": "Granada"},{"AC": 3, "AF": 14, "AR": 0, "AS": 9, "AST": 4, "AY": 2, "AwayTeam": "Villarreal", "Date": "2011-12-18", "FTAG": 1, "FTHG": 2, "FTR": "H", "HC": 7, "HF": 22, "HR": 0, "HS": 19, "HST": 6, "HTAG": 0, "HTHG": 0, "HTR": "D", "HY": 2, "HomeTeam": "Osasuna"},{"AC": 3, "AF": 12, "AR": 1, "AS": 9, "AST": 4, "AY": 2, "AwayTeam": "Sociedad", "Date": "2011-12-18", "FTAG": 0, "FTHG": 0, "FTR": "D", "HC": 8, "HF": 15, "HR": 0, "HS": 11, "HST": 4, "HTAG": 0, "HTHG": 0, "HTR": "D", "HY": 5, "HomeTeam": "Santander"},{"AC": 5, "AF": 9, "AR": 0, "AS": 18, "AST": 6, "AY": 2, "AwayTeam": "Malaga", "Date": "2011-12-18", "FTAG": 0, "FTHG": 2, "FTR": "H", "HC": 1, "HF": 21, "HR": 0, "HS": 13, "HST": 6, "HTAG": 0, "HTHG": 1, "HTR": "H", "HY": 4, "HomeTeam": "Valencia"},{"AC": 6, "AF": 23, "AR": 0, "AS": 11, "AST": 4, "AY": 3, "AwayTeam": "Mallorca", "Date": "2012-01-07", "FTAG": 0, "FTHG": 0, "FTR": "D", "HC": 4, "HF": 16, "HR": 0, "HS": 8, "HST": 2, "HTAG": 0, "HTHG": 0, "HTR": "D", "HY": 2, "HomeTeam": "Levante"},{"AC": 6, "AF": 26, "AR": 0, "AS": 10, "AST": 3, "AY": 5, "AwayTeam": "Ath Madrid", "Date": "2012-01-07", "FTAG": 0, "FTHG": 0, "FTR": "D", "HC": 5, "HF": 15, "HR": 0, "HS": 11, "HST": 2, "HTAG": 0, "HTHG": 0, "HTR": "D", "HY": 3, "HomeTeam": "Malaga"},{"AC": 8, "AF": 9, "AR": 0, "AS": 12, "AST": 4, "AY": 1, "AwayTeam": "Granada", "Date": "2012-01-07", "FTAG": 1, "FTHG": 5, "FTR": "H", "HC": 10, "HF": 13, "HR": 0, "HS": 35, "HST": 12, "HTAG": 1, "HTHG": 2, "HTR": "H", "HY": 1, "HomeTeam": "Real Madrid"},{"AC": 1, "AF": 19, "AR": 0, "AS": 8, "AST": 1, "AY": 3, "AwayTeam": "Zaragoza", "Date": "2012-01-07", "FTAG": 0, "FTHG": 1, "FTR": "H", "HC": 7, "HF": 16, "HR": 0, "HS": 14, "HST": 4, "HTAG": 0, "HTHG": 1, "HTR": "H", "HY": 2, "HomeTeam": "Santander"},{"AC": 5, "AF": 18, "AR": 0, "AS": 9, "AST": 1, "AY": 2, "AwayTeam": "Osasuna", "Date": "2012-01-07", "FTAG": 0, "FTHG": 0, "FTR": "D", "HC": 12, "HF": 10, "HR": 0, "HS": 20, "HST": 6, "HTAG": 0, "HTHG": 0, "HTR": "D", "HY": 0, "HomeTeam": "Sociedad"},{"AC": 3, "AF": 14, "AR": 2, "AS": 11, "AST": 5, "AY": 2, "AwayTeam": "Sp Gijon", "Date": "2012-01-08", "FTAG": 0, "FTHG": 2, "FTR": "H", "HC": 5, "HF": 14, "HR": 0, "HS": 19, "HST": 8, "HTAG": 0, "HTHG": 1, "HTR": "H", "HY": 1, "HomeTeam": "Betis"},{"AC": 4, "AF": 7, "AR": 0, "AS": 10, "AST": 3, "AY": 1, "AwayTeam": "Barcelona", "Date": "2012-01-08", "FTAG": 1, "FTHG": 1, "FTR": "D", "HC": 4, "HF": 16, "HR": 0, "HS": 14, "HST": 4, "HTAG": 1, "HTHG": 0, "HTR": "A", "HY": 6, "HomeTeam": "Espanol"},{"AC": 3, "AF": 12, "AR": 0, "AS": 11, "AST": 2, "AY": 1, "AwayTeam": "Ath Bilbao", "Date": "2012-01-08", "FTAG": 0, "FTHG": 0, "FTR": "D", "HC": 9, "HF": 15, "HR": 0, "HS": 16, "HST": 2, "HTAG": 0, "HTHG": 0, "HTR": "D", "HY": 3, "HomeTeam": "Getafe"},{"AC": 10, "AF": 17, "AR": 0, "AS": 17, "AST": 3, "AY": 4, "AwayTeam": "Sevilla", "Date": "2012-01-08", "FTAG": 1, "FTHG": 2, "FTR": "H", "HC": 4, "HF": 20, "HR": 0, "HS": 11, "HST": 4, "HTAG": 0, "HTHG": 1, "HTR": "H", "HY": 4, "HomeTeam": "Vallecano"},{"AC": 6, "AF": 15, "AR": 0, "AS": 13, "AST": 3, "AY": 4, "AwayTeam": "Valencia", "Date": "2012-01-08", "FTAG": 2, "FTHG": 2, "FTR": "D", "HC": 5, "HF": 17, "HR": 0, "HS": 13, "HST": 7, "HTAG": 1, "HTHG": 2, "HTR": "H", "HY": 5, "HomeTeam": "Villarreal"},{"AC": 3, "AF": 12, "AR": 0, "AS": 12, "AST": 4, "AY": 3, "AwayTeam": "Vallecano", "Date": "2012-01-14", "FTAG": 2, "FTHG": 1, "FTR": "A", "HC": 11, "HF": 14, "HR": 1, "HS": 15, "HST": 6, "HTAG": 1, "HTHG": 0, "HTR": "A", "HY": 5, "HomeTeam": "Granada"},{"AC": 5, "AF": 7, "AR": 0, "AS": 14, "AST": 9, "AY": 1, "AwayTeam": "Real Madrid", "Date": "2012-01-14", "FTAG": 2, "FTHG": 1, "FTR": "A", "HC": 4, "HF": 23, "HR": 0, "HS": 8, "HST": 1, "HTAG": 0, "HTHG": 1, "HTR": "H", "HY": 4, "HomeTeam": "Mallorca"},{"AC": 4, "AF": 16, "AR": 0, "AS": 8, "AST": 1, "AY": 4, "AwayTeam": "Espanol", "Date": "2012-01-14", "FTAG": 0, "FTHG": 0, "FTR": "D", "HC": 6, "HF": 13, "HR": 0, "HS": 19, "HST": 3, "HTAG": 0, "HTHG": 0, "HTR": "D", "HY": 1, "HomeTeam": "Sevilla"},{"AC": 0, "AF": 10, "AR": 0, "AS": 7, "AST": 2, "AY": 0, "AwayTeam": "Sociedad", "Date": "2012-01-14", "FTAG": 1, "FTHG": 0, "FTR": "A", "HC": 5, "HF": 7, "HR": 0, "HS": 12, "HST": 3, "HTAG": 0, "HTHG": 0, "HTR": "D", "HY": 1, "HomeTeam": "Valencia"},{"AC": 10, "AF": 10, "AR": 0, "AS": 9, "AST": 5, "AY": 2, "AwayTeam": "Getafe", "Date": "2012-01-14", "FTAG": 1, "FTHG": 1, "FTR": "D", "HC": 10, "HF": 10, "HR": 0, "HS": 15, "HST": 4, "HTAG": 0, "HTHG": 1, "HTR": "H", "HY": 3, "HomeTeam": "Zaragoza"},{"AC": 8, "AF": 9, "AR": 1, "AS": 16, "AST": 4, "AY": 4, "AwayTeam": "Levante", "Date": "2012-01-15", "FTAG": 0, "FTHG": 3, "FTR": "H", "HC": 4, "HF": 12, "HR": 0, "HS": 17, "HST": 9, "HTAG": 0, "HTHG": 2, "HTR": "H", "HY": 2, "HomeTeam": "Ath Bilbao"},{"AC": 2, "AF": 8, "AR": 0, "AS": 3, "AST": 0, "AY": 1, "AwayTeam": "Villarreal", "Date": "2012-01-15", "FTAG": 0, "FTHG": 3, "FTR": "H", "HC": 11, "HF": 13, "HR": 0, "HS": 20, "HST": 9, "HTAG": 0, "HTHG": 1, "HTR": "H", "HY": 3, "HomeTeam": "Ath Madrid"},{"AC": 3, "AF": 15, "AR": 1, "AS": 10, "AST": 5, "AY": 4, "AwayTeam": "Betis", "Date": "2012-01-15", "FTAG": 2, "FTHG": 4, "FTR": "H", "HC": 5, "HF": 13, "HR": 0, "HS": 16, "HST": 9, "HTAG": 1, "HTHG": 2, "HTR": "H", "HY": 3, "HomeTeam": "Barcelona"},{"AC": 5, "AF": 12, "AR": 0, "AS": 13, "AST": 5, "AY": 3, "AwayTeam": "Santander", "Date": "2012-01-15", "FTAG": 2, "FTHG": 0, "FTR": "A", "HC": 8, "HF": 20, "HR": 0, "HS": 8, "HST": 2, "HTAG": 1, "HTHG": 0, "HTR": "A", "HY": 5, "HomeTeam": "Osasuna"},{"AC": 8, "AF": 8, "AR": 0, "AS": 10, "AST": 4, "AY": 3, "AwayTeam": "Malaga", "Date": "2012-01-15", "FTAG": 1, "FTHG": 2, "FTR": "H", "HC": 2, "HF": 24, "HR": 0, "HS": 11, "HST": 7, "HTAG": 0, "HTHG": 1, "HTR": "H", "HY": 5, "HomeTeam": "Sp Gijon"},{"AC": 10, "AF": 13, "AR": 1, "AS": 15, "AST": 5, "AY": 0, "AwayTeam": "Sevilla", "Date": "2012-01-21", "FTAG": 1, "FTHG": 1, "FTR": "D", "HC": 8, "HF": 12, "HR": 0, "HS": 16, "HST": 2, "HTAG": 1, "HTHG": 1, "HTR": "D", "HY": 5, "HomeTeam": "Betis"},{"AC": 5, "AF": 12, "AR": 0, "AS": 14, "AST": 6, "AY": 3, "AwayTeam": "Granada", "Date": "2012-01-21", "FTAG": 0, "FTHG": 3, "FTR": "H", "HC": 10, "HF": 11, "HR": 0, "HS": 16, "HST": 8, "HTAG": 0, "HTHG": 2, "HTR": "H", "HY": 1, "HomeTeam": "Espanol"},{"AC": 5, "AF": 13, "AR": 0, "AS": 15, "AST": 5, "AY": 2, "AwayTeam": "Getafe", "Date": "2012-01-21", "FTAG": 2, "FTHG": 1, "FTR": "A", "HC": 6, "HF": 11, "HR": 0, "HS": 18, "HST": 8, "HTAG": 1, "HTHG": 1, "HTR": "D", "HY": 1, "HomeTeam": "Santander"},{"AC": 3, "AF": 24, "AR": 0, "AS": 15, "AST": 9, "AY": 7, "AwayTeam": "Ath Madrid", "Date": "2012-01-21", "FTAG": 4, "FTHG": 0, "FTR": "A", "HC": 5, "HF": 8, "HR": 0, "HS": 16, "HST": 1, "HTAG": 1, "HTHG": 0, "HTR": "A", "HY": 4, "HomeTeam": "Sociedad"},{"AC": 3, "AF": 15, "AR": 0, "AS": 7, "AST": 3, "AY": 0, "AwayTeam": "Zaragoza", "Date": "2012-01-22", "FTAG": 0, "FTHG": 0, "FTR": "D", "HC": 6, "HF": 15, "HR": 0, "HS": 6, "HST": 0, "HTAG": 0, "HTHG": 0, "HTR": "D", "HY": 0, "HomeTeam": "Levante"},{"AC": 2, "AF": 13, "AR": 0, "AS": 16, "AST": 11, "AY": 0, "AwayTeam": "Barcelona", "Date": "2012-01-22", "FTAG": 4, "FTHG": 1, "FTR": "A", "HC": 3, "HF": 12, "HR": 0, "HS": 9, "HST": 6, "HTAG": 1, "HTHG": 0, "HTR": "A", "HY": 1, "HomeTeam": "Malaga"},{"AC": 6, "AF": 19, "AR": 1, "AS": 9, "AST": 1, "AY": 3, "AwayTeam": "Valencia", "Date": "2012-01-22", "FTAG": 1, "FTHG": 1, "FTR": "D", "HC": 3, "HF": 20, "HR": 0, "HS": 12, "HST": 5, "HTAG": 0, "HTHG": 0, "HTR": "D", "HY": 3, "HomeTeam": "Osasuna"},{"AC": 6, "AF": 9, "AR": 1, "AS": 13, "AST": 2, "AY": 2, "AwayTeam": "Ath Bilbao", "Date": "2012-01-22", "FTAG": 1, "FTHG": 4, "FTR": "H", "HC": 4, "HF": 13, "HR": 0, "HS": 23, "HST": 10, "HTAG": 1, "HTHG": 1, "HTR": "D", "HY": 3, "HomeTeam": "Real Madrid"},{"AC": 7, "AF": 17, "AR": 0, "AS": 16, "AST": 2, "AY": 5, "AwayTeam": "Mallorca", "Date": "2012-01-22", "FTAG": 1, "FTHG": 0, "FTR": "A", "HC": 7, "HF": 9, "HR": 0, "HS": 12, "HST": 4, "HTAG": 0, "HTHG": 0, "HTR": "D", "HY": 1, "HomeTeam": "Vallecano"},{"AC": 3, "AF": 14, "AR": 0, "AS": 8, "AST": 1, "AY": 3, "AwayTeam": "Sp Gijon", "Date": "2012-01-23", "FTAG": 0, "FTHG": 3, "FTR": "H", "HC": 7, "HF": 15, "HR": 0, "HS": 14, "HST": 8, "HTAG": 0, "HTHG": 0, "HTR": "D", "HY": 1, "HomeTeam": "Villarreal"},{"AC": 6, "AF": 11, "AR": 1, "AS": 14, "AST": 5, "AY": 2, "AwayTeam": "Mallorca", "Date": "2012-01-28", "FTAG": 0, "FTHG": 1, "FTR": "H", "HC": 3, "HF": 17, "HR": 0, "HS": 12, "HST": 6, "HTAG": 0, "HTHG": 1, "HTR": "H", "HY": 5, "HomeTeam": "Espanol"},{"AC": 4, "AF": 12, "AR": 0, "AS": 10, "AST": 3, "AY": 2, "AwayTeam": "Zaragoza", "Date": "2012-01-28", "FTAG": 1, "FTHG": 3, "FTR": "H", "HC": 3, "HF": 9, "HR": 0, "HS": 18, "HST": 6, "HTAG": 1, "HTHG": 1, "HTR": "D", "HY": 1, "HomeTeam": "Real Madrid"},{"AC": 5, "AF": 14, "AR": 0, "AS": 12, "AST": 4, "AY": 4, "AwayTeam": "Ath Bilbao", "Date": "2012-01-28", "FTAG": 3, "FTHG": 2, "FTR": "A", "HC": 6, "HF": 18, "HR": 0, "HS": 19, "HST": 10, "HTAG": 2, "HTHG": 2, "HTR": "D", "HY": 2, "HomeTeam": "Vallecano"},{"AC": 4, "AF": 12, "AR": 0, "AS": 8, "AST": 2, "AY": 0, "AwayTeam": "Barcelona", "Date": "2012-01-28", "FTAG": 0, "FTHG": 0, "FTR": "D", "HC": 1, "HF": 18, "HR": 0, "HS": 5, "HST": 2, "HTAG": 0, "HTHG": 0, "HTR": "D", "HY": 3, "HomeTeam": "Villarreal"},{"AC": 6, "AF": 11, "AR": 0, "AS": 12, "AST": 5, "AY": 6, "AwayTeam": "Granada", "Date": "2012-01-29", "FTAG": 2, "FTHG": 1, "FTR": "A", "HC": 12, "HF": 9, "HR": 0, "HS": 16, "HST": 6, "HTAG": 2, "HTHG": 0, "HTR": "A", "HY": 3, "HomeTeam": "Betis"},{"AC": 3, "AF": 19, "AR": 1, "AS": 10, "AST": 6, "AY": 2, "AwayTeam": "Getafe", "Date": "2012-01-29", "FTAG": 2, "FTHG": 1, "FTR": "A", "HC": 10, "HF": 11, "HR": 0, "HS": 18, "HST": 5, "HTAG": 1, "HTHG": 0, "HTR": "A", "HY": 1, "HomeTeam": "Levante"},{"AC": 3, "AF": 20, "AR": 0, "AS": 9, "AST": 3, "AY": 7, "AwayTeam": "Sevilla", "Date": "2012-01-29", "FTAG": 1, "FTHG": 2, "FTR": "H", "HC": 6, "HF": 14, "HR": 1, "HS": 9, "HST": 5, "HTAG": 1, "HTHG": 2, "HTR": "H", "HY": 4, "HomeTeam": "Malaga"},{"AC": 8, "AF": 16, "AR": 1, "AS": 11, "AST": 4, "AY": 5, "AwayTeam": "Valencia", "Date": "2012-01-29", "FTAG": 2, "FTHG": 2, "FTR": "D", "HC": 5, "HF": 16, "HR": 1, "HS": 11, "HST": 5, "HTAG": 0, "HTHG": 1, "HTR": "H", "HY": 5, "HomeTeam": "Santander"},{"AC": 3, "AF": 16, "AR": 0, "AS": 11, "AST": 2, "AY": 4, "AwayTeam": "Sp Gijon", "Date": "2012-01-29", "FTAG": 1, "FTHG": 5, "FTR": "H", "HC": 5, "HF": 9, "HR": 0, "HS": 14, "HST": 9, "HTAG": 0, "HTHG": 2, "HTR": "H", "HY": 0, "HomeTeam": "Sociedad"},{"AC": 7, "AF": 17, "AR": 0, "AS": 9, "AST": 4, "AY": 3, "AwayTeam": "Ath Madrid", "Date": "2012-01-30", "FTAG": 1, "FTHG": 0, "FTR": "A", "HC": 7, "HF": 22, "HR": 0, "HS": 17, "HST": 7, "HTAG": 1, "HTHG": 0, "HTR": "A", "HY": 3, "HomeTeam": "Osasuna"},{"AC": 4, "AF": 10, "AR": 0, "AS": 16, "AST": 6, "AY": 3, "AwayTeam": "Espanol", "Date": "2012-02-04", "FTAG": 3, "FTHG": 3, "FTR": "D", "HC": 13, "HF": 14, "HR": 0, "HS": 20, "HST": 7, "HTAG": 1, "HTHG": 1, "HTR": "D", "HY": 5, "HomeTeam": "Ath Bilbao"},{"AC": 3, "AF": 15, "AR": 0, "AS": 8, "AST": 5, "AY": 2, "AwayTeam": "Sociedad", "Date": "2012-02-04", "FTAG": 1, "FTHG": 2, "FTR": "H", "HC": 6, "HF": 10, "HR": 0, "HS": 18, "HST": 9, "HTAG": 0, "HTHG": 1, "HTR": "H", "HY": 0, "HomeTeam": "Barcelona"},{"AC": 8, "AF": 15, "AR": 0, "AS": 14, "AST": 5, "AY": 0, "AwayTeam": "Real Madrid", "Date": "2012-02-04", "FTAG": 1, "FTHG": 0, "FTR": "A", "HC": 3, "HF": 15, "HR": 0, "HS": 5, "HST": 0, "HTAG": 1, "HTHG": 0, "HTR": "A", "HY": 6, "HomeTeam": "Getafe"},{"AC": 7, "AF": 8, "AR": 0, "AS": 15, "AST": 5, "AY": 1, "AwayTeam": "Santander", "Date": "2012-02-04", "FTAG": 1, "FTHG": 1, "FTR": "D", "HC": 8, "HF": 13, "HR": 0, "HS": 14, "HST": 6, "HTAG": 0, "HTHG": 1, "HTR": "H", "HY": 2, "HomeTeam": "Levante"},{"AC": 3, "AF": 8, "AR": 1, "AS": 6, "AST": 0, "AY": 1, "AwayTeam": "Betis", "Date": "2012-02-04", "FTAG": 0, "FTHG": 1, "FTR": "H", "HC": 4, "HF": 21, "HR": 2, "HS": 11, "HST": 4, "HTAG": 0, "HTHG": 1, "HTR": "H", "HY": 2, "HomeTeam": "Mallorca"},{"AC": 4, "AF": 21, "AR": 0, "AS": 7, "AST": 1, "AY": 3, "AwayTeam": "Valencia", "Date": "2012-02-05", "FTAG": 0, "FTHG": 0, "FTR": "D", "HC": 4, "HF": 25, "HR": 0, "HS": 9, "HST": 3, "HTAG": 0, "HTHG": 0, "HTR": "D", "HY": 2, "HomeTeam": "Ath Madrid"},{"AC": 4, "AF": 15, "AR": 1, "AS": 16, "AST": 8, "AY": 4, "AwayTeam": "Villarreal", "Date": "2012-02-05", "FTAG": 2, "FTHG": 1, "FTR": "A", "HC": 10, "HF": 13, "HR": 0, "HS": 20, "HST": 8, "HTAG": 1, "HTHG": 1, "HTR": "D", "HY": 2, "HomeTeam": "Sevilla"},{"AC": 2, "AF": 18, "AR": 0, "AS": 13, "AST": 5, "AY": 2, "AwayTeam": "Osasuna", "Date": "2012-02-05", "FTAG": 1, "FTHG": 1, "FTR": "D", "HC": 6, "HF": 15, "HR": 0, "HS": 11, "HST": 5, "HTAG": 0, "HTHG": 1, "HTR": "H", "HY": 2, "HomeTeam": "Sp Gijon"},{"AC": 11, "AF": 13, "AR": 0, "AS": 9, "AST": 4, "AY": 3, "AwayTeam": "Vallecano", "Date": "2012-02-05", "FTAG": 2, "FTHG": 1, "FTR": "A", "HC": 5, "HF": 15, "HR": 0, "HS": 10, "HST": 3, "HTAG": 0, "HTHG": 1, "HTR": "H", "HY": 6, "HomeTeam": "Zaragoza"},{"AC": 6, "AF": 13, "AR": 1, "AS": 9, "AST": 4, "AY": 1, "AwayTeam": "Malaga", "Date": "2012-02-06", "FTAG": 1, "FTHG": 2, "FTR": "H", "HC": 7, "HF": 13, "HR": 0, "HS": 16, "HST": 8, "HTAG": 0, "HTHG": 0, "HTR": "D", "HY": 4, "HomeTeam": "Granada"},{"AC": 10, "AF": 10, "AR": 1, "AS": 9, "AST": 4, "AY": 1, "AwayTeam": "Ath Bilbao", "Date": "2012-02-11", "FTAG": 1, "FTHG": 2, "FTR": "H", "HC": 13, "HF": 24, "HR": 0, "HS": 25, "HST": 5, "HTAG": 1, "HTHG": 1, "HTR": "D", "HY": 5, "HomeTeam": "Betis"},{"AC": 12, "AF": 7, "AR": 0, "AS": 20, "AST": 8, "AY": 6, "AwayTeam": "Barcelona", "Date": "2012-02-11", "FTAG": 2, "FTHG": 3, "FTR": "H", "HC": 3, "HF": 23, "HR": 0, "HS": 7, "HST": 3, "HTAG": 0, "HTHG": 2, "HTR": "H", "HY": 2, "HomeTeam": "Osasuna"},{"AC": 9, "AF": 25, "AR": 0, "AS": 23, "AST": 9, "AY": 4, "AwayTeam": "Ath Madrid", "Date": "2012-02-11", "FTAG": 0, "FTHG": 0, "FTR": "D", "HC": 4, "HF": 18, "HR": 0, "HS": 6, "HST": 1, "HTAG": 0, "HTHG": 0, "HTR": "D", "HY": 4, "HomeTeam": "Santander"},{"AC": 8, "AF": 24, "AR": 0, "AS": 10, "AST": 7, "AY": 5, "AwayTeam": "Zaragoza", "Date": "2012-02-12", "FTAG": 2, "FTHG": 0, "FTR": "A", "HC": 6, "HF": 17, "HR": 0, "HS": 14, "HST": 4, "HTAG": 0, "HTHG": 0, "HTR": "D", "HY": 2, "HomeTeam": "Espanol"},{"AC": 3, "AF": 15, "AR": 0, "AS": 8, "AST": 3, "AY": 2, "AwayTeam": "Mallorca", "Date": "2012-02-12", "FTAG": 1, "FTHG": 3, "FTR": "H", "HC": 2, "HF": 8, "HR": 0, "HS": 17, "HST": 8, "HTAG": 1, "HTHG": 1, "HTR": "D", "HY": 2, "HomeTeam": "Malaga"},{"AC": 1, "AF": 9, "AR": 1, "AS": 5, "AST": 3, "AY": 2, "AwayTeam": "Levante", "Date": "2012-02-12", "FTAG": 2, "FTHG": 4, "FTR": "H", "HC": 14, "HF": 16, "HR": 0, "HS": 26, "HST": 9, "HTAG": 1, "HTHG": 1, "HTR": "D", "HY": 3, "HomeTeam": "Real Madrid"},{"AC": 5, "AF": 15, "AR": 0, "AS": 5, "AST": 1, "AY": 1, "AwayTeam": "Sp Gijon", "Date": "2012-02-12", "FTAG": 0, "FTHG": 4, "FTR": "H", "HC": 5, "HF": 19, "HR": 0, "HS": 22, "HST": 8, "HTAG": 0, "HTHG": 1, "HTR": "H", "HY": 1, "HomeTeam": "Valencia"},{"AC": 3, "AF": 23, "AR": 1, "AS": 5, "AST": 0, "AY": 3, "AwayTeam": "Getafe", "Date": "2012-02-12", "FTAG": 0, "FTHG": 2, "FTR": "H", "HC": 4, "HF": 19, "HR": 0, "HS": 13, "HST": 7, "HTAG": 0, "HTHG": 1, "HTR": "H", "HY": 5, "HomeTeam": "Vallecano"},{"AC": 5, "AF": 12, "AR": 1, "AS": 14, "AST": 4, "AY": 2, "AwayTeam": "Granada", "Date": "2012-02-12", "FTAG": 1, "FTHG": 3, "FTR": "H", "HC": 6, "HF": 15, "HR": 0, "HS": 12, "HST": 7, "HTAG": 0, "HTHG": 1, "HTR": "H", "HY": 2, "HomeTeam": "Villarreal"},{"AC": 6, "AF": 16, "AR": 0, "AS": 13, "AST": 1, "AY": 2, "AwayTeam": "Sevilla", "Date": "2012-02-13", "FTAG": 0, "FTHG": 2, "FTR": "H", "HC": 3, "HF": 17, "HR": 0, "HS": 12, "HST": 6, "HTAG": 0, "HTHG": 0, "HTR": "D", "HY": 1, "HomeTeam": "Sociedad"},{"AC": 2, "AF": 14, "AR": 1, "AS": 11, "AST": 3, "AY": 3, "AwayTeam": "Espanol", "Date": "2012-02-18", "FTAG": 1, "FTHG": 1, "FTR": "D", "HC": 12, "HF": 12, "HR": 0, "HS": 19, "HST": 8, "HTAG": 0, "HTHG": 0, "HTR": "D", "HY": 2, "HomeTeam": "Getafe"},{"AC": 4, "AF": 9, "AR": 1, "AS": 8, "AST": 0, "AY": 1, "AwayTeam": "Santander", "Date": "2012-02-18", "FTAG": 0, "FTHG": 4, "FTR": "H", "HC": 6, "HF": 16, "HR": 0, "HS": 23, "HST": 9, "HTAG": 0, "HTHG": 2, "HTR": "H", "HY": 3, "HomeTeam": "Real Madrid"},{"AC": 5, "AF": 16, "AR": 0, "AS": 11, "AST": 3, "AY": 3, "AwayTeam": "Osasuna", "Date": "2012-02-18", "FTAG": 0, "FTHG": 2, "FTR": "H", "HC": 6, "HF": 10, "HR": 0, "HS": 17, "HST": 7, "HTAG": 0, "HTHG": 1, "HTR": "H", "HY": 3, "HomeTeam": "Sevilla"},{"AC": 7, "AF": 13, "AR": 0, "AS": 19, "AST": 7, "AY": 1, "AwayTeam": "Malaga", "Date": "2012-02-19", "FTAG": 0, "FTHG": 3, "FTR": "H", "HC": 11, "HF": 19, "HR": 0, "HS": 13, "HST": 4, "HTAG": 0, "HTHG": 0, "HTR": "D", "HY": 4, "HomeTeam": "Ath Bilbao"},{"AC": 1, "AF": 15, "AR": 0, "AS": 3, "AST": 3, "AY": 3, "AwayTeam": "Valencia", "Date": "2012-02-19", "FTAG": 1, "FTHG": 5, "FTR": "H", "HC": 11, "HF": 6, "HR": 0, "HS": 32, "HST": 15, "HTAG": 1, "HTHG": 2, "HTR": "H", "HY": 0, "HomeTeam": "Barcelona"},{"AC": 3, "AF": 16, "AR": 1, "AS": 8, "AST": 1, "AY": 4, "AwayTeam": "Sociedad", "Date": "2012-02-19", "FTAG": 1, "FTHG": 4, "FTR": "H", "HC": 5, "HF": 16, "HR": 1, "HS": 20, "HST": 8, "HTAG": 1, "HTHG": 1, "HTR": "D", "HY": 2, "HomeTeam": "Granada"},{"AC": 3, "AF": 15, "AR": 0, "AS": 12, "AST": 6, "AY": 3, "AwayTeam": "Vallecano", "Date": "2012-02-19", "FTAG": 5, "FTHG": 3, "FTR": "A", "HC": 11, "HF": 11, "HR": 0, "HS": 19, "HST": 8, "HTAG": 1, "HTHG": 0, "HTR": "A", "HY": 5, "HomeTeam": "Levante"},{"AC": 4, "AF": 17, "AR": 0, "AS": 9, "AST": 3, "AY": 2, "AwayTeam": "Villarreal", "Date": "2012-02-19", "FTAG": 0, "FTHG": 4, "FTR": "H", "HC": 5, "HF": 17, "HR": 0, "HS": 14, "HST": 8, "HTAG": 0, "HTHG": 1, "HTR": "H", "HY": 4, "HomeTeam": "Mallorca"},{"AC": 8, "AF": 20, "AR": 0, "AS": 16, "AST": 9, "AY": 2, "AwayTeam": "Ath Madrid", "Date": "2012-02-19", "FTAG": 1, "FTHG": 1, "FTR": "D", "HC": 5, "HF": 20, "HR": 0, "HS": 10, "HST": 3, "HTAG": 1, "HTHG": 1, "HTR": "D", "HY": 5, "HomeTeam": "Sp Gijon"},{"AC": 3, "AF": 14, "AR": 0, "AS": 10, "AST": 6, "AY": 4, "AwayTeam": "Betis", "Date": "2012-02-20", "FTAG": 2, "FTHG": 0, "FTR": "A", "HC": 8, "HF": 16, "HR": 0, "HS": 13, "HST": 4, "HTAG": 1, "HTHG": 0, "HTR": "A", "HY": 3, "HomeTeam": "Zaragoza"},{"AC": 7, "AF": 9, "AR": 0, "AS": 7, "AST": 3, "AY": 7, "AwayTeam": "Getafe", "Date": "2012-02-25", "FTAG": 1, "FTHG": 1, "FTR": "D", "HC": 8, "HF": 18, "HR": 0, "HS": 13, "HST": 4, "HTAG": 0, "HTHG": 0, "HTR": "D", "HY": 2, "HomeTeam": "Betis"},{"AC": 4, "AF": 18, "AR": 0, "AS": 5, "AST": 4, "AY": 5, "AwayTeam": "Levante", "Date": "2012-02-25", "FTAG": 2, "FTHG": 1, "FTR": "A", "HC": 4, "HF": 13, "HR": 0, "HS": 10, "HST": 1, "HTAG": 1, "HTHG": 0, "HTR": "A", "HY": 2, "HomeTeam": "Espanol"},{"AC": 1, "AF": 25, "AR": 0, "AS": 14, "AST": 3, "AY": 3, "AwayTeam": "Zaragoza", "Date": "2012-02-25", "FTAG": 1, "FTHG": 5, "FTR": "H", "HC": 9, "HF": 12, "HR": 0, "HS": 18, "HST": 9, "HTAG": 1, "HTHG": 1, "HTR": "D", "HY": 1, "HomeTeam": "Malaga"},{"AC": 4, "AF": 18, "AR": 0, "AS": 15, "AST": 5, "AY": 3, "AwayTeam": "Sp Gijon", "Date": "2012-02-25", "FTAG": 1, "FTHG": 1, "FTR": "D", "HC": 11, "HF": 17, "HR": 0, "HS": 19, "HST": 7, "HTAG": 1, "HTHG": 0, "HTR": "A", "HY": 1, "HomeTeam": "Santander"},{"AC": 2, "AF": 12, "AR": 0, "AS": 7, "AST": 3, "AY": 5, "AwayTeam": "Barcelona", "Date": "2012-02-26", "FTAG": 2, "FTHG": 1, "FTR": "A", "HC": 6, "HF": 22, "HR": 0, "HS": 10, "HST": 5, "HTAG": 1, "HTHG": 0, "HTR": "A", "HY": 7, "HomeTeam": "Ath Madrid"},{"AC": 5, "AF": 11, "AR": 0, "AS": 16, "AST": 7, "AY": 4, "AwayTeam": "Granada", "Date": "2012-02-26", "FTAG": 1, "FTHG": 2, "FTR": "H", "HC": 5, "HF": 19, "HR": 1, "HS": 15, "HST": 4, "HTAG": 1, "HTHG": 2, "HTR": "H", "HY": 3, "HomeTeam": "Osasuna"},{"AC": 8, "AF": 14, "AR": 0, "AS": 12, "AST": 3, "AY": 4, "AwayTeam": "Mallorca", "Date": "2012-02-26", "FTAG": 0, "FTHG": 1, "FTR": "H", "HC": 5, "HF": 8, "HR": 0, "HS": 13, "HST": 1, "HTAG": 0, "HTHG": 0, "HTR": "D", "HY": 2, "HomeTeam": "Sociedad"},{"AC": 4, "AF": 15, "AR": 0, "AS": 11, "AST": 4, "AY": 2, "AwayTeam": "Sevilla", "Date": "2012-02-26", "FTAG": 2, "FTHG": 1, "FTR": "A", "HC": 8, "HF": 22, "HR": 0, "HS": 10, "HST": 5, "HTAG": 1, "HTHG": 1, "HTR": "D", "HY": 3, "HomeTeam": "Valencia"},{"AC": 5, "AF": 16, "AR": 0, "AS": 9, "AST": 3, "AY": 6, "AwayTeam": "Real Madrid", "Date": "2012-02-26", "FTAG": 1, "FTHG": 0, "FTR": "A", "HC": 12, "HF": 17, "HR": 1, "HS": 7, "HST": 1, "HTAG": 0, "HTHG": 0, "HTR": "D", "HY": 3, "HomeTeam": "Vallecano"},{"AC": 7, "AF": 18, "AR": 0, "AS": 13, "AST": 6, "AY": 4, "AwayTeam": "Ath Bilbao", "Date": "2012-02-26", "FTAG": 2, "FTHG": 2, "FTR": "D", "HC": 5, "HF": 22, "HR": 0, "HS": 21, "HST": 8, "HTAG": 0, "HTHG": 1, "HTR": "H", "HY": 1, "HomeTeam": "Villarreal"},{"AC": 1, "AF": 23, "AR": 0, "AS": 4, "AST": 1, "AY": 7, "AwayTeam": "Sp Gijon", "Date": "2012-03-03", "FTAG": 1, "FTHG": 3, "FTR": "H", "HC": 13, "HF": 11, "HR": 1, "HS": 15, "HST": 5, "HTAG": 0, "HTHG": 1, "HTR": "H", "HY": 4, "HomeTeam": "Barcelona"},{"AC": 2, "AF": 20, "AR": 0, "AS": 9, "AST": 7, "AY": 4, "AwayTeam": "Malaga", "Date": "2012-03-03", "FTAG": 3, "FTHG": 1, "FTR": "A", "HC": 2, "HF": 16, "HR": 0, "HS": 17, "HST": 6, "HTAG": 0, "HTHG": 1, "HTR": "H", "HY": 3, "HomeTeam": "Getafe"},{"AC": 8, "AF": 13, "AR": 0, "AS": 9, "AST": 2, "AY": 3, "AwayTeam": "Osasuna", "Date": "2012-03-03", "FTAG": 1, "FTHG": 1, "FTR": "D", "HC": 8, "HF": 15, "HR": 0, "HS": 14, "HST": 2, "HTAG": 1, "HTHG": 0, "HTR": "A", "HY": 2, "HomeTeam": "Mallorca"},{"AC": 6, "AF": 21, "AR": 0, "AS": 9, "AST": 6, "AY": 5, "AwayTeam": "Ath Madrid", "Date": "2012-03-03", "FTAG": 1, "FTHG": 1, "FTR": "D", "HC": 1, "HF": 14, "HR": 0, "HS": 20, "HST": 5, "HTAG": 1, "HTHG": 0, "HTR": "A", "HY": 2, "HomeTeam": "Sevilla"},{"AC": 3, "AF": 13, "AR": 1, "AS": 9, "AST": 3, "AY": 4, "AwayTeam": "Santander", "Date": "2012-03-03", "FTAG": 2, "FTHG": 4, "FTR": "H", "HC": 4, "HF": 15, "HR": 0, "HS": 22, "HST": 13, "HTAG": 2, "HTHG": 1, "HTR": "A", "HY": 4, "HomeTeam": "Vallecano"},{"AC": 10, "AF": 12, "AR": 0, "AS": 16, "AST": 4, "AY": 6, "AwayTeam": "Sociedad", "Date": "2012-03-04", "FTAG": 0, "FTHG": 2, "FTR": "H", "HC": 7, "HF": 13, "HR": 0, "HS": 14, "HST": 7, "HTAG": 0, "HTHG": 1, "HTR": "H", "HY": 4, "HomeTeam": "Ath Bilbao"},{"AC": 1, "AF": 22, "AR": 0, "AS": 5, "AST": 2, "AY": 9, "AwayTeam": "Valencia", "Date": "2012-03-04", "FTAG": 1, "FTHG": 0, "FTR": "A", "HC": 6, "HF": 11, "HR": 0, "HS": 8, "HST": 3, "HTAG": 1, "HTHG": 0, "HTR": "A", "HY": 4, "HomeTeam": "Granada"},{"AC": 3, "AF": 14, "AR": 0, "AS": 6, "AST": 1, "AY": 3, "AwayTeam": "Espanol", "Date": "2012-03-04", "FTAG": 0, "FTHG": 5, "FTR": "H", "HC": 10, "HF": 18, "HR": 0, "HS": 22, "HST": 12, "HTAG": 0, "HTHG": 2, "HTR": "H", "HY": 1, "HomeTeam": "Real Madrid"},{"AC": 3, "AF": 18, "AR": 0, "AS": 11, "AST": 5, "AY": 3, "AwayTeam": "Villarreal", "Date": "2012-03-04", "FTAG": 1, "FTHG": 2, "FTR": "H", "HC": 5, "HF": 20, "HR": 0, "HS": 12, "HST": 4, "HTAG": 1, "HTHG": 0, "HTR": "A", "HY": 2, "HomeTeam": "Zaragoza"},{"AC": 7, "AF": 7, "AR": 0, "AS": 16, "AST": 5, "AY": 3, "AwayTeam": "Betis", "Date": "2012-03-05", "FTAG": 1, "FTHG": 3, "FTR": "H", "HC": 2, "HF": 20, "HR": 0, "HS": 7, "HST": 4, "HTAG": 1, "HTHG": 2, "HTR": "H", "HY": 5, "HomeTeam": "Levante"},{"AC": 5, "AF": 15, "AR": 0, "AS": 20, "AST": 10, "AY": 3, "AwayTeam": "Real Madrid", "Date": "2012-03-10", "FTAG": 3, "FTHG": 2, "FTR": "A", "HC": 3, "HF": 13, "HR": 0, "HS": 14, "HST": 6, "HTAG": 1, "HTHG": 1, "HTR": "D", "HY": 1, "HomeTeam": "Betis"},{"AC": 2, "AF": 16, "AR": 0, "AS": 10, "AST": 3, "AY": 2, "AwayTeam": "Levante", "Date": "2012-03-10", "FTAG": 0, "FTHG": 1, "FTR": "H", "HC": 11, "HF": 11, "HR": 0, "HS": 24, "HST": 4, "HTAG": 0, "HTHG": 0, "HTR": "D", "HY": 4, "HomeTeam": "Malaga"},{"AC": 2, "AF": 15, "AR": 1, "AS": 7, "AST": 2, "AY": 1, "AwayTeam": "Zaragoza", "Date": "2012-03-10", "FTAG": 0, "FTHG": 3, "FTR": "H", "HC": 4, "HF": 14, "HR": 0, "HS": 13, "HST": 7, "HTAG": 0, "HTHG": 3, "HTR": "H", "HY": 2, "HomeTeam": "Sociedad"},{"AC": 7, "AF": 7, "AR": 1, "AS": 18, "AST": 3, "AY": 4, "AwayTeam": "Sevilla", "Date": "2012-03-10", "FTAG": 0, "FTHG": 1, "FTR": "H", "HC": 5, "HF": 21, "HR": 0, "HS": 15, "HST": 7, "HTAG": 0, "HTHG": 1, "HTR": "H", "HY": 6, "HomeTeam": "Sp Gijon"},{"AC": 4, "AF": 10, "AR": 1, "AS": 10, "AST": 3, "AY": 2, "AwayTeam": "Granada", "Date": "2012-03-11", "FTAG": 0, "FTHG": 2, "FTR": "H", "HC": 9, "HF": 16, "HR": 0, "HS": 14, "HST": 3, "HTAG": 0, "HTHG": 1, "HTR": "H", "HY": 2, "HomeTeam": "Ath Madrid"},{"AC": 6, "AF": 23, "AR": 0, "AS": 13, "AST": 6, "AY": 2, "AwayTeam": "Vallecano", "Date": "2012-03-11", "FTAG": 1, "FTHG": 5, "FTR": "H", "HC": 3, "HF": 26, "HR": 0, "HS": 17, "HST": 10, "HTAG": 0, "HTHG": 4, "HTR": "H", "HY": 4, "HomeTeam": "Espanol"},{"AC": 7, "AF": 22, "AR": 0, "AS": 17, "AST": 4, "AY": 7, "AwayTeam": "Ath Bilbao", "Date": "2012-03-11", "FTAG": 1, "FTHG": 2, "FTR": "H", "HC": 8, "HF": 17, "HR": 0, "HS": 17, "HST": 6, "HTAG": 0, "HTHG": 2, "HTR": "H", "HY": 2, "HomeTeam": "Osasuna"},{"AC": 6, "AF": 14, "AR": 0, "AS": 23, "AST": 8, "AY": 0, "AwayTeam": "Barcelona", "Date": "2012-03-11", "FTAG": 2, "FTHG": 0, "FTR": "A", "HC": 3, "HF": 21, "HR": 0, "HS": 1, "HST": 0, "HTAG": 1, "HTHG": 0, "HTR": "A", "HY": 6, "HomeTeam": "Santander"},{"AC": 6, "AF": 13, "AR": 0, "AS": 9, "AST": 4, "AY": 4, "AwayTeam": "Mallorca", "Date": "2012-03-11", "FTAG": 2, "FTHG": 2, "FTR": "D", "HC": 13, "HF": 13, "HR": 1, "HS": 23, "HST": 8, "HTAG": 0, "HTHG": 2, "HTR": "H", "HY": 1, "HomeTeam": "Valencia"},{"AC": 4, "AF": 11, "AR": 0, "AS": 7, "AST": 4, "AY": 3, "AwayTeam": "Getafe", "Date": "2012-03-12", "FTAG": 2, "FTHG": 1, "FTR": "A", "HC": 4, "HF": 12, "HR": 0, "HS": 16, "HST": 4, "HTAG": 1, "HTHG": 1, "HTR": "D", "HY": 3, "HomeTeam": "Villarreal"},{"AC": 9, "AF": 18, "AR": 0, "AS": 16, "AST": 5, "AY": 4, "AwayTeam": "Sociedad", "Date": "2012-03-17", "FTAG": 0, "FTHG": 1, "FTR": "H", "HC": 5, "HF": 14, "HR": 0, "HS": 11, "HST": 1, "HTAG": 0, "HTHG": 0, "HTR": "D", "HY": 4, "HomeTeam": "Getafe"},{"AC": 3, "AF": 11, "AR": 0, "AS": 8, "AST": 2, "AY": 1, "AwayTeam": "Sp Gijon", "Date": "2012-03-17", "FTAG": 1, "FTHG": 2, "FTR": "H", "HC": 5, "HF": 15, "HR": 1, "HS": 13, "HST": 4, "HTAG": 0, "HTHG": 2, "HTR": "H", "HY": 0, "HomeTeam": "Granada"},{"AC": 4, "AF": 12, "AR": 0, "AS": 17, "AST": 9, "AY": 3, "AwayTeam": "Barcelona", "Date": "2012-03-17", "FTAG": 2, "FTHG": 0, "FTR": "A", "HC": 7, "HF": 15, "HR": 0, "HS": 12, "HST": 2, "HTAG": 2, "HTHG": 0, "HTR": "A", "HY": 3, "HomeTeam": "Sevilla"},{"AC": 3, "AF": 25, "AR": 0, "AS": 7, "AST": 2, "AY": 2, "AwayTeam": "Betis", "Date": "2012-03-17", "FTAG": 0, "FTHG": 3, "FTR": "H", "HC": 7, "HF": 19, "HR": 0, "HS": 13, "HST": 7, "HTAG": 0, "HTHG": 0, "HTR": "D", "HY": 2, "HomeTeam": "Vallecano"},{"AC": 4, "AF": 15, "AR": 0, "AS": 9, "AST": 3, "AY": 2, "AwayTeam": "Osasuna", "Date": "2012-03-17", "FTAG": 1, "FTHG": 1, "FTR": "D", "HC": 4, "HF": 18, "HR": 0, "HS": 17, "HST": 3, "HTAG": 0, "HTHG": 0, "HTR": "D", "HY": 5, "HomeTeam": "Zaragoza"},{"AC": 3, "AF": 25, "AR": 0, "AS": 22, "AST": 7, "AY": 6, "AwayTeam": "Valencia", "Date": "2012-03-18", "FTAG": 3, "FTHG": 0, "FTR": "A", "HC": 5, "HF": 16, "HR": 1, "HS": 11, "HST": 3, "HTAG": 1, "HTHG": 0, "HTR": "A", "HY": 3, "HomeTeam": "Ath Bilbao"},{"AC": 3, "AF": 18, "AR": 1, "AS": 6, "AST": 1, "AY": 4, "AwayTeam": "Villarreal", "Date": "2012-03-18", "FTAG": 0, "FTHG": 1, "FTR": "H", "HC": 10, "HF": 14, "HR": 0, "HS": 11, "HST": 4, "HTAG": 0, "HTHG": 0, "HTR": "D", "HY": 3, "HomeTeam": "Levante"},{"AC": 10, "AF": 10, "AR": 0, "AS": 25, "AST": 8, "AY": 1, "AwayTeam": "Ath Madrid", "Date": "2012-03-18", "FTAG": 1, "FTHG": 2, "FTR": "H", "HC": 2, "HF": 18, "HR": 1, "HS": 9, "HST": 3, "HTAG": 0, "HTHG": 0, "HTR": "D", "HY": 4, "HomeTeam": "Mallorca"},{"AC": 3, "AF": 9, "AR": 0, "AS": 5, "AST": 2, "AY": 1, "AwayTeam": "Malaga", "Date": "2012-03-18", "FTAG": 1, "FTHG": 1, "FTR": "D", "HC": 5, "HF": 21, "HR": 0, "HS": 18, "HST": 6, "HTAG": 0, "HTHG": 1, "HTR": "H", "HY": 2, "HomeTeam": "Real Madrid"},{"AC": 2, "AF": 21, "AR": 1, "AS": 8, "AST": 3, "AY": 2, "AwayTeam": "Santander", "Date": "2012-03-19", "FTAG": 1, "FTHG": 3, "FTR": "H", "HC": 6, "HF": 15, "HR": 0, "HS": 15, "HST": 7, "HTAG": 1, "HTHG": 2, "HTR": "H", "HY": 4, "HomeTeam": "Espanol"},{"AC": 2, "AF": 13, "AR": 0, "AS": 6, "AST": 3, "AY": 7, "AwayTeam": "Granada", "Date": "2012-03-20", "FTAG": 3, "FTHG": 5, "FTR": "H", "HC": 4, "HF": 10, "HR": 1, "HS": 18, "HST": 8, "HTAG": 0, "HTHG": 2, "HTR": "H", "HY": 2, "HomeTeam": "Barcelona"},{"AC": 5, "AF": 15, "AR": 0, "AS": 12, "AST": 2, "AY": 0, "AwayTeam": "Getafe", "Date": "2012-03-20", "FTAG": 0, "FTHG": 0, "FTR": "D", "HC": 4, "HF": 16, "HR": 0, "HS": 19, "HST": 7, "HTAG": 0, "HTHG": 0, "HTR": "D", "HY": 2, "HomeTeam": "Osasuna"},{"AC": 5, "AF": 8, "AR": 0, "AS": 3, "AST": 2, "AY": 3, "AwayTeam": "Ath Bilbao", "Date": "2012-03-21", "FTAG": 1, "FTHG": 2, "FTR": "H", "HC": 5, "HF": 18, "HR": 0, "HS": 21, "HST": 8, "HTAG": 0, "HTHG": 0, "HTR": "D", "HY": 4, "HomeTeam": "Ath Madrid"},{"AC": 3, "AF": 19, "AR": 0, "AS": 10, "AST": 6, "AY": 6, "AwayTeam": "Levante", "Date": "2012-03-21", "FTAG": 3, "FTHG": 1, "FTR": "A", "HC": 7, "HF": 10, "HR": 1, "HS": 9, "HST": 3, "HTAG": 2, "HTHG": 1, "HTR": "A", "HY": 2, "HomeTeam": "Sociedad"},{"AC": 3, "AF": 20, "AR": 0, "AS": 11, "AST": 4, "AY": 4, "AwayTeam": "Mallorca", "Date": "2012-03-21", "FTAG": 3, "FTHG": 2, "FTR": "A", "HC": 9, "HF": 20, "HR": 0, "HS": 22, "HST": 6, "HTAG": 1, "HTHG": 1, "HTR": "D", "HY": 2, "HomeTeam": "Sp Gijon"},{"AC": 0, "AF": 10, "AR": 2, "AS": 6, "AST": 2, "AY": 4, "AwayTeam": "Zaragoza", "Date": "2012-03-21", "FTAG": 2, "FTHG": 1, "FTR": "A", "HC": 9, "HF": 9, "HR": 0, "HS": 28, "HST": 10, "HTAG": 1, "HTHG": 1, "HTR": "D", "HY": 3, "HomeTeam": "Valencia"},{"AC": 8, "AF": 17, "AR": 2, "AS": 22, "AST": 8, "AY": 5, "AwayTeam": "Real Madrid", "Date": "2012-03-21", "FTAG": 1, "FTHG": 1, "FTR": "D", "HC": 5, "HF": 23, "HR": 0, "HS": 10, "HST": 2, "HTAG": 0, "HTHG": 0, "HTR": "D", "HY": 5, "HomeTeam": "Villarreal"},{"AC": 4, "AF": 17, "AR": 0, "AS": 12, "AST": 4, "AY": 2, "AwayTeam": "Espanol", "Date": "2012-03-22", "FTAG": 1, "FTHG": 1, "FTR": "D", "HC": 3, "HF": 15, "HR": 0, "HS": 9, "HST": 2, "HTAG": 0, "HTHG": 0, "HTR": "D", "HY": 1, "HomeTeam": "Betis"},{"AC": 4, "AF": 14, "AR": 0, "AS": 11, "AST": 7, "AY": 4, "AwayTeam": "Vallecano", "Date": "2012-03-22", "FTAG": 2, "FTHG": 4, "FTR": "H", "HC": 7, "HF": 9, "HR": 0, "HS": 15, "HST": 6, "HTAG": 1, "HTHG": 1, "HTR": "D", "HY": 3, "HomeTeam": "Malaga"},{"AC": 6, "AF": 13, "AR": 0, "AS": 19, "AST": 7, "AY": 3, "AwayTeam": "Sevilla", "Date": "2012-03-22", "FTAG": 3, "FTHG": 0, "FTR": "A", "HC": 6, "HF": 14, "HR": 1, "HS": 9, "HST": 3, "HTAG": 1, "HTHG": 0, "HTR": "A", "HY": 4, "HomeTeam": "Santander"},{"AC": 9, "AF": 15, "AR": 0, "AS": 10, "AST": 4, "AY": 6, "AwayTeam": "Valencia", "Date": "2012-03-24", "FTAG": 1, "FTHG": 3, "FTR": "H", "HC": 1, "HF": 20, "HR": 0, "HS": 9, "HST": 4, "HTAG": 1, "HTHG": 3, "HTR": "H", "HY": 3, "HomeTeam": "Getafe"},{"AC": 8, "AF": 6, "AR": 1, "AS": 18, "AST": 6, "AY": 1, "AwayTeam": "Barcelona", "Date": "2012-03-24", "FTAG": 2, "FTHG": 0, "FTR": "A", "HC": 5, "HF": 17, "HR": 0, "HS": 10, "HST": 2, "HTAG": 1, "HTHG": 0, "HTR": "A", "HY": 2, "HomeTeam": "Mallorca"},{"AC": 3, "AF": 8, "AR": 0, "AS": 11, "AST": 4, "AY": 4, "AwayTeam": "Sociedad", "Date": "2012-03-24", "FTAG": 1, "FTHG": 5, "FTR": "H", "HC": 9, "HF": 14, "HR": 0, "HS": 19, "HST": 10, "HTAG": 1, "HTHG": 3, "HTR": "H", "HY": 1, "HomeTeam": "Real Madrid"},{"AC": 3, "AF": 18, "AR": 0, "AS": 11, "AST": 4, "AY": 4, "AwayTeam": "Sp Gijon", "Date": "2012-03-25", "FTAG": 1, "FTHG": 1, "FTR": "D", "HC": 2, "HF": 15, "HR": 0, "HS": 12, "HST": 4, "HTAG": 0, "HTHG": 0, "HTR": "D", "HY": 2, "HomeTeam": "Ath Bilbao"},{"AC": 9, "AF": 20, "AR": 0, "AS": 11, "AST": 5, "AY": 5, "AwayTeam": "Santander", "Date": "2012-03-25", "FTAG": 1, "FTHG": 1, "FTR": "D", "HC": 3, "HF": 12, "HR": 0, "HS": 18, "HST": 7, "HTAG": 0, "HTHG": 1, "HTR": "H", "HY": 3, "HomeTeam": "Betis"},{"AC": 6, "AF": 10, "AR": 0, "AS": 12, "AST": 6, "AY": 1, "AwayTeam": "Malaga", "Date": "2012-03-25", "FTAG": 2, "FTHG": 1, "FTR": "A", "HC": 6, "HF": 17, "HR": 0, "HS": 8, "HST": 3, "HTAG": 0, "HTHG": 1, "HTR": "H", "HY": 3, "HomeTeam": "Espanol"},{"AC": 6, "AF": 14, "AR": 0, "AS": 12, "AST": 6, "AY": 2, "AwayTeam": "Osasuna", "Date": "2012-03-25", "FTAG": 2, "FTHG": 0, "FTR": "A", "HC": 5, "HF": 12, "HR": 0, "HS": 20, "HST": 7, "HTAG": 1, "HTHG": 0, "HTR": "A", "HY": 2, "HomeTeam": "Levante"},{"AC": 3, "AF": 14, "AR": 0, "AS": 13, "AST": 5, "AY": 1, "AwayTeam": "Villarreal", "Date": "2012-03-25", "FTAG": 2, "FTHG": 0, "FTR": "A", "HC": 7, "HF": 18, "HR": 0, "HS": 19, "HST": 4, "HTAG": 1, "HTHG": 0, "HTR": "A", "HY": 3, "HomeTeam": "Vallecano"},{"AC": 9, "AF": 19, "AR": 0, "AS": 12, "AST": 2, "AY": 5, "AwayTeam": "Ath Madrid", "Date": "2012-03-25", "FTAG": 0, "FTHG": 1, "FTR": "H", "HC": 6, "HF": 14, "HR": 0, "HS": 12, "HST": 3, "HTAG": 0, "HTHG": 0, "HTR": "D", "HY": 0, "HomeTeam": "Zaragoza"},{"AC": 1, "AF": 15, "AR": 0, "AS": 21, "AST": 10, "AY": 4, "AwayTeam": "Sevilla", "Date": "2012-03-26", "FTAG": 3, "FTHG": 0, "FTR": "A", "HC": 12, "HF": 10, "HR": 0, "HS": 20, "HST": 4, "HTAG": 1, "HTHG": 0, "HTR": "A", "HY": 4, "HomeTeam": "Granada"},{"AC": 4, "AF": 14, "AR": 0, "AS": 4, "AST": 1, "AY": 3, "AwayTeam": "Ath Bilbao", "Date": "2012-03-31", "FTAG": 0, "FTHG": 2, "FTR": "H", "HC": 10, "HF": 11, "HR": 0, "HS": 20, "HST": 14, "HTAG": 0, "HTHG": 1, "HTR": "H", "HY": 1, "HomeTeam": "Barcelona"},{"AC": 1, "AF": 21, "AR": 0, "AS": 7, "AST": 2, "AY": 4, "AwayTeam": "Betis", "Date": "2012-03-31", "FTAG": 2, "FTHG": 0, "FTR": "A", "HC": 8, "HF": 9, "HR": 0, "HS": 20, "HST": 6, "HTAG": 2, "HTHG": 0, "HTR": "A", "HY": 1, "HomeTeam": "Malaga"},{"AC": 4, "AF": 14, "AR": 0, "AS": 13, "AST": 7, "AY": 1, "AwayTeam": "Real Madrid", "Date": "2012-03-31", "FTAG": 5, "FTHG": 1, "FTR": "A", "HC": 3, "HF": 17, "HR": 1, "HS": 13, "HST": 1, "HTAG": 3, "HTHG": 0, "HTR": "A", "HY": 2, "HomeTeam": "Osasuna"},{"AC": 5, "AF": 11, "AR": 0, "AS": 16, "AST": 6, "AY": 2, "AwayTeam": "Granada", "Date": "2012-03-31", "FTAG": 1, "FTHG": 0, "FTR": "A", "HC": 3, "HF": 20, "HR": 0, "HS": 7, "HST": 2, "HTAG": 0, "HTHG": 0, "HTR": "D", "HY": 4, "HomeTeam": "Santander"},{"AC": 6, "AF": 30, "AR": 0, "AS": 11, "AST": 5, "AY": 7, "AwayTeam": "Zaragoza", "Date": "2012-03-31", "FTAG": 2, "FTHG": 1, "FTR": "A", "HC": 7, "HF": 20, "HR": 0, "HS": 14, "HST": 6, "HTAG": 1, "HTHG": 0, "HTR": "A", "HY": 3, "HomeTeam": "Sp Gijon"},{"AC": 3, "AF": 10, "AR": 0, "AS": 10, "AST": 3, "AY": 2, "AwayTeam": "Getafe", "Date": "2012-04-01", "FTAG": 0, "FTHG": 3, "FTR": "H", "HC": 7, "HF": 25, "HR": 0, "HS": 8, "HST": 4, "HTAG": 0, "HTHG": 1, "HTR": "H", "HY": 1, "HomeTeam": "Ath Madrid"},{"AC": 5, "AF": 18, "AR": 0, "AS": 9, "AST": 1, "AY": 3, "AwayTeam": "Vallecano", "Date": "2012-04-01", "FTAG": 0, "FTHG": 4, "FTR": "H", "HC": 3, "HF": 16, "HR": 0, "HS": 15, "HST": 8, "HTAG": 0, "HTHG": 2, "HTR": "H", "HY": 1, "HomeTeam": "Sociedad"},{"AC": 2, "AF": 12, "AR": 0, "AS": 9, "AST": 2, "AY": 3, "AwayTeam": "Levante", "Date": "2012-04-01", "FTAG": 1, "FTHG": 1, "FTR": "D", "HC": 5, "HF": 15, "HR": 0, "HS": 12, "HST": 4, "HTAG": 0, "HTHG": 1, "HTR": "H", "HY": 4, "HomeTeam": "Valencia"},{"AC": 1, "AF": 17, "AR": 0, "AS": 8, "AST": 2, "AY": 3, "AwayTeam": "Espanol", "Date": "2012-04-01", "FTAG": 0, "FTHG": 0, "FTR": "D", "HC": 3, "HF": 12, "HR": 0, "HS": 9, "HST": 3, "HTAG": 0, "HTHG": 0, "HTR": "D", "HY": 1, "HomeTeam": "Villarreal"},{"AC": 4, "AF": 16, "AR": 0, "AS": 8, "AST": 3, "AY": 2, "AwayTeam": "Mallorca", "Date": "2012-04-02", "FTAG": 1, "FTHG": 3, "FTR": "H", "HC": 8, "HF": 10, "HR": 0, "HS": 15, "HST": 6, "HTAG": 0, "HTHG": 0, "HTR": "D", "HY": 4, "HomeTeam": "Sevilla"},{"AC": 9, "AF": 14, "AR": 1, "AS": 11, "AST": 3, "AY": 1, "AwayTeam": "Villarreal", "Date": "2012-04-07", "FTAG": 1, "FTHG": 3, "FTR": "H", "HC": 4, "HF": 16, "HR": 0, "HS": 16, "HST": 8, "HTAG": 0, "HTHG": 2, "HTR": "H", "HY": 3, "HomeTeam": "Betis"},{"AC": 2, "AF": 17, "AR": 1, "AS": 11, "AST": 4, "AY": 3, "AwayTeam": "Sociedad", "Date": "2012-04-07", "FTAG": 2, "FTHG": 2, "FTR": "D", "HC": 13, "HF": 14, "HR": 0, "HS": 27, "HST": 12, "HTAG": 2, "HTHG": 1, "HTR": "A", "HY": 5, "HomeTeam": "Espanol"},{"AC": 5, "AF": 18, "AR": 0, "AS": 14, "AST": 3, "AY": 4, "AwayTeam": "Sp Gijon", "Date": "2012-04-07", "FTAG": 0, "FTHG": 2, "FTR": "H", "HC": 4, "HF": 27, "HR": 0, "HS": 10, "HST": 4, "HTAG": 0, "HTHG": 1, "HTR": "H", "HY": 4, "HomeTeam": "Getafe"},{"AC": 7, "AF": 13, "AR": 0, "AS": 10, "AST": 3, "AY": 4, "AwayTeam": "Osasuna", "Date": "2012-04-07", "FTAG": 0, "FTHG": 6, "FTR": "H", "HC": 5, "HF": 15, "HR": 0, "HS": 19, "HST": 12, "HTAG": 0, "HTHG": 4, "HTR": "H", "HY": 1, "HomeTeam": "Vallecano"},{"AC": 9, "AF": 13, "AR": 0, "AS": 14, "AST": 7, "AY": 5, "AwayTeam": "Barcelona", "Date": "2012-04-07", "FTAG": 4, "FTHG": 1, "FTR": "A", "HC": 2, "HF": 22, "HR": 1, "HS": 14, "HST": 5, "HTAG": 2, "HTHG": 1, "HTR": "A", "HY": 4, "HomeTeam": "Zaragoza"},{"AC": 3, "AF": 12, "AR": 0, "AS": 17, "AST": 3, "AY": 4, "AwayTeam": "Sevilla", "Date": "2012-04-08", "FTAG": 0, "FTHG": 1, "FTR": "H", "HC": 4, "HF": 14, "HR": 0, "HS": 18, "HST": 6, "HTAG": 0, "HTHG": 0, "HTR": "D", "HY": 4, "HomeTeam": "Ath Bilbao"},{"AC": 7, "AF": 13, "AR": 1, "AS": 18, "AST": 6, "AY": 5, "AwayTeam": "Ath Madrid", "Date": "2012-04-08", "FTAG": 0, "FTHG": 2, "FTR": "H", "HC": 2, "HF": 11, "HR": 0, "HS": 8, "HST": 4, "HTAG": 0, "HTHG": 2, "HTR": "H", "HY": 4, "HomeTeam": "Levante"},{"AC": 7, "AF": 8, "AR": 0, "AS": 19, "AST": 7, "AY": 1, "AwayTeam": "Granada", "Date": "2012-04-08", "FTAG": 0, "FTHG": 0, "FTR": "D", "HC": 11, "HF": 21, "HR": 0, "HS": 13, "HST": 3, "HTAG": 0, "HTHG": 0, "HTR": "D", "HY": 4, "HomeTeam": "Mallorca"},{"AC": 5, "AF": 16, "AR": 0, "AS": 17, "AST": 4, "AY": 3, "AwayTeam": "Valencia", "Date": "2012-04-08", "FTAG": 0, "FTHG": 0, "FTR": "D", "HC": 11, "HF": 12, "HR": 0, "HS": 33, "HST": 10, "HTAG": 0, "HTHG": 0, "HTR": "D", "HY": 3, "HomeTeam": "Real Madrid"},{"AC": 0, "AF": 13, "AR": 1, "AS": 1, "AST": 0, "AY": 2, "AwayTeam": "Santander", "Date": "2012-04-09", "FTAG": 0, "FTHG": 3, "FTR": "H", "HC": 12, "HF": 12, "HR": 0, "HS": 30, "HST": 13, "HTAG": 0, "HTHG": 1, "HTR": "H", "HY": 3, "HomeTeam": "Malaga"},{"AC": 5, "AF": 10, "AR": 0, "AS": 2, "AST": 0, "AY": 1, "AwayTeam": "Getafe", "Date": "2012-04-10", "FTAG": 0, "FTHG": 4, "FTR": "H", "HC": 13, "HF": 9, "HR": 0, "HS": 14, "HST": 7, "HTAG": 0, "HTHG": 2, "HTR": "H", "HY": 1, "HomeTeam": "Barcelona"},{"AC": 3, "AF": 17, "AR": 2, "AS": 4, "AST": 0, "AY": 4, "AwayTeam": "Espanol", "Date": "2012-04-10", "FTAG": 0, "FTHG": 2, "FTR": "H", "HC": 4, "HF": 13, "HR": 0, "HS": 14, "HST": 4, "HTAG": 0, "HTHG": 0, "HTR": "D", "HY": 3, "HomeTeam": "Osasuna"},{"AC": 5, "AF": 10, "AR": 0, "AS": 12, "AST": 6, "AY": 3, "AwayTeam": "Betis", "Date": "2012-04-10", "FTAG": 1, "FTHG": 1, "FTR": "D", "HC": 9, "HF": 10, "HR": 0, "HS": 17, "HST": 4, "HTAG": 0, "HTHG": 0, "HTR": "D", "HY": 0, "HomeTeam": "Sociedad"},{"AC": 8, "AF": 15, "AR": 0, "AS": 25, "AST": 9, "AY": 3, "AwayTeam": "Real Madrid", "Date": "2012-04-11", "FTAG": 4, "FTHG": 1, "FTR": "A", "HC": 7, "HF": 18, "HR": 0, "HS": 11, "HST": 3, "HTAG": 1, "HTHG": 0, "HTR": "A", "HY": 2, "HomeTeam": "Ath Madrid"},{"AC": 11, "AF": 13, "AR": 0, "AS": 19, "AST": 5, "AY": 3, "AwayTeam": "Ath Bilbao", "Date": "2012-04-11", "FTAG": 2, "FTHG": 2, "FTR": "D", "HC": 0, "HF": 9, "HR": 1, "HS": 9, "HST": 4, "HTAG": 0, "HTHG": 1, "HTR": "H", "HY": 2, "HomeTeam": "Granada"},{"AC": 1, "AF": 7, "AR": 0, "AS": 11, "AST": 7, "AY": 0, "AwayTeam": "Levante", "Date": "2012-04-11", "FTAG": 2, "FTHG": 3, "FTR": "H", "HC": 7, "HF": 21, "HR": 0, "HS": 24, "HST": 5, "HTAG": 1, "HTHG": 1, "HTR": "D", "HY": 5, "HomeTeam": "Sp Gijon"},{"AC": 7, "AF": 23, "AR": 0, "AS": 12, "AST": 3, "AY": 7, "AwayTeam": "Vallecano", "Date": "2012-04-11", "FTAG": 1, "FTHG": 4, "FTR": "H", "HC": 7, "HF": 13, "HR": 0, "HS": 10, "HST": 7, "HTAG": 0, "HTHG": 1, "HTR": "H", "HY": 2, "HomeTeam": "Valencia"},{"AC": 5, "AF": 21, "AR": 0, "AS": 12, "AST": 6, "AY": 1, "AwayTeam": "Mallorca", "Date": "2012-04-12", "FTAG": 3, "FTHG": 0, "FTR": "A", "HC": 5, "HF": 16, "HR": 0, "HS": 17, "HST": 4, "HTAG": 1, "HTHG": 0, "HTR": "A", "HY": 3, "HomeTeam": "Santander"},{"AC": 2, "AF": 15, "AR": 0, "AS": 10, "AST": 2, "AY": 3, "AwayTeam": "Zaragoza", "Date": "2012-04-12", "FTAG": 0, "FTHG": 3, "FTR": "H", "HC": 7, "HF": 15, "HR": 0, "HS": 22, "HST": 8, "HTAG": 0, "HTHG": 3, "HTR": "H", "HY": 1, "HomeTeam": "Sevilla"},{"AC": 2, "AF": 15, "AR": 1, "AS": 9, "AST": 4, "AY": 4, "AwayTeam": "Malaga", "Date": "2012-04-12", "FTAG": 1, "FTHG": 2, "FTR": "H", "HC": 4, "HF": 14, "HR": 0, "HS": 9, "HST": 3, "HTAG": 0, "HTHG": 0, "HTR": "D", "HY": 0, "HomeTeam": "Villarreal"},{"AC": 6, "AF": 7, "AR": 0, "AS": 16, "AST": 8, "AY": 2, "AwayTeam": "Barcelona", "Date": "2012-04-14", "FTAG": 2, "FTHG": 1, "FTR": "A", "HC": 1, "HF": 16, "HR": 0, "HS": 5, "HST": 2, "HTAG": 0, "HTHG": 1, "HTR": "H", "HY": 5, "HomeTeam": "Levante"},{"AC": 1, "AF": 26, "AR": 1, "AS": 3, "AST": 2, "AY": 5, "AwayTeam": "Sp Gijon", "Date": "2012-04-14", "FTAG": 1, "FTHG": 3, "FTR": "H", "HC": 5, "HF": 7, "HR": 0, "HS": 24, "HST": 6, "HTAG": 1, "HTHG": 1, "HTR": "D", "HY": 2, "HomeTeam": "Real Madrid"},{"AC": 5, "AF": 17, "AR": 0, "AS": 11, "AST": 1, "AY": 4, "AwayTeam": "Mallorca", "Date": "2012-04-15", "FTAG": 0, "FTHG": 1, "FTR": "H", "HC": 7, "HF": 12, "HR": 0, "HS": 13, "HST": 2, "HTAG": 0, "HTHG": 1, "HTR": "H", "HY": 1, "HomeTeam": "Ath Bilbao"},{"AC": 3, "AF": 7, "AR": 1, "AS": 5, "AST": 1, "AY": 2, "AwayTeam": "Osasuna", "Date": "2012-04-15", "FTAG": 0, "FTHG": 1, "FTR": "H", "HC": 3, "HF": 10, "HR": 0, "HS": 10, "HST": 4, "HTAG": 0, "HTHG": 1, "HTR": "H", "HY": 1, "HomeTeam": "Betis"},{"AC": 3, "AF": 19, "AR": 0, "AS": 4, "AST": 1, "AY": 5, "AwayTeam": "Valencia", "Date": "2012-04-15", "FTAG": 0, "FTHG": 4, "FTR": "H", "HC": 6, "HF": 15, "HR": 0, "HS": 16, "HST": 5, "HTAG": 0, "HTHG": 2, "HTR": "H", "HY": 3, "HomeTeam": "Espanol"},{"AC": 6, "AF": 9, "AR": 1, "AS": 10, "AST": 2, "AY": 0, "AwayTeam": "Sociedad", "Date": "2012-04-15", "FTAG": 1, "FTHG": 1, "FTR": "D", "HC": 15, "HF": 11, "HR": 0, "HS": 19, "HST": 6, "HTAG": 0, "HTHG": 1, "HTR": "H", "HY": 2, "HomeTeam": "Malaga"},{"AC": 3, "AF": 17, "AR": 0, "AS": 9, "AST": 4, "AY": 2, "AwayTeam": "Ath Madrid", "Date": "2012-04-15", "FTAG": 1, "FTHG": 0, "FTR": "A", "HC": 9, "HF": 22, "HR": 0, "HS": 12, "HST": 3, "HTAG": 0, "HTHG": 0, "HTR": "D", "HY": 6, "HomeTeam": "Vallecano"},{"AC": 6, "AF": 6, "AR": 0, "AS": 7, "AST": 3, "AY": 2, "AwayTeam": "Santander", "Date": "2012-04-15", "FTAG": 1, "FTHG": 1, "FTR": "D", "HC": 7, "HF": 15, "HR": 0, "HS": 19, "HST": 5, "HTAG": 0, "HTHG": 0, "HTR": "D", "HY": 2, "HomeTeam": "Villarreal"},{"AC": 3, "AF": 10, "AR": 0, "AS": 10, "AST": 0, "AY": 3, "AwayTeam": "Granada", "Date": "2012-04-15", "FTAG": 0, "FTHG": 1, "FTR": "H", "HC": 2, "HF": 25, "HR": 1, "HS": 8, "HST": 4, "HTAG": 0, "HTHG": 1, "HTR": "H", "HY": 3, "HomeTeam": "Zaragoza"},{"AC": 7, "AF": 10, "AR": 0, "AS": 15, "AST": 3, "AY": 2, "AwayTeam": "Sevilla", "Date": "2012-04-16", "FTAG": 1, "FTHG": 5, "FTR": "H", "HC": 7, "HF": 9, "HR": 0, "HS": 12, "HST": 7, "HTAG": 1, "HTHG": 1, "HTR": "D", "HY": 2, "HomeTeam": "Getafe"},{"AC": 7, "AF": 20, "AR": 0, "AS": 14, "AST": 6, "AY": 4, "AwayTeam": "Real Madrid", "Date": "2012-04-21", "FTAG": 2, "FTHG": 1, "FTR": "A", "HC": 4, "HF": 11, "HR": 0, "HS": 14, "HST": 3, "HTAG": 1, "HTHG": 0, "HTR": "A", "HY": 2, "HomeTeam": "Barcelona"},{"AC": 2, "AF": 15, "AR": 0, "AS": 11, "AST": 3, "AY": 3, "AwayTeam": "Zaragoza", "Date": "2012-04-21", "FTAG": 0, "FTHG": 1, "FTR": "H", "HC": 9, "HF": 18, "HR": 0, "HS": 12, "HST": 4, "HTAG": 0, "HTHG": 1, "HTR": "H", "HY": 3, "HomeTeam": "Mallorca"},{"AC": 2, "AF": 19, "AR": 0, "AS": 7, "AST": 2, "AY": 5, "AwayTeam": "Levante", "Date": "2012-04-21", "FTAG": 1, "FTHG": 1, "FTR": "D", "HC": 11, "HF": 8, "HR": 0, "HS": 22, "HST": 5, "HTAG": 1, "HTHG": 1, "HTR": "D", "HY": 3, "HomeTeam": "Sevilla"},{"AC": 7, "AF": 17, "AR": 2, "AS": 10, "AST": 4, "AY": 2, "AwayTeam": "Vallecano", "Date": "2012-04-21", "FTAG": 1, "FTHG": 2, "FTR": "H", "HC": 11, "HF": 18, "HR": 0, "HS": 16, "HST": 6, "HTAG": 0, "HTHG": 1, "HTR": "H", "HY": 4, "HomeTeam": "Sp Gijon"},{"AC": 5, "AF": 11, "AR": 0, "AS": 13, "AST": 1, "AY": 2, "AwayTeam": "Espanol", "Date": "2012-04-22", "FTAG": 1, "FTHG": 3, "FTR": "H", "HC": 6, "HF": 14, "HR": 0, "HS": 17, "HST": 7, "HTAG": 1, "HTHG": 1, "HTR": "D", "HY": 3, "HomeTeam": "Ath Madrid"},{"AC": 1, "AF": 15, "AR": 0, "AS": 7, "AST": 2, "AY": 2, "AwayTeam": "Getafe", "Date": "2012-04-22", "FTAG": 0, "FTHG": 1, "FTR": "H", "HC": 6, "HF": 6, "HR": 0, "HS": 11, "HST": 6, "HTAG": 0, "HTHG": 1, "HTR": "H", "HY": 2, "HomeTeam": "Granada"},{"AC": 12, "AF": 16, "AR": 0, "AS": 9, "AST": 2, "AY": 2, "AwayTeam": "Ath Bilbao", "Date": "2012-04-22", "FTAG": 1, "FTHG": 0, "FTR": "A", "HC": 6, "HF": 14, "HR": 0, "HS": 11, "HST": 3, "HTAG": 1, "HTHG": 0, "HTR": "A", "HY": 2, "HomeTeam": "Santander"},{"AC": 1, "AF": 14, "AR": 0, "AS": 13, "AST": 4, "AY": 2, "AwayTeam": "Villarreal", "Date": "2012-04-22", "FTAG": 1, "FTHG": 1, "FTR": "D", "HC": 6, "HF": 11, "HR": 0, "HS": 18, "HST": 4, "HTAG": 1, "HTHG": 0, "HTR": "A", "HY": 3, "HomeTeam": "Sociedad"},{"AC": 2, "AF": 8, "AR": 2, "AS": 8, "AST": 2, "AY": 2, "AwayTeam": "Betis", "Date": "2012-04-22", "FTAG": 0, "FTHG": 4, "FTR": "H", "HC": 4, "HF": 18, "HR": 0, "HS": 14, "HST": 7, "HTAG": 0, "HTHG": 1, "HTR": "H", "HY": 2, "HomeTeam": "Valencia"},{"AC": 9, "AF": 12, "AR": 0, "AS": 14, "AST": 4, "AY": 1, "AwayTeam": "Malaga", "Date": "2012-04-23", "FTAG": 1, "FTHG": 1, "FTR": "D", "HC": 6, "HF": 9, "HR": 0, "HS": 12, "HST": 4, "HTAG": 0, "HTHG": 0, "HTR": "D", "HY": 2, "HomeTeam": "Osasuna"},{"AC": 5, "AF": 12, "AR": 0, "AS": 11, "AST": 6, "AY": 3, "AwayTeam": "Sp Gijon", "Date": "2012-04-28", "FTAG": 3, "FTHG": 0, "FTR": "A", "HC": 10, "HF": 12, "HR": 0, "HS": 18, "HST": 5, "HTAG": 0, "HTHG": 0, "HTR": "D", "HY": 2, "HomeTeam": "Espanol"},{"AC": 3, "AF": 16, "AR": 0, "AS": 16, "AST": 9, "AY": 3, "AwayTeam": "Mallorca", "Date": "2012-04-28", "FTAG": 3, "FTHG": 1, "FTR": "A", "HC": 7, "HF": 8, "HR": 0, "HS": 12, "HST": 3, "HTAG": 1, "HTHG": 0, "HTR": "A", "HY": 4, "HomeTeam": "Getafe"},{"AC": 0, "AF": 10, "AR": 0, "AS": 9, "AST": 3, "AY": 3, "AwayTeam": "Granada", "Date": "2012-04-28", "FTAG": 1, "FTHG": 3, "FTR": "H", "HC": 3, "HF": 10, "HR": 0, "HS": 9, "HST": 5, "HTAG": 0, "HTHG": 0, "HTR": "D", "HY": 1, "HomeTeam": "Levante"},{"AC": 5, "AF": 17, "AR": 0, "AS": 14, "AST": 5, "AY": 5, "AwayTeam": "Santander", "Date": "2012-04-28", "FTAG": 0, "FTHG": 3, "FTR": "H", "HC": 5, "HF": 13, "HR": 0, "HS": 17, "HST": 5, "HTAG": 0, "HTHG": 0, "HTR": "D", "HY": 1, "HomeTeam": "Sociedad"},{"AC": 5, "AF": 12, "AR": 0, "AS": 9, "AST": 2, "AY": 2, "AwayTeam": "Osasuna", "Date": "2012-04-28", "FTAG": 1, "FTHG": 1, "FTR": "D", "HC": 6, "HF": 12, "HR": 0, "HS": 20, "HST": 6, "HTAG": 0, "HTHG": 1, "HTR": "H", "HY": 1, "HomeTeam": "Villarreal"},{"AC": 10, "AF": 17, "AR": 0, "AS": 22, "AST": 6, "AY": 2, "AwayTeam": "Ath Madrid", "Date": "2012-04-29", "FTAG": 2, "FTHG": 2, "FTR": "D", "HC": 3, "HF": 19, "HR": 0, "HS": 9, "HST": 3, "HTAG": 0, "HTHG": 0, "HTR": "D", "HY": 3, "HomeTeam": "Betis"},{"AC": 6, "AF": 27, "AR": 1, "AS": 5, "AST": 1, "AY": 3, "AwayTeam": "Valencia", "Date": "2012-04-29", "FTAG": 0, "FTHG": 1, "FTR": "H", "HC": 7, "HF": 7, "HR": 0, "HS": 16, "HST": 7, "HTAG": 0, "HTHG": 1, "HTR": "H", "HY": 3, "HomeTeam": "Malaga"},{"AC": 4, "AF": 7, "AR": 0, "AS": 10, "AST": 3, "AY": 2, "AwayTeam": "Sevilla", "Date": "2012-04-29", "FTAG": 0, "FTHG": 3, "FTR": "H", "HC": 9, "HF": 14, "HR": 0, "HS": 15, "HST": 5, "HTAG": 0, "HTHG": 1, "HTR": "H", "HY": 3, "HomeTeam": "Real Madrid"},{"AC": 9, "AF": 7, "AR": 0, "AS": 19, "AST": 8, "AY": 1, "AwayTeam": "Barcelona", "Date": "2012-04-29", "FTAG": 7, "FTHG": 0, "FTR": "A", "HC": 7, "HF": 20, "HR": 0, "HS": 10, "HST": 4, "HTAG": 3, "HTHG": 0, "HTR": "A", "HY": 3, "HomeTeam": "Vallecano"},{"AC": 6, "AF": 11, "AR": 0, "AS": 8, "AST": 3, "AY": 2, "AwayTeam": "Ath Bilbao", "Date": "2012-04-29", "FTAG": 0, "FTHG": 2, "FTR": "H", "HC": 7, "HF": 13, "HR": 0, "HS": 21, "HST": 8, "HTAG": 0, "HTHG": 1, "HTR": "H", "HY": 1, "HomeTeam": "Zaragoza"},{"AC": 5, "AF": 17, "AR": 0, "AS": 11, "AST": 3, "AY": 3, "AwayTeam": "Santander", "Date": "2012-05-01", "FTAG": 1, "FTHG": 1, "FTR": "D", "HC": 4, "HF": 25, "HR": 0, "HS": 9, "HST": 4, "HTAG": 0, "HTHG": 0, "HTR": "D", "HY": 4, "HomeTeam": "Getafe"},{"AC": 9, "AF": 13, "AR": 0, "AS": 9, "AST": 3, "AY": 1, "AwayTeam": "Espanol", "Date": "2012-05-01", "FTAG": 1, "FTHG": 2, "FTR": "H", "HC": 7, "HF": 9, "HR": 0, "HS": 17, "HST": 9, "HTAG": 0, "HTHG": 2, "HTR": "H", "HY": 0, "HomeTeam": "Granada"},{"AC": 5, "AF": 9, "AR": 1, "AS": 10, "AST": 8, "AY": 5, "AwayTeam": "Villarreal", "Date": "2012-05-01", "FTAG": 3, "FTHG": 2, "FTR": "A", "HC": 9, "HF": 19, "HR": 0, "HS": 22, "HST": 5, "HTAG": 2, "HTHG": 1, "HTR": "A", "HY": 5, "HomeTeam": "Sp Gijon"},{"AC": 8, "AF": 20, "AR": 0, "AS": 18, "AST": 10, "AY": 5, "AwayTeam": "Real Madrid", "Date": "2012-05-02", "FTAG": 3, "FTHG": 0, "FTR": "A", "HC": 4, "HF": 13, "HR": 1, "HS": 11, "HST": 2, "HTAG": 2, "HTHG": 0, "HTR": "A", "HY": 3, "HomeTeam": "Ath Bilbao"},{"AC": 10, "AF": 9, "AR": 0, "AS": 16, "AST": 5, "AY": 1, "AwayTeam": "Sociedad", "Date": "2012-05-02", "FTAG": 1, "FTHG": 1, "FTR": "D", "HC": 6, "HF": 14, "HR": 1, "HS": 13, "HST": 1, "HTAG": 0, "HTHG": 0, "HTR": "D", "HY": 2, "HomeTeam": "Ath Madrid"},{"AC": 1, "AF": 14, "AR": 0, "AS": 11, "AST": 3, "AY": 2, "AwayTeam": "Malaga", "Date": "2012-05-02", "FTAG": 1, "FTHG": 4, "FTR": "H", "HC": 4, "HF": 17, "HR": 0, "HS": 11, "HST": 6, "HTAG": 1, "HTHG": 2, "HTR": "H", "HY": 2, "HomeTeam": "Barcelona"},{"AC": 4, "AF": 8, "AR": 0, "AS": 15, "AST": 6, "AY": 4, "AwayTeam": "Vallecano", "Date": "2012-05-02", "FTAG": 0, "FTHG": 1, "FTR": "H", "HC": 9, "HF": 15, "HR": 0, "HS": 20, "HST": 8, "HTAG": 0, "HTHG": 0, "HTR": "D", "HY": 2, "HomeTeam": "Mallorca"},{"AC": 4, "AF": 14, "AR": 0, "AS": 15, "AST": 3, "AY": 4, "AwayTeam": "Betis", "Date": "2012-05-02", "FTAG": 2, "FTHG": 1, "FTR": "A", "HC": 9, "HF": 18, "HR": 1, "HS": 12, "HST": 3, "HTAG": 1, "HTHG": 1, "HTR": "D", "HY": 3, "HomeTeam": "Sevilla"},{"AC": 2, "AF": 11, "AR": 1, "AS": 11, "AST": 3, "AY": 5, "AwayTeam": "Osasuna", "Date": "2012-05-02", "FTAG": 0, "FTHG": 4, "FTR": "H", "HC": 17, "HF": 8, "HR": 0, "HS": 23, "HST": 9, "HTAG": 0, "HTHG": 0, "HTR": "D", "HY": 1, "HomeTeam": "Valencia"},{"AC": 10, "AF": 14, "AR": 0, "AS": 11, "AST": 4, "AY": 5, "AwayTeam": "Levante", "Date": "2012-05-02", "FTAG": 0, "FTHG": 1, "FTR": "H", "HC": 2, "HF": 15, "HR": 0, "HS": 12, "HST": 5, "HTAG": 0, "HTHG": 1, "HTR": "H", "HY": 5, "HomeTeam": "Zaragoza"},{"AC": 2, "AF": 10, "AR": 0, "AS": 11, "AST": 1, "AY": 3, "AwayTeam": "Getafe", "Date": "2012-05-05", "FTAG": 0, "FTHG": 0, "FTR": "D", "HC": 8, "HF": 11, "HR": 0, "HS": 16, "HST": 1, "HTAG": 0, "HTHG": 0, "HTR": "D", "HY": 1, "HomeTeam": "Ath Bilbao"},{"AC": 5, "AF": 14, "AR": 0, "AS": 13, "AST": 4, "AY": 2, "AwayTeam": "Malaga", "Date": "2012-05-05", "FTAG": 1, "FTHG": 2, "FTR": "H", "HC": 8, "HF": 20, "HR": 0, "HS": 9, "HST": 2, "HTAG": 1, "HTHG": 0, "HTR": "A", "HY": 6, "HomeTeam": "Ath Madrid"},{"AC": 3, "AF": 24, "AR": 0, "AS": 10, "AST": 3, "AY": 5, "AwayTeam": "Espanol", "Date": "2012-05-05", "FTAG": 0, "FTHG": 4, "FTR": "H", "HC": 5, "HF": 13, "HR": 0, "HS": 14, "HST": 6, "HTAG": 0, "HTHG": 1, "HTR": "H", "HY": 4, "HomeTeam": "Barcelona"},{"AC": 6, "AF": 14, "AR": 0, "AS": 14, "AST": 3, "AY": 4, "AwayTeam": "Real Madrid", "Date": "2012-05-05", "FTAG": 2, "FTHG": 1, "FTR": "A", "HC": 4, "HF": 13, "HR": 2, "HS": 12, "HST": 5, "HTAG": 0, "HTHG": 1, "HTR": "H", "HY": 4, "HomeTeam": "Granada"},{"AC": 5, "AF": 5, "AR": 0, "AS": 7, "AST": 2, "AY": 3, "AwayTeam": "Levante", "Date": "2012-05-05", "FTAG": 0, "FTHG": 1, "FTR": "H", "HC": 6, "HF": 13, "HR": 0, "HS": 10, "HST": 3, "HTAG": 0, "HTHG": 0, "HTR": "D", "HY": 1, "HomeTeam": "Mallorca"},{"AC": 4, "AF": 13, "AR": 0, "AS": 13, "AST": 3, "AY": 1, "AwayTeam": "Sociedad", "Date": "2012-05-05", "FTAG": 0, "FTHG": 1, "FTR": "H", "HC": 4, "HF": 24, "HR": 0, "HS": 18, "HST": 10, "HTAG": 0, "HTHG": 1, "HTR": "H", "HY": 5, "HomeTeam": "Osasuna"},{"AC": 5, "AF": 10, "AR": 0, "AS": 13, "AST": 3, "AY": 5, "AwayTeam": "Vallecano", "Date": "2012-05-05", "FTAG": 2, "FTHG": 5, "FTR": "H", "HC": 5, "HF": 13, "HR": 0, "HS": 15, "HST": 8, "HTAG": 1, "HTHG": 2, "HTR": "H", "HY": 3, "HomeTeam": "Sevilla"},{"AC": 4, "AF": 16, "AR": 0, "AS": 15, "AST": 8, "AY": 3, "AwayTeam": "Betis", "Date": "2012-05-05", "FTAG": 1, "FTHG": 2, "FTR": "H", "HC": 4, "HF": 19, "HR": 0, "HS": 12, "HST": 3, "HTAG": 1, "HTHG": 1, "HTR": "D", "HY": 2, "HomeTeam": "Sp Gijon"},{"AC": 3, "AF": 16, "AR": 0, "AS": 9, "AST": 3, "AY": 3, "AwayTeam": "Villarreal", "Date": "2012-05-05", "FTAG": 0, "FTHG": 1, "FTR": "H", "HC": 8, "HF": 16, "HR": 0, "HS": 17, "HST": 7, "HTAG": 0, "HTHG": 0, "HTR": "D", "HY": 5, "HomeTeam": "Valencia"},{"AC": 1, "AF": 21, "AR": 0, "AS": 2, "AST": 2, "AY": 6, "AwayTeam": "Santander", "Date": "2012-05-05", "FTAG": 1, "FTHG": 2, "FTR": "H", "HC": 12, "HF": 17, "HR": 0, "HS": 29, "HST": 8, "HTAG": 1, "HTHG": 1, "HTR": "D", "HY": 3, "HomeTeam": "Zaragoza"},{"AC": 7, "AF": 11, "AR": 1, "AS": 11, "AST": 6, "AY": 0, "AwayTeam": "Barcelona", "Date": "2012-05-12", "FTAG": 2, "FTHG": 2, "FTR": "D", "HC": 2, "HF": 15, "HR": 0, "HS": 5, "HST": 3, "HTAG": 1, "HTHG": 0, "HTR": "A", "HY": 2, "HomeTeam": "Betis"},{"AC": 14, "AF": 10, "AR": 0, "AS": 19, "AST": 2, "AY": 0, "AwayTeam": "Valencia", "Date": "2012-05-12", "FTAG": 0, "FTHG": 1, "FTR": "H", "HC": 7, "HF": 14, "HR": 0, "HS": 13, "HST": 6, "HTAG": 0, "HTHG": 0, "HTR": "D", "HY": 2, "HomeTeam": "Sociedad"},{"AC": 7, "AF": 16, "AR": 0, "AS": 17, "AST": 6, "AY": 2, "AwayTeam": "Sevilla", "Date": "2012-05-13", "FTAG": 1, "FTHG": 1, "FTR": "D", "HC": 8, "HF": 14, "HR": 0, "HS": 9, "HST": 4, "HTAG": 1, "HTHG": 0, "HTR": "A", "HY": 4, "HomeTeam": "Espanol"},{"AC": 6, "AF": 18, "AR": 1, "AS": 12, "AST": 4, "AY": 4, "AwayTeam": "Zaragoza", "Date": "2012-05-13", "FTAG": 2, "FTHG": 0, "FTR": "A", "HC": 0, "HF": 22, "HR": 3, "HS": 3, "HST": 0, "HTAG": 0, "HTHG": 0, "HTR": "D", "HY": 2, "HomeTeam": "Getafe"},{"AC": 6, "AF": 8, "AR": 0, "AS": 9, "AST": 5, "AY": 0, "AwayTeam": "Ath Bilbao", "Date": "2012-05-13", "FTAG": 0, "FTHG": 3, "FTR": "H", "HC": 4, "HF": 3, "HR": 0, "HS": 12, "HST": 4, "HTAG": 0, "HTHG": 1, "HTR": "H", "HY": 1, "HomeTeam": "Levante"},{"AC": 1, "AF": 24, "AR": 0, "AS": 6, "AST": 1, "AY": 5, "AwayTeam": "Sp Gijon", "Date": "2012-05-13", "FTAG": 0, "FTHG": 1, "FTR": "H", "HC": 10, "HF": 10, "HR": 1, "HS": 22, "HST": 12, "HTAG": 0, "HTHG": 0, "HTR": "D", "HY": 3, "HomeTeam": "Malaga"},{"AC": 6, "AF": 16, "AR": 0, "AS": 11, "AST": 5, "AY": 1, "AwayTeam": "Mallorca", "Date": "2012-05-13", "FTAG": 1, "FTHG": 4, "FTR": "H", "HC": 8, "HF": 7, "HR": 0, "HS": 23, "HST": 12, "HTAG": 0, "HTHG": 2, "HTR": "H", "HY": 0, "HomeTeam": "Real Madrid"},{"AC": 9, "AF": 9, "AR": 0, "AS": 27, "AST": 13, "AY": 2, "AwayTeam": "Osasuna", "Date": "2012-05-13", "FTAG": 4, "FTHG": 2, "FTR": "A", "HC": 0, "HF": 11, "HR": 0, "HS": 7, "HST": 2, "HTAG": 0, "HTHG": 1, "HTR": "H", "HY": 0, "HomeTeam": "Santander"},{"AC": 6, "AF": 14, "AR": 0, "AS": 12, "AST": 5, "AY": 4, "AwayTeam": "Granada", "Date": "2012-05-13", "FTAG": 0, "FTHG": 1, "FTR": "H", "HC": 9, "HF": 19, "HR": 0, "HS": 18, "HST": 2, "HTAG": 0, "HTHG": 0, "HTR": "D", "HY": 3, "HomeTeam": "Vallecano"},{"AC": 4, "AF": 18, "AR": 0, "AS": 11, "AST": 4, "AY": 2, "AwayTeam": "Ath Madrid", "Date": "2012-05-13", "FTAG": 1, "FTHG": 0, "FTR": "A", "HC": 6, "HF": 9, "HR": 0, "HS": 10, "HST": 1, "HTAG": 0, "HTHG": 0, "HTR": "D", "HY": 2, "HomeTeam": "Villarreal"}]