[{"AC": 8, "AF": 18, "AR": 0, "AS": 12, "AST": 4, "AY": 2, "AwayTeam": "Paris SG", "Date": "2013-08-09", "FTAG": 1, "FTHG": 1, "FTR": "D", "HC": 1, "HF": 22, "HR": 1, "HS": 6, "HST": 1, "HTAG": 0, "HTHG": 1, "HTR": "H", "HY": 2, "HomeTeam": "Montpellier"},{"AC": 7, "AF": 11, "AR": 0, "AS": 13, "AST": 6, "AY": 0, "AwayTeam": "Monaco", "Date": "2013-08-10", "FTAG": 2, "FTHG": 0, "FTR": "A", "HC": 3, "HF": 16, "HR": 0, "HS": 11, "HST": 2, "HTAG": 0, "HTHG": 0, "HTR": "D", "HY": 1, "HomeTeam": "Bordeaux"},{"AC": 5, "AF": 18, "AR": 0, "AS": 9, "AST": 6, "AY": 2, "AwayTeam": "Sochaux", "Date": "2013-08-10", "FTAG": 1, "FTHG": 1, "FTR": "D", "HC": 5, "HF": 13, "HR": 0, "HS": 15, "HST": 8, "HTAG": 0, "HTHG": 1, "HTR": "H", "HY": 1, "HomeTeam": "Evian Thonon Gaillard"},{"AC": 3, "AF": 18, "AR": 1, "AS": 6, "AST": 3, "AY": 1, "AwayTeam": "Lorient", "Date": "2013-08-10", "FTAG": 0, "FTHG": 1, "FTR": "H", "HC": 4, "HF": 18, "HR": 0, "HS": 6, "HST": 3, "HTAG": 0, "HTHG": 1, "HTR": "H", "HY": 1, "HomeTeam": "Lille"},{"AC": 5, "AF": 9, "AR": 0, "AS": 11, "AST": 5, "AY": 0, "AwayTeam": "Nice", "Date": "2013-08-10", "FTAG": 0, "FTHG": 4, "FTR": "H", "HC": 2, "HF": 20, "HR": 0, "HS": 12, "HST": 6, "HTAG": 0, "HTHG": 1, "HTR": "H", "HY": 1, "HomeTeam": "Lyon"},{"AC": 2, "AF": 14, "AR": 1, "AS": 9, "AST": 0, "AY": 3, "AwayTeam": "Bastia", "Date": "2013-08-10", "FTAG": 0, "FTHG": 2, "FTR": "H", "HC": 2, "HF": 14, "HR": 1, "HS": 7, "HST": 3, "HTAG": 0, "HTHG": 1, "HTR": "H", "HY": 1, "HomeTeam": "Nantes"},{"AC": 8, "AF": 15, "AR": 0, "AS": 15, "AST": 5, "AY": 2, "AwayTeam": "Reims", "Date": "2013-08-10", "FTAG": 1, "FTHG": 2, "FTR": "H", "HC": 4, "HF": 7, "HR": 0, "HS": 13, "HST": 6, "HTAG": 1, "HTHG": 1, "HTR": "D", "HY": 1, "HomeTeam": "Rennes"},{"AC": 0, "AF": 12, "AR": 1, "AS": 2, "AST": 1, "AY": 0, "AwayTeam": "Toulouse", "Date": "2013-08-10", "FTAG": 0, "FTHG": 3, "FTR": "H", "HC": 6, "HF": 22, "HR": 0, "HS": 19, "HST": 7, "HTAG": 0, "HTHG": 1, "HTR": "H", "HY": 2, "HomeTeam": "Valenciennes"},{"AC": 3, "AF": 20, "AR": 0, "AS": 8, "AST": 2, "AY": 1, "AwayTeam": "St Etienne", "Date": "2013-08-11", "FTAG": 1, "FTHG": 0, "FTR": "A", "HC": 1, "HF": 16, "HR": 1, "HS": 7, "HST": 1, "HTAG": 1, "HTHG": 0, "HTR": "A", "HY": 0, "HomeTeam": "Ajaccio"},{"AC": 3, "AF": 19, "AR": 0, "AS": 16, "AST": 7, "AY": 4, "AwayTeam": "Marseille", "Date": "2013-08-11", "FTAG": 3, "FTHG": 1, "FTR": "A", "HC": 9, "HF": 16, "HR": 0, "HS": 13, "HST": 5, "HTAG": 3, "HTHG": 0, "HTR": "A", "HY": 2, "HomeTeam": "Guingamp"},{"AC": 5, "AF": 19, "AR": 0, "AS": 15, "AST": 8, "AY": 0, "AwayTeam": "Lyon", "Date": "2013-08-16", "FTAG": 3, "FTHG": 1, "FTR": "A", "HC": 8, "HF": 14, "HR": 0, "HS": 11, "HST": 8, "HTAG": 2, "HTHG": 1, "HTR": "A", "HY": 3, "HomeTeam": "Sochaux"},{"AC": 4, "AF": 15, "AR": 0, "AS": 7, "AST": 3, "AY": 2, "AwayTeam": "Valenciennes", "Date": "2013-08-17", "FTAG": 0, "FTHG": 2, "FTR": "H", "HC": 6, "HF": 13, "HR": 0, "HS": 9, "HST": 2, "HTAG": 0, "HTHG": 0, "HTR": "D", "HY": 2, "HomeTeam": "Bastia"},{"AC": 8, "AF": 12, "AR": 0, "AS": 16, "AST": 4, "AY": 1, "AwayTeam": "Evian Thonon Gaillard", "Date": "2013-08-17", "FTAG": 0, "FTHG": 2, "FTR": "H", "HC": 3, "HF": 11, "HR": 0, "HS": 8, "HST": 3, "HTAG": 0, "HTHG": 1, "HTR": "H", "HY": 3, "HomeTeam": "Marseille"},{"AC": 0, "AF": 19, "AR": 1, "AS": 4, "AST": 3, "AY": 1, "AwayTeam": "Rennes", "Date": "2013-08-17", "FTAG": 1, "FTHG": 2, "FTR": "H", "HC": 5, "HF": 12, "HR": 0, "HS": 15, "HST": 5, "HTAG": 1, "HTHG": 1, "HTR": "D", "HY": 0, "HomeTeam": "Nice"},{"AC": 7, "AF": 14, "AR": 0, "AS": 15, "AST": 3, "AY": 0, "AwayTeam": "Lille", "Date": "2013-08-17", "FTAG": 1, "FTHG": 2, "FTR": "H", "HC": 3, "HF": 12, "HR": 0, "HS": 10, "HST": 3, "HTAG": 0, "HTHG": 1, "HTR": "H", "HY": 1, "HomeTeam": "Reims"},{"AC": 4, "AF": 11, "AR": 0, "AS": 5, "AST": 2, "AY": 3, "AwayTeam": "Guingamp", "Date": "2013-08-17", "FTAG": 0, "FTHG": 1, "FTR": "H", "HC": 6, "HF": 13, "HR": 0, "HS": 9, "HST": 1, "HTAG": 0, "HTHG": 0, "HTR": "D", "HY": 4, "HomeTeam": "St Etienne"},{"AC": 2, "AF": 17, "AR": 1, "AS": 8, "AST": 4, "AY": 1, "AwayTeam": "Bordeaux", "Date": "2013-08-17", "FTAG": 1, "FTHG": 1, "FTR": "D", "HC": 6, "HF": 16, "HR": 0, "HS": 12, "HST": 6, "HTAG": 1, "HTHG": 1, "HTR": "D", "HY": 3, "HomeTeam": "Toulouse"},{"AC": 3, "AF": 19, "AR": 0, "AS": 8, "AST": 3, "AY": 1, "AwayTeam": "Nantes", "Date": "2013-08-18", "FTAG": 1, "FTHG": 2, "FTR": "H", "HC": 10, "HF": 8, "HR": 0, "HS": 14, "HST": 8, "HTAG": 1, "HTHG": 1, "HTR": "D", "HY": 1, "HomeTeam": "Lorient"},{"AC": 1, "AF": 15, "AR": 1, "AS": 5, "AST": 3, "AY": 3, "AwayTeam": "Montpellier", "Date": "2013-08-18", "FTAG": 1, "FTHG": 4, "FTR": "H", "HC": 9, "HF": 21, "HR": 0, "HS": 13, "HST": 7, "HTAG": 1, "HTHG": 2, "HTR": "H", "HY": 2, "HomeTeam": "Monaco"},{"AC": 1, "AF": 11, "AR": 0, "AS": 1, "AST": 1, "AY": 3, "AwayTeam": "Ajaccio", "Date": "2013-08-18", "FTAG": 1, "FTHG": 1, "FTR": "D", "HC": 12, "HF": 17, "HR": 0, "HS": 37, "HST": 15, "HTAG": 1, "HTHG": 0, "HTR": "A", "HY": 2, "HomeTeam": "Paris SG"},{"AC": 1, "AF": 24, "AR": 0, "AS": 3, "AST": 0, "AY": 3, "AwayTeam": "Toulouse", "Date": "2013-08-23", "FTAG": 0, "FTHG": 0, "FTR": "D", "HC": 4, "HF": 17, "HR": 0, "HS": 21, "HST": 5, "HTAG": 0, "HTHG": 0, "HTR": "D", "HY": 1, "HomeTeam": "Monaco"},{"AC": 4, "AF": 17, "AR": 0, "AS": 4, "AST": 2, "AY": 2, "AwayTeam": "Bastia", "Date": "2013-08-24", "FTAG": 0, "FTHG": 1, "FTR": "H", "HC": 2, "HF": 13, "HR": 0, "HS": 12, "HST": 5, "HTAG": 0, "HTHG": 1, "HTR": "H", "HY": 2, "HomeTeam": "Bordeaux"},{"AC": 5, "AF": 14, "AR": 0, "AS": 11, "AST": 4, "AY": 3, "AwayTeam": "Rennes", "Date": "2013-08-24", "FTAG": 2, "FTHG": 1, "FTR": "A", "HC": 3, "HF": 10, "HR": 0, "HS": 17, "HST": 5, "HTAG": 2, "HTHG": 0, "HTR": "A", "HY": 2, "HomeTeam": "Evian Thonon Gaillard"},{"AC": 5, "AF": 17, "AR": 0, "AS": 11, "AST": 5, "AY": 2, "AwayTeam": "Lorient", "Date": "2013-08-24", "FTAG": 0, "FTHG": 2, "FTR": "H", "HC": 6, "HF": 17, "HR": 0, "HS": 10, "HST": 3, "HTAG": 0, "HTHG": 1, "HTR": "H", "HY": 2, "HomeTeam": "Guingamp"},{"AC": 1, "AF": 13, "AR": 0, "AS": 6, "AST": 2, "AY": 2, "AwayTeam": "Reims", "Date": "2013-08-24", "FTAG": 1, "FTHG": 0, "FTR": "A", "HC": 7, "HF": 17, "HR": 0, "HS": 19, "HST": 5, "HTAG": 0, "HTHG": 0, "HTR": "D", "HY": 1, "HomeTeam": "Lyon"},{"AC": 3, "AF": 17, "AR": 1, "AS": 9, "AST": 1, "AY": 3, "AwayTeam": "Sochaux", "Date": "2013-08-24", "FTAG": 1, "FTHG": 2, "FTR": "H", "HC": 1, "HF": 24, "HR": 0, "HS": 12, "HST": 4, "HTAG": 1, "HTHG": 1, "HTR": "D", "HY": 2, "HomeTeam": "Montpellier"},{"AC": 11, "AF": 15, "AR": 0, "AS": 18, "AST": 6, "AY": 3, "AwayTeam": "Marseille", "Date": "2013-08-24", "FTAG": 1, "FTHG": 0, "FTR": "A", "HC": 6, "HF": 22, "HR": 0, "HS": 7, "HST": 2, "HTAG": 0, "HTHG": 0, "HTR": "D", "HY": 1, "HomeTeam": "Valenciennes"},{"AC": 3, "AF": 13, "AR": 0, "AS": 10, "AST": 2, "AY": 0, "AwayTeam": "Nice", "Date": "2013-08-25", "FTAG": 0, "FTHG": 0, "FTR": "D", "HC": 5, "HF": 20, "HR": 0, "HS": 5, "HST": 2, "HTAG": 0, "HTHG": 0, "HTR": "D", "HY": 0, "HomeTeam": "Ajaccio"},{"AC": 2, "AF": 20, "AR": 0, "AS": 6, "AST": 2, "AY": 1, "AwayTeam": "St Etienne", "Date": "2013-08-25", "FTAG": 0, "FTHG": 1, "FTR": "H", "HC": 4, "HF": 11, "HR": 0, "HS": 12, "HST": 5, "HTAG": 0, "HTHG": 1, "HTR": "H", "HY": 2, "HomeTeam": "Lille"},{"AC": 6, "AF": 14, "AR": 0, "AS": 13, "AST": 6, "AY": 1, "AwayTeam": "Paris SG", "Date": "2013-08-25", "FTAG": 2, "FTHG": 1, "FTR": "A", "HC": 8, "HF": 10, "HR": 0, "HS": 13, "HST": 3, "HTAG": 1, "HTHG": 0, "HTR": "A", "HY": 1, "HomeTeam": "Nantes"},{"AC": 3, "AF": 18, "AR": 0, "AS": 9, "AST": 3, "AY": 4, "AwayTeam": "Toulouse", "Date": "2013-08-31", "FTAG": 1, "FTHG": 2, "FTR": "H", "HC": 4, "HF": 15, "HR": 1, "HS": 7, "HST": 4, "HTAG": 0, "HTHG": 1, "HTR": "H", "HY": 2, "HomeTeam": "Bastia"},{"AC": 10, "AF": 13, "AR": 0, "AS": 6, "AST": 2, "AY": 1, "AwayTeam": "Lyon", "Date": "2013-08-31", "FTAG": 1, "FTHG": 2, "FTR": "H", "HC": 3, "HF": 10, "HR": 0, "HS": 15, "HST": 5, "HTAG": 0, "HTHG": 2, "HTR": "H", "HY": 1, "HomeTeam": "Evian Thonon Gaillard"},{"AC": 5, "AF": 19, "AR": 1, "AS": 8, "AST": 1, "AY": 1, "AwayTeam": "Valenciennes", "Date": "2013-08-31", "FTAG": 0, "FTHG": 1, "FTR": "H", "HC": 6, "HF": 9, "HR": 0, "HS": 15, "HST": 3, "HTAG": 0, "HTHG": 1, "HTR": "H", "HY": 1, "HomeTeam": "Lorient"},{"AC": 1, "AF": 15, "AR": 0, "AS": 7, "AST": 1, "AY": 2, "AwayTeam": "Guingamp", "Date": "2013-08-31", "FTAG": 0, "FTHG": 2, "FTR": "H", "HC": 13, "HF": 13, "HR": 0, "HS": 25, "HST": 7, "HTAG": 0, "HTHG": 0, "HTR": "D", "HY": 1, "HomeTeam": "Paris SG"},{"AC": 0, "AF": 3, "AR": 0, "AS": 9, "AST": 2, "AY": 0, "AwayTeam": "Nantes", "Date": "2013-08-31", "FTAG": 0, "FTHG": 0, "FTR": "D", "HC": 4, "HF": 11, "HR": 0, "HS": 7, "HST": 2, "HTAG": 0, "HTHG": 0, "HTR": "D", "HY": 1, "HomeTeam": "Reims"},{"AC": 2, "AF": 15, "AR": 0, "AS": 10, "AST": 1, "AY": 2, "AwayTeam": "Lille", "Date": "2013-08-31", "FTAG": 0, "FTHG": 0, "FTR": "D", "HC": 2, "HF": 10, "HR": 0, "HS": 11, "HST": 2, "HTAG": 0, "HTHG": 0, "HTR": "D", "HY": 1, "HomeTeam": "Rennes"},{"AC": 2, "AF": 11, "AR": 0, "AS": 9, "AST": 2, "AY": 1, "AwayTeam": "Ajaccio", "Date": "2013-08-31", "FTAG": 0, "FTHG": 0, "FTR": "D", "HC": 5, "HF": 8, "HR": 0, "HS": 17, "HST": 5, "HTAG": 0, "HTHG": 0, "HTR": "D", "HY": 1, "HomeTeam": "Sochaux"},{"AC": 10, "AF": 13, "AR": 0, "AS": 12, "AST": 4, "AY": 3, "AwayTeam": "Monaco", "Date": "2013-09-01", "FTAG": 2, "FTHG": 1, "FTR": "A", "HC": 6, "HF": 16, "HR": 0, "HS": 10, "HST": 2, "HTAG": 0, "HTHG": 1, "HTR": "H", "HY": 2, "HomeTeam": "Marseille"},{"AC": 2, "AF": 19, "AR": 1, "AS": 5, "AST": 3, "AY": 4, "AwayTeam": "Montpellier", "Date": "2013-09-01", "FTAG": 2, "FTHG": 2, "FTR": "D", "HC": 4, "HF": 18, "HR": 0, "HS": 12, "HST": 4, "HTAG": 1, "HTHG": 2, "HTR": "H", "HY": 3, "HomeTeam": "Nice"},{"AC": 4, "AF": 10, "AR": 0, "AS": 13, "AST": 5, "AY": 1, "AwayTeam": "Bordeaux", "Date": "2013-09-01", "FTAG": 1, "FTHG": 2, "FTR": "H", "HC": 4, "HF": 17, "HR": 0, "HS": 12, "HST": 5, "HTAG": 0, "HTHG": 1, "HTR": "H", "HY": 2, "HomeTeam": "St Etienne"},{"AC": 5, "AF": 13, "AR": 0, "AS": 14, "AST": 7, "AY": 2, "AwayTeam": "Paris SG", "Date": "2013-09-13", "FTAG": 2, "FTHG": 0, "FTR": "A", "HC": 1, "HF": 14, "HR": 0, "HS": 6, "HST": 1, "HTAG": 1, "HTHG": 0, "HTR": "A", "HY": 2, "HomeTeam": "Bordeaux"},{"AC": 5, "AF": 20, "AR": 0, "AS": 12, "AST": 5, "AY": 3, "AwayTeam": "Evian Thonon Gaillard", "Date": "2013-09-14", "FTAG": 3, "FTHG": 2, "FTR": "A", "HC": 7, "HF": 10, "HR": 0, "HS": 18, "HST": 8, "HTAG": 2, "HTHG": 0, "HTR": "A", "HY": 2, "HomeTeam": "Ajaccio"},{"AC": 1, "AF": 18, "AR": 0, "AS": 11, "AST": 1, "AY": 3, "AwayTeam": "Bastia", "Date": "2013-09-14", "FTAG": 1, "FTHG": 1, "FTR": "D", "HC": 1, "HF": 19, "HR": 0, "HS": 7, "HST": 5, "HTAG": 0, "HTHG": 0, "HTR": "D", "HY": 2, "HomeTeam": "Guingamp"},{"AC": 3, "AF": 8, "AR": 0, "AS": 9, "AST": 3, "AY": 2, "AwayTeam": "Reims", "Date": "2013-09-14", "FTAG": 0, "FTHG": 0, "FTR": "D", "HC": 4, "HF": 8, "HR": 0, "HS": 16, "HST": 3, "HTAG": 0, "HTHG": 0, "HTR": "D", "HY": 2, "HomeTeam": "Montpellier"},{"AC": 2, "AF": 8, "AR": 0, "AS": 1, "AST": 0, "AY": 1, "AwayTeam": "Sochaux", "Date": "2013-09-14", "FTAG": 0, "FTHG": 1, "FTR": "H", "HC": 3, "HF": 12, "HR": 0, "HS": 11, "HST": 5, "HTAG": 0, "HTHG": 0, "HTR": "D", "HY": 0, "HomeTeam": "Nantes"},{"AC": 5, "AF": 13, "AR": 0, "AS": 15, "AST": 8, "AY": 2, "AwayTeam": "Marseille", "Date": "2013-09-14", "FTAG": 1, "FTHG": 1, "FTR": "D", "HC": 6, "HF": 17, "HR": 0, "HS": 20, "HST": 4, "HTAG": 0, "HTHG": 0, "HTR": "D", "HY": 2, "HomeTeam": "Toulouse"},{"AC": 0, "AF": 9, "AR": 0, "AS": 10, "AST": 4, "AY": 1, "AwayTeam": "St Etienne", "Date": "2013-09-14", "FTAG": 3, "FTHG": 1, "FTR": "A", "HC": 5, "HF": 11, "HR": 0, "HS": 10, "HST": 3, "HTAG": 1, "HTHG": 0, "HTR": "A", "HY": 2, "HomeTeam": "Valenciennes"},{"AC": 2, "AF": 16, "AR": 0, "AS": 5, "AST": 4, "AY": 3, "AwayTeam": "Nice", "Date": "2013-09-15", "FTAG": 2, "FTHG": 0, "FTR": "A", "HC": 10, "HF": 16, "HR": 0, "HS": 22, "HST": 9, "HTAG": 2, "HTHG": 0, "HTR": "A", "HY": 3, "HomeTeam": "Lille"},{"AC": 2, "AF": 14, "AR": 0, "AS": 5, "AST": 3, "AY": 1, "AwayTeam": "Rennes", "Date": "2013-09-15", "FTAG": 0, "FTHG": 0, "FTR": "D", "HC": 8, "HF": 16, "HR": 0, "HS": 18, "HST": 6, "HTAG": 0, "HTHG": 0, "HTR": "D", "HY": 0, "HomeTeam": "Lyon"},{"AC": 1, "AF": 16, "AR": 0, "AS": 6, "AST": 0, "AY": 3, "AwayTeam": "Lorient", "Date": "2013-09-15", "FTAG": 0, "FTHG": 1, "FTR": "H", "HC": 2, "HF": 13, "HR": 0, "HS": 11, "HST": 3, "HTAG": 0, "HTHG": 1, "HTR": "H", "HY": 3, "HomeTeam": "Monaco"},{"AC": 5, "AF": 17, "AR": 0, "AS": 11, "AST": 6, "AY": 2, "AwayTeam": "Toulouse", "Date": "2013-09-20", "FTAG": 2, "FTHG": 1, "FTR": "A", "HC": 4, "HF": 19, "HR": 0, "HS": 18, "HST": 3, "HTAG": 0, "HTHG": 1, "HTR": "H", "HY": 2, "HomeTeam": "St Etienne"},{"AC": 4, "AF": 10, "AR": 0, "AS": 11, "AST": 1, "AY": 0, "AwayTeam": "Marseille", "Date": "2013-09-21", "FTAG": 0, "FTHG": 0, "FTR": "D", "HC": 4, "HF": 19, "HR": 0, "HS": 12, "HST": 5, "HTAG": 0, "HTHG": 0, "HTR": "D", "HY": 2, "HomeTeam": "Bastia"},{"AC": 1, "AF": 11, "AR": 1, "AS": 8, "AST": 3, "AY": 3, "AwayTeam": "Montpellier", "Date": "2013-09-21", "FTAG": 2, "FTHG": 2, "FTR": "D", "HC": 3, "HF": 12, "HR": 0, "HS": 12, "HST": 5, "HTAG": 1, "HTHG": 0, "HTR": "A", "HY": 2, "HomeTeam": "Evian Thonon Gaillard"},{"AC": 6, "AF": 12, "AR": 0, "AS": 15, "AST": 4, "AY": 1, "AwayTeam": "Guingamp", "Date": "2013-09-21", "FTAG": 1, "FTHG": 1, "FTR": "D", "HC": 7, "HF": 15, "HR": 0, "HS": 15, "HST": 3, "HTAG": 1, "HTHG": 0, "HTR": "A", "HY": 3, "HomeTeam": "Reims"},{"AC": 6, "AF": 13, "AR": 0, "AS": 17, "AST": 2, "AY": 2, "AwayTeam": "Ajaccio", "Date": "2013-09-21", "FTAG": 0, "FTHG": 2, "FTR": "H", "HC": 6, "HF": 20, "HR": 0, "HS": 14, "HST": 7, "HTAG": 0, "HTHG": 2, "HTR": "H", "HY": 2, "HomeTeam": "Rennes"},{"AC": 4, "AF": 14, "AR": 0, "AS": 15, "AST": 8, "AY": 1, "AwayTeam": "Lille", "Date": "2013-09-21", "FTAG": 2, "FTHG": 0, "FTR": "A", "HC": 4, "HF": 18, "HR": 0, "HS": 14, "HST": 6, "HTAG": 2, "HTHG": 0, "HTR": "A", "HY": 2, "HomeTeam": "Sochaux"},{"AC": 4, "AF": 14, "AR": 0, "AS": 11, "AST": 3, "AY": 2, "AwayTeam": "Bordeaux", "Date": "2013-09-22", "FTAG": 3, "FTHG": 3, "FTR": "D", "HC": 3, "HF": 13, "HR": 0, "HS": 16, "HST": 10, "HTAG": 3, "HTHG": 2, "HTR": "A", "HY": 1, "HomeTeam": "Lorient"},{"AC": 4, "AF": 12, "AR": 0, "AS": 9, "AST": 2, "AY": 0, "AwayTeam": "Nantes", "Date": "2013-09-22", "FTAG": 1, "FTHG": 3, "FTR": "H", "HC": 6, "HF": 18, "HR": 0, "HS": 11, "HST": 5, "HTAG": 1, "HTHG": 1, "HTR": "D", "HY": 0, "HomeTeam": "Lyon"},{"AC": 3, "AF": 14, "AR": 0, "AS": 8, "AST": 1, "AY": 2, "AwayTeam": "Valenciennes", "Date": "2013-09-22", "FTAG": 0, "FTHG": 4, "FTR": "H", "HC": 4, "HF": 13, "HR": 0, "HS": 10, "HST": 5, "HTAG": 0, "HTHG": 2, "HTR": "H", "HY": 1, "HomeTeam": "Nice"},{"AC": 2, "AF": 18, "AR": 0, "AS": 15, "AST": 4, "AY": 3, "AwayTeam": "Monaco", "Date": "2013-09-22", "FTAG": 1, "FTHG": 1, "FTR": "D", "HC": 6, "HF": 5, "HR": 0, "HS": 18, "HST": 2, "HTAG": 1, "HTHG": 1, "HTR": "D", "HY": 1, "HomeTeam": "Paris SG"},{"AC": 2, "AF": 12, "AR": 0, "AS": 6, "AST": 1, "AY": 2, "AwayTeam": "Evian Thonon Gaillard", "Date": "2013-09-24", "FTAG": 0, "FTHG": 3, "FTR": "H", "HC": 4, "HF": 16, "HR": 0, "HS": 12, "HST": 5, "HTAG": 0, "HTHG": 2, "HTR": "H", "HY": 1, "HomeTeam": "Lille"},{"AC": 11, "AF": 17, "AR": 0, "AS": 11, "AST": 2, "AY": 1, "AwayTeam": "St Etienne", "Date": "2013-09-24", "FTAG": 1, "FTHG": 2, "FTR": "H", "HC": 8, "HF": 10, "HR": 0, "HS": 12, "HST": 5, "HTAG": 1, "HTHG": 2, "HTR": "H", "HY": 1, "HomeTeam": "Marseille"},{"AC": 6, "AF": 18, "AR": 1, "AS": 15, "AST": 8, "AY": 2, "AwayTeam": "Lyon", "Date": "2013-09-25", "FTAG": 1, "FTHG": 2, "FTR": "H", "HC": 1, "HF": 18, "HR": 0, "HS": 7, "HST": 3, "HTAG": 0, "HTHG": 1, "HTR": "H", "HY": 5, "HomeTeam": "Ajaccio"},{"AC": 4, "AF": 23, "AR": 0, "AS": 9, "AST": 3, "AY": 2, "AwayTeam": "Reims", "Date": "2013-09-25", "FTAG": 0, "FTHG": 0, "FTR": "D", "HC": 15, "HF": 15, "HR": 0, "HS": 20, "HST": 7, "HTAG": 0, "HTHG": 0, "HTR": "D", "HY": 1, "HomeTeam": "Bordeaux"},{"AC": 2, "AF": 18, "AR": 0, "AS": 15, "AST": 6, "AY": 4, "AwayTeam": "Sochaux", "Date": "2013-09-25", "FTAG": 1, "FTHG": 5, "FTR": "H", "HC": 3, "HF": 14, "HR": 0, "HS": 14, "HST": 7, "HTAG": 0, "HTHG": 3, "HTR": "H", "HY": 2, "HomeTeam": "Guingamp"},{"AC": 5, "AF": 14, "AR": 0, "AS": 12, "AST": 5, "AY": 1, "AwayTeam": "Bastia", "Date": "2013-09-25", "FTAG": 0, "FTHG": 3, "FTR": "H", "HC": 10, "HF": 9, "HR": 0, "HS": 19, "HST": 9, "HTAG": 0, "HTHG": 2, "HTR": "H", "HY": 1, "HomeTeam": "Monaco"},{"AC": 0, "AF": 12, "AR": 0, "AS": 4, "AST": 0, "AY": 1, "AwayTeam": "Nice", "Date": "2013-09-25", "FTAG": 0, "FTHG": 2, "FTR": "H", "HC": 8, "HF": 10, "HR": 0, "HS": 16, "HST": 6, "HTAG": 0, "HTHG": 1, "HTR": "H", "HY": 1, "HomeTeam": "Nantes"},{"AC": 3, "AF": 17, "AR": 0, "AS": 11, "AST": 4, "AY": 2, "AwayTeam": "Lorient", "Date": "2013-09-25", "FTAG": 0, "FTHG": 1, "FTR": "H", "HC": 6, "HF": 13, "HR": 0, "HS": 14, "HST": 4, "HTAG": 0, "HTHG": 0, "HTR": "D", "HY": 1, "HomeTeam": "Toulouse"},{"AC": 4, "AF": 10, "AR": 0, "AS": 6, "AST": 2, "AY": 4, "AwayTeam": "Paris SG", "Date": "2013-09-25", "FTAG": 1, "FTHG": 0, "FTR": "A", "HC": 8, "HF": 13, "HR": 0, "HS": 14, "HST": 3, "HTAG": 1, "HTHG": 0, "HTR": "A", "HY": 1, "HomeTeam": "Valenciennes"},{"AC": 2, "AF": 14, "AR": 0, "AS": 8, "AST": 3, "AY": 1, "AwayTeam": "Rennes", "Date": "2013-09-26", "FTAG": 0, "FTHG": 0, "FTR": "D", "HC": 7, "HF": 18, "HR": 0, "HS": 20, "HST": 4, "HTAG": 0, "HTHG": 0, "HTR": "D", "HY": 3, "HomeTeam": "Montpellier"},{"AC": 8, "AF": 17, "AR": 1, "AS": 17, "AST": 7, "AY": 3, "AwayTeam": "Bordeaux", "Date": "2013-09-28", "FTAG": 1, "FTHG": 1, "FTR": "D", "HC": 6, "HF": 23, "HR": 0, "HS": 11, "HST": 2, "HTAG": 0, "HTHG": 1, "HTR": "H", "HY": 3, "HomeTeam": "Evian Thonon Gaillard"},{"AC": 2, "AF": 11, "AR": 0, "AS": 12, "AST": 4, "AY": 1, "AwayTeam": "Marseille", "Date": "2013-09-28", "FTAG": 2, "FTHG": 0, "FTR": "A", "HC": 6, "HF": 6, "HR": 0, "HS": 15, "HST": 6, "HTAG": 0, "HTHG": 0, "HTR": "D", "HY": 1, "HomeTeam": "Lorient"},{"AC": 7, "AF": 12, "AR": 0, "AS": 14, "AST": 5, "AY": 2, "AwayTeam": "Lille", "Date": "2013-09-28", "FTAG": 0, "FTHG": 0, "FTR": "D", "HC": 1, "HF": 15, "HR": 0, "HS": 6, "HST": 1, "HTAG": 0, "HTHG": 0, "HTR": "D", "HY": 3, "HomeTeam": "Lyon"},{"AC": 3, "AF": 16, "AR": 0, "AS": 10, "AST": 4, "AY": 2, "AwayTeam": "Guingamp", "Date": "2013-09-28", "FTAG": 0, "FTHG": 1, "FTR": "H", "HC": 10, "HF": 17, "HR": 0, "HS": 16, "HST": 7, "HTAG": 0, "HTHG": 0, "HTR": "D", "HY": 1, "HomeTeam": "Nice"},{"AC": 2, "AF": 15, "AR": 0, "AS": 7, "AST": 3, "AY": 3, "AwayTeam": "Toulouse", "Date": "2013-09-28", "FTAG": 0, "FTHG": 2, "FTR": "H", "HC": 6, "HF": 12, "HR": 0, "HS": 14, "HST": 4, "HTAG": 0, "HTHG": 1, "HTR": "H", "HY": 0, "HomeTeam": "Paris SG"},{"AC": 12, "AF": 16, "AR": 0, "AS": 15, "AST": 2, "AY": 3, "AwayTeam": "Valenciennes", "Date": "2013-09-28", "FTAG": 0, "FTHG": 2, "FTR": "H", "HC": 4, "HF": 14, "HR": 0, "HS": 8, "HST": 5, "HTAG": 0, "HTHG": 2, "HTR": "H", "HY": 4, "HomeTeam": "Sochaux"},{"AC": 1, "AF": 15, "AR": 0, "AS": 4, "AST": 2, "AY": 4, "AwayTeam": "Bastia", "Date": "2013-09-28", "FTAG": 2, "FTHG": 2, "FTR": "D", "HC": 5, "HF": 5, "HR": 0, "HS": 20, "HST": 7, "HTAG": 0, "HTHG": 1, "HTR": "H", "HY": 2, "HomeTeam": "St Etienne"},{"AC": 6, "AF": 15, "AR": 1, "AS": 12, "AST": 7, "AY": 1, "AwayTeam": "Montpellier", "Date": "2013-09-29", "FTAG": 1, "FTHG": 1, "FTR": "D", "HC": 6, "HF": 16, "HR": 1, "HS": 10, "HST": 2, "HTAG": 1, "HTHG": 1, "HTR": "D", "HY": 3, "HomeTeam": "Ajaccio"},{"AC": 7, "AF": 12, "AR": 0, "AS": 16, "AST": 7, "AY": 1, "AwayTeam": "Monaco", "Date": "2013-09-29", "FTAG": 1, "FTHG": 1, "FTR": "D", "HC": 6, "HF": 15, "HR": 1, "HS": 13, "HST": 3, "HTAG": 1, "HTHG": 1, "HTR": "D", "HY": 1, "HomeTeam": "Reims"},{"AC": 4, "AF": 16, "AR": 0, "AS": 14, "AST": 5, "AY": 2, "AwayTeam": "Nantes", "Date": "2013-09-29", "FTAG": 3, "FTHG": 1, "FTR": "A", "HC": 2, "HF": 9, "HR": 0, "HS": 6, "HST": 4, "HTAG": 2, "HTHG": 0, "HTR": "A", "HY": 1, "HomeTeam": "Rennes"},{"AC": 6, "AF": 20, "AR": 1, "AS": 9, "AST": 2, "AY": 4, "AwayTeam": "Lorient", "Date": "2013-10-04", "FTAG": 1, "FTHG": 4, "FTR": "H", "HC": 4, "HF": 15, "HR": 0, "HS": 15, "HST": 10, "HTAG": 1, "HTHG": 2, "HTR": "H", "HY": 2, "HomeTeam": "Bastia"},{"AC": 3, "AF": 15, "AR": 1, "AS": 6, "AST": 2, "AY": 1, "AwayTeam": "Rennes", "Date": "2013-10-05", "FTAG": 0, "FTHG": 2, "FTR": "H", "HC": 9, "HF": 17, "HR": 0, "HS": 22, "HST": 8, "HTAG": 0, "HTHG": 0, "HTR": "D", "HY": 0, "HomeTeam": "Guingamp"},{"AC": 4, "AF": 11, "AR": 0, "AS": 6, "AST": 1, "AY": 1, "AwayTeam": "Ajaccio", "Date": "2013-10-05", "FTAG": 0, "FTHG": 3, "FTR": "H", "HC": 8, "HF": 14, "HR": 0, "HS": 18, "HST": 6, "HTAG": 0, "HTHG": 1, "HTR": "H", "HY": 1, "HomeTeam": "Lille"},{"AC": 0, "AF": 17, "AR": 0, "AS": 8, "AST": 5, "AY": 6, "AwayTeam": "St Etienne", "Date": "2013-10-05", "FTAG": 1, "FTHG": 2, "FTR": "H", "HC": 7, "HF": 14, "HR": 0, "HS": 11, "HST": 6, "HTAG": 0, "HTHG": 1, "HTR": "H", "HY": 1, "HomeTeam": "Monaco"},{"AC": 4, "AF": 13, "AR": 0, "AS": 11, "AST": 2, "AY": 2, "AwayTeam": "Evian Thonon Gaillard", "Date": "2013-10-05", "FTAG": 0, "FTHG": 3, "FTR": "H", "HC": 6, "HF": 11, "HR": 0, "HS": 7, "HST": 4, "HTAG": 0, "HTHG": 2, "HTR": "H", "HY": 1, "HomeTeam": "Nantes"},{"AC": 4, "AF": 13, "AR": 0, "AS": 10, "AST": 3, "AY": 1, "AwayTeam": "Nice", "Date": "2013-10-05", "FTAG": 0, "FTHG": 1, "FTR": "H", "HC": 1, "HF": 18, "HR": 0, "HS": 8, "HST": 2, "HTAG": 0, "HTHG": 1, "HTR": "H", "HY": 1, "HomeTeam": "Toulouse"},{"AC": 4, "AF": 16, "AR": 0, "AS": 9, "AST": 4, "AY": 2, "AwayTeam": "Reims", "Date": "2013-10-05", "FTAG": 1, "FTHG": 1, "FTR": "D", "HC": 22, "HF": 15, "HR": 0, "HS": 18, "HST": 11, "HTAG": 1, "HTHG": 0, "HTR": "A", "HY": 0, "HomeTeam": "Valenciennes"},{"AC": 4, "AF": 17, "AR": 0, "AS": 10, "AST": 1, "AY": 2, "AwayTeam": "Sochaux", "Date": "2013-10-06", "FTAG": 1, "FTHG": 4, "FTR": "H", "HC": 4, "HF": 11, "HR": 0, "HS": 18, "HST": 7, "HTAG": 1, "HTHG": 2, "HTR": "H", "HY": 3, "HomeTeam": "Bordeaux"},{"AC": 1, "AF": 12, "AR": 1, "AS": 4, "AST": 4, "AY": 4, "AwayTeam": "Paris SG", "Date": "2013-10-06", "FTAG": 2, "FTHG": 1, "FTR": "A", "HC": 6, "HF": 23, "HR": 0, "HS": 11, "HST": 6, "HTAG": 1, "HTHG": 1, "HTR": "D", "HY": 3, "HomeTeam": "Marseille"},{"AC": 5, "AF": 19, "AR": 1, "AS": 18, "AST": 4, "AY": 2, "AwayTeam": "Lyon", "Date": "2013-10-06", "FTAG": 1, "FTHG": 5, "FTR": "H", "HC": 3, "HF": 16, "HR": 0, "HS": 15, "HST": 10, "HTAG": 0, "HTHG": 2, "HTR": "H", "HY": 2, "HomeTeam": "Montpellier"},{"AC": 14, "AF": 14, "AR": 0, "AS": 19, "AST": 6, "AY": 2, "AwayTeam": "Marseille", "Date": "2013-10-18", "FTAG": 0, "FTHG": 1, "FTR": "H", "HC": 2, "HF": 16, "HR": 0, "HS": 7, "HST": 3, "HTAG": 0, "HTHG": 1, "HTR": "H", "HY": 2, "HomeTeam": "Nice"},{"AC": 4, "AF": 12, "AR": 0, "AS": 13, "AST": 7, "AY": 2, "AwayTeam": "Toulouse", "Date": "2013-10-18", "FTAG": 2, "FTHG": 1, "FTR": "A", "HC": 4, "HF": 18, "HR": 1, "HS": 11, "HST": 5, "HTAG": 1, "HTHG": 0, "HTR": "A", "HY": 2, "HomeTeam": "Reims"},{"AC": 6, "AF": 16, "AR": 0, "AS": 16, "AST": 5, "AY": 3, "AwayTeam": "Nantes", "Date": "2013-10-19", "FTAG": 1, "FTHG": 0, "FTR": "A", "HC": 7, "HF": 18, "HR": 0, "HS": 7, "HST": 3, "HTAG": 0, "HTHG": 0, "HTR": "D", "HY": 2, "HomeTeam": "Ajaccio"},{"AC": 6, "AF": 12, "AR": 0, "AS": 9, "AST": 5, "AY": 0, "AwayTeam": "Guingamp", "Date": "2013-10-19", "FTAG": 2, "FTHG": 1, "FTR": "A", "HC": 4, "HF": 17, "HR": 0, "HS": 10, "HST": 2, "HTAG": 0, "HTHG": 1, "HTR": "H", "HY": 2, "HomeTeam": "Evian Thonon Gaillard"},{"AC": 4, "AF": 17, "AR": 0, "AS": 9, "AST": 2, "AY": 3, "AwayTeam": "Lille", "Date": "2013-10-19", "FTAG": 1, "FTHG": 0, "FTR": "A", "HC": 5, "HF": 7, "HR": 0, "HS": 11, "HST": 4, "HTAG": 1, "HTHG": 0, "HTR": "A", "HY": 0, "HomeTeam": "Montpellier"},{"AC": 3, "AF": 15, "AR": 0, "AS": 11, "AST": 2, "AY": 2, "AwayTeam": "Bastia", "Date": "2013-10-19", "FTAG": 0, "FTHG": 4, "FTR": "H", "HC": 6, "HF": 9, "HR": 0, "HS": 20, "HST": 8, "HTAG": 0, "HTHG": 2, "HTR": "H", "HY": 0, "HomeTeam": "Paris SG"},{"AC": 8, "AF": 12, "AR": 0, "AS": 13, "AST": 6, "AY": 0, "AwayTeam": "Valenciennes", "Date": "2013-10-19", "FTAG": 2, "FTHG": 2, "FTR": "D", "HC": 1, "HF": 7, "HR": 0, "HS": 13, "HST": 5, "HTAG": 0, "HTHG": 1, "HTR": "H", "HY": 1, "HomeTeam": "Rennes"},{"AC": 5, "AF": 15, "AR": 0, "AS": 9, "AST": 1, "AY": 2, "AwayTeam": "Bordeaux", "Date": "2013-10-20", "FTAG": 1, "FTHG": 1, "FTR": "D", "HC": 5, "HF": 16, "HR": 1, "HS": 18, "HST": 6, "HTAG": 0, "HTHG": 0, "HTR": "D", "HY": 1, "HomeTeam": "Lyon"},{"AC": 3, "AF": 18, "AR": 0, "AS": 12, "AST": 5, "AY": 2, "AwayTeam": "Monaco", "Date": "2013-10-20", "FTAG": 2, "FTHG": 2, "FTR": "D", "HC": 9, "HF": 16, "HR": 0, "HS": 16, "HST": 7, "HTAG": 2, "HTHG": 0, "HTR": "A", "HY": 2, "HomeTeam": "Sochaux"},{"AC": 4, "AF": 11, "AR": 0, "AS": 11, "AST": 5, "AY": 2, "AwayTeam": "Lorient", "Date": "2013-10-20", "FTAG": 2, "FTHG": 3, "FTR": "H", "HC": 4, "HF": 19, "HR": 0, "HS": 19, "HST": 7, "HTAG": 1, "HTHG": 2, "HTR": "H", "HY": 3, "HomeTeam": "St Etienne"},{"AC": 1, "AF": 19, "AR": 0, "AS": 12, "AST": 4, "AY": 4, "AwayTeam": "Lille", "Date": "2013-10-25", "FTAG": 1, "FTHG": 0, "FTR": "A", "HC": 5, "HF": 11, "HR": 1, "HS": 7, "HST": 2, "HTAG": 1, "HTHG": 0, "HTR": "A", "HY": 0, "HomeTeam": "Nantes"},{"AC": 3, "AF": 17, "AR": 1, "AS": 13, "AST": 4, "AY": 3, "AwayTeam": "Nice", "Date": "2013-10-26", "FTAG": 0, "FTHG": 1, "FTR": "H", "HC": 4, "HF": 13, "HR": 1, "HS": 9, "HST": 3, "HTAG": 0, "HTHG": 1, "HTR": "H", "HY": 2, "HomeTeam": "Bastia"},{"AC": 2, "AF": 19, "AR": 0, "AS": 13, "AST": 4, "AY": 4, "AwayTeam": "Ajaccio", "Date": "2013-10-26", "FTAG": 1, "FTHG": 2, "FTR": "H", "HC": 8, "HF": 19, "HR": 0, "HS": 17, "HST": 6, "HTAG": 1, "HTHG": 0, "HTR": "A", "HY": 2, "HomeTeam": "Guingamp"},{"AC": 3, "AF": 9, "AR": 0, "AS": 7, "AST": 2, "AY": 1, "AwayTeam": "Sochaux", "Date": "2013-10-26", "FTAG": 1, "FTHG": 2, "FTR": "H", "HC": 4, "HF": 18, "HR": 0, "HS": 10, "HST": 6, "HTAG": 0, "HTHG": 1, "HTR": "H", "HY": 1, "HomeTeam": "Lorient"},{"AC": 5, "AF": 16, "AR": 0, "AS": 8, "AST": 4, "AY": 0, "AwayTeam": "Reims", "Date": "2013-10-26", "FTAG": 3, "FTHG": 2, "FTR": "A", "HC": 8, "HF": 13, "HR": 0, "HS": 16, "HST": 5, "HTAG": 2, "HTHG": 0, "HTR": "A", "HY": 2, "HomeTeam": "Marseille"},{"AC": 2, "AF": 15, "AR": 0, "AS": 14, "AST": 10, "AY": 1, "AwayTeam": "Rennes", "Date": "2013-10-26", "FTAG": 5, "FTHG": 0, "FTR": "A", "HC": 4, "HF": 11, "HR": 0, "HS": 16, "HST": 2, "HTAG": 3, "HTHG": 0, "HTR": "A", "HY": 1, "HomeTeam": "Toulouse"},{"AC": 4, "AF": 11, "AR": 0, "AS": 5, "AST": 3, "AY": 3, "AwayTeam": "Evian Thonon Gaillard", "Date": "2013-10-26", "FTAG": 1, "FTHG": 0, "FTR": "A", "HC": 7, "HF": 10, "HR": 0, "HS": 10, "HST": 2, "HTAG": 0, "HTHG": 0, "HTR": "D", "HY": 1, "HomeTeam": "Valenciennes"},{"AC": 3, "AF": 9, "AR": 1, "AS": 5, "AST": 1, "AY": 0, "AwayTeam": "Montpellier", "Date": "2013-10-27", "FTAG": 0, "FTHG": 2, "FTR": "H", "HC": 6, "HF": 21, "HR": 0, "HS": 16, "HST": 7, "HTAG": 0, "HTHG": 0, "HTR": "D", "HY": 3, "HomeTeam": "Bordeaux"},{"AC": 6, "AF": 17, "AR": 0, "AS": 7, "AST": 2, "AY": 3, "AwayTeam": "Lyon", "Date": "2013-10-27", "FTAG": 1, "FTHG": 2, "FTR": "H", "HC": 2, "HF": 12, "HR": 0, "HS": 10, "HST": 4, "HTAG": 0, "HTHG": 2, "HTR": "H", "HY": 1, "HomeTeam": "Monaco"},{"AC": 7, "AF": 12, "AR": 0, "AS": 21, "AST": 4, "AY": 3, "AwayTeam": "Paris SG", "Date": "2013-10-27", "FTAG": 2, "FTHG": 2, "FTR": "D", "HC": 5, "HF": 11, "HR": 1, "HS": 9, "HST": 3, "HTAG": 0, "HTHG": 1, "HTR": "H", "HY": 2, "HomeTeam": "St Etienne"},{"AC": 6, "AF": 11, "AR": 0, "AS": 9, "AST": 2, "AY": 0, "AwayTeam": "Lorient", "Date": "2013-11-01", "FTAG": 0, "FTHG": 4, "FTR": "H", "HC": 6, "HF": 8, "HR": 0, "HS": 17, "HST": 10, "HTAG": 0, "HTHG": 3, "HTR": "H", "HY": 0, "HomeTeam": "Paris SG"},{"AC": 6, "AF": 20, "AR": 0, "AS": 14, "AST": 5, "AY": 2, "AwayTeam": "Valenciennes", "Date": "2013-11-02", "FTAG": 3, "FTHG": 1, "FTR": "A", "HC": 2, "HF": 26, "HR": 0, "HS": 13, "HST": 5, "HTAG": 1, "HTHG": 1, "HTR": "D", "HY": 2, "HomeTeam": "Ajaccio"},{"AC": 4, "AF": 12, "AR": 0, "AS": 9, "AST": 4, "AY": 3, "AwayTeam": "Toulouse", "Date": "2013-11-02", "FTAG": 1, "FTHG": 2, "FTR": "H", "HC": 4, "HF": 18, "HR": 0, "HS": 14, "HST": 3, "HTAG": 0, "HTHG": 0, "HTR": "D", "HY": 2, "HomeTeam": "Evian Thonon Gaillard"},{"AC": 5, "AF": 9, "AR": 1, "AS": 8, "AST": 1, "AY": 2, "AwayTeam": "Guingamp", "Date": "2013-11-02", "FTAG": 0, "FTHG": 2, "FTR": "H", "HC": 13, "HF": 13, "HR": 0, "HS": 14, "HST": 7, "HTAG": 0, "HTHG": 2, "HTR": "H", "HY": 1, "HomeTeam": "Lyon"},{"AC": 4, "AF": 11, "AR": 0, "AS": 12, "AST": 8, "AY": 1, "AwayTeam": "Bastia", "Date": "2013-11-02", "FTAG": 2, "FTHG": 4, "FTR": "H", "HC": 5, "HF": 14, "HR": 0, "HS": 15, "HST": 9, "HTAG": 0, "HTHG": 2, "HTR": "H", "HY": 1, "HomeTeam": "Reims"},{"AC": 5, "AF": 17, "AR": 0, "AS": 11, "AST": 3, "AY": 1, "AwayTeam": "Marseille", "Date": "2013-11-02", "FTAG": 1, "FTHG": 1, "FTR": "D", "HC": 6, "HF": 8, "HR": 0, "HS": 11, "HST": 4, "HTAG": 1, "HTHG": 1, "HTR": "D", "HY": 2, "HomeTeam": "Rennes"},{"AC": 2, "AF": 10, "AR": 1, "AS": 7, "AST": 2, "AY": 1, "AwayTeam": "St Etienne", "Date": "2013-11-02", "FTAG": 0, "FTHG": 0, "FTR": "D", "HC": 9, "HF": 17, "HR": 1, "HS": 19, "HST": 5, "HTAG": 0, "HTHG": 0, "HTR": "D", "HY": 2, "HomeTeam": "Sochaux"},{"AC": 8, "AF": 20, "AR": 0, "AS": 15, "AST": 7, "AY": 2, "AwayTeam": "Monaco", "Date": "2013-11-03", "FTAG": 0, "FTHG": 2, "FTR": "H", "HC": 5, "HF": 19, "HR": 0, "HS": 7, "HST": 3, "HTAG": 0, "HTHG": 1, "HTR": "H", "HY": 2, "HomeTeam": "Lille"},{"AC": 4, "AF": 20, "AR": 0, "AS": 5, "AST": 2, "AY": 1, "AwayTeam": "Nantes", "Date": "2013-11-03", "FTAG": 1, "FTHG": 1, "FTR": "D", "HC": 6, "HF": 4, "HR": 0, "HS": 18, "HST": 5, "HTAG": 1, "HTHG": 0, "HTR": "A", "HY": 0, "HomeTeam": "Montpellier"},{"AC": 2, "AF": 14, "AR": 0, "AS": 11, "AST": 4, "AY": 2, "AwayTeam": "Bordeaux", "Date": "2013-11-03", "FTAG": 2, "FTHG": 1, "FTR": "A", "HC": 7, "HF": 15, "HR": 0, "HS": 8, "HST": 1, "HTAG": 1, "HTHG": 0, "HTR": "A", "HY": 3, "HomeTeam": "Nice"},{"AC": 2, "AF": 21, "AR": 0, "AS": 9, "AST": 5, "AY": 2, "AwayTeam": "Evian Thonon Gaillard", "Date": "2013-11-08", "FTAG": 1, "FTHG": 1, "FTR": "D", "HC": 12, "HF": 8, "HR": 0, "HS": 15, "HST": 2, "HTAG": 1, "HTHG": 1, "HTR": "D", "HY": 1, "HomeTeam": "Monaco"},{"AC": 4, "AF": 10, "AR": 0, "AS": 10, "AST": 3, "AY": 2, "AwayTeam": "Rennes", "Date": "2013-11-09", "FTAG": 0, "FTHG": 1, "FTR": "H", "HC": 9, "HF": 16, "HR": 0, "HS": 15, "HST": 5, "HTAG": 0, "HTHG": 1, "HTR": "H", "HY": 1, "HomeTeam": "Bastia"},{"AC": 5, "AF": 18, "AR": 0, "AS": 13, "AST": 3, "AY": 3, "AwayTeam": "Lille", "Date": "2013-11-09", "FTAG": 0, "FTHG": 0, "FTR": "D", "HC": 4, "HF": 20, "HR": 1, "HS": 9, "HST": 1, "HTAG": 0, "HTHG": 0, "HTR": "D", "HY": 1, "HomeTeam": "Guingamp"},{"AC": 4, "AF": 9, "AR": 0, "AS": 9, "AST": 1, "AY": 1, "AwayTeam": "Reims", "Date": "2013-11-09", "FTAG": 0, "FTHG": 0, "FTR": "D", "HC": 10, "HF": 12, "HR": 1, "HS": 18, "HST": 3, "HTAG": 0, "HTHG": 0, "HTR": "D", "HY": 0, "HomeTeam": "Lorient"},{"AC": 10, "AF": 14, "AR": 0, "AS": 14, "AST": 2, "AY": 1, "AwayTeam": "Nice", "Date": "2013-11-09", "FTAG": 1, "FTHG": 3, "FTR": "H", "HC": 6, "HF": 11, "HR": 0, "HS": 16, "HST": 6, "HTAG": 0, "HTHG": 1, "HTR": "H", "HY": 0, "HomeTeam": "Paris SG"},{"AC": 0, "AF": 19, "AR": 0, "AS": 4, "AST": 2, "AY": 2, "AwayTeam": "Ajaccio", "Date": "2013-11-09", "FTAG": 1, "FTHG": 1, "FTR": "D", "HC": 11, "HF": 11, "HR": 0, "HS": 25, "HST": 7, "HTAG": 1, "HTHG": 1, "HTR": "D", "HY": 2, "HomeTeam": "Toulouse"},{"AC": 7, "AF": 17, "AR": 1, "AS": 11, "AST": 2, "AY": 4, "AwayTeam": "Montpellier", "Date": "2013-11-09", "FTAG": 1, "FTHG": 1, "FTR": "D", "HC": 8, "HF": 20, "HR": 0, "HS": 11, "HST": 3, "HTAG": 0, "HTHG": 1, "HTR": "H", "HY": 3, "HomeTeam": "Valenciennes"},{"AC": 4, "AF": 13, "AR": 0, "AS": 11, "AST": 4, "AY": 2, "AwayTeam": "Nantes", "Date": "2013-11-10", "FTAG": 3, "FTHG": 0, "FTR": "A", "HC": 8, "HF": 7, "HR": 0, "HS": 16, "HST": 7, "HTAG": 1, "HTHG": 0, "HTR": "A", "HY": 1, "HomeTeam": "Bordeaux"},{"AC": 4, "AF": 15, "AR": 0, "AS": 8, "AST": 2, "AY": 1, "AwayTeam": "Sochaux", "Date": "2013-11-10", "FTAG": 1, "FTHG": 2, "FTR": "H", "HC": 5, "HF": 12, "HR": 0, "HS": 13, "HST": 4, "HTAG": 0, "HTHG": 1, "HTR": "H", "HY": 0, "HomeTeam": "Marseille"},{"AC": 3, "AF": 18, "AR": 0, "AS": 9, "AST": 5, "AY": 3, "AwayTeam": "Lyon", "Date": "2013-11-10", "FTAG": 2, "FTHG": 1, "FTR": "A", "HC": 6, "HF": 10, "HR": 0, "HS": 13, "HST": 3, "HTAG": 0, "HTHG": 0, "HTR": "D", "HY": 2, "HomeTeam": "St Etienne"},{"AC": 2, "AF": 19, "AR": 0, "AS": 18, "AST": 7, "AY": 1, "AwayTeam": "Marseille", "Date": "2013-11-22", "FTAG": 3, "FTHG": 1, "FTR": "A", "HC": 5, "HF": 17, "HR": 0, "HS": 9, "HST": 3, "HTAG": 2, "HTHG": 1, "HTR": "A", "HY": 4, "HomeTeam": "Ajaccio"},{"AC": 2, "AF": 10, "AR": 0, "AS": 11, "AST": 5, "AY": 2, "AwayTeam": "Lorient", "Date": "2013-11-23", "FTAG": 4, "FTHG": 0, "FTR": "A", "HC": 5, "HF": 12, "HR": 1, "HS": 6, "HST": 1, "HTAG": 2, "HTHG": 0, "HTR": "A", "HY": 3, "HomeTeam": "Evian Thonon Gaillard"},{"AC": 2, "AF": 12, "AR": 0, "AS": 13, "AST": 5, "AY": 2, "AwayTeam": "Valenciennes", "Date": "2013-11-23", "FTAG": 1, "FTHG": 1, "FTR": "D", "HC": 4, "HF": 6, "HR": 0, "HS": 17, "HST": 5, "HTAG": 0, "HTHG": 1, "HTR": "H", "HY": 1, "HomeTeam": "Lyon"},{"AC": 4, "AF": 22, "AR": 0, "AS": 8, "AST": 2, "AY": 2, "AwayTeam": "Guingamp", "Date": "2013-11-23", "FTAG": 1, "FTHG": 1, "FTR": "D", "HC": 10, "HF": 15, "HR": 0, "HS": 11, "HST": 3, "HTAG": 0, "HTHG": 0, "HTR": "D", "HY": 2, "HomeTeam": "Montpellier"},{"AC": 1, "AF": 15, "AR": 0, "AS": 15, "AST": 9, "AY": 2, "AwayTeam": "Paris SG", "Date": "2013-11-23", "FTAG": 3, "FTHG": 0, "FTR": "A", "HC": 7, "HF": 12, "HR": 0, "HS": 15, "HST": 5, "HTAG": 1, "HTHG": 0, "HTR": "A", "HY": 3, "HomeTeam": "Reims"},{"AC": 3, "AF": 12, "AR": 0, "AS": 11, "AST": 6, "AY": 1, "AwayTeam": "Bordeaux", "Date": "2013-11-23", "FTAG": 1, "FTHG": 1, "FTR": "D", "HC": 7, "HF": 8, "HR": 0, "HS": 16, "HST": 5, "HTAG": 0, "HTHG": 0, "HTR": "D", "HY": 0, "HomeTeam": "Rennes"},{"AC": 5, "AF": 7, "AR": 0, "AS": 10, "AST": 3, "AY": 2, "AwayTeam": "Bastia", "Date": "2013-11-23", "FTAG": 1, "FTHG": 1, "FTR": "D", "HC": 5, "HF": 11, "HR": 0, "HS": 16, "HST": 4, "HTAG": 1, "HTHG": 0, "HTR": "A", "HY": 0, "HomeTeam": "Sochaux"},{"AC": 5, "AF": 17, "AR": 1, "AS": 5, "AST": 3, "AY": 3, "AwayTeam": "Toulouse", "Date": "2013-11-24", "FTAG": 0, "FTHG": 1, "FTR": "H", "HC": 9, "HF": 14, "HR": 0, "HS": 16, "HST": 1, "HTAG": 0, "HTHG": 0, "HTR": "D", "HY": 1, "HomeTeam": "Lille"},{"AC": 5, "AF": 9, "AR": 0, "AS": 12, "AST": 5, "AY": 1, "AwayTeam": "Monaco", "Date": "2013-11-24", "FTAG": 1, "FTHG": 0, "FTR": "A", "HC": 4, "HF": 16, "HR": 0, "HS": 10, "HST": 3, "HTAG": 0, "HTHG": 0, "HTR": "D", "HY": 3, "HomeTeam": "Nantes"},{"AC": 3, "AF": 17, "AR": 0, "AS": 9, "AST": 4, "AY": 1, "AwayTeam": "St Etienne", "Date": "2013-11-24", "FTAG": 1, "FTHG": 0, "FTR": "A", "HC": 5, "HF": 6, "HR": 0, "HS": 11, "HST": 2, "HTAG": 1, "HTHG": 0, "HTR": "A", "HY": 1, "HomeTeam": "Nice"},{"AC": 3, "AF": 11, "AR": 0, "AS": 7, "AST": 2, "AY": 0, "AwayTeam": "Montpellier", "Date": "2013-11-29", "FTAG": 0, "FTHG": 2, "FTR": "H", "HC": 9, "HF": 18, "HR": 0, "HS": 14, "HST": 7, "HTAG": 0, "HTHG": 1, "HTR": "H", "HY": 2, "HomeTeam": "Marseille"},{"AC": 7, "AF": 24, "AR": 0, "AS": 12, "AST": 3, "AY": 4, "AwayTeam": "Nantes", "Date": "2013-11-30", "FTAG": 0, "FTHG": 1, "FTR": "H", "HC": 8, "HF": 9, "HR": 0, "HS": 11, "HST": 3, "HTAG": 0, "HTHG": 0, "HTR": "D", "HY": 1, "HomeTeam": "Guingamp"},{"AC": 6, "AF": 13, "AR": 0, "AS": 16, "AST": 3, "AY": 0, "AwayTeam": "Nice", "Date": "2013-11-30", "FTAG": 0, "FTHG": 3, "FTR": "H", "HC": 2, "HF": 12, "HR": 0, "HS": 9, "HST": 5, "HTAG": 0, "HTHG": 1, "HTR": "H", "HY": 0, "HomeTeam": "Lorient"},{"AC": 4, "AF": 11, "AR": 0, "AS": 9, "AST": 0, "AY": 0, "AwayTeam": "Rennes", "Date": "2013-11-30", "FTAG": 0, "FTHG": 2, "FTR": "H", "HC": 8, "HF": 15, "HR": 0, "HS": 21, "HST": 7, "HTAG": 0, "HTHG": 2, "HTR": "H", "HY": 1, "HomeTeam": "Monaco"},{"AC": 4, "AF": 17, "AR": 0, "AS": 9, "AST": 2, "AY": 2, "AwayTeam": "Reims", "Date": "2013-11-30", "FTAG": 0, "FTHG": 4, "FTR": "H", "HC": 8, "HF": 8, "HR": 0, "HS": 19, "HST": 7, "HTAG": 0, "HTHG": 0, "HTR": "D", "HY": 1, "HomeTeam": "St Etienne"},{"AC": 4, "AF": 19, "AR": 0, "AS": 12, "AST": 3, "AY": 2, "AwayTeam": "Sochaux", "Date": "2013-11-30", "FTAG": 1, "FTHG": 5, "FTR": "H", "HC": 6, "HF": 15, "HR": 0, "HS": 11, "HST": 6, "HTAG": 1, "HTHG": 2, "HTR": "H", "HY": 2, "HomeTeam": "Toulouse"},{"AC": 1, "AF": 10, "AR": 1, "AS": 9, "AST": 1, "AY": 0, "AwayTeam": "Lille", "Date": "2013-11-30", "FTAG": 1, "FTHG": 0, "FTR": "A", "HC": 10, "HF": 13, "HR": 0, "HS": 9, "HST": 2, "HTAG": 0, "HTHG": 0, "HTR": "D", "HY": 2, "HomeTeam": "Valenciennes"},{"AC": 5, "AF": 12, "AR": 0, "AS": 6, "AST": 3, "AY": 2, "AwayTeam": "Evian Thonon Gaillard", "Date": "2013-12-01", "FTAG": 0, "FTHG": 2, "FTR": "H", "HC": 4, "HF": 10, "HR": 0, "HS": 14, "HST": 6, "HTAG": 0, "HTHG": 0, "HTR": "D", "HY": 1, "HomeTeam": "Bastia"},{"AC": 5, "AF": 17, "AR": 0, "AS": 6, "AST": 1, "AY": 4, "AwayTeam": "Ajaccio", "Date": "2013-12-01", "FTAG": 0, "FTHG": 4, "FTR": "H", "HC": 3, "HF": 16, "HR": 0, "HS": 10, "HST": 5, "HTAG": 0, "HTHG": 1, "HTR": "H", "HY": 2, "HomeTeam": "Bordeaux"},{"AC": 3, "AF": 18, "AR": 0, "AS": 6, "AST": 1, "AY": 4, "AwayTeam": "Lyon", "Date": "2013-12-01", "FTAG": 0, "FTHG": 4, "FTR": "H", "HC": 5, "HF": 10, "HR": 0, "HS": 13, "HST": 6, "HTAG": 0, "HTHG": 2, "HTR": "H", "HY": 2, "HomeTeam": "Paris SG"},{"AC": 4, "AF": 16, "AR": 0, "AS": 11, "AST": 4, "AY": 0, "AwayTeam": "Marseille", "Date": "2013-12-03", "FTAG": 0, "FTHG": 1, "FTR": "H", "HC": 9, "HF": 18, "HR": 0, "HS": 12, "HST": 4, "HTAG": 0, "HTHG": 0, "HTR": "D", "HY": 0, "HomeTeam": "Lille"},{"AC": 4, "AF": 11, "AR": 0, "AS": 11, "AST": 3, "AY": 0, "AwayTeam": "Valenciennes", "Date": "2013-12-03", "FTAG": 1, "FTHG": 2, "FTR": "H", "HC": 6, "HF": 9, "HR": 0, "HS": 12, "HST": 6, "HTAG": 0, "HTHG": 0, "HTR": "D", "HY": 1, "HomeTeam": "Nantes"},{"AC": 3, "AF": 15, "AR": 0, "AS": 13, "AST": 5, "AY": 0, "AwayTeam": "Monaco", "Date": "2013-12-03", "FTAG": 3, "FTHG": 0, "FTR": "A", "HC": 5, "HF": 19, "HR": 0, "HS": 6, "HST": 4, "HTAG": 2, "HTHG": 0, "HTR": "A", "HY": 1, "HomeTeam": "Nice"},{"AC": 2, "AF": 16, "AR": 0, "AS": 15, "AST": 5, "AY": 1, "AwayTeam": "Bastia", "Date": "2013-12-04", "FTAG": 1, "FTHG": 1, "FTR": "D", "HC": 1, "HF": 16, "HR": 1, "HS": 4, "HST": 2, "HTAG": 1, "HTHG": 0, "HTR": "A", "HY": 2, "HomeTeam": "Ajaccio"},{"AC": 10, "AF": 8, "AR": 0, "AS": 17, "AST": 3, "AY": 0, "AwayTeam": "Paris SG", "Date": "2013-12-04", "FTAG": 0, "FTHG": 2, "FTR": "H", "HC": 6, "HF": 13, "HR": 0, "HS": 13, "HST": 3, "HTAG": 0, "HTHG": 0, "HTR": "D", "HY": 1, "HomeTeam": "Evian Thonon Gaillard"},{"AC": 0, "AF": 13, "AR": 1, "AS": 9, "AST": 6, "AY": 1, "AwayTeam": "Bordeaux", "Date": "2013-12-04", "FTAG": 1, "FTHG": 0, "FTR": "A", "HC": 7, "HF": 13, "HR": 1, "HS": 7, "HST": 2, "HTAG": 1, "HTHG": 0, "HTR": "A", "HY": 1, "HomeTeam": "Guingamp"},{"AC": 6, "AF": 11, "AR": 0, "AS": 13, "AST": 4, "AY": 1, "AwayTeam": "Lorient", "Date": "2013-12-04", "FTAG": 2, "FTHG": 0, "FTR": "A", "HC": 9, "HF": 13, "HR": 2, "HS": 13, "HST": 3, "HTAG": 0, "HTHG": 0, "HTR": "D", "HY": 2, "HomeTeam": "Montpellier"},{"AC": 10, "AF": 12, "AR": 0, "AS": 27, "AST": 11, "AY": 2, "AwayTeam": "St Etienne", "Date": "2013-12-04", "FTAG": 1, "FTHG": 3, "FTR": "H", "HC": 4, "HF": 8, "HR": 0, "HS": 11, "HST": 5, "HTAG": 0, "HTHG": 1, "HTR": "H", "HY": 1, "HomeTeam": "Rennes"},{"AC": 3, "AF": 14, "AR": 0, "AS": 11, "AST": 5, "AY": 1, "AwayTeam": "Reims", "Date": "2013-12-04", "FTAG": 2, "FTHG": 0, "FTR": "A", "HC": 9, "HF": 9, "HR": 0, "HS": 9, "HST": 2, "HTAG": 1, "HTHG": 0, "HTR": "A", "HY": 0, "HomeTeam": "Sochaux"},{"AC": 2, "AF": 14, "AR": 0, "AS": 7, "AST": 3, "AY": 2, "AwayTeam": "Toulouse", "Date": "2013-12-05", "FTAG": 1, "FTHG": 1, "FTR": "D", "HC": 7, "HF": 15, "HR": 0, "HS": 15, "HST": 5, "HTAG": 0, "HTHG": 1, "HTR": "H", "HY": 2, "HomeTeam": "Lyon"},{"AC": 5, "AF": 14, "AR": 0, "AS": 10, "AST": 3, "AY": 1, "AwayTeam": "Nantes", "Date": "2013-12-06", "FTAG": 1, "FTHG": 0, "FTR": "A", "HC": 10, "HF": 6, "HR": 0, "HS": 19, "HST": 6, "HTAG": 1, "HTHG": 0, "HTR": "A", "HY": 2, "HomeTeam": "Marseille"},{"AC": 4, "AF": 11, "AR": 1, "AS": 5, "AST": 2, "AY": 0, "AwayTeam": "Rennes", "Date": "2013-12-07", "FTAG": 0, "FTHG": 2, "FTR": "H", "HC": 6, "HF": 15, "HR": 0, "HS": 17, "HST": 7, "HTAG": 0, "HTHG": 1, "HTR": "H", "HY": 2, "HomeTeam": "Lorient"},{"AC": 5, "AF": 13, "AR": 0, "AS": 5, "AST": 2, "AY": 3, "AwayTeam": "Sochaux", "Date": "2013-12-07", "FTAG": 0, "FTHG": 5, "FTR": "H", "HC": 5, "HF": 17, "HR": 0, "HS": 18, "HST": 8, "HTAG": 0, "HTHG": 1, "HTR": "H", "HY": 3, "HomeTeam": "Paris SG"},{"AC": 4, "AF": 15, "AR": 0, "AS": 13, "AST": 2, "AY": 2, "AwayTeam": "Nice", "Date": "2013-12-07", "FTAG": 0, "FTHG": 1, "FTR": "H", "HC": 4, "HF": 12, "HR": 0, "HS": 15, "HST": 3, "HTAG": 0, "HTHG": 0, "HTR": "D", "HY": 1, "HomeTeam": "Reims"},{"AC": 1, "AF": 16, "AR": 0, "AS": 12, "AST": 2, "AY": 2, "AwayTeam": "Guingamp", "Date": "2013-12-07", "FTAG": 1, "FTHG": 1, "FTR": "D", "HC": 8, "HF": 22, "HR": 0, "HS": 11, "HST": 3, "HTAG": 0, "HTHG": 1, "HTR": "H", "HY": 1, "HomeTeam": "Valenciennes"},{"AC": 1, "AF": 13, "AR": 0, "AS": 8, "AST": 3, "AY": 1, "AwayTeam": "Lyon", "Date": "2013-12-08", "FTAG": 3, "FTHG": 1, "FTR": "A", "HC": 0, "HF": 13, "HR": 1, "HS": 5, "HST": 2, "HTAG": 0, "HTHG": 1, "HTR": "H", "HY": 3, "HomeTeam": "Bastia"},{"AC": 2, "AF": 14, "AR": 0, "AS": 5, "AST": 1, "AY": 1, "AwayTeam": "Lille", "Date": "2013-12-08", "FTAG": 0, "FTHG": 1, "FTR": "H", "HC": 3, "HF": 14, "HR": 1, "HS": 10, "HST": 4, "HTAG": 0, "HTHG": 1, "HTR": "H", "HY": 0, "HomeTeam": "Bordeaux"},{"AC": 2, "AF": 15, "AR": 1, "AS": 5, "AST": 3, "AY": 0, "AwayTeam": "Ajaccio", "Date": "2013-12-08", "FTAG": 0, "FTHG": 1, "FTR": "H", "HC": 10, "HF": 11, "HR": 0, "HS": 22, "HST": 5, "HTAG": 0, "HTHG": 0, "HTR": "D", "HY": 1, "HomeTeam": "Monaco"},{"AC": 3, "AF": 20, "AR": 1, "AS": 12, "AST": 3, "AY": 1, "AwayTeam": "Montpellier", "Date": "2013-12-08", "FTAG": 1, "FTHG": 1, "FTR": "D", "HC": 10, "HF": 14, "HR": 1, "HS": 15, "HST": 4, "HTAG": 1, "HTHG": 0, "HTR": "A", "HY": 3, "HomeTeam": "Toulouse"},{"AC": 1, "AF": 15, "AR": 0, "AS": 14, "AST": 3, "AY": 3, "AwayTeam": "St Etienne", "Date": "2013-12-13", "FTAG": 1, "FTHG": 0, "FTR": "A", "HC": 7, "HF": 11, "HR": 0, "HS": 5, "HST": 0, "HTAG": 0, "HTHG": 0, "HTR": "D", "HY": 2, "HomeTeam": "Montpellier"},{"AC": 6, "AF": 10, "AR": 0, "AS": 10, "AST": 2, "AY": 2, "AwayTeam": "Lorient", "Date": "2013-12-14", "FTAG": 2, "FTHG": 1, "FTR": "A", "HC": 5, "HF": 13, "HR": 0, "HS": 12, "HST": 6, "HTAG": 1, "HTHG": 1, "HTR": "D", "HY": 1, "HomeTeam": "Ajaccio"},{"AC": 3, "AF": 18, "AR": 0, "AS": 11, "AST": 5, "AY": 1, "AwayTeam": "Reims", "Date": "2013-12-14", "FTAG": 1, "FTHG": 1, "FTR": "D", "HC": 2, "HF": 12, "HR": 0, "HS": 16, "HST": 5, "HTAG": 0, "HTHG": 0, "HTR": "D", "HY": 0, "HomeTeam": "Evian Thonon Gaillard"},{"AC": 7, "AF": 13, "AR": 0, "AS": 17, "AST": 3, "AY": 2, "AwayTeam": "Monaco", "Date": "2013-12-14", "FTAG": 2, "FTHG": 0, "FTR": "A", "HC": 4, "HF": 11, "HR": 1, "HS": 10, "HST": 3, "HTAG": 2, "HTHG": 0, "HTR": "A", "HY": 1, "HomeTeam": "Guingamp"},{"AC": 5, "AF": 5, "AR": 0, "AS": 11, "AST": 4, "AY": 2, "AwayTeam": "Toulouse", "Date": "2013-12-14", "FTAG": 2, "FTHG": 1, "FTR": "A", "HC": 8, "HF": 18, "HR": 0, "HS": 13, "HST": 2, "HTAG": 0, "HTHG": 0, "HTR": "D", "HY": 2, "HomeTeam": "Nantes"},{"AC": 5, "AF": 22, "AR": 0, "AS": 8, "AST": 0, "AY": 3, "AwayTeam": "Sochaux", "Date": "2013-12-14", "FTAG": 0, "FTHG": 1, "FTR": "H", "HC": 8, "HF": 13, "HR": 0, "HS": 11, "HST": 6, "HTAG": 0, "HTHG": 1, "HTR": "H", "HY": 1, "HomeTeam": "Nice"},{"AC": 4, "AF": 19, "AR": 0, "AS": 7, "AST": 5, "AY": 1, "AwayTeam": "Paris SG", "Date": "2013-12-14", "FTAG": 3, "FTHG": 1, "FTR": "A", "HC": 9, "HF": 11, "HR": 0, "HS": 6, "HST": 2, "HTAG": 1, "HTHG": 0, "HTR": "A", "HY": 1, "HomeTeam": "Rennes"},{"AC": 2, "AF": 12, "AR": 0, "AS": 5, "AST": 3, "AY": 2, "AwayTeam": "Valenciennes", "Date": "2013-12-15", "FTAG": 1, "FTHG": 2, "FTR": "H", "HC": 5, "HF": 12, "HR": 0, "HS": 11, "HST": 4, "HTAG": 0, "HTHG": 0, "HTR": "D", "HY": 1, "HomeTeam": "Bordeaux"},{"AC": 5, "AF": 11, "AR": 0, "AS": 9, "AST": 4, "AY": 1, "AwayTeam": "Bastia", "Date": "2013-12-15", "FTAG": 1, "FTHG": 2, "FTR": "H", "HC": 10, "HF": 12, "HR": 0, "HS": 17, "HST": 7, "HTAG": 1, "HTHG": 2, "HTR": "H", "HY": 3, "HomeTeam": "Lille"},{"AC": 1, "AF": 16, "AR": 0, "AS": 11, "AST": 5, "AY": 3, "AwayTeam": "Marseille", "Date": "2013-12-15", "FTAG": 2, "FTHG": 2, "FTR": "D", "HC": 5, "HF": 10, "HR": 0, "HS": 15, "HST": 8, "HTAG": 1, "HTHG": 2, "HTR": "H", "HY": 2, "HomeTeam": "Lyon"},{"AC": 2, "AF": 23, "AR": 0, "AS": 5, "AST": 4, "AY": 5, "AwayTeam": "Valenciennes", "Date": "2013-12-20", "FTAG": 2, "FTHG": 1, "FTR": "A", "HC": 13, "HF": 10, "HR": 0, "HS": 20, "HST": 10, "HTAG": 1, "HTHG": 0, "HTR": "A", "HY": 1, "HomeTeam": "Monaco"},{"AC": 2, "AF": 14, "AR": 0, "AS": 7, "AST": 2, "AY": 1, "AwayTeam": "Montpellier", "Date": "2013-12-21", "FTAG": 0, "FTHG": 0, "FTR": "D", "HC": 3, "HF": 13, "HR": 0, "HS": 13, "HST": 5, "HTAG": 0, "HTHG": 0, "HTR": "D", "HY": 2, "HomeTeam": "Bastia"},{"AC": 3, "AF": 15, "AR": 0, "AS": 10, "AST": 5, "AY": 2, "AwayTeam": "Evian Thonon Gaillard", "Date": "2013-12-21", "FTAG": 1, "FTHG": 3, "FTR": "H", "HC": 9, "HF": 11, "HR": 0, "HS": 20, "HST": 7, "HTAG": 1, "HTHG": 0, "HTR": "A", "HY": 3, "HomeTeam": "Nice"},{"AC": 7, "AF": 14, "AR": 0, "AS": 15, "AST": 4, "AY": 2, "AwayTeam": "Ajaccio", "Date": "2013-12-21", "FTAG": 1, "FTHG": 4, "FTR": "H", "HC": 7, "HF": 16, "HR": 0, "HS": 18, "HST": 8, "HTAG": 0, "HTHG": 0, "HTR": "D", "HY": 1, "HomeTeam": "Reims"},{"AC": 3, "AF": 11, "AR": 0, "AS": 14, "AST": 5, "AY": 2, "AwayTeam": "Rennes", "Date": "2013-12-21", "FTAG": 1, "FTHG": 2, "FTR": "H", "HC": 1, "HF": 17, "HR": 0, "HS": 7, "HST": 4, "HTAG": 1, "HTHG": 1, "HTR": "D", "HY": 1, "HomeTeam": "Sochaux"},{"AC": 7, "AF": 11, "AR": 0, "AS": 12, "AST": 2, "AY": 2, "AwayTeam": "Nantes", "Date": "2013-12-21", "FTAG": 0, "FTHG": 2, "FTR": "H", "HC": 5, "HF": 15, "HR": 0, "HS": 16, "HST": 6, "HTAG": 0, "HTHG": 1, "HTR": "H", "HY": 1, "HomeTeam": "St Etienne"},{"AC": 6, "AF": 15, "AR": 0, "AS": 6, "AST": 1, "AY": 2, "AwayTeam": "Guingamp", "Date": "2013-12-21", "FTAG": 0, "FTHG": 0, "FTR": "D", "HC": 3, "HF": 11, "HR": 0, "HS": 13, "HST": 3, "HTAG": 0, "HTHG": 0, "HTR": "D", "HY": 1, "HomeTeam": "Toulouse"},{"AC": 5, "AF": 10, "AR": 0, "AS": 7, "AST": 3, "AY": 0, "AwayTeam": "Lyon", "Date": "2013-12-22", "FTAG": 2, "FTHG": 2, "FTR": "D", "HC": 5, "HF": 11, "HR": 0, "HS": 7, "HST": 4, "HTAG": 1, "HTHG": 0, "HTR": "A", "HY": 0, "HomeTeam": "Lorient"},{"AC": 6, "AF": 7, "AR": 0, "AS": 10, "AST": 2, "AY": 1, "AwayTeam": "Bordeaux", "Date": "2013-12-22", "FTAG": 2, "FTHG": 2, "FTR": "D", "HC": 5, "HF": 14, "HR": 0, "HS": 17, "HST": 12, "HTAG": 1, "HTHG": 0, "HTR": "A", "HY": 2, "HomeTeam": "Marseille"},{"AC": 3, "AF": 11, "AR": 0, "AS": 6, "AST": 5, "AY": 4, "AwayTeam": "Lille", "Date": "2013-12-22", "FTAG": 2, "FTHG": 2, "FTR": "D", "HC": 11, "HF": 17, "HR": 0, "HS": 17, "HST": 6, "HTAG": 1, "HTHG": 1, "HTR": "D", "HY": 4, "HomeTeam": "Paris SG"},{"AC": 6, "AF": 15, "AR": 0, "AS": 11, "AST": 1, "AY": 3, "AwayTeam": "Evian Thonon Gaillard", "Date": "2014-01-08", "FTAG": 0, "FTHG": 1, "FTR": "H", "HC": 5, "HF": 5, "HR": 0, "HS": 16, "HST": 7, "HTAG": 0, "HTHG": 1, "HTR": "H", "HY": 0, "HomeTeam": "St Etienne"},{"AC": 3, "AF": 18, "AR": 0, "AS": 9, "AST": 4, "AY": 4, "AwayTeam": "Monaco", "Date": "2014-01-10", "FTAG": 1, "FTHG": 1, "FTR": "D", "HC": 4, "HF": 14, "HR": 0, "HS": 8, "HST": 5, "HTAG": 0, "HTHG": 0, "HTR": "D", "HY": 1, "HomeTeam": "Montpellier"},{"AC": 6, "AF": 12, "AR": 0, "AS": 19, "AST": 8, "AY": 2, "AwayTeam": "Paris SG", "Date": "2014-01-11", "FTAG": 2, "FTHG": 1, "FTR": "A", "HC": 1, "HF": 17, "HR": 0, "HS": 6, "HST": 2, "HTAG": 1, "HTHG": 1, "HTR": "D", "HY": 2, "HomeTeam": "Ajaccio"},{"AC": 1, "AF": 8, "AR": 1, "AS": 11, "AST": 2, "AY": 1, "AwayTeam": "Toulouse", "Date": "2014-01-11", "FTAG": 1, "FTHG": 0, "FTR": "A", "HC": 5, "HF": 19, "HR": 1, "HS": 11, "HST": 3, "HTAG": 0, "HTHG": 0, "HTR": "D", "HY": 2, "HomeTeam": "Bordeaux"},{"AC": 4, "AF": 21, "AR": 0, "AS": 9, "AST": 4, "AY": 1, "AwayTeam": "St Etienne", "Date": "2014-01-11", "FTAG": 0, "FTHG": 0, "FTR": "D", "HC": 5, "HF": 14, "HR": 0, "HS": 12, "HST": 3, "HTAG": 0, "HTHG": 0, "HTR": "D", "HY": 0, "HomeTeam": "Guingamp"},{"AC": 7, "AF": 19, "AR": 0, "AS": 10, "AST": 2, "AY": 1, "AwayTeam": "Sochaux", "Date": "2014-01-11", "FTAG": 0, "FTHG": 2, "FTR": "H", "HC": 1, "HF": 19, "HR": 0, "HS": 18, "HST": 5, "HTAG": 0, "HTHG": 0, "HTR": "D", "HY": 1, "HomeTeam": "Lyon"},{"AC": 1, "AF": 7, "AR": 0, "AS": 6, "AST": 0, "AY": 1, "AwayTeam": "Nice", "Date": "2014-01-11", "FTAG": 0, "FTHG": 0, "FTR": "D", "HC": 5, "HF": 12, "HR": 0, "HS": 19, "HST": 4, "HTAG": 0, "HTHG": 0, "HTR": "D", "HY": 2, "HomeTeam": "Rennes"},{"AC": 4, "AF": 10, "AR": 0, "AS": 16, "AST": 3, "AY": 0, "AwayTeam": "Bastia", "Date": "2014-01-11", "FTAG": 2, "FTHG": 3, "FTR": "H", "HC": 4, "HF": 8, "HR": 0, "HS": 8, "HST": 3, "HTAG": 0, "HTHG": 2, "HTR": "H", "HY": 0, "HomeTeam": "Valenciennes"},{"AC": 2, "AF": 12, "AR": 0, "AS": 9, "AST": 4, "AY": 0, "AwayTeam": "Marseille", "Date": "2014-01-12", "FTAG": 2, "FTHG": 1, "FTR": "A", "HC": 10, "HF": 11, "HR": 0, "HS": 14, "HST": 6, "HTAG": 2, "HTHG": 1, "HTR": "A", "HY": 0, "HomeTeam": "Evian Thonon Gaillard"},{"AC": 2, "AF": 16, "AR": 0, "AS": 8, "AST": 4, "AY": 1, "AwayTeam": "Reims", "Date": "2014-01-12", "FTAG": 2, "FTHG": 1, "FTR": "A", "HC": 5, "HF": 10, "HR": 0, "HS": 18, "HST": 5, "HTAG": 0, "HTHG": 0, "HTR": "D", "HY": 1, "HomeTeam": "Lille"},{"AC": 8, "AF": 12, "AR": 0, "AS": 11, "AST": 3, "AY": 0, "AwayTeam": "Lorient", "Date": "2014-01-12", "FTAG": 0, "FTHG": 1, "FTR": "H", "HC": 8, "HF": 10, "HR": 0, "HS": 10, "HST": 4, "HTAG": 0, "HTHG": 0, "HTR": "D", "HY": 0, "HomeTeam": "Nantes"},{"AC": 7, "AF": 15, "AR": 1, "AS": 12, "AST": 3, "AY": 1, "AwayTeam": "Lille", "Date": "2014-01-17", "FTAG": 0, "FTHG": 2, "FTR": "H", "HC": 2, "HF": 16, "HR": 0, "HS": 11, "HST": 5, "HTAG": 0, "HTHG": 0, "HTR": "D", "HY": 1, "HomeTeam": "St Etienne"},{"AC": 5, "AF": 11, "AR": 0, "AS": 14, "AST": 4, "AY": 1, "AwayTeam": "Bordeaux", "Date": "2014-01-18", "FTAG": 0, "FTHG": 1, "FTR": "H", "HC": 4, "HF": 14, "HR": 0, "HS": 11, "HST": 5, "HTAG": 0, "HTHG": 1, "HTR": "H", "HY": 2, "HomeTeam": "Bastia"},{"AC": 5, "AF": 13, "AR": 0, "AS": 15, "AST": 3, "AY": 0, "AwayTeam": "Guingamp", "Date": "2014-01-18", "FTAG": 0, "FTHG": 2, "FTR": "H", "HC": 2, "HF": 15, "HR": 0, "HS": 10, "HST": 3, "HTAG": 0, "HTHG": 2, "HTR": "H", "HY": 3, "HomeTeam": "Lorient"},{"AC": 2, "AF": 16, "AR": 0, "AS": 14, "AST": 3, "AY": 3, "AwayTeam": "Ajaccio", "Date": "2014-01-18", "FTAG": 0, "FTHG": 2, "FTR": "H", "HC": 5, "HF": 20, "HR": 0, "HS": 12, "HST": 7, "HTAG": 0, "HTHG": 1, "HTR": "H", "HY": 3, "HomeTeam": "Nice"},{"AC": 4, "AF": 14, "AR": 0, "AS": 11, "AST": 1, "AY": 2, "AwayTeam": "Evian Thonon Gaillard", "Date": "2014-01-18", "FTAG": 0, "FTHG": 0, "FTR": "D", "HC": 9, "HF": 7, "HR": 0, "HS": 13, "HST": 5, "HTAG": 0, "HTHG": 0, "HTR": "D", "HY": 1, "HomeTeam": "Rennes"},{"AC": 4, "AF": 7, "AR": 0, "AS": 12, "AST": 4, "AY": 0, "AwayTeam": "Montpellier", "Date": "2014-01-18", "FTAG": 2, "FTHG": 0, "FTR": "A", "HC": 1, "HF": 13, "HR": 1, "HS": 6, "HST": 0, "HTAG": 1, "HTHG": 0, "HTR": "A", "HY": 1, "HomeTeam": "Sochaux"},{"AC": 3, "AF": 8, "AR": 0, "AS": 5, "AST": 0, "AY": 0, "AwayTeam": "Nantes", "Date": "2014-01-19", "FTAG": 0, "FTHG": 5, "FTR": "H", "HC": 4, "HF": 4, "HR": 0, "HS": 16, "HST": 10, "HTAG": 0, "HTHG": 2, "HTR": "H", "HY": 1, "HomeTeam": "Paris SG"},{"AC": 5, "AF": 15, "AR": 0, "AS": 14, "AST": 7, "AY": 1, "AwayTeam": "Lyon", "Date": "2014-01-19", "FTAG": 2, "FTHG": 0, "FTR": "A", "HC": 3, "HF": 11, "HR": 0, "HS": 11, "HST": 3, "HTAG": 1, "HTHG": 0, "HTR": "A", "HY": 2, "HomeTeam": "Reims"},{"AC": 6, "AF": 25, "AR": 0, "AS": 14, "AST": 6, "AY": 2, "AwayTeam": "Monaco", "Date": "2014-01-19", "FTAG": 2, "FTHG": 0, "FTR": "A", "HC": 6, "HF": 12, "HR": 0, "HS": 12, "HST": 4, "HTAG": 1, "HTHG": 0, "HTR": "A", "HY": 1, "HomeTeam": "Toulouse"},{"AC": 0, "AF": 18, "AR": 0, "AS": 9, "AST": 3, "AY": 0, "AwayTeam": "Rennes", "Date": "2014-01-24", "FTAG": 1, "FTHG": 1, "FTR": "D", "HC": 11, "HF": 7, "HR": 0, "HS": 21, "HST": 10, "HTAG": 1, "HTHG": 1, "HTR": "D", "HY": 1, "HomeTeam": "Lille"},{"AC": 5, "AF": 19, "AR": 0, "AS": 10, "AST": 3, "AY": 1, "AwayTeam": "Sochaux", "Date": "2014-01-25", "FTAG": 1, "FTHG": 1, "FTR": "D", "HC": 2, "HF": 21, "HR": 0, "HS": 6, "HST": 4, "HTAG": 0, "HTHG": 1, "HTR": "H", "HY": 0, "HomeTeam": "Ajaccio"},{"AC": 7, "AF": 13, "AR": 0, "AS": 14, "AST": 5, "AY": 1, "AwayTeam": "Paris SG", "Date": "2014-01-25", "FTAG": 1, "FTHG": 1, "FTR": "D", "HC": 6, "HF": 13, "HR": 0, "HS": 10, "HST": 3, "HTAG": 0, "HTHG": 0, "HTR": "D", "HY": 1, "HomeTeam": "Guingamp"},{"AC": 2, "AF": 10, "AR": 0, "AS": 4, "AST": 1, "AY": 1, "AwayTeam": "Nice", "Date": "2014-01-25", "FTAG": 1, "FTHG": 3, "FTR": "H", "HC": 6, "HF": 11, "HR": 0, "HS": 23, "HST": 10, "HTAG": 0, "HTHG": 1, "HTR": "H", "HY": 1, "HomeTeam": "Montpellier"},{"AC": 2, "AF": 11, "AR": 0, "AS": 11, "AST": 1, "AY": 2, "AwayTeam": "Reims", "Date": "2014-01-25", "FTAG": 0, "FTHG": 0, "FTR": "D", "HC": 4, "HF": 14, "HR": 0, "HS": 14, "HST": 4, "HTAG": 0, "HTHG": 0, "HTR": "D", "HY": 2, "HomeTeam": "Nantes"},{"AC": 11, "AF": 13, "AR": 0, "AS": 15, "AST": 4, "AY": 1, "AwayTeam": "Lorient", "Date": "2014-01-25", "FTAG": 1, "FTHG": 1, "FTR": "D", "HC": 4, "HF": 8, "HR": 0, "HS": 13, "HST": 4, "HTAG": 1, "HTHG": 0, "HTR": "A", "HY": 1, "HomeTeam": "Valenciennes"},{"AC": 6, "AF": 18, "AR": 0, "AS": 5, "AST": 2, "AY": 4, "AwayTeam": "St Etienne", "Date": "2014-01-26", "FTAG": 0, "FTHG": 2, "FTR": "H", "HC": 7, "HF": 13, "HR": 0, "HS": 6, "HST": 3, "HTAG": 0, "HTHG": 1, "HTR": "H", "HY": 0, "HomeTeam": "Bordeaux"},{"AC": 2, "AF": 8, "AR": 1, "AS": 9, "AST": 2, "AY": 0, "AwayTeam": "Evian Thonon Gaillard", "Date": "2014-01-26", "FTAG": 0, "FTHG": 3, "FTR": "H", "HC": 3, "HF": 14, "HR": 0, "HS": 12, "HST": 5, "HTAG": 0, "HTHG": 2, "HTR": "H", "HY": 0, "HomeTeam": "Lyon"},{"AC": 5, "AF": 12, "AR": 0, "AS": 12, "AST": 8, "AY": 2, "AwayTeam": "Marseille", "Date": "2014-01-26", "FTAG": 0, "FTHG": 2, "FTR": "H", "HC": 3, "HF": 15, "HR": 0, "HS": 16, "HST": 7, "HTAG": 0, "HTHG": 1, "HTR": "H", "HY": 1, "HomeTeam": "Monaco"},{"AC": 9, "AF": 15, "AR": 0, "AS": 8, "AST": 3, "AY": 2, "AwayTeam": "Valenciennes", "Date": "2014-01-29", "FTAG": 1, "FTHG": 2, "FTR": "H", "HC": 3, "HF": 13, "HR": 0, "HS": 12, "HST": 3, "HTAG": 1, "HTHG": 1, "HTR": "D", "HY": 0, "HomeTeam": "Marseille"},{"AC": 2, "AF": 11, "AR": 0, "AS": 4, "AST": 3, "AY": 0, "AwayTeam": "Bordeaux", "Date": "2014-01-31", "FTAG": 0, "FTHG": 2, "FTR": "H", "HC": 8, "HF": 11, "HR": 0, "HS": 21, "HST": 4, "HTAG": 0, "HTHG": 0, "HTR": "D", "HY": 0, "HomeTeam": "Paris SG"},{"AC": 6, "AF": 19, "AR": 0, "AS": 9, "AST": 5, "AY": 2, "AwayTeam": "Guingamp", "Date": "2014-02-01", "FTAG": 2, "FTHG": 3, "FTR": "H", "HC": 7, "HF": 12, "HR": 0, "HS": 14, "HST": 7, "HTAG": 0, "HTHG": 0, "HTR": "D", "HY": 2, "HomeTeam": "Bastia"},{"AC": 2, "AF": 20, "AR": 0, "AS": 7, "AST": 2, "AY": 1, "AwayTeam": "Ajaccio", "Date": "2014-02-01", "FTAG": 1, "FTHG": 1, "FTR": "D", "HC": 6, "HF": 23, "HR": 0, "HS": 15, "HST": 3, "HTAG": 0, "HTHG": 0, "HTR": "D", "HY": 1, "HomeTeam": "Evian Thonon Gaillard"},{"AC": 4, "AF": 12, "AR": 0, "AS": 14, "AST": 6, "AY": 1, "AwayTeam": "Monaco", "Date": "2014-02-01", "FTAG": 2, "FTHG": 2, "FTR": "D", "HC": 2, "HF": 13, "HR": 0, "HS": 15, "HST": 5, "HTAG": 1, "HTHG": 1, "HTR": "D", "HY": 2, "HomeTeam": "Lorient"},{"AC": 5, "AF": 12, "AR": 0, "AS": 18, "AST": 8, "AY": 2, "AwayTeam": "Montpellier", "Date": "2014-02-01", "FTAG": 4, "FTHG": 2, "FTR": "A", "HC": 6, "HF": 11, "HR": 0, "HS": 11, "HST": 3, "HTAG": 1, "HTHG": 0, "HTR": "A", "HY": 3, "HomeTeam": "Reims"},{"AC": 10, "AF": 16, "AR": 0, "AS": 14, "AST": 4, "AY": 1, "AwayTeam": "Nantes", "Date": "2014-02-01", "FTAG": 0, "FTHG": 1, "FTR": "H", "HC": 2, "HF": 8, "HR": 0, "HS": 7, "HST": 3, "HTAG": 0, "HTHG": 1, "HTR": "H", "HY": 0, "HomeTeam": "Sochaux"},{"AC": 4, "AF": 15, "AR": 0, "AS": 7, "AST": 2, "AY": 3, "AwayTeam": "Valenciennes", "Date": "2014-02-01", "FTAG": 0, "FTHG": 3, "FTR": "H", "HC": 5, "HF": 18, "HR": 0, "HS": 17, "HST": 6, "HTAG": 0, "HTHG": 1, "HTR": "H", "HY": 1, "HomeTeam": "St Etienne"},{"AC": 7, "AF": 16, "AR": 0, "AS": 7, "AST": 3, "AY": 3, "AwayTeam": "Toulouse", "Date": "2014-02-02", "FTAG": 2, "FTHG": 2, "FTR": "D", "HC": 2, "HF": 12, "HR": 0, "HS": 15, "HST": 3, "HTAG": 1, "HTHG": 2, "HTR": "H", "HY": 1, "HomeTeam": "Marseille"},{"AC": 3, "AF": 14, "AR": 0, "AS": 13, "AST": 3, "AY": 1, "AwayTeam": "Lille", "Date": "2014-02-02", "FTAG": 0, "FTHG": 1, "FTR": "H", "HC": 4, "HF": 13, "HR": 0, "HS": 6, "HST": 4, "HTAG": 0, "HTHG": 1, "HTR": "H", "HY": 1, "HomeTeam": "Nice"},{"AC": 6, "AF": 15, "AR": 1, "AS": 22, "AST": 2, "AY": 1, "AwayTeam": "Lyon", "Date": "2014-02-02", "FTAG": 0, "FTHG": 2, "FTR": "H", "HC": 6, "HF": 6, "HR": 0, "HS": 8, "HST": 3, "HTAG": 0, "HTHG": 1, "HTR": "H", "HY": 0, "HomeTeam": "Rennes"},{"AC": 3, "AF": 19, "AR": 0, "AS": 9, "AST": 3, "AY": 2, "AwayTeam": "St Etienne", "Date": "2014-02-07", "FTAG": 0, "FTHG": 0, "FTR": "D", "HC": 4, "HF": 14, "HR": 0, "HS": 6, "HST": 2, "HTAG": 0, "HTHG": 0, "HTR": "D", "HY": 4, "HomeTeam": "Toulouse"},{"AC": 6, "AF": 15, "AR": 0, "AS": 7, "AST": 5, "AY": 1, "AwayTeam": "Rennes", "Date": "2014-02-08", "FTAG": 1, "FTHG": 3, "FTR": "H", "HC": 5, "HF": 16, "HR": 0, "HS": 12, "HST": 7, "HTAG": 1, "HTHG": 2, "HTR": "H", "HY": 1, "HomeTeam": "Ajaccio"},{"AC": 3, "AF": 16, "AR": 0, "AS": 10, "AST": 4, "AY": 2, "AwayTeam": "Reims", "Date": "2014-02-08", "FTAG": 2, "FTHG": 1, "FTR": "A", "HC": 3, "HF": 10, "HR": 0, "HS": 20, "HST": 5, "HTAG": 0, "HTHG": 0, "HTR": "D", "HY": 1, "HomeTeam": "Guingamp"},{"AC": 3, "AF": 22, "AR": 0, "AS": 5, "AST": 1, "AY": 2, "AwayTeam": "Sochaux", "Date": "2014-02-08", "FTAG": 0, "FTHG": 2, "FTR": "H", "HC": 8, "HF": 14, "HR": 0, "HS": 21, "HST": 12, "HTAG": 0, "HTHG": 1, "HTR": "H", "HY": 0, "HomeTeam": "Lille"},{"AC": 1, "AF": 16, "AR": 0, "AS": 5, "AST": 1, "AY": 2, "AwayTeam": "Bastia", "Date": "2014-02-08", "FTAG": 0, "FTHG": 3, "FTR": "H", "HC": 3, "HF": 16, "HR": 0, "HS": 14, "HST": 5, "HTAG": 0, "HTHG": 2, "HTR": "H", "HY": 1, "HomeTeam": "Marseille"},{"AC": 3, "AF": 15, "AR": 0, "AS": 11, "AST": 4, "AY": 2, "AwayTeam": "Evian Thonon Gaillard", "Date": "2014-02-08", "FTAG": 1, "FTHG": 1, "FTR": "D", "HC": 6, "HF": 7, "HR": 1, "HS": 12, "HST": 4, "HTAG": 1, "HTHG": 1, "HTR": "D", "HY": 0, "HomeTeam": "Montpellier"},{"AC": 4, "AF": 14, "AR": 0, "AS": 7, "AST": 3, "AY": 3, "AwayTeam": "Nice", "Date": "2014-02-08", "FTAG": 1, "FTHG": 2, "FTR": "H", "HC": 10, "HF": 8, "HR": 0, "HS": 16, "HST": 9, "HTAG": 0, "HTHG": 1, "HTR": "H", "HY": 2, "HomeTeam": "Valenciennes"},{"AC": 8, "AF": 14, "AR": 0, "AS": 12, "AST": 6, "AY": 1, "AwayTeam": "Paris SG", "Date": "2014-02-09", "FTAG": 1, "FTHG": 1, "FTR": "D", "HC": 9, "HF": 16, "HR": 0, "HS": 16, "HST": 3, "HTAG": 1, "HTHG": 0, "HTR": "A", "HY": 2, "HomeTeam": "Monaco"},{"AC": 4, "AF": 12, "AR": 0, "AS": 12, "AST": 6, "AY": 1, "AwayTeam": "Lyon", "Date": "2014-02-09", "FTAG": 2, "FTHG": 1, "FTR": "A", "HC": 6, "HF": 14, "HR": 1, "HS": 8, "HST": 3, "HTAG": 1, "HTHG": 0, "HTR": "A", "HY": 3, "HomeTeam": "Nantes"},{"AC": 3, "AF": 13, "AR": 0, "AS": 9, "AST": 4, "AY": 2, "AwayTeam": "Bastia", "Date": "2014-02-11", "FTAG": 3, "FTHG": 1, "FTR": "A", "HC": 3, "HF": 15, "HR": 1, "HS": 9, "HST": 2, "HTAG": 2, "HTHG": 1, "HTR": "A", "HY": 2, "HomeTeam": "Toulouse"},{"AC": 6, "AF": 10, "AR": 0, "AS": 10, "AST": 2, "AY": 0, "AwayTeam": "Valenciennes", "Date": "2014-02-14", "FTAG": 0, "FTHG": 3, "FTR": "H", "HC": 3, "HF": 16, "HR": 0, "HS": 19, "HST": 7, "HTAG": 0, "HTHG": 1, "HTR": "H", "HY": 1, "HomeTeam": "Paris SG"},{"AC": 3, "AF": 21, "AR": 0, "AS": 12, "AST": 4, "AY": 1, "AwayTeam": "Monaco", "Date": "2014-02-15", "FTAG": 2, "FTHG": 0, "FTR": "A", "HC": 6, "HF": 20, "HR": 0, "HS": 9, "HST": 2, "HTAG": 1, "HTHG": 0, "HTR": "A", "HY": 3, "HomeTeam": "Bastia"},{"AC": 3, "AF": 14, "AR": 0, "AS": 14, "AST": 6, "AY": 2, "AwayTeam": "Toulouse", "Date": "2014-02-15", "FTAG": 3, "FTHG": 1, "FTR": "A", "HC": 9, "HF": 10, "HR": 1, "HS": 8, "HST": 4, "HTAG": 0, "HTHG": 1, "HTR": "H", "HY": 2, "HomeTeam": "Lorient"},{"AC": 3, "AF": 18, "AR": 0, "AS": 11, "AST": 0, "AY": 4, "AwayTeam": "Nantes", "Date": "2014-02-15", "FTAG": 0, "FTHG": 0, "FTR": "D", "HC": 4, "HF": 15, "HR": 0, "HS": 10, "HST": 2, "HTAG": 0, "HTHG": 0, "HTR": "D", "HY": 1, "HomeTeam": "Nice"},{"AC": 9, "AF": 10, "AR": 0, "AS": 18, "AST": 6, "AY": 1, "AwayTeam": "Bordeaux", "Date": "2014-02-15", "FTAG": 0, "FTHG": 1, "FTR": "H", "HC": 4, "HF": 14, "HR": 0, "HS": 9, "HST": 6, "HTAG": 0, "HTHG": 0, "HTR": "D", "HY": 0, "HomeTeam": "Reims"},{"AC": 12, "AF": 10, "AR": 0, "AS": 16, "AST": 5, "AY": 1, "AwayTeam": "Montpellier", "Date": "2014-02-15", "FTAG": 2, "FTHG": 2, "FTR": "D", "HC": 4, "HF": 13, "HR": 0, "HS": 12, "HST": 4, "HTAG": 0, "HTHG": 1, "HTR": "H", "HY": 2, "HomeTeam": "Rennes"},{"AC": 3, "AF": 16, "AR": 0, "AS": 15, "AST": 1, "AY": 2, "AwayTeam": "Guingamp", "Date": "2014-02-15", "FTAG": 0, "FTHG": 1, "FTR": "H", "HC": 12, "HF": 17, "HR": 0, "HS": 21, "HST": 5, "HTAG": 0, "HTHG": 0, "HTR": "D", "HY": 3, "HomeTeam": "Sochaux"},{"AC": 3, "AF": 9, "AR": 0, "AS": 10, "AST": 5, "AY": 1, "AwayTeam": "Lille", "Date": "2014-02-16", "FTAG": 2, "FTHG": 2, "FTR": "D", "HC": 1, "HF": 18, "HR": 0, "HS": 7, "HST": 4, "HTAG": 1, "HTHG": 1, "HTR": "D", "HY": 3, "HomeTeam": "Evian Thonon Gaillard"},{"AC": 1, "AF": 15, "AR": 0, "AS": 10, "AST": 2, "AY": 2, "AwayTeam": "Ajaccio", "Date": "2014-02-16", "FTAG": 1, "FTHG": 3, "FTR": "H", "HC": 7, "HF": 13, "HR": 0, "HS": 16, "HST": 9, "HTAG": 0, "HTHG": 1, "HTR": "H", "HY": 1, "HomeTeam": "Lyon"},{"AC": 4, "AF": 14, "AR": 0, "AS": 9, "AST": 2, "AY": 3, "AwayTeam": "Marseille", "Date": "2014-02-16", "FTAG": 1, "FTHG": 1, "FTR": "D", "HC": 6, "HF": 13, "HR": 0, "HS": 16, "HST": 4, "HTAG": 0, "HTHG": 0, "HTR": "D", "HY": 1, "HomeTeam": "St Etienne"},{"AC": 2, "AF": 15, "AR": 1, "AS": 6, "AST": 3, "AY": 1, "AwayTeam": "Reims", "Date": "2014-02-21", "FTAG": 2, "FTHG": 3, "FTR": "H", "HC": 6, "HF": 9, "HR": 0, "HS": 18, "HST": 7, "HTAG": 0, "HTHG": 1, "HTR": "H", "HY": 3, "HomeTeam": "Monaco"},{"AC": 5, "AF": 17, "AR": 0, "AS": 10, "AST": 5, "AY": 1, "AwayTeam": "St Etienne", "Date": "2014-02-22", "FTAG": 2, "FTHG": 0, "FTR": "A", "HC": 3, "HF": 10, "HR": 0, "HS": 8, "HST": 3, "HTAG": 1, "HTHG": 0, "HTR": "A", "HY": 2, "HomeTeam": "Bastia"},{"AC": 5, "AF": 7, "AR": 0, "AS": 6, "AST": 5, "AY": 2, "AwayTeam": "Evian Thonon Gaillard", "Date": "2014-02-22", "FTAG": 1, "FTHG": 2, "FTR": "H", "HC": 5, "HF": 9, "HR": 0, "HS": 14, "HST": 5, "HTAG": 0, "HTHG": 0, "HTR": "D", "HY": 1, "HomeTeam": "Bordeaux"},{"AC": 4, "AF": 17, "AR": 1, "AS": 1, "AST": 0, "AY": 5, "AwayTeam": "Nice", "Date": "2014-02-22", "FTAG": 0, "FTHG": 1, "FTR": "H", "HC": 7, "HF": 14, "HR": 0, "HS": 20, "HST": 6, "HTAG": 0, "HTHG": 0, "HTR": "D", "HY": 3, "HomeTeam": "Guingamp"},{"AC": 6, "AF": 11, "AR": 0, "AS": 10, "AST": 3, "AY": 1, "AwayTeam": "Lorient", "Date": "2014-02-22", "FTAG": 0, "FTHG": 1, "FTR": "H", "HC": 2, "HF": 10, "HR": 0, "HS": 12, "HST": 5, "HTAG": 0, "HTHG": 0, "HTR": "D", "HY": 2, "HomeTeam": "Marseille"},{"AC": 1, "AF": 13, "AR": 0, "AS": 6, "AST": 1, "AY": 1, "AwayTeam": "Ajaccio", "Date": "2014-02-22", "FTAG": 0, "FTHG": 2, "FTR": "H", "HC": 3, "HF": 13, "HR": 0, "HS": 17, "HST": 7, "HTAG": 0, "HTHG": 0, "HTR": "D", "HY": 1, "HomeTeam": "Montpellier"},{"AC": 2, "AF": 17, "AR": 0, "AS": 9, "AST": 4, "AY": 3, "AwayTeam": "Sochaux", "Date": "2014-02-22", "FTAG": 2, "FTHG": 2, "FTR": "D", "HC": 6, "HF": 18, "HR": 0, "HS": 11, "HST": 5, "HTAG": 0, "HTHG": 0, "HTR": "D", "HY": 2, "HomeTeam": "Valenciennes"},{"AC": 7, "AF": 15, "AR": 0, "AS": 9, "AST": 5, "AY": 1, "AwayTeam": "Lyon", "Date": "2014-02-23", "FTAG": 0, "FTHG": 0, "FTR": "D", "HC": 6, "HF": 13, "HR": 0, "HS": 16, "HST": 4, "HTAG": 0, "HTHG": 0, "HTR": "D", "HY": 3, "HomeTeam": "Lille"},{"AC": 4, "AF": 13, "AR": 0, "AS": 15, "AST": 6, "AY": 1, "AwayTeam": "Rennes", "Date": "2014-02-23", "FTAG": 3, "FTHG": 0, "FTR": "A", "HC": 5, "HF": 13, "HR": 0, "HS": 5, "HST": 0, "HTAG": 1, "HTHG": 0, "HTR": "A", "HY": 1, "HomeTeam": "Nantes"},{"AC": 6, "AF": 15, "AR": 0, "AS": 13, "AST": 8, "AY": 1, "AwayTeam": "Paris SG", "Date": "2014-02-23", "FTAG": 4, "FTHG": 2, "FTR": "A", "HC": 2, "HF": 15, "HR": 0, "HS": 9, "HST": 7, "HTAG": 1, "HTHG": 1, "HTR": "D", "HY": 3, "HomeTeam": "Toulouse"},{"AC": 4, "AF": 12, "AR": 0, "AS": 9, "AST": 4, "AY": 0, "AwayTeam": "Lorient", "Date": "2014-02-25", "FTAG": 2, "FTHG": 3, "FTR": "H", "HC": 8, "HF": 9, "HR": 0, "HS": 12, "HST": 7, "HTAG": 1, "HTHG": 2, "HTR": "H", "HY": 0, "HomeTeam": "Bordeaux"},{"AC": 2, "AF": 12, "AR": 0, "AS": 7, "AST": 2, "AY": 0, "AwayTeam": "Nantes", "Date": "2014-02-28", "FTAG": 0, "FTHG": 2, "FTR": "H", "HC": 5, "HF": 10, "HR": 0, "HS": 6, "HST": 3, "HTAG": 0, "HTHG": 0, "HTR": "D", "HY": 0, "HomeTeam": "Evian Thonon Gaillard"},{"AC": 4, "AF": 7, "AR": 0, "AS": 13, "AST": 4, "AY": 0, "AwayTeam": "Bastia", "Date": "2014-03-01", "FTAG": 1, "FTHG": 1, "FTR": "D", "HC": 5, "HF": 3, "HR": 0, "HS": 17, "HST": 3, "HTAG": 0, "HTHG": 1, "HTR": "H", "HY": 0, "HomeTeam": "Lorient"},{"AC": 3, "AF": 20, "AR": 0, "AS": 13, "AST": 6, "AY": 2, "AwayTeam": "Toulouse", "Date": "2014-03-01", "FTAG": 2, "FTHG": 0, "FTR": "A", "HC": 1, "HF": 12, "HR": 1, "HS": 6, "HST": 1, "HTAG": 0, "HTHG": 0, "HTR": "D", "HY": 1, "HomeTeam": "Nice"},{"AC": 5, "AF": 7, "AR": 0, "AS": 13, "AST": 4, "AY": 1, "AwayTeam": "Valenciennes", "Date": "2014-03-01", "FTAG": 1, "FTHG": 3, "FTR": "H", "HC": 3, "HF": 13, "HR": 0, "HS": 12, "HST": 6, "HTAG": 0, "HTHG": 2, "HTR": "H", "HY": 1, "HomeTeam": "Reims"},{"AC": 5, "AF": 18, "AR": 0, "AS": 14, "AST": 7, "AY": 1, "AwayTeam": "Guingamp", "Date": "2014-03-01", "FTAG": 2, "FTHG": 0, "FTR": "A", "HC": 11, "HF": 11, "HR": 0, "HS": 11, "HST": 3, "HTAG": 1, "HTHG": 0, "HTR": "A", "HY": 3, "HomeTeam": "Rennes"},{"AC": 6, "AF": 8, "AR": 0, "AS": 17, "AST": 3, "AY": 2, "AwayTeam": "Bordeaux", "Date": "2014-03-01", "FTAG": 0, "FTHG": 2, "FTR": "H", "HC": 3, "HF": 13, "HR": 0, "HS": 9, "HST": 5, "HTAG": 0, "HTHG": 0, "HTR": "D", "HY": 1, "HomeTeam": "Sochaux"},{"AC": 3, "AF": 17, "AR": 0, "AS": 10, "AST": 4, "AY": 1, "AwayTeam": "Monaco", "Date": "2014-03-01", "FTAG": 0, "FTHG": 2, "FTR": "H", "HC": 3, "HF": 11, "HR": 0, "HS": 12, "HST": 4, "HTAG": 0, "HTHG": 1, "HTR": "H", "HY": 2, "HomeTeam": "St Etienne"},{"AC": 2, "AF": 17, "AR": 1, "AS": 11, "AST": 6, "AY": 2, "AwayTeam": "Lille", "Date": "2014-03-02", "FTAG": 3, "FTHG": 2, "FTR": "A", "HC": 3, "HF": 14, "HR": 0, "HS": 11, "HST": 3, "HTAG": 2, "HTHG": 2, "HTR": "D", "HY": 3, "HomeTeam": "Ajaccio"},{"AC": 3, "AF": 16, "AR": 0, "AS": 6, "AST": 2, "AY": 3, "AwayTeam": "Montpellier", "Date": "2014-03-02", "FTAG": 0, "FTHG": 0, "FTR": "D", "HC": 8, "HF": 16, "HR": 0, "HS": 20, "HST": 6, "HTAG": 0, "HTHG": 0, "HTR": "D", "HY": 1, "HomeTeam": "Lyon"},{"AC": 5, "AF": 14, "AR": 0, "AS": 12, "AST": 3, "AY": 3, "AwayTeam": "Marseille", "Date": "2014-03-02", "FTAG": 0, "FTHG": 2, "FTR": "H", "HC": 4, "HF": 13, "HR": 0, "HS": 11, "HST": 4, "HTAG": 0, "HTHG": 0, "HTR": "D", "HY": 3, "HomeTeam": "Paris SG"},{"AC": 4, "AF": 11, "AR": 0, "AS": 5, "AST": 1, "AY": 1, "AwayTeam": "Nice", "Date": "2014-03-07", "FTAG": 1, "FTHG": 0, "FTR": "A", "HC": 3, "HF": 19, "HR": 0, "HS": 16, "HST": 7, "HTAG": 0, "HTHG": 0, "HTR": "D", "HY": 2, "HomeTeam": "Marseille"},{"AC": 4, "AF": 10, "AR": 0, "AS": 12, "AST": 8, "AY": 3, "AwayTeam": "Paris SG", "Date": "2014-03-08", "FTAG": 3, "FTHG": 0, "FTR": "A", "HC": 5, "HF": 23, "HR": 0, "HS": 12, "HST": 3, "HTAG": 2, "HTHG": 0, "HTR": "A", "HY": 2, "HomeTeam": "Bastia"},{"AC": 1, "AF": 13, "AR": 0, "AS": 3, "AST": 2, "AY": 4, "AwayTeam": "Evian Thonon Gaillard", "Date": "2014-03-08", "FTAG": 1, "FTHG": 0, "FTR": "A", "HC": 8, "HF": 17, "HR": 0, "HS": 15, "HST": 5, "HTAG": 0, "HTHG": 0, "HTR": "D", "HY": 3, "HomeTeam": "Guingamp"},{"AC": 6, "AF": 14, "AR": 1, "AS": 11, "AST": 7, "AY": 2, "AwayTeam": "Sochaux", "Date": "2014-03-08", "FTAG": 1, "FTHG": 2, "FTR": "H", "HC": 3, "HF": 15, "HR": 0, "HS": 15, "HST": 4, "HTAG": 0, "HTHG": 1, "HTR": "H", "HY": 1, "HomeTeam": "Monaco"},{"AC": 2, "AF": 22, "AR": 0, "AS": 10, "AST": 3, "AY": 2, "AwayTeam": "Ajaccio", "Date": "2014-03-08", "FTAG": 2, "FTHG": 2, "FTR": "D", "HC": 3, "HF": 20, "HR": 0, "HS": 20, "HST": 6, "HTAG": 1, "HTHG": 1, "HTR": "D", "HY": 0, "HomeTeam": "Nantes"},{"AC": 1, "AF": 14, "AR": 0, "AS": 14, "AST": 2, "AY": 1, "AwayTeam": "Reims", "Date": "2014-03-08", "FTAG": 2, "FTHG": 3, "FTR": "H", "HC": 5, "HF": 10, "HR": 0, "HS": 17, "HST": 8, "HTAG": 2, "HTHG": 0, "HTR": "A", "HY": 2, "HomeTeam": "Toulouse"},{"AC": 1, "AF": 17, "AR": 1, "AS": 13, "AST": 5, "AY": 3, "AwayTeam": "Rennes", "Date": "2014-03-08", "FTAG": 1, "FTHG": 2, "FTR": "H", "HC": 1, "HF": 13, "HR": 0, "HS": 13, "HST": 3, "HTAG": 0, "HTHG": 0, "HTR": "D", "HY": 2, "HomeTeam": "Valenciennes"},{"AC": 5, "AF": 13, "AR": 0, "AS": 12, "AST": 4, "AY": 1, "AwayTeam": "Lyon", "Date": "2014-03-09", "FTAG": 2, "FTHG": 1, "FTR": "A", "HC": 5, "HF": 13, "HR": 0, "HS": 8, "HST": 3, "HTAG": 0, "HTHG": 1, "HTR": "H", "HY": 1, "HomeTeam": "Bordeaux"},{"AC": 3, "AF": 14, "AR": 0, "AS": 6, "AST": 2, "AY": 1, "AwayTeam": "Montpellier", "Date": "2014-03-09", "FTAG": 0, "FTHG": 2, "FTR": "H", "HC": 10, "HF": 14, "HR": 0, "HS": 19, "HST": 7, "HTAG": 0, "HTHG": 1, "HTR": "H", "HY": 2, "HomeTeam": "Lille"},{"AC": 5, "AF": 18, "AR": 0, "AS": 9, "AST": 1, "AY": 3, "AwayTeam": "St Etienne", "Date": "2014-03-09", "FTAG": 0, "FTHG": 1, "FTR": "H", "HC": 10, "HF": 5, "HR": 0, "HS": 15, "HST": 8, "HTAG": 0, "HTHG": 0, "HTR": "D", "HY": 2, "HomeTeam": "Lorient"},{"AC": 5, "AF": 14, "AR": 0, "AS": 14, "AST": 4, "AY": 1, "AwayTeam": "Marseille", "Date": "2014-03-14", "FTAG": 1, "FTHG": 1, "FTR": "D", "HC": 5, "HF": 16, "HR": 0, "HS": 11, "HST": 4, "HTAG": 0, "HTHG": 0, "HTR": "D", "HY": 1, "HomeTeam": "Reims"},{"AC": 7, "AF": 14, "AR": 0, "AS": 14, "AST": 3, "AY": 2, "AwayTeam": "Guingamp", "Date": "2014-03-15", "FTAG": 2, "FTHG": 1, "FTR": "A", "HC": 4, "HF": 10, "HR": 0, "HS": 16, "HST": 3, "HTAG": 1, "HTHG": 1, "HTR": "D", "HY": 2, "HomeTeam": "Ajaccio"},{"AC": 4, "AF": 11, "AR": 0, "AS": 11, "AST": 3, "AY": 0, "AwayTeam": "Valenciennes", "Date": "2014-03-15", "FTAG": 1, "FTHG": 0, "FTR": "A", "HC": 2, "HF": 16, "HR": 0, "HS": 8, "HST": 2, "HTAG": 0, "HTHG": 0, "HTR": "D", "HY": 1, "HomeTeam": "Evian Thonon Gaillard"},{"AC": 4, "AF": 19, "AR": 0, "AS": 11, "AST": 2, "AY": 3, "AwayTeam": "Nantes", "Date": "2014-03-15", "FTAG": 0, "FTHG": 0, "FTR": "D", "HC": 8, "HF": 10, "HR": 0, "HS": 9, "HST": 2, "HTAG": 0, "HTHG": 0, "HTR": "D", "HY": 0, "HomeTeam": "Lille"},{"AC": 6, "AF": 10, "AR": 1, "AS": 7, "AST": 0, "AY": 2, "AwayTeam": "Bastia", "Date": "2014-03-15", "FTAG": 0, "FTHG": 2, "FTR": "H", "HC": 6, "HF": 12, "HR": 0, "HS": 11, "HST": 4, "HTAG": 0, "HTHG": 1, "HTR": "H", "HY": 1, "HomeTeam": "Nice"},{"AC": 6, "AF": 12, "AR": 0, "AS": 12, "AST": 5, "AY": 1, "AwayTeam": "Toulouse", "Date": "2014-03-15", "FTAG": 3, "FTHG": 2, "FTR": "A", "HC": 8, "HF": 12, "HR": 0, "HS": 17, "HST": 6, "HTAG": 2, "HTHG": 0, "HTR": "A", "HY": 1, "HomeTeam": "Rennes"},{"AC": 1, "AF": 11, "AR": 0, "AS": 15, "AST": 3, "AY": 1, "AwayTeam": "Lorient", "Date": "2014-03-15", "FTAG": 0, "FTHG": 2, "FTR": "H", "HC": 4, "HF": 19, "HR": 0, "HS": 17, "HST": 7, "HTAG": 0, "HTHG": 1, "HTR": "H", "HY": 2, "HomeTeam": "Sochaux"},{"AC": 4, "AF": 20, "AR": 0, "AS": 11, "AST": 4, "AY": 4, "AwayTeam": "Monaco", "Date": "2014-03-16", "FTAG": 3, "FTHG": 2, "FTR": "A", "HC": 7, "HF": 10, "HR": 0, "HS": 16, "HST": 3, "HTAG": 2, "HTHG": 1, "HTR": "A", "HY": 1, "HomeTeam": "Lyon"},{"AC": 3, "AF": 22, "AR": 0, "AS": 10, "AST": 4, "AY": 3, "AwayTeam": "Bordeaux", "Date": "2014-03-16", "FTAG": 1, "FTHG": 1, "FTR": "D", "HC": 2, "HF": 11, "HR": 0, "HS": 12, "HST": 3, "HTAG": 1, "HTHG": 1, "HTR": "D", "HY": 2, "HomeTeam": "Montpellier"},{"AC": 6, "AF": 18, "AR": 0, "AS": 14, "AST": 6, "AY": 3, "AwayTeam": "St Etienne", "Date": "2014-03-16", "FTAG": 0, "FTHG": 2, "FTR": "H", "HC": 4, "HF": 14, "HR": 0, "HS": 15, "HST": 4, "HTAG": 0, "HTHG": 2, "HTR": "H", "HY": 1, "HomeTeam": "Paris SG"},{"AC": 4, "AF": 8, "AR": 0, "AS": 11, "AST": 6, "AY": 1, "AwayTeam": "Paris SG", "Date": "2014-03-21", "FTAG": 1, "FTHG": 0, "FTR": "A", "HC": 5, "HF": 12, "HR": 0, "HS": 6, "HST": 1, "HTAG": 1, "HTHG": 0, "HTR": "A", "HY": 0, "HomeTeam": "Lorient"},{"AC": 6, "AF": 12, "AR": 0, "AS": 13, "AST": 0, "AY": 2, "AwayTeam": "Reims", "Date": "2014-03-22", "FTAG": 0, "FTHG": 2, "FTR": "H", "HC": 3, "HF": 10, "HR": 1, "HS": 7, "HST": 3, "HTAG": 0, "HTHG": 2, "HTR": "H", "HY": 1, "HomeTeam": "Bastia"},{"AC": 2, "AF": 11, "AR": 0, "AS": 8, "AST": 3, "AY": 0, "AwayTeam": "Nice", "Date": "2014-03-22", "FTAG": 1, "FTHG": 1, "FTR": "D", "HC": 5, "HF": 14, "HR": 1, "HS": 16, "HST": 7, "HTAG": 0, "HTHG": 0, "HTR": "D", "HY": 2, "HomeTeam": "Bordeaux"},{"AC": 5, "AF": 14, "AR": 0, "AS": 9, "AST": 4, "AY": 0, "AwayTeam": "Rennes", "Date": "2014-03-22", "FTAG": 1, "FTHG": 0, "FTR": "A", "HC": 6, "HF": 15, "HR": 0, "HS": 17, "HST": 4, "HTAG": 0, "HTHG": 0, "HTR": "D", "HY": 1, "HomeTeam": "Marseille"},{"AC": 9, "AF": 13, "AR": 2, "AS": 10, "AST": 2, "AY": 2, "AwayTeam": "Montpellier", "Date": "2014-03-22", "FTAG": 1, "FTHG": 2, "FTR": "H", "HC": 4, "HF": 20, "HR": 0, "HS": 11, "HST": 7, "HTAG": 1, "HTHG": 2, "HTR": "H", "HY": 3, "HomeTeam": "Nantes"},{"AC": 3, "AF": 14, "AR": 0, "AS": 10, "AST": 2, "AY": 0, "AwayTeam": "Evian Thonon Gaillard", "Date": "2014-03-22", "FTAG": 1, "FTHG": 1, "FTR": "D", "HC": 2, "HF": 7, "HR": 0, "HS": 13, "HST": 4, "HTAG": 0, "HTHG": 0, "HTR": "D", "HY": 1, "HomeTeam": "Toulouse"},{"AC": 4, "AF": 21, "AR": 0, "AS": 6, "AST": 3, "AY": 3, "AwayTeam": "Ajaccio", "Date": "2014-03-22", "FTAG": 3, "FTHG": 2, "FTR": "A", "HC": 9, "HF": 13, "HR": 0, "HS": 13, "HST": 3, "HTAG": 0, "HTHG": 0, "HTR": "D", "HY": 0, "HomeTeam": "Valenciennes"},{"AC": 11, "AF": 16, "AR": 0, "AS": 10, "AST": 4, "AY": 2, "AwayTeam": "Lyon", "Date": "2014-03-23", "FTAG": 1, "FTHG": 0, "FTR": "A", "HC": 10, "HF": 9, "HR": 0, "HS": 12, "HST": 4, "HTAG": 0, "HTHG": 0, "HTR": "D", "HY": 2, "HomeTeam": "Guingamp"},{"AC": 4, "AF": 18, "AR": 0, "AS": 8, "AST": 4, "AY": 2, "AwayTeam": "Lille", "Date": "2014-03-23", "FTAG": 1, "FTHG": 1, "FTR": "D", "HC": 4, "HF": 16, "HR": 0, "HS": 6, "HST": 2, "HTAG": 1, "HTHG": 1, "HTR": "D", "HY": 1, "HomeTeam": "Monaco"},{"AC": 3, "AF": 15, "AR": 1, "AS": 11, "AST": 2, "AY": 0, "AwayTeam": "Sochaux", "Date": "2014-03-23", "FTAG": 1, "FTHG": 3, "FTR": "H", "HC": 8, "HF": 12, "HR": 0, "HS": 22, "HST": 11, "HTAG": 0, "HTHG": 0, "HTR": "D", "HY": 1, "HomeTeam": "St Etienne"},{"AC": 4, "AF": 15, "AR": 0, "AS": 16, "AST": 5, "AY": 2, "AwayTeam": "Paris SG", "Date": "2014-03-28", "FTAG": 1, "FTHG": 0, "FTR": "A", "HC": 3, "HF": 13, "HR": 0, "HS": 9, "HST": 4, "HTAG": 0, "HTHG": 0, "HTR": "D", "HY": 1, "HomeTeam": "Nice"},{"AC": 3, "AF": 17, "AR": 0, "AS": 18, "AST": 11, "AY": 3, "AwayTeam": "Toulouse", "Date": "2014-03-29", "FTAG": 2, "FTHG": 2, "FTR": "D", "HC": 2, "HF": 10, "HR": 0, "HS": 14, "HST": 4, "HTAG": 1, "HTHG": 2, "HTR": "H", "HY": 2, "HomeTeam": "Ajaccio"},{"AC": 6, "AF": 13, "AR": 0, "AS": 11, "AST": 1, "AY": 4, "AwayTeam": "Monaco", "Date": "2014-03-29", "FTAG": 0, "FTHG": 1, "FTR": "H", "HC": 1, "HF": 12, "HR": 0, "HS": 14, "HST": 5, "HTAG": 0, "HTHG": 0, "HTR": "D", "HY": 1, "HomeTeam": "Evian Thonon Gaillard"},{"AC": 0, "AF": 13, "AR": 0, "AS": 3, "AST": 0, "AY": 3, "AwayTeam": "Valenciennes", "Date": "2014-03-29", "FTAG": 0, "FTHG": 0, "FTR": "D", "HC": 9, "HF": 8, "HR": 0, "HS": 18, "HST": 5, "HTAG": 0, "HTHG": 0, "HTR": "D", "HY": 1, "HomeTeam": "Montpellier"},{"AC": 8, "AF": 10, "AR": 0, "AS": 10, "AST": 0, "AY": 1, "AwayTeam": "Bordeaux", "Date": "2014-03-29", "FTAG": 0, "FTHG": 0, "FTR": "D", "HC": 4, "HF": 18, "HR": 0, "HS": 9, "HST": 3, "HTAG": 0, "HTHG": 0, "HTR": "D", "HY": 1, "HomeTeam": "Nantes"},{"AC": 4, "AF": 6, "AR": 0, "AS": 9, "AST": 4, "AY": 0, "AwayTeam": "Lorient", "Date": "2014-03-29", "FTAG": 1, "FTHG": 1, "FTR": "D", "HC": 0, "HF": 11, "HR": 0, "HS": 13, "HST": 3, "HTAG": 1, "HTHG": 0, "HTR": "A", "HY": 2, "HomeTeam": "Reims"},{"AC": 6, "AF": 15, "AR": 0, "AS": 15, "AST": 7, "AY": 3, "AwayTeam": "Marseille", "Date": "2014-03-29", "FTAG": 1, "FTHG": 1, "FTR": "D", "HC": 5, "HF": 19, "HR": 0, "HS": 7, "HST": 2, "HTAG": 0, "HTHG": 1, "HTR": "H", "HY": 2, "HomeTeam": "Sochaux"},{"AC": 2, "AF": 21, "AR": 0, "AS": 11, "AST": 4, "AY": 4, "AwayTeam": "Guingamp", "Date": "2014-03-30", "FTAG": 0, "FTHG": 1, "FTR": "H", "HC": 7, "HF": 15, "HR": 0, "HS": 17, "HST": 6, "HTAG": 0, "HTHG": 0, "HTR": "D", "HY": 1, "HomeTeam": "Lille"},{"AC": 2, "AF": 17, "AR": 0, "AS": 6, "AST": 6, "AY": 3, "AwayTeam": "St Etienne", "Date": "2014-03-30", "FTAG": 2, "FTHG": 1, "FTR": "A", "HC": 10, "HF": 6, "HR": 0, "HS": 12, "HST": 2, "HTAG": 1, "HTHG": 1, "HTR": "D", "HY": 1, "HomeTeam": "Lyon"},{"AC": 4, "AF": 15, "AR": 0, "AS": 13, "AST": 2, "AY": 1, "AwayTeam": "Bastia", "Date": "2014-03-30", "FTAG": 0, "FTHG": 3, "FTR": "H", "HC": 4, "HF": 7, "HR": 0, "HS": 16, "HST": 7, "HTAG": 0, "HTHG": 2, "HTR": "H", "HY": 0, "HomeTeam": "Rennes"},{"AC": 5, "AF": 24, "AR": 0, "AS": 5, "AST": 2, "AY": 0, "AwayTeam": "Ajaccio", "Date": "2014-04-04", "FTAG": 1, "FTHG": 3, "FTR": "H", "HC": 7, "HF": 15, "HR": 0, "HS": 15, "HST": 6, "HTAG": 0, "HTHG": 1, "HTR": "H", "HY": 1, "HomeTeam": "Marseille"},{"AC": 6, "AF": 18, "AR": 0, "AS": 15, "AST": 7, "AY": 3, "AwayTeam": "Sochaux", "Date": "2014-04-05", "FTAG": 2, "FTHG": 2, "FTR": "D", "HC": 5, "HF": 15, "HR": 0, "HS": 14, "HST": 3, "HTAG": 2, "HTHG": 0, "HTR": "A", "HY": 1, "HomeTeam": "Bastia"},{"AC": 1, "AF": 12, "AR": 0, "AS": 5, "AST": 2, "AY": 2, "AwayTeam": "Rennes", "Date": "2014-04-05", "FTAG": 2, "FTHG": 2, "FTR": "D", "HC": 9, "HF": 12, "HR": 0, "HS": 14, "HST": 5, "HTAG": 0, "HTHG": 1, "HTR": "H", "HY": 1, "HomeTeam": "Bordeaux"},{"AC": 3, "AF": 14, "AR": 0, "AS": 11, "AST": 5, "AY": 1, "AwayTeam": "Montpellier", "Date": "2014-04-05", "FTAG": 2, "FTHG": 1, "FTR": "A", "HC": 10, "HF": 11, "HR": 0, "HS": 24, "HST": 9, "HTAG": 2, "HTHG": 0, "HTR": "A", "HY": 2, "HomeTeam": "Guingamp"},{"AC": 8, "AF": 10, "AR": 0, "AS": 17, "AST": 6, "AY": 2, "AwayTeam": "Evian Thonon Gaillard", "Date": "2014-04-05", "FTAG": 1, "FTHG": 1, "FTR": "D", "HC": 4, "HF": 13, "HR": 0, "HS": 12, "HST": 4, "HTAG": 0, "HTHG": 1, "HTR": "H", "HY": 1, "HomeTeam": "Lorient"},{"AC": 4, "AF": 11, "AR": 0, "AS": 13, "AST": 1, "AY": 2, "AwayTeam": "Reims", "Date": "2014-04-05", "FTAG": 0, "FTHG": 3, "FTR": "H", "HC": 2, "HF": 6, "HR": 0, "HS": 13, "HST": 3, "HTAG": 0, "HTHG": 1, "HTR": "H", "HY": 0, "HomeTeam": "Paris SG"},{"AC": 5, "AF": 18, "AR": 2, "AS": 13, "AST": 5, "AY": 1, "AwayTeam": "Lille", "Date": "2014-04-05", "FTAG": 2, "FTHG": 1, "FTR": "A", "HC": 7, "HF": 13, "HR": 0, "HS": 10, "HST": 6, "HTAG": 2, "HTHG": 0, "HTR": "A", "HY": 2, "HomeTeam": "Toulouse"},{"AC": 8, "AF": 15, "AR": 0, "AS": 12, "AST": 4, "AY": 3, "AwayTeam": "Nantes", "Date": "2014-04-06", "FTAG": 1, "FTHG": 3, "FTR": "H", "HC": 7, "HF": 11, "HR": 0, "HS": 12, "HST": 5, "HTAG": 0, "HTHG": 1, "HTR": "H", "HY": 2, "HomeTeam": "Monaco"},{"AC": 3, "AF": 14, "AR": 1, "AS": 5, "AST": 3, "AY": 3, "AwayTeam": "Nice", "Date": "2014-04-06", "FTAG": 1, "FTHG": 1, "FTR": "D", "HC": 3, "HF": 16, "HR": 0, "HS": 16, "HST": 6, "HTAG": 0, "HTHG": 0, "HTR": "D", "HY": 4, "HomeTeam": "St Etienne"},{"AC": 3, "AF": 14, "AR": 1, "AS": 9, "AST": 2, "AY": 3, "AwayTeam": "Lyon", "Date": "2014-04-06", "FTAG": 2, "FTHG": 1, "FTR": "A", "HC": 3, "HF": 16, "HR": 1, "HS": 8, "HST": 3, "HTAG": 1, "HTHG": 0, "HTR": "A", "HY": 4, "HomeTeam": "Valenciennes"},{"AC": 6, "AF": 10, "AR": 0, "AS": 20, "AST": 8, "AY": 1, "AwayTeam": "Marseille", "Date": "2014-04-11", "FTAG": 3, "FTHG": 2, "FTR": "A", "HC": 5, "HF": 15, "HR": 0, "HS": 10, "HST": 5, "HTAG": 1, "HTHG": 0, "HTR": "A", "HY": 1, "HomeTeam": "Montpellier"},{"AC": 5, "AF": 7, "AR": 0, "AS": 14, "AST": 5, "AY": 1, "AwayTeam": "Bordeaux", "Date": "2014-04-12", "FTAG": 1, "FTHG": 1, "FTR": "D", "HC": 6, "HF": 12, "HR": 0, "HS": 15, "HST": 6, "HTAG": 0, "HTHG": 0, "HTR": "D", "HY": 1, "HomeTeam": "Ajaccio"},{"AC": 5, "AF": 10, "AR": 0, "AS": 11, "AST": 3, "AY": 0, "AwayTeam": "Bastia", "Date": "2014-04-12", "FTAG": 1, "FTHG": 2, "FTR": "H", "HC": 3, "HF": 14, "HR": 0, "HS": 17, "HST": 7, "HTAG": 1, "HTHG": 1, "HTR": "D", "HY": 3, "HomeTeam": "Evian Thonon Gaillard"},{"AC": 8, "AF": 18, "AR": 0, "AS": 9, "AST": 3, "AY": 3, "AwayTeam": "Valenciennes", "Date": "2014-04-12", "FTAG": 0, "FTHG": 1, "FTR": "H", "HC": 6, "HF": 18, "HR": 0, "HS": 13, "HST": 5, "HTAG": 0, "HTHG": 0, "HTR": "D", "HY": 0, "HomeTeam": "Lille"},{"AC": 3, "AF": 9, "AR": 0, "AS": 10, "AST": 5, "AY": 3, "AwayTeam": "Lorient", "Date": "2014-04-12", "FTAG": 2, "FTHG": 1, "FTR": "A", "HC": 6, "HF": 13, "HR": 0, "HS": 9, "HST": 3, "HTAG": 1, "HTHG": 1, "HTR": "D", "HY": 2, "HomeTeam": "Nice"},{"AC": 5, "AF": 11, "AR": 0, "AS": 12, "AST": 5, "AY": 0, "AwayTeam": "Monaco", "Date": "2014-04-12", "FTAG": 1, "FTHG": 0, "FTR": "A", "HC": 5, "HF": 10, "HR": 0, "HS": 7, "HST": 1, "HTAG": 0, "HTHG": 0, "HTR": "D", "HY": 1, "HomeTeam": "Rennes"},{"AC": 2, "AF": 11, "AR": 0, "AS": 5, "AST": 3, "AY": 2, "AwayTeam": "Toulouse", "Date": "2014-04-12", "FTAG": 0, "FTHG": 2, "FTR": "H", "HC": 4, "HF": 18, "HR": 0, "HS": 18, "HST": 4, "HTAG": 0, "HTHG": 1, "HTR": "H", "HY": 2, "HomeTeam": "Sochaux"},{"AC": 5, "AF": 9, "AR": 0, "AS": 11, "AST": 6, "AY": 2, "AwayTeam": "Paris SG", "Date": "2014-04-13", "FTAG": 0, "FTHG": 1, "FTR": "H", "HC": 3, "HF": 14, "HR": 0, "HS": 8, "HST": 4, "HTAG": 0, "HTHG": 1, "HTR": "H", "HY": 0, "HomeTeam": "Lyon"},{"AC": 3, "AF": 6, "AR": 0, "AS": 6, "AST": 3, "AY": 0, "AwayTeam": "Guingamp", "Date": "2014-04-13", "FTAG": 0, "FTHG": 1, "FTR": "H", "HC": 1, "HF": 14, "HR": 0, "HS": 14, "HST": 5, "HTAG": 0, "HTHG": 1, "HTR": "H", "HY": 2, "HomeTeam": "Nantes"},{"AC": 4, "AF": 12, "AR": 0, "AS": 24, "AST": 8, "AY": 1, "AwayTeam": "St Etienne", "Date": "2014-04-13", "FTAG": 2, "FTHG": 2, "FTR": "D", "HC": 0, "HF": 20, "HR": 0, "HS": 5, "HST": 2, "HTAG": 0, "HTHG": 1, "HTR": "H", "HY": 1, "HomeTeam": "Reims"},{"AC": 1, "AF": 12, "AR": 0, "AS": 4, "AST": 0, "AY": 3, "AwayTeam": "Rennes", "Date": "2014-04-18", "FTAG": 0, "FTHG": 0, "FTR": "D", "HC": 11, "HF": 9, "HR": 0, "HS": 16, "HST": 2, "HTAG": 0, "HTHG": 0, "HTR": "D", "HY": 0, "HomeTeam": "St Etienne"},{"AC": 0, "AF": 26, "AR": 0, "AS": 9, "AST": 2, "AY": 2, "AwayTeam": "Ajaccio", "Date": "2014-04-20", "FTAG": 1, "FTHG": 2, "FTR": "H", "HC": 7, "HF": 21, "HR": 0, "HS": 13, "HST": 6, "HTAG": 1, "HTHG": 1, "HTR": "D", "HY": 1, "HomeTeam": "Bastia"},{"AC": 5, "AF": 20, "AR": 0, "AS": 8, "AST": 3, "AY": 3, "AwayTeam": "Guingamp", "Date": "2014-04-20", "FTAG": 1, "FTHG": 5, "FTR": "H", "HC": 5, "HF": 16, "HR": 0, "HS": 10, "HST": 9, "HTAG": 1, "HTHG": 3, "HTR": "H", "HY": 0, "HomeTeam": "Bordeaux"},{"AC": 1, "AF": 11, "AR": 1, "AS": 12, "AST": 5, "AY": 2, "AwayTeam": "Montpellier", "Date": "2014-04-20", "FTAG": 4, "FTHG": 4, "FTR": "D", "HC": 6, "HF": 12, "HR": 0, "HS": 12, "HST": 6, "HTAG": 1, "HTHG": 1, "HTR": "D", "HY": 2, "HomeTeam": "Lorient"},{"AC": 1, "AF": 17, "AR": 0, "AS": 5, "AST": 2, "AY": 0, "AwayTeam": "Lille", "Date": "2014-04-20", "FTAG": 0, "FTHG": 0, "FTR": "D", "HC": 10, "HF": 20, "HR": 0, "HS": 9, "HST": 2, "HTAG": 0, "HTHG": 0, "HTR": "D", "HY": 1, "HomeTeam": "Marseille"},{"AC": 10, "AF": 15, "AR": 0, "AS": 11, "AST": 4, "AY": 2, "AwayTeam": "Nice", "Date": "2014-04-20", "FTAG": 0, "FTHG": 1, "FTR": "H", "HC": 2, "HF": 12, "HR": 0, "HS": 12, "HST": 4, "HTAG": 0, "HTHG": 1, "HTR": "H", "HY": 1, "HomeTeam": "Monaco"},{"AC": 6, "AF": 15, "AR": 0, "AS": 7, "AST": 3, "AY": 1, "AwayTeam": "Sochaux", "Date": "2014-04-20", "FTAG": 1, "FTHG": 0, "FTR": "A", "HC": 7, "HF": 13, "HR": 0, "HS": 18, "HST": 5, "HTAG": 1, "HTHG": 0, "HTR": "A", "HY": 1, "HomeTeam": "Reims"},{"AC": 3, "AF": 14, "AR": 0, "AS": 9, "AST": 7, "AY": 0, "AwayTeam": "Nantes", "Date": "2014-04-20", "FTAG": 6, "FTHG": 2, "FTR": "A", "HC": 11, "HF": 12, "HR": 0, "HS": 19, "HST": 10, "HTAG": 3, "HTHG": 0, "HTR": "A", "HY": 1, "HomeTeam": "Valenciennes"},{"AC": 1, "AF": 12, "AR": 1, "AS": 5, "AST": 3, "AY": 1, "AwayTeam": "Evian Thonon Gaillard", "Date": "2014-04-23", "FTAG": 0, "FTHG": 1, "FTR": "H", "HC": 5, "HF": 13, "HR": 0, "HS": 19, "HST": 3, "HTAG": 0, "HTHG": 0, "HTR": "D", "HY": 3, "HomeTeam": "Paris SG"},{"AC": 4, "AF": 11, "AR": 0, "AS": 8, "AST": 3, "AY": 0, "AwayTeam": "Lyon", "Date": "2014-04-23", "FTAG": 0, "FTHG": 0, "FTR": "D", "HC": 5, "HF": 11, "HR": 0, "HS": 12, "HST": 2, "HTAG": 0, "HTHG": 0, "HTR": "D", "HY": 1, "HomeTeam": "Toulouse"},{"AC": 10, "AF": 11, "AR": 0, "AS": 16, "AST": 5, "AY": 1, "AwayTeam": "Marseille", "Date": "2014-04-25", "FTAG": 1, "FTHG": 1, "FTR": "D", "HC": 3, "HF": 12, "HR": 0, "HS": 12, "HST": 2, "HTAG": 1, "HTHG": 0, "HTR": "A", "HY": 1, "HomeTeam": "Nantes"},{"AC": 6, "AF": 11, "AR": 0, "AS": 14, "AST": 6, "AY": 1, "AwayTeam": "Monaco", "Date": "2014-04-26", "FTAG": 4, "FTHG": 1, "FTR": "A", "HC": 4, "HF": 18, "HR": 0, "HS": 11, "HST": 4, "HTAG": 0, "HTHG": 0, "HTR": "D", "HY": 3, "HomeTeam": "Ajaccio"},{"AC": 4, "AF": 5, "AR": 0, "AS": 17, "AST": 6, "AY": 0, "AwayTeam": "St Etienne", "Date": "2014-04-26", "FTAG": 2, "FTHG": 1, "FTR": "A", "HC": 3, "HF": 11, "HR": 2, "HS": 9, "HST": 2, "HTAG": 2, "HTHG": 0, "HTR": "A", "HY": 3, "HomeTeam": "Evian Thonon Gaillard"},{"AC": 3, "AF": 12, "AR": 0, "AS": 11, "AST": 3, "AY": 0, "AwayTeam": "Valenciennes", "Date": "2014-04-26", "FTAG": 0, "FTHG": 1, "FTR": "H", "HC": 6, "HF": 13, "HR": 0, "HS": 14, "HST": 5, "HTAG": 0, "HTHG": 0, "HTR": "D", "HY": 1, "HomeTeam": "Guingamp"},{"AC": 3, "AF": 16, "AR": 0, "AS": 13, "AST": 4, "AY": 2, "AwayTeam": "Toulouse", "Date": "2014-04-26", "FTAG": 1, "FTHG": 2, "FTR": "H", "HC": 8, "HF": 13, "HR": 0, "HS": 15, "HST": 5, "HTAG": 1, "HTHG": 0, "HTR": "A", "HY": 1, "HomeTeam": "Montpellier"},{"AC": 4, "AF": 17, "AR": 0, "AS": 11, "AST": 3, "AY": 1, "AwayTeam": "Reims", "Date": "2014-04-26", "FTAG": 0, "FTHG": 1, "FTR": "H", "HC": 4, "HF": 9, "HR": 0, "HS": 15, "HST": 5, "HTAG": 0, "HTHG": 0, "HTR": "D", "HY": 1, "HomeTeam": "Nice"},{"AC": 5, "AF": 12, "AR": 0, "AS": 15, "AST": 3, "AY": 1, "AwayTeam": "Lorient", "Date": "2014-04-26", "FTAG": 1, "FTHG": 1, "FTR": "D", "HC": 4, "HF": 14, "HR": 0, "HS": 11, "HST": 3, "HTAG": 1, "HTHG": 0, "HTR": "A", "HY": 2, "HomeTeam": "Rennes"},{"AC": 4, "AF": 20, "AR": 0, "AS": 8, "AST": 2, "AY": 1, "AwayTeam": "Bordeaux", "Date": "2014-04-27", "FTAG": 1, "FTHG": 2, "FTR": "H", "HC": 8, "HF": 13, "HR": 0, "HS": 16, "HST": 9, "HTAG": 0, "HTHG": 1, "HTR": "H", "HY": 2, "HomeTeam": "Lille"},{"AC": 7, "AF": 8, "AR": 0, "AS": 8, "AST": 2, "AY": 1, "AwayTeam": "Bastia", "Date": "2014-04-27", "FTAG": 1, "FTHG": 4, "FTR": "H", "HC": 5, "HF": 12, "HR": 0, "HS": 17, "HST": 7, "HTAG": 0, "HTHG": 2, "HTR": "H", "HY": 2, "HomeTeam": "Lyon"},{"AC": 5, "AF": 6, "AR": 0, "AS": 15, "AST": 7, "AY": 1, "AwayTeam": "Paris SG", "Date": "2014-04-27", "FTAG": 1, "FTHG": 1, "FTR": "D", "HC": 4, "HF": 9, "HR": 0, "HS": 14, "HST": 2, "HTAG": 1, "HTHG": 0, "HTR": "A", "HY": 1, "HomeTeam": "Sochaux"},{"AC": 1, "AF": 11, "AR": 0, "AS": 11, "AST": 4, "AY": 1, "AwayTeam": "Lille", "Date": "2014-05-02", "FTAG": 1, "FTHG": 1, "FTR": "D", "HC": 6, "HF": 11, "HR": 0, "HS": 11, "HST": 2, "HTAG": 1, "HTHG": 0, "HTR": "A", "HY": 1, "HomeTeam": "Bastia"},{"AC": 1, "AF": 16, "AR": 0, "AS": 7, "AST": 2, "AY": 2, "AwayTeam": "Ajaccio", "Date": "2014-05-04", "FTAG": 0, "FTHG": 1, "FTR": "H", "HC": 6, "HF": 11, "HR": 1, "HS": 10, "HST": 1, "HTAG": 0, "HTHG": 1, "HTR": "H", "HY": 0, "HomeTeam": "Lorient"},{"AC": 6, "AF": 15, "AR": 0, "AS": 11, "AST": 2, "AY": 2, "AwayTeam": "Lyon", "Date": "2014-05-04", "FTAG": 2, "FTHG": 4, "FTR": "H", "HC": 4, "HF": 14, "HR": 0, "HS": 19, "HST": 9, "HTAG": 1, "HTHG": 2, "HTR": "H", "HY": 1, "HomeTeam": "Marseille"},{"AC": 3, "AF": 18, "AR": 0, "AS": 11, "AST": 4, "AY": 1, "AwayTeam": "Evian Thonon Gaillard", "Date": "2014-05-04", "FTAG": 0, "FTHG": 1, "FTR": "H", "HC": 4, "HF": 19, "HR": 0, "HS": 15, "HST": 4, "HTAG": 0, "HTHG": 1, "HTR": "H", "HY": 4, "HomeTeam": "Reims"},{"AC": 2, "AF": 15, "AR": 1, "AS": 11, "AST": 1, "AY": 2, "AwayTeam": "Nice", "Date": "2014-05-04", "FTAG": 0, "FTHG": 2, "FTR": "H", "HC": 4, "HF": 17, "HR": 0, "HS": 17, "HST": 7, "HTAG": 0, "HTHG": 1, "HTR": "H", "HY": 3, "HomeTeam": "Sochaux"},{"AC": 1, "AF": 9, "AR": 0, "AS": 7, "AST": 0, "AY": 3, "AwayTeam": "Montpellier", "Date": "2014-05-04", "FTAG": 0, "FTHG": 2, "FTR": "H", "HC": 7, "HF": 22, "HR": 0, "HS": 7, "HST": 3, "HTAG": 0, "HTHG": 0, "HTR": "D", "HY": 1, "HomeTeam": "St Etienne"},{"AC": 1, "AF": 17, "AR": 1, "AS": 5, "AST": 3, "AY": 2, "AwayTeam": "Nantes", "Date": "2014-05-04", "FTAG": 1, "FTHG": 1, "FTR": "D", "HC": 10, "HF": 7, "HR": 0, "HS": 21, "HST": 7, "HTAG": 1, "HTHG": 0, "HTR": "A", "HY": 2, "HomeTeam": "Toulouse"},{"AC": 2, "AF": 16, "AR": 0, "AS": 13, "AST": 5, "AY": 1, "AwayTeam": "Bordeaux", "Date": "2014-05-04", "FTAG": 1, "FTHG": 0, "FTR": "A", "HC": 3, "HF": 19, "HR": 0, "HS": 12, "HST": 5, "HTAG": 0, "HTHG": 0, "HTR": "D", "HY": 2, "HomeTeam": "Valenciennes"},{"AC": 1, "AF": 18, "AR": 1, "AS": 4, "AST": 2, "AY": 3, "AwayTeam": "Guingamp", "Date": "2014-05-07", "FTAG": 1, "FTHG": 1, "FTR": "D", "HC": 9, "HF": 15, "HR": 0, "HS": 16, "HST": 3, "HTAG": 0, "HTHG": 0, "HTR": "D", "HY": 2, "HomeTeam": "Monaco"},{"AC": 0, "AF": 7, "AR": 0, "AS": 6, "AST": 4, "AY": 0, "AwayTeam": "Rennes", "Date": "2014-05-07", "FTAG": 2, "FTHG": 1, "FTR": "A", "HC": 13, "HF": 4, "HR": 0, "HS": 25, "HST": 7, "HTAG": 2, "HTHG": 1, "HTR": "A", "HY": 2, "HomeTeam": "Paris SG"},{"AC": 5, "AF": 9, "AR": 0, "AS": 13, "AST": 8, "AY": 0, "AwayTeam": "Reims", "Date": "2014-05-10", "FTAG": 1, "FTHG": 2, "FTR": "H", "HC": 4, "HF": 10, "HR": 0, "HS": 11, "HST": 5, "HTAG": 1, "HTHG": 2, "HTR": "H", "HY": 0, "HomeTeam": "Ajaccio"},{"AC": 0, "AF": 13, "AR": 0, "AS": 5, "AST": 2, "AY": 1, "AwayTeam": "Marseille", "Date": "2014-05-10", "FTAG": 1, "FTHG": 1, "FTR": "D", "HC": 3, "HF": 19, "HR": 0, "HS": 12, "HST": 3, "HTAG": 1, "HTHG": 0, "HTR": "A", "HY": 2, "HomeTeam": "Bordeaux"},{"AC": 4, "AF": 11, "AR": 0, "AS": 4, "AST": 1, "AY": 0, "AwayTeam": "Nice", "Date": "2014-05-10", "FTAG": 0, "FTHG": 2, "FTR": "H", "HC": 5, "HF": 12, "HR": 0, "HS": 9, "HST": 3, "HTAG": 0, "HTHG": 1, "HTR": "H", "HY": 0, "HomeTeam": "Evian Thonon Gaillard"},{"AC": 9, "AF": 17, "AR": 0, "AS": 16, "AST": 9, "AY": 1, "AwayTeam": "Toulouse", "Date": "2014-05-10", "FTAG": 0, "FTHG": 2, "FTR": "H", "HC": 0, "HF": 16, "HR": 0, "HS": 7, "HST": 3, "HTAG": 0, "HTHG": 2, "HTR": "H", "HY": 0, "HomeTeam": "Guingamp"},{"AC": 2, "AF": 15, "AR": 0, "AS": 9, "AST": 5, "AY": 4, "AwayTeam": "Paris SG", "Date": "2014-05-10", "FTAG": 3, "FTHG": 1, "FTR": "A", "HC": 11, "HF": 11, "HR": 1, "HS": 20, "HST": 6, "HTAG": 1, "HTHG": 0, "HTR": "A", "HY": 1, "HomeTeam": "Lille"},{"AC": 3, "AF": 10, "AR": 1, "AS": 11, "AST": 3, "AY": 1, "AwayTeam": "Lorient", "Date": "2014-05-10", "FTAG": 1, "FTHG": 0, "FTR": "A", "HC": 8, "HF": 12, "HR": 2, "HS": 16, "HST": 5, "HTAG": 0, "HTHG": 0, "HTR": "D", "HY": 2, "HomeTeam": "Lyon"},{"AC": 4, "AF": 14, "AR": 0, "AS": 15, "AST": 7, "AY": 1, "AwayTeam": "Bastia", "Date": "2014-05-10", "FTAG": 2, "FTHG": 0, "FTR": "A", "HC": 2, "HF": 8, "HR": 0, "HS": 12, "HST": 3, "HTAG": 1, "HTHG": 0, "HTR": "A", "HY": 1, "HomeTeam": "Montpellier"},{"AC": 1, "AF": 13, "AR": 0, "AS": 5, "AST": 3, "AY": 2, "AwayTeam": "St Etienne", "Date": "2014-05-10", "FTAG": 3, "FTHG": 1, "FTR": "A", "HC": 11, "HF": 11, "HR": 0, "HS": 19, "HST": 8, "HTAG": 3, "HTHG": 0, "HTR": "A", "HY": 3, "HomeTeam": "Nantes"},{"AC": 7, "AF": 8, "AR": 0, "AS": 14, "AST": 7, "AY": 3, "AwayTeam": "Sochaux", "Date": "2014-05-10", "FTAG": 2, "FTHG": 1, "FTR": "A", "HC": 4, "HF": 14, "HR": 0, "HS": 10, "HST": 4, "HTAG": 1, "HTHG": 0, "HTR": "A", "HY": 2, "HomeTeam": "Rennes"},{"AC": 3, "AF": 11, "AR": 0, "AS": 9, "AST": 6, "AY": 2, "AwayTeam": "Monaco", "Date": "2014-05-10", "FTAG": 2, "FTHG": 1, "FTR": "A", "HC": 10, "HF": 14, "HR": 0, "HS": 9, "HST": 2, "HTAG": 1, "HTHG": 0, "HTR": "A", "HY": 1, "HomeTeam": "Valenciennes"},{"AC": 3, "AF": 12, "AR": 0, "AS": 9, "AST": 3, "AY": 0, "AwayTeam": "Nantes", "Date": "2014-05-17", "FTAG": 0, "FTHG": 0, "FTR": "D", "HC": 11, "HF": 10, "HR": 0, "HS": 6, "HST": 4, "HTAG": 0, "HTHG": 0, "HTR": "D", "HY": 0, "HomeTeam": "Bastia"},{"AC": 2, "AF": 5, "AR": 0, "AS": 14, "AST": 6, "AY": 1, "AwayTeam": "Lille", "Date": "2014-05-17", "FTAG": 4, "FTHG": 1, "FTR": "A", "HC": 3, "HF": 13, "HR": 0, "HS": 11, "HST": 4, "HTAG": 1, "HTHG": 1, "HTR": "D", "HY": 2, "HomeTeam": "Lorient"},{"AC": 5, "AF": 9, "AR": 0, "AS": 9, "AST": 0, "AY": 1, "AwayTeam": "Guingamp", "Date": "2014-05-17", "FTAG": 0, "FTHG": 1, "FTR": "H", "HC": 13, "HF": 8, "HR": 0, "HS": 21, "HST": 4, "HTAG": 0, "HTHG": 0, "HTR": "D", "HY": 0, "HomeTeam": "Marseille"},{"AC": 10, "AF": 5, "AR": 0, "AS": 12, "AST": 5, "AY": 0, "AwayTeam": "Bordeaux", "Date": "2014-05-17", "FTAG": 1, "FTHG": 1, "FTR": "D", "HC": 8, "HF": 11, "HR": 0, "HS": 15, "HST": 3, "HTAG": 1, "HTHG": 0, "HTR": "A", "HY": 1, "HomeTeam": "Monaco"},{"AC": 2, "AF": 22, "AR": 0, "AS": 12, "AST": 7, "AY": 3, "AwayTeam": "Lyon", "Date": "2014-05-17", "FTAG": 1, "FTHG": 0, "FTR": "A", "HC": 5, "HF": 11, "HR": 0, "HS": 12, "HST": 2, "HTAG": 1, "HTHG": 0, "HTR": "A", "HY": 2, "HomeTeam": "Nice"},{"AC": 8, "AF": 6, "AR": 0, "AS": 15, "AST": 1, "AY": 1, "AwayTeam": "Montpellier", "Date": "2014-05-17", "FTAG": 0, "FTHG": 4, "FTR": "H", "HC": 2, "HF": 12, "HR": 0, "HS": 18, "HST": 12, "HTAG": 0, "HTHG": 2, "HTR": "H", "HY": 0, "HomeTeam": "Paris SG"},{"AC": 6, "AF": 6, "AR": 0, "AS": 14, "AST": 3, "AY": 1, "AwayTeam": "Rennes", "Date": "2014-05-17", "FTAG": 3, "FTHG": 1, "FTR": "A", "HC": 7, "HF": 9, "HR": 0, "HS": 16, "HST": 4, "HTAG": 1, "HTHG": 0, "HTR": "A", "HY": 0, "HomeTeam": "Reims"},{"AC": 2, "AF": 21, "AR": 0, "AS": 9, "AST": 6, "AY": 1, "AwayTeam": "Evian Thonon Gaillard", "Date": "2014-05-17", "FTAG": 3, "FTHG": 0, "FTR": "A", "HC": 7, "HF": 7, "HR": 0, "HS": 20, "HST": 5, "HTAG": 2, "HTHG": 0, "HTR": "A", "HY": 2, "HomeTeam": "Sochaux"},{"AC": 3, "AF": 19, "AR": 0, "AS": 8, "AST": 3, "AY": 0, "AwayTeam": "Ajaccio", "Date": "2014-05-17", "FTAG": 1, "FTHG": 3, "FTR": "H", "HC": 2, "HF": 12, "HR": 0, "HS": 14, "HST": 8, "HTAG": 0, "HTHG": 2, "HTR": "H", "HY": 0, "HomeTeam": "St Etienne"},{"AC": 4, "AF": 11, "AR": 0, "AS": 15, "AST": 5, "AY": 2, "AwayTeam": "Valenciennes", "Date": "2014-05-17", "FTAG": 1, "FTHG": 3, "FTR": "H", "HC": 6, "HF": 11, "HR": 0, "HS": 9, "HST": 4, "HTAG": 0, "HTHG": 2, "HTR": "H", "HY": 1, "HomeTeam": "Toulouse"}]