[{"AC": 2, "AF": 17, "AR": 1, "AS": 7, "AST": 2, "AY": 2, "AwayTeam": "Paris SG", "Date": "2015-08-07", "FTAG": 1, "FTHG": 0, "FTR": "A", "HC": 3, "HF": 20, "HR": 0, "HS": 12, "HST": 2, "HTAG": 0, "HTHG": 0, "HTR": "D", "HY": 3, "HomeTeam": "Lille"},{"AC": 2, "AF": 19, "AR": 0, "AS": 6, "AST": 3, "AY": 1, "AwayTeam": "Rennes", "Date": "2015-08-08", "FTAG": 1, "FTHG": 2, "FTR": "H", "HC": 6, "HF": 15, "HR": 1, "HS": 11, "HST": 3, "HTAG": 1, "HTHG": 0, "HTR": "A", "HY": 0, "HomeTeam": "Bastia"},{"AC": 2, "AF": 10, "AR": 0, "AS": 8, "AST": 4, "AY": 0, "AwayTeam": "Caen", "Date": "2015-08-08", "FTAG": 1, "FTHG": 0, "FTR": "A", "HC": 14, "HF": 10, "HR": 0, "HS": 17, "HST": 4, "HTAG": 1, "HTHG": 0, "HTR": "A", "HY": 1, "HomeTeam": "Marseille"},{"AC": 9, "AF": 15, "AR": 0, "AS": 16, "AST": 6, "AY": 2, "AwayTeam": "Angers", "Date": "2015-08-08", "FTAG": 2, "FTHG": 0, "FTR": "A", "HC": 5, "HF": 12, "HR": 0, "HS": 11, "HST": 4, "HTAG": 1, "HTHG": 0, "HTR": "A", "HY": 3, "HomeTeam": "Montpellier"},{"AC": 2, "AF": 16, "AR": 0, "AS": 10, "AST": 4, "AY": 2, "AwayTeam": "Guingamp", "Date": "2015-08-08", "FTAG": 0, "FTHG": 1, "FTR": "H", "HC": 6, "HF": 13, "HR": 0, "HS": 9, "HST": 4, "HTAG": 0, "HTHG": 0, "HTR": "D", "HY": 2, "HomeTeam": "Nantes"},{"AC": 10, "AF": 18, "AR": 0, "AS": 19, "AST": 6, "AY": 2, "AwayTeam": "Monaco", "Date": "2015-08-08", "FTAG": 2, "FTHG": 1, "FTR": "A", "HC": 2, "HF": 18, "HR": 1, "HS": 5, "HST": 2, "HTAG": 0, "HTHG": 1, "HTR": "H", "HY": 2, "HomeTeam": "Nice"},{"AC": 3, "AF": 8, "AR": 0, "AS": 6, "AST": 1, "AY": 4, "AwayTeam": "Ajaccio GFCO", "Date": "2015-08-08", "FTAG": 0, "FTHG": 0, "FTR": "D", "HC": 9, "HF": 11, "HR": 0, "HS": 12, "HST": 4, "HTAG": 0, "HTHG": 0, "HTR": "D", "HY": 0, "HomeTeam": "Troyes"},{"AC": 3, "AF": 12, "AR": 0, "AS": 14, "AST": 6, "AY": 2, "AwayTeam": "Reims", "Date": "2015-08-09", "FTAG": 2, "FTHG": 1, "FTR": "A", "HC": 4, "HF": 14, "HR": 0, "HS": 14, "HST": 4, "HTAG": 0, "HTHG": 1, "HTR": "H", "HY": 2, "HomeTeam": "Bordeaux"},{"AC": 2, "AF": 12, "AR": 0, "AS": 10, "AST": 5, "AY": 2, "AwayTeam": "Lorient", "Date": "2015-08-09", "FTAG": 0, "FTHG": 0, "FTR": "D", "HC": 7, "HF": 11, "HR": 0, "HS": 21, "HST": 6, "HTAG": 0, "HTHG": 0, "HTR": "D", "HY": 1, "HomeTeam": "Lyon"},{"AC": 4, "AF": 10, "AR": 0, "AS": 11, "AST": 2, "AY": 1, "AwayTeam": "St Etienne", "Date": "2015-08-09", "FTAG": 1, "FTHG": 2, "FTR": "H", "HC": 3, "HF": 10, "HR": 1, "HS": 9, "HST": 3, "HTAG": 1, "HTHG": 1, "HTR": "D", "HY": 0, "HomeTeam": "Toulouse"},{"AC": 6, "AF": 19, "AR": 0, "AS": 9, "AST": 2, "AY": 5, "AwayTeam": "Lille", "Date": "2015-08-14", "FTAG": 0, "FTHG": 0, "FTR": "D", "HC": 4, "HF": 12, "HR": 0, "HS": 9, "HST": 3, "HTAG": 0, "HTHG": 0, "HTR": "D", "HY": 1, "HomeTeam": "Monaco"},{"AC": 2, "AF": 17, "AR": 0, "AS": 2, "AST": 1, "AY": 4, "AwayTeam": "Nantes", "Date": "2015-08-15", "FTAG": 0, "FTHG": 0, "FTR": "D", "HC": 4, "HF": 12, "HR": 0, "HS": 10, "HST": 3, "HTAG": 0, "HTHG": 0, "HTR": "D", "HY": 3, "HomeTeam": "Angers"},{"AC": 3, "AF": 14, "AR": 1, "AS": 13, "AST": 4, "AY": 3, "AwayTeam": "Toulouse", "Date": "2015-08-15", "FTAG": 0, "FTHG": 1, "FTR": "H", "HC": 3, "HF": 14, "HR": 0, "HS": 9, "HST": 3, "HTAG": 0, "HTHG": 0, "HTR": "D", "HY": 1, "HomeTeam": "Caen"},{"AC": 2, "AF": 18, "AR": 0, "AS": 11, "AST": 3, "AY": 2, "AwayTeam": "Lyon", "Date": "2015-08-15", "FTAG": 1, "FTHG": 0, "FTR": "A", "HC": 9, "HF": 16, "HR": 0, "HS": 11, "HST": 3, "HTAG": 0, "HTHG": 0, "HTR": "D", "HY": 2, "HomeTeam": "Guingamp"},{"AC": 4, "AF": 9, "AR": 0, "AS": 4, "AST": 0, "AY": 1, "AwayTeam": "Montpellier", "Date": "2015-08-15", "FTAG": 0, "FTHG": 1, "FTR": "H", "HC": 3, "HF": 11, "HR": 0, "HS": 10, "HST": 2, "HTAG": 0, "HTHG": 0, "HTR": "D", "HY": 3, "HomeTeam": "Rennes"},{"AC": 8, "AF": 11, "AR": 0, "AS": 17, "AST": 3, "AY": 1, "AwayTeam": "Bordeaux", "Date": "2015-08-15", "FTAG": 1, "FTHG": 1, "FTR": "D", "HC": 1, "HF": 17, "HR": 0, "HS": 7, "HST": 2, "HTAG": 0, "HTHG": 0, "HTR": "D", "HY": 2, "HomeTeam": "St Etienne"},{"AC": 3, "AF": 13, "AR": 0, "AS": 18, "AST": 6, "AY": 3, "AwayTeam": "Nice", "Date": "2015-08-15", "FTAG": 3, "FTHG": 3, "FTR": "D", "HC": 11, "HF": 11, "HR": 1, "HS": 11, "HST": 7, "HTAG": 3, "HTHG": 1, "HTR": "A", "HY": 3, "HomeTeam": "Troyes"},{"AC": 2, "AF": 15, "AR": 0, "AS": 7, "AST": 2, "AY": 2, "AwayTeam": "Bastia", "Date": "2015-08-16", "FTAG": 1, "FTHG": 1, "FTR": "D", "HC": 4, "HF": 13, "HR": 0, "HS": 12, "HST": 4, "HTAG": 1, "HTHG": 0, "HTR": "A", "HY": 3, "HomeTeam": "Lorient"},{"AC": 1, "AF": 14, "AR": 0, "AS": 8, "AST": 2, "AY": 3, "AwayTeam": "Ajaccio GFCO", "Date": "2015-08-16", "FTAG": 0, "FTHG": 2, "FTR": "H", "HC": 4, "HF": 8, "HR": 0, "HS": 18, "HST": 6, "HTAG": 0, "HTHG": 2, "HTR": "H", "HY": 1, "HomeTeam": "Paris SG"},{"AC": 7, "AF": 14, "AR": 1, "AS": 13, "AST": 4, "AY": 2, "AwayTeam": "Marseille", "Date": "2015-08-16", "FTAG": 0, "FTHG": 1, "FTR": "H", "HC": 8, "HF": 13, "HR": 0, "HS": 15, "HST": 5, "HTAG": 0, "HTHG": 1, "HTR": "H", "HY": 2, "HomeTeam": "Reims"},{"AC": 1, "AF": 8, "AR": 0, "AS": 9, "AST": 5, "AY": 1, "AwayTeam": "Paris SG", "Date": "2015-08-21", "FTAG": 1, "FTHG": 0, "FTR": "A", "HC": 2, "HF": 13, "HR": 0, "HS": 10, "HST": 3, "HTAG": 0, "HTHG": 0, "HTR": "D", "HY": 2, "HomeTeam": "Montpellier"},{"AC": 3, "AF": 10, "AR": 0, "AS": 9, "AST": 5, "AY": 2, "AwayTeam": "Angers", "Date": "2015-08-22", "FTAG": 2, "FTHG": 0, "FTR": "A", "HC": 9, "HF": 12, "HR": 0, "HS": 8, "HST": 3, "HTAG": 2, "HTHG": 0, "HTR": "A", "HY": 2, "HomeTeam": "Ajaccio GFCO"},{"AC": 5, "AF": 13, "AR": 0, "AS": 15, "AST": 4, "AY": 3, "AwayTeam": "Guingamp", "Date": "2015-08-22", "FTAG": 0, "FTHG": 3, "FTR": "H", "HC": 3, "HF": 14, "HR": 0, "HS": 10, "HST": 5, "HTAG": 0, "HTHG": 2, "HTR": "H", "HY": 2, "HomeTeam": "Bastia"},{"AC": 1, "AF": 13, "AR": 0, "AS": 6, "AST": 3, "AY": 3, "AwayTeam": "Rennes", "Date": "2015-08-22", "FTAG": 2, "FTHG": 1, "FTR": "A", "HC": 6, "HF": 12, "HR": 0, "HS": 15, "HST": 4, "HTAG": 1, "HTHG": 1, "HTR": "D", "HY": 1, "HomeTeam": "Lyon"},{"AC": 2, "AF": 10, "AR": 0, "AS": 2, "AST": 1, "AY": 3, "AwayTeam": "Reims", "Date": "2015-08-22", "FTAG": 0, "FTHG": 1, "FTR": "H", "HC": 1, "HF": 12, "HR": 0, "HS": 13, "HST": 6, "HTAG": 0, "HTHG": 0, "HTR": "D", "HY": 1, "HomeTeam": "Nantes"},{"AC": 3, "AF": 16, "AR": 0, "AS": 12, "AST": 6, "AY": 3, "AwayTeam": "Caen", "Date": "2015-08-22", "FTAG": 1, "FTHG": 2, "FTR": "H", "HC": 2, "HF": 7, "HR": 0, "HS": 7, "HST": 4, "HTAG": 0, "HTHG": 0, "HTR": "D", "HY": 1, "HomeTeam": "Nice"},{"AC": 5, "AF": 20, "AR": 0, "AS": 14, "AST": 3, "AY": 4, "AwayTeam": "Monaco", "Date": "2015-08-22", "FTAG": 1, "FTHG": 1, "FTR": "D", "HC": 4, "HF": 13, "HR": 0, "HS": 13, "HST": 4, "HTAG": 0, "HTHG": 1, "HTR": "H", "HY": 0, "HomeTeam": "Toulouse"},{"AC": 10, "AF": 23, "AR": 0, "AS": 12, "AST": 4, "AY": 5, "AwayTeam": "Bordeaux", "Date": "2015-08-23", "FTAG": 0, "FTHG": 0, "FTR": "D", "HC": 12, "HF": 11, "HR": 0, "HS": 15, "HST": 5, "HTAG": 0, "HTHG": 0, "HTR": "D", "HY": 1, "HomeTeam": "Lille"},{"AC": 4, "AF": 24, "AR": 0, "AS": 12, "AST": 5, "AY": 3, "AwayTeam": "St Etienne", "Date": "2015-08-23", "FTAG": 1, "FTHG": 0, "FTR": "A", "HC": 3, "HF": 12, "HR": 1, "HS": 10, "HST": 2, "HTAG": 0, "HTHG": 0, "HTR": "D", "HY": 0, "HomeTeam": "Lorient"},{"AC": 5, "AF": 9, "AR": 0, "AS": 6, "AST": 1, "AY": 1, "AwayTeam": "Troyes", "Date": "2015-08-23", "FTAG": 0, "FTHG": 6, "FTR": "H", "HC": 6, "HF": 8, "HR": 0, "HS": 16, "HST": 7, "HTAG": 0, "HTHG": 1, "HTR": "H", "HY": 1, "HomeTeam": "Marseille"},{"AC": 8, "AF": 13, "AR": 0, "AS": 14, "AST": 6, "AY": 5, "AwayTeam": "Marseille", "Date": "2015-08-28", "FTAG": 0, "FTHG": 2, "FTR": "H", "HC": 4, "HF": 10, "HR": 0, "HS": 12, "HST": 5, "HTAG": 0, "HTHG": 0, "HTR": "D", "HY": 1, "HomeTeam": "Guingamp"},{"AC": 6, "AF": 8, "AR": 0, "AS": 11, "AST": 5, "AY": 2, "AwayTeam": "Nice", "Date": "2015-08-29", "FTAG": 1, "FTHG": 1, "FTR": "D", "HC": 3, "HF": 14, "HR": 0, "HS": 5, "HST": 2, "HTAG": 0, "HTHG": 1, "HTR": "H", "HY": 2, "HomeTeam": "Angers"},{"AC": 3, "AF": 17, "AR": 0, "AS": 13, "AST": 5, "AY": 0, "AwayTeam": "Lyon", "Date": "2015-08-29", "FTAG": 4, "FTHG": 0, "FTR": "A", "HC": 8, "HF": 13, "HR": 1, "HS": 14, "HST": 6, "HTAG": 2, "HTHG": 0, "HTR": "A", "HY": 1, "HomeTeam": "Caen"},{"AC": 4, "AF": 17, "AR": 0, "AS": 12, "AST": 6, "AY": 3, "AwayTeam": "Ajaccio GFCO", "Date": "2015-08-29", "FTAG": 0, "FTHG": 1, "FTR": "H", "HC": 7, "HF": 13, "HR": 0, "HS": 13, "HST": 5, "HTAG": 0, "HTHG": 1, "HTR": "H", "HY": 1, "HomeTeam": "Lille"},{"AC": 5, "AF": 8, "AR": 0, "AS": 13, "AST": 4, "AY": 1, "AwayTeam": "Lorient", "Date": "2015-08-29", "FTAG": 1, "FTHG": 4, "FTR": "H", "HC": 5, "HF": 12, "HR": 0, "HS": 14, "HST": 10, "HTAG": 0, "HTHG": 1, "HTR": "H", "HY": 3, "HomeTeam": "Reims"},{"AC": 3, "AF": 9, "AR": 0, "AS": 8, "AST": 3, "AY": 3, "AwayTeam": "Toulouse", "Date": "2015-08-29", "FTAG": 1, "FTHG": 3, "FTR": "H", "HC": 7, "HF": 12, "HR": 0, "HS": 13, "HST": 5, "HTAG": 1, "HTHG": 1, "HTR": "D", "HY": 2, "HomeTeam": "Rennes"},{"AC": 5, "AF": 10, "AR": 0, "AS": 13, "AST": 4, "AY": 1, "AwayTeam": "Montpellier", "Date": "2015-08-29", "FTAG": 0, "FTHG": 0, "FTR": "D", "HC": 4, "HF": 16, "HR": 0, "HS": 8, "HST": 1, "HTAG": 0, "HTHG": 0, "HTR": "D", "HY": 2, "HomeTeam": "Troyes"},{"AC": 5, "AF": 17, "AR": 1, "AS": 11, "AST": 1, "AY": 3, "AwayTeam": "Nantes", "Date": "2015-08-30", "FTAG": 0, "FTHG": 2, "FTR": "H", "HC": 7, "HF": 9, "HR": 0, "HS": 19, "HST": 4, "HTAG": 0, "HTHG": 1, "HTR": "H", "HY": 3, "HomeTeam": "Bordeaux"},{"AC": 2, "AF": 12, "AR": 0, "AS": 19, "AST": 8, "AY": 1, "AwayTeam": "Paris SG", "Date": "2015-08-30", "FTAG": 3, "FTHG": 0, "FTR": "A", "HC": 3, "HF": 7, "HR": 0, "HS": 3, "HST": 2, "HTAG": 0, "HTHG": 0, "HTR": "D", "HY": 0, "HomeTeam": "Monaco"},{"AC": 0, "AF": 6, "AR": 2, "AS": 6, "AST": 1, "AY": 1, "AwayTeam": "Bastia", "Date": "2015-08-30", "FTAG": 1, "FTHG": 2, "FTR": "H", "HC": 12, "HF": 11, "HR": 0, "HS": 23, "HST": 6, "HTAG": 1, "HTHG": 1, "HTR": "D", "HY": 1, "HomeTeam": "St Etienne"},{"AC": 6, "AF": 14, "AR": 1, "AS": 10, "AST": 3, "AY": 2, "AwayTeam": "Bordeaux", "Date": "2015-09-11", "FTAG": 2, "FTHG": 2, "FTR": "D", "HC": 11, "HF": 11, "HR": 0, "HS": 19, "HST": 5, "HTAG": 1, "HTHG": 2, "HTR": "H", "HY": 2, "HomeTeam": "Paris SG"},{"AC": 2, "AF": 18, "AR": 0, "AS": 7, "AST": 1, "AY": 1, "AwayTeam": "Angers", "Date": "2015-09-12", "FTAG": 1, "FTHG": 3, "FTR": "H", "HC": 6, "HF": 10, "HR": 0, "HS": 14, "HST": 6, "HTAG": 1, "HTHG": 0, "HTR": "A", "HY": 1, "HomeTeam": "Lorient"},{"AC": 1, "AF": 20, "AR": 0, "AS": 9, "AST": 3, "AY": 4, "AwayTeam": "Lille", "Date": "2015-09-12", "FTAG": 0, "FTHG": 0, "FTR": "D", "HC": 7, "HF": 14, "HR": 0, "HS": 13, "HST": 6, "HTAG": 0, "HTHG": 0, "HTR": "D", "HY": 1, "HomeTeam": "Lyon"},{"AC": 5, "AF": 20, "AR": 0, "AS": 12, "AST": 3, "AY": 2, "AwayTeam": "St Etienne", "Date": "2015-09-12", "FTAG": 2, "FTHG": 1, "FTR": "A", "HC": 9, "HF": 16, "HR": 0, "HS": 16, "HST": 8, "HTAG": 1, "HTHG": 0, "HTR": "A", "HY": 3, "HomeTeam": "Montpellier"},{"AC": 1, "AF": 23, "AR": 0, "AS": 8, "AST": 3, "AY": 3, "AwayTeam": "Guingamp", "Date": "2015-09-12", "FTAG": 1, "FTHG": 0, "FTR": "A", "HC": 1, "HF": 10, "HR": 0, "HS": 16, "HST": 1, "HTAG": 0, "HTHG": 0, "HTR": "D", "HY": 1, "HomeTeam": "Nice"},{"AC": 4, "AF": 15, "AR": 0, "AS": 9, "AST": 4, "AY": 2, "AwayTeam": "Reims", "Date": "2015-09-12", "FTAG": 2, "FTHG": 2, "FTR": "D", "HC": 2, "HF": 10, "HR": 0, "HS": 15, "HST": 6, "HTAG": 0, "HTHG": 2, "HTR": "H", "HY": 2, "HomeTeam": "Toulouse"},{"AC": 5, "AF": 9, "AR": 1, "AS": 15, "AST": 8, "AY": 0, "AwayTeam": "Caen", "Date": "2015-09-12", "FTAG": 3, "FTHG": 1, "FTR": "A", "HC": 6, "HF": 7, "HR": 0, "HS": 14, "HST": 6, "HTAG": 2, "HTHG": 0, "HTR": "A", "HY": 4, "HomeTeam": "Troyes"},{"AC": 4, "AF": 15, "AR": 0, "AS": 13, "AST": 8, "AY": 3, "AwayTeam": "Monaco", "Date": "2015-09-13", "FTAG": 1, "FTHG": 0, "FTR": "A", "HC": 14, "HF": 16, "HR": 0, "HS": 24, "HST": 4, "HTAG": 1, "HTHG": 0, "HTR": "A", "HY": 3, "HomeTeam": "Ajaccio GFCO"},{"AC": 0, "AF": 9, "AR": 0, "AS": 6, "AST": 2, "AY": 1, "AwayTeam": "Bastia", "Date": "2015-09-13", "FTAG": 1, "FTHG": 4, "FTR": "H", "HC": 5, "HF": 11, "HR": 0, "HS": 12, "HST": 7, "HTAG": 0, "HTHG": 1, "HTR": "H", "HY": 2, "HomeTeam": "Marseille"},{"AC": 6, "AF": 11, "AR": 0, "AS": 16, "AST": 6, "AY": 3, "AwayTeam": "Rennes", "Date": "2015-09-13", "FTAG": 2, "FTHG": 0, "FTR": "A", "HC": 1, "HF": 14, "HR": 2, "HS": 10, "HST": 3, "HTAG": 0, "HTHG": 0, "HTR": "D", "HY": 2, "HomeTeam": "Nantes"},{"AC": 2, "AF": 18, "AR": 1, "AS": 15, "AST": 5, "AY": 4, "AwayTeam": "Lille", "Date": "2015-09-18", "FTAG": 1, "FTHG": 1, "FTR": "D", "HC": 8, "HF": 17, "HR": 0, "HS": 9, "HST": 3, "HTAG": 0, "HTHG": 0, "HTR": "D", "HY": 3, "HomeTeam": "Rennes"},{"AC": 5, "AF": 15, "AR": 0, "AS": 14, "AST": 0, "AY": 3, "AwayTeam": "Troyes", "Date": "2015-09-19", "FTAG": 0, "FTHG": 1, "FTR": "H", "HC": 6, "HF": 15, "HR": 1, "HS": 16, "HST": 4, "HTAG": 0, "HTHG": 0, "HTR": "D", "HY": 2, "HomeTeam": "Angers"},{"AC": 3, "AF": 14, "AR": 0, "AS": 9, "AST": 6, "AY": 2, "AwayTeam": "Nice", "Date": "2015-09-19", "FTAG": 3, "FTHG": 1, "FTR": "A", "HC": 7, "HF": 11, "HR": 0, "HS": 8, "HST": 2, "HTAG": 2, "HTHG": 1, "HTR": "A", "HY": 1, "HomeTeam": "Bastia"},{"AC": 5, "AF": 24, "AR": 0, "AS": 3, "AST": 2, "AY": 4, "AwayTeam": "Montpellier", "Date": "2015-09-19", "FTAG": 1, "FTHG": 2, "FTR": "H", "HC": 3, "HF": 15, "HR": 0, "HS": 16, "HST": 6, "HTAG": 1, "HTHG": 1, "HTR": "D", "HY": 2, "HomeTeam": "Caen"},{"AC": 1, "AF": 16, "AR": 1, "AS": 7, "AST": 3, "AY": 4, "AwayTeam": "Ajaccio GFCO", "Date": "2015-09-19", "FTAG": 1, "FTHG": 2, "FTR": "H", "HC": 10, "HF": 6, "HR": 0, "HS": 14, "HST": 4, "HTAG": 1, "HTHG": 1, "HTR": "D", "HY": 2, "HomeTeam": "Guingamp"},{"AC": 9, "AF": 9, "AR": 0, "AS": 17, "AST": 6, "AY": 2, "AwayTeam": "Paris SG", "Date": "2015-09-19", "FTAG": 1, "FTHG": 1, "FTR": "D", "HC": 3, "HF": 9, "HR": 0, "HS": 7, "HST": 3, "HTAG": 0, "HTHG": 0, "HTR": "D", "HY": 2, "HomeTeam": "Reims"},{"AC": 3, "AF": 11, "AR": 1, "AS": 9, "AST": 5, "AY": 2, "AwayTeam": "Toulouse", "Date": "2015-09-20", "FTAG": 1, "FTHG": 1, "FTR": "D", "HC": 6, "HF": 18, "HR": 0, "HS": 17, "HST": 5, "HTAG": 1, "HTHG": 0, "HTR": "A", "HY": 2, "HomeTeam": "Bordeaux"},{"AC": 5, "AF": 12, "AR": 0, "AS": 12, "AST": 5, "AY": 1, "AwayTeam": "Lyon", "Date": "2015-09-20", "FTAG": 1, "FTHG": 1, "FTR": "D", "HC": 1, "HF": 15, "HR": 1, "HS": 14, "HST": 4, "HTAG": 1, "HTHG": 0, "HTR": "A", "HY": 4, "HomeTeam": "Marseille"},{"AC": 3, "AF": 15, "AR": 0, "AS": 16, "AST": 7, "AY": 4, "AwayTeam": "Lorient", "Date": "2015-09-20", "FTAG": 3, "FTHG": 2, "FTR": "A", "HC": 3, "HF": 11, "HR": 0, "HS": 13, "HST": 6, "HTAG": 2, "HTHG": 1, "HTR": "A", "HY": 4, "HomeTeam": "Monaco"},{"AC": 9, "AF": 9, "AR": 0, "AS": 11, "AST": 2, "AY": 1, "AwayTeam": "Nantes", "Date": "2015-09-20", "FTAG": 0, "FTHG": 2, "FTR": "H", "HC": 3, "HF": 11, "HR": 0, "HS": 12, "HST": 3, "HTAG": 0, "HTHG": 1, "HTR": "H", "HY": 2, "HomeTeam": "St Etienne"},{"AC": 3, "AF": 19, "AR": 0, "AS": 3, "AST": 1, "AY": 3, "AwayTeam": "Reims", "Date": "2015-09-22", "FTAG": 0, "FTHG": 0, "FTR": "D", "HC": 1, "HF": 8, "HR": 0, "HS": 8, "HST": 3, "HTAG": 0, "HTHG": 0, "HTR": "D", "HY": 1, "HomeTeam": "Angers"},{"AC": 4, "AF": 10, "AR": 0, "AS": 10, "AST": 4, "AY": 1, "AwayTeam": "Guingamp", "Date": "2015-09-22", "FTAG": 0, "FTHG": 3, "FTR": "H", "HC": 9, "HF": 10, "HR": 0, "HS": 18, "HST": 10, "HTAG": 0, "HTHG": 1, "HTR": "H", "HY": 1, "HomeTeam": "Paris SG"},{"AC": 3, "AF": 14, "AR": 0, "AS": 16, "AST": 8, "AY": 1, "AwayTeam": "Rennes", "Date": "2015-09-23", "FTAG": 1, "FTHG": 1, "FTR": "D", "HC": 3, "HF": 6, "HR": 0, "HS": 13, "HST": 2, "HTAG": 0, "HTHG": 1, "HTR": "H", "HY": 0, "HomeTeam": "Ajaccio GFCO"},{"AC": 11, "AF": 10, "AR": 0, "AS": 14, "AST": 2, "AY": 2, "AwayTeam": "Caen", "Date": "2015-09-23", "FTAG": 0, "FTHG": 2, "FTR": "H", "HC": 4, "HF": 13, "HR": 0, "HS": 8, "HST": 4, "HTAG": 0, "HTHG": 2, "HTR": "H", "HY": 2, "HomeTeam": "Lorient"},{"AC": 2, "AF": 7, "AR": 1, "AS": 4, "AST": 2, "AY": 1, "AwayTeam": "Bastia", "Date": "2015-09-23", "FTAG": 0, "FTHG": 2, "FTR": "H", "HC": 3, "HF": 9, "HR": 0, "HS": 14, "HST": 7, "HTAG": 0, "HTHG": 1, "HTR": "H", "HY": 2, "HomeTeam": "Lyon"},{"AC": 4, "AF": 8, "AR": 1, "AS": 6, "AST": 3, "AY": 1, "AwayTeam": "Bordeaux", "Date": "2015-09-23", "FTAG": 1, "FTHG": 6, "FTR": "H", "HC": 4, "HF": 14, "HR": 0, "HS": 17, "HST": 10, "HTAG": 1, "HTHG": 2, "HTR": "H", "HY": 0, "HomeTeam": "Nice"},{"AC": 5, "AF": 14, "AR": 1, "AS": 8, "AST": 1, "AY": 0, "AwayTeam": "Marseille", "Date": "2015-09-23", "FTAG": 1, "FTHG": 1, "FTR": "D", "HC": 3, "HF": 12, "HR": 2, "HS": 11, "HST": 3, "HTAG": 0, "HTHG": 0, "HTR": "D", "HY": 2, "HomeTeam": "Toulouse"},{"AC": 6, "AF": 14, "AR": 0, "AS": 13, "AST": 6, "AY": 0, "AwayTeam": "St Etienne", "Date": "2015-09-23", "FTAG": 1, "FTHG": 0, "FTR": "A", "HC": 7, "HF": 10, "HR": 0, "HS": 14, "HST": 4, "HTAG": 1, "HTHG": 0, "HTR": "A", "HY": 3, "HomeTeam": "Troyes"},{"AC": 7, "AF": 18, "AR": 0, "AS": 13, "AST": 5, "AY": 1, "AwayTeam": "Monaco", "Date": "2015-09-24", "FTAG": 3, "FTHG": 2, "FTR": "A", "HC": 2, "HF": 13, "HR": 0, "HS": 16, "HST": 5, "HTAG": 0, "HTHG": 2, "HTR": "H", "HY": 2, "HomeTeam": "Montpellier"},{"AC": 6, "AF": 23, "AR": 0, "AS": 10, "AST": 3, "AY": 3, "AwayTeam": "Lille", "Date": "2015-09-25", "FTAG": 0, "FTHG": 1, "FTR": "H", "HC": 4, "HF": 16, "HR": 0, "HS": 10, "HST": 5, "HTAG": 0, "HTHG": 0, "HTR": "D", "HY": 3, "HomeTeam": "Reims"},{"AC": 18, "AF": 10, "AR": 0, "AS": 16, "AST": 5, "AY": 3, "AwayTeam": "Toulouse", "Date": "2015-09-26", "FTAG": 0, "FTHG": 3, "FTR": "H", "HC": 1, "HF": 10, "HR": 0, "HS": 9, "HST": 6, "HTAG": 0, "HTHG": 3, "HTR": "H", "HY": 3, "HomeTeam": "Bastia"},{"AC": 5, "AF": 9, "AR": 0, "AS": 10, "AST": 4, "AY": 0, "AwayTeam": "Lyon", "Date": "2015-09-26", "FTAG": 1, "FTHG": 3, "FTR": "H", "HC": 3, "HF": 10, "HR": 0, "HS": 10, "HST": 4, "HTAG": 0, "HTHG": 3, "HTR": "H", "HY": 2, "HomeTeam": "Bordeaux"},{"AC": 7, "AF": 15, "AR": 0, "AS": 8, "AST": 2, "AY": 4, "AwayTeam": "Ajaccio GFCO", "Date": "2015-09-26", "FTAG": 0, "FTHG": 2, "FTR": "H", "HC": 8, "HF": 12, "HR": 0, "HS": 16, "HST": 9, "HTAG": 0, "HTHG": 1, "HTR": "H", "HY": 1, "HomeTeam": "Caen"},{"AC": 7, "AF": 9, "AR": 0, "AS": 14, "AST": 7, "AY": 1, "AwayTeam": "Paris SG", "Date": "2015-09-26", "FTAG": 4, "FTHG": 1, "FTR": "A", "HC": 4, "HF": 20, "HR": 0, "HS": 7, "HST": 2, "HTAG": 0, "HTHG": 1, "HTR": "H", "HY": 2, "HomeTeam": "Nantes"},{"AC": 3, "AF": 9, "AR": 0, "AS": 12, "AST": 6, "AY": 3, "AwayTeam": "Troyes", "Date": "2015-09-26", "FTAG": 1, "FTHG": 1, "FTR": "D", "HC": 8, "HF": 11, "HR": 1, "HS": 19, "HST": 5, "HTAG": 1, "HTHG": 0, "HTR": "A", "HY": 1, "HomeTeam": "Rennes"},{"AC": 1, "AF": 16, "AR": 0, "AS": 9, "AST": 4, "AY": 3, "AwayTeam": "Monaco", "Date": "2015-09-27", "FTAG": 3, "FTHG": 3, "FTR": "D", "HC": 4, "HF": 19, "HR": 0, "HS": 16, "HST": 7, "HTAG": 2, "HTHG": 1, "HTR": "A", "HY": 5, "HomeTeam": "Guingamp"},{"AC": 4, "AF": 13, "AR": 0, "AS": 6, "AST": 3, "AY": 3, "AwayTeam": "Angers", "Date": "2015-09-27", "FTAG": 2, "FTHG": 1, "FTR": "A", "HC": 6, "HF": 12, "HR": 0, "HS": 18, "HST": 4, "HTAG": 1, "HTHG": 0, "HTR": "A", "HY": 3, "HomeTeam": "Marseille"},{"AC": 3, "AF": 21, "AR": 1, "AS": 10, "AST": 3, "AY": 5, "AwayTeam": "Lorient", "Date": "2015-09-27", "FTAG": 1, "FTHG": 2, "FTR": "H", "HC": 9, "HF": 11, "HR": 0, "HS": 11, "HST": 4, "HTAG": 0, "HTHG": 1, "HTR": "H", "HY": 2, "HomeTeam": "Montpellier"},{"AC": 2, "AF": 7, "AR": 2, "AS": 8, "AST": 6, "AY": 1, "AwayTeam": "Nice", "Date": "2015-09-27", "FTAG": 4, "FTHG": 1, "FTR": "A", "HC": 8, "HF": 12, "HR": 0, "HS": 13, "HST": 5, "HTAG": 3, "HTHG": 1, "HTR": "A", "HY": 4, "HomeTeam": "St Etienne"},{"AC": 2, "AF": 21, "AR": 0, "AS": 9, "AST": 2, "AY": 3, "AwayTeam": "Nantes", "Date": "2015-09-29", "FTAG": 1, "FTHG": 0, "FTR": "A", "HC": 11, "HF": 8, "HR": 0, "HS": 20, "HST": 4, "HTAG": 1, "HTHG": 0, "HTR": "A", "HY": 0, "HomeTeam": "Lille"},{"AC": 2, "AF": 15, "AR": 0, "AS": 9, "AST": 3, "AY": 1, "AwayTeam": "Montpellier", "Date": "2015-10-02", "FTAG": 0, "FTHG": 2, "FTR": "H", "HC": 9, "HF": 17, "HR": 0, "HS": 22, "HST": 5, "HTAG": 0, "HTHG": 1, "HTR": "H", "HY": 3, "HomeTeam": "Lille"},{"AC": 7, "AF": 11, "AR": 0, "AS": 12, "AST": 5, "AY": 0, "AwayTeam": "Toulouse", "Date": "2015-10-03", "FTAG": 2, "FTHG": 2, "FTR": "D", "HC": 6, "HF": 16, "HR": 0, "HS": 7, "HST": 3, "HTAG": 1, "HTHG": 2, "HTR": "H", "HY": 3, "HomeTeam": "Ajaccio GFCO"},{"AC": 5, "AF": 16, "AR": 0, "AS": 8, "AST": 2, "AY": 2, "AwayTeam": "Bastia", "Date": "2015-10-03", "FTAG": 0, "FTHG": 1, "FTR": "H", "HC": 7, "HF": 16, "HR": 0, "HS": 17, "HST": 6, "HTAG": 0, "HTHG": 1, "HTR": "H", "HY": 1, "HomeTeam": "Angers"},{"AC": 1, "AF": 9, "AR": 0, "AS": 8, "AST": 3, "AY": 2, "AwayTeam": "Reims", "Date": "2015-10-03", "FTAG": 0, "FTHG": 1, "FTR": "H", "HC": 5, "HF": 11, "HR": 0, "HS": 17, "HST": 6, "HTAG": 0, "HTHG": 1, "HTR": "H", "HY": 2, "HomeTeam": "Lyon"},{"AC": 4, "AF": 16, "AR": 0, "AS": 18, "AST": 7, "AY": 2, "AwayTeam": "Guingamp", "Date": "2015-10-03", "FTAG": 1, "FTHG": 0, "FTR": "A", "HC": 5, "HF": 22, "HR": 1, "HS": 12, "HST": 2, "HTAG": 0, "HTHG": 0, "HTR": "D", "HY": 1, "HomeTeam": "Troyes"},{"AC": 7, "AF": 13, "AR": 0, "AS": 10, "AST": 3, "AY": 3, "AwayTeam": "St Etienne", "Date": "2015-10-04", "FTAG": 0, "FTHG": 1, "FTR": "H", "HC": 5, "HF": 11, "HR": 0, "HS": 14, "HST": 7, "HTAG": 0, "HTHG": 0, "HTR": "D", "HY": 0, "HomeTeam": "Caen"},{"AC": 5, "AF": 17, "AR": 1, "AS": 9, "AST": 5, "AY": 2, "AwayTeam": "Bordeaux", "Date": "2015-10-04", "FTAG": 2, "FTHG": 3, "FTR": "H", "HC": 3, "HF": 8, "HR": 1, "HS": 7, "HST": 4, "HTAG": 1, "HTHG": 0, "HTR": "A", "HY": 0, "HomeTeam": "Lorient"},{"AC": 3, "AF": 16, "AR": 0, "AS": 8, "AST": 3, "AY": 2, "AwayTeam": "Rennes", "Date": "2015-10-04", "FTAG": 1, "FTHG": 1, "FTR": "D", "HC": 8, "HF": 14, "HR": 0, "HS": 14, "HST": 6, "HTAG": 1, "HTHG": 0, "HTR": "A", "HY": 3, "HomeTeam": "Monaco"},{"AC": 6, "AF": 12, "AR": 0, "AS": 13, "AST": 8, "AY": 3, "AwayTeam": "Marseille", "Date": "2015-10-04", "FTAG": 1, "FTHG": 2, "FTR": "H", "HC": 4, "HF": 13, "HR": 0, "HS": 16, "HST": 8, "HTAG": 1, "HTHG": 2, "HTR": "H", "HY": 2, "HomeTeam": "Paris SG"},{"AC": 4, "AF": 16, "AR": 0, "AS": 18, "AST": 6, "AY": 2, "AwayTeam": "Lyon", "Date": "2015-10-16", "FTAG": 1, "FTHG": 1, "FTR": "D", "HC": 3, "HF": 19, "HR": 1, "HS": 12, "HST": 4, "HTAG": 0, "HTHG": 1, "HTR": "H", "HY": 2, "HomeTeam": "Monaco"},{"AC": 3, "AF": 15, "AR": 0, "AS": 13, "AST": 5, "AY": 1, "AwayTeam": "Paris SG", "Date": "2015-10-17", "FTAG": 2, "FTHG": 0, "FTR": "A", "HC": 2, "HF": 14, "HR": 0, "HS": 6, "HST": 2, "HTAG": 0, "HTHG": 0, "HTR": "D", "HY": 3, "HomeTeam": "Bastia"},{"AC": 3, "AF": 25, "AR": 1, "AS": 10, "AST": 2, "AY": 3, "AwayTeam": "Lille", "Date": "2015-10-17", "FTAG": 1, "FTHG": 1, "FTR": "D", "HC": 3, "HF": 11, "HR": 0, "HS": 10, "HST": 2, "HTAG": 1, "HTHG": 1, "HTR": "D", "HY": 1, "HomeTeam": "Guingamp"},{"AC": 4, "AF": 8, "AR": 0, "AS": 14, "AST": 2, "AY": 1, "AwayTeam": "Troyes", "Date": "2015-10-17", "FTAG": 0, "FTHG": 3, "FTR": "H", "HC": 5, "HF": 4, "HR": 0, "HS": 17, "HST": 4, "HTAG": 0, "HTHG": 1, "HTR": "H", "HY": 0, "HomeTeam": "Nantes"},{"AC": 6, "AF": 16, "AR": 0, "AS": 11, "AST": 4, "AY": 3, "AwayTeam": "Caen", "Date": "2015-10-17", "FTAG": 1, "FTHG": 0, "FTR": "A", "HC": 4, "HF": 13, "HR": 0, "HS": 12, "HST": 2, "HTAG": 0, "HTHG": 0, "HTR": "D", "HY": 2, "HomeTeam": "Reims"},{"AC": 3, "AF": 13, "AR": 0, "AS": 4, "AST": 0, "AY": 0, "AwayTeam": "Ajaccio GFCO", "Date": "2015-10-17", "FTAG": 0, "FTHG": 2, "FTR": "H", "HC": 5, "HF": 11, "HR": 0, "HS": 13, "HST": 6, "HTAG": 0, "HTHG": 1, "HTR": "H", "HY": 0, "HomeTeam": "St Etienne"},{"AC": 1, "AF": 17, "AR": 0, "AS": 7, "AST": 5, "AY": 1, "AwayTeam": "Angers", "Date": "2015-10-17", "FTAG": 2, "FTHG": 1, "FTR": "A", "HC": 9, "HF": 12, "HR": 0, "HS": 21, "HST": 6, "HTAG": 2, "HTHG": 1, "HTR": "A", "HY": 1, "HomeTeam": "Toulouse"},{"AC": 2, "AF": 10, "AR": 0, "AS": 6, "AST": 0, "AY": 2, "AwayTeam": "Montpellier", "Date": "2015-10-18", "FTAG": 0, "FTHG": 0, "FTR": "D", "HC": 7, "HF": 16, "HR": 0, "HS": 16, "HST": 3, "HTAG": 0, "HTHG": 0, "HTR": "D", "HY": 4, "HomeTeam": "Bordeaux"},{"AC": 4, "AF": 14, "AR": 0, "AS": 6, "AST": 2, "AY": 3, "AwayTeam": "Lorient", "Date": "2015-10-18", "FTAG": 1, "FTHG": 1, "FTR": "D", "HC": 11, "HF": 19, "HR": 0, "HS": 21, "HST": 8, "HTAG": 1, "HTHG": 1, "HTR": "D", "HY": 1, "HomeTeam": "Marseille"},{"AC": 3, "AF": 7, "AR": 0, "AS": 12, "AST": 7, "AY": 2, "AwayTeam": "Nice", "Date": "2015-10-18", "FTAG": 4, "FTHG": 1, "FTR": "A", "HC": 4, "HF": 15, "HR": 0, "HS": 15, "HST": 3, "HTAG": 1, "HTHG": 0, "HTR": "A", "HY": 2, "HomeTeam": "Rennes"},{"AC": 6, "AF": 19, "AR": 0, "AS": 10, "AST": 3, "AY": 2, "AwayTeam": "Nantes", "Date": "2015-10-23", "FTAG": 2, "FTHG": 0, "FTR": "A", "HC": 7, "HF": 8, "HR": 0, "HS": 16, "HST": 4, "HTAG": 1, "HTHG": 0, "HTR": "A", "HY": 1, "HomeTeam": "Caen"},{"AC": 5, "AF": 18, "AR": 0, "AS": 7, "AST": 3, "AY": 4, "AwayTeam": "Toulouse", "Date": "2015-10-23", "FTAG": 0, "FTHG": 3, "FTR": "H", "HC": 4, "HF": 16, "HR": 0, "HS": 20, "HST": 8, "HTAG": 0, "HTHG": 1, "HTR": "H", "HY": 1, "HomeTeam": "Lyon"},{"AC": 3, "AF": 11, "AR": 0, "AS": 9, "AST": 2, "AY": 3, "AwayTeam": "Nice", "Date": "2015-10-24", "FTAG": 1, "FTHG": 3, "FTR": "H", "HC": 5, "HF": 16, "HR": 1, "HS": 13, "HST": 6, "HTAG": 1, "HTHG": 3, "HTR": "H", "HY": 3, "HomeTeam": "Ajaccio GFCO"},{"AC": 7, "AF": 12, "AR": 0, "AS": 11, "AST": 2, "AY": 2, "AwayTeam": "Guingamp", "Date": "2015-10-24", "FTAG": 0, "FTHG": 0, "FTR": "D", "HC": 7, "HF": 20, "HR": 1, "HS": 10, "HST": 2, "HTAG": 0, "HTHG": 0, "HTR": "D", "HY": 2, "HomeTeam": "Angers"},{"AC": 8, "AF": 15, "AR": 1, "AS": 11, "AST": 3, "AY": 0, "AwayTeam": "Rennes", "Date": "2015-10-24", "FTAG": 1, "FTHG": 1, "FTR": "D", "HC": 3, "HF": 12, "HR": 1, "HS": 10, "HST": 5, "HTAG": 0, "HTHG": 1, "HTR": "H", "HY": 0, "HomeTeam": "Lorient"},{"AC": 4, "AF": 12, "AR": 0, "AS": 13, "AST": 1, "AY": 3, "AwayTeam": "Bastia", "Date": "2015-10-24", "FTAG": 0, "FTHG": 2, "FTR": "H", "HC": 5, "HF": 8, "HR": 0, "HS": 10, "HST": 3, "HTAG": 0, "HTHG": 0, "HTR": "D", "HY": 1, "HomeTeam": "Montpellier"},{"AC": 4, "AF": 16, "AR": 0, "AS": 11, "AST": 2, "AY": 4, "AwayTeam": "Troyes", "Date": "2015-10-25", "FTAG": 0, "FTHG": 1, "FTR": "H", "HC": 5, "HF": 9, "HR": 0, "HS": 16, "HST": 4, "HTAG": 0, "HTHG": 0, "HTR": "D", "HY": 1, "HomeTeam": "Bordeaux"},{"AC": 5, "AF": 24, "AR": 0, "AS": 12, "AST": 6, "AY": 4, "AwayTeam": "Marseille", "Date": "2015-10-25", "FTAG": 2, "FTHG": 1, "FTR": "A", "HC": 3, "HF": 14, "HR": 0, "HS": 10, "HST": 4, "HTAG": 1, "HTHG": 0, "HTR": "A", "HY": 3, "HomeTeam": "Lille"},{"AC": 0, "AF": 15, "AR": 0, "AS": 14, "AST": 6, "AY": 0, "AwayTeam": "St Etienne", "Date": "2015-10-25", "FTAG": 1, "FTHG": 4, "FTR": "H", "HC": 5, "HF": 9, "HR": 0, "HS": 21, "HST": 10, "HTAG": 0, "HTHG": 1, "HTR": "H", "HY": 0, "HomeTeam": "Paris SG"},{"AC": 5, "AF": 12, "AR": 0, "AS": 16, "AST": 4, "AY": 2, "AwayTeam": "Monaco", "Date": "2015-10-25", "FTAG": 1, "FTHG": 0, "FTR": "A", "HC": 3, "HF": 13, "HR": 1, "HS": 13, "HST": 6, "HTAG": 1, "HTHG": 0, "HTR": "A", "HY": 1, "HomeTeam": "Reims"},{"AC": 3, "AF": 11, "AR": 0, "AS": 13, "AST": 5, "AY": 0, "AwayTeam": "Paris SG", "Date": "2015-10-30", "FTAG": 1, "FTHG": 0, "FTR": "A", "HC": 1, "HF": 14, "HR": 0, "HS": 5, "HST": 2, "HTAG": 0, "HTHG": 0, "HTR": "D", "HY": 0, "HomeTeam": "Rennes"},{"AC": 5, "AF": 10, "AR": 0, "AS": 7, "AST": 0, "AY": 4, "AwayTeam": "Bordeaux", "Date": "2015-10-31", "FTAG": 0, "FTHG": 2, "FTR": "H", "HC": 2, "HF": 20, "HR": 1, "HS": 7, "HST": 4, "HTAG": 0, "HTHG": 1, "HTR": "H", "HY": 3, "HomeTeam": "Ajaccio GFCO"},{"AC": 2, "AF": 17, "AR": 0, "AS": 5, "AST": 3, "AY": 2, "AwayTeam": "Caen", "Date": "2015-10-31", "FTAG": 0, "FTHG": 1, "FTR": "H", "HC": 8, "HF": 12, "HR": 0, "HS": 11, "HST": 6, "HTAG": 0, "HTHG": 1, "HTR": "H", "HY": 1, "HomeTeam": "Bastia"},{"AC": 3, "AF": 19, "AR": 1, "AS": 12, "AST": 4, "AY": 1, "AwayTeam": "Lorient", "Date": "2015-10-31", "FTAG": 2, "FTHG": 2, "FTR": "D", "HC": 4, "HF": 10, "HR": 1, "HS": 13, "HST": 4, "HTAG": 0, "HTHG": 1, "HTR": "H", "HY": 3, "HomeTeam": "Guingamp"},{"AC": 12, "AF": 10, "AR": 0, "AS": 8, "AST": 5, "AY": 1, "AwayTeam": "Reims", "Date": "2015-10-31", "FTAG": 0, "FTHG": 3, "FTR": "H", "HC": 7, "HF": 11, "HR": 0, "HS": 20, "HST": 8, "HTAG": 0, "HTHG": 0, "HTR": "D", "HY": 1, "HomeTeam": "St Etienne"},{"AC": 7, "AF": 15, "AR": 0, "AS": 7, "AST": 1, "AY": 2, "AwayTeam": "Montpellier", "Date": "2015-10-31", "FTAG": 1, "FTHG": 1, "FTR": "D", "HC": 3, "HF": 22, "HR": 0, "HS": 10, "HST": 5, "HTAG": 1, "HTHG": 1, "HTR": "D", "HY": 4, "HomeTeam": "Toulouse"},{"AC": 10, "AF": 14, "AR": 0, "AS": 31, "AST": 6, "AY": 0, "AwayTeam": "Lyon", "Date": "2015-10-31", "FTAG": 1, "FTHG": 0, "FTR": "A", "HC": 3, "HF": 12, "HR": 1, "HS": 8, "HST": 2, "HTAG": 0, "HTHG": 0, "HTR": "D", "HY": 2, "HomeTeam": "Troyes"},{"AC": 4, "AF": 21, "AR": 0, "AS": 15, "AST": 5, "AY": 4, "AwayTeam": "Angers", "Date": "2015-11-01", "FTAG": 0, "FTHG": 1, "FTR": "H", "HC": 2, "HF": 7, "HR": 0, "HS": 13, "HST": 2, "HTAG": 0, "HTHG": 1, "HTR": "H", "HY": 3, "HomeTeam": "Monaco"},{"AC": 2, "AF": 18, "AR": 0, "AS": 12, "AST": 3, "AY": 1, "AwayTeam": "Marseille", "Date": "2015-11-01", "FTAG": 1, "FTHG": 0, "FTR": "A", "HC": 5, "HF": 20, "HR": 0, "HS": 12, "HST": 4, "HTAG": 0, "HTHG": 0, "HTR": "D", "HY": 2, "HomeTeam": "Nantes"},{"AC": 5, "AF": 26, "AR": 0, "AS": 9, "AST": 1, "AY": 3, "AwayTeam": "Lille", "Date": "2015-11-01", "FTAG": 0, "FTHG": 0, "FTR": "D", "HC": 7, "HF": 24, "HR": 0, "HS": 9, "HST": 4, "HTAG": 0, "HTHG": 0, "HTR": "D", "HY": 3, "HomeTeam": "Nice"},{"AC": 6, "AF": 16, "AR": 0, "AS": 12, "AST": 6, "AY": 3, "AwayTeam": "Nantes", "Date": "2015-11-04", "FTAG": 2, "FTHG": 1, "FTR": "A", "HC": 3, "HF": 7, "HR": 0, "HS": 9, "HST": 3, "HTAG": 1, "HTHG": 1, "HTR": "D", "HY": 1, "HomeTeam": "Nice"},{"AC": 2, "AF": 15, "AR": 0, "AS": 10, "AST": 2, "AY": 2, "AwayTeam": "Rennes", "Date": "2015-11-06", "FTAG": 2, "FTHG": 0, "FTR": "A", "HC": 5, "HF": 8, "HR": 0, "HS": 18, "HST": 3, "HTAG": 1, "HTHG": 0, "HTR": "A", "HY": 1, "HomeTeam": "Angers"},{"AC": 6, "AF": 14, "AR": 0, "AS": 13, "AST": 6, "AY": 1, "AwayTeam": "Guingamp", "Date": "2015-11-07", "FTAG": 1, "FTHG": 2, "FTR": "H", "HC": 11, "HF": 11, "HR": 0, "HS": 16, "HST": 5, "HTAG": 0, "HTHG": 0, "HTR": "D", "HY": 1, "HomeTeam": "Caen"},{"AC": 5, "AF": 12, "AR": 0, "AS": 9, "AST": 2, "AY": 3, "AwayTeam": "Bastia", "Date": "2015-11-07", "FTAG": 1, "FTHG": 1, "FTR": "D", "HC": 5, "HF": 14, "HR": 1, "HS": 10, "HST": 1, "HTAG": 0, "HTHG": 0, "HTR": "D", "HY": 1, "HomeTeam": "Lille"},{"AC": 5, "AF": 11, "AR": 0, "AS": 13, "AST": 6, "AY": 0, "AwayTeam": "Troyes", "Date": "2015-11-07", "FTAG": 1, "FTHG": 4, "FTR": "H", "HC": 10, "HF": 9, "HR": 0, "HS": 29, "HST": 10, "HTAG": 0, "HTHG": 1, "HTR": "H", "HY": 0, "HomeTeam": "Lorient"},{"AC": 6, "AF": 14, "AR": 0, "AS": 10, "AST": 2, "AY": 4, "AwayTeam": "Nantes", "Date": "2015-11-07", "FTAG": 1, "FTHG": 2, "FTR": "H", "HC": 2, "HF": 6, "HR": 0, "HS": 10, "HST": 4, "HTAG": 0, "HTHG": 1, "HTR": "H", "HY": 0, "HomeTeam": "Montpellier"},{"AC": 0, "AF": 13, "AR": 0, "AS": 7, "AST": 0, "AY": 1, "AwayTeam": "Toulouse", "Date": "2015-11-07", "FTAG": 0, "FTHG": 5, "FTR": "H", "HC": 5, "HF": 13, "HR": 0, "HS": 15, "HST": 9, "HTAG": 0, "HTHG": 2, "HTR": "H", "HY": 2, "HomeTeam": "Paris SG"},{"AC": 1, "AF": 12, "AR": 0, "AS": 11, "AST": 4, "AY": 2, "AwayTeam": "Ajaccio GFCO", "Date": "2015-11-07", "FTAG": 2, "FTHG": 1, "FTR": "A", "HC": 7, "HF": 10, "HR": 0, "HS": 13, "HST": 2, "HTAG": 1, "HTHG": 0, "HTR": "A", "HY": 3, "HomeTeam": "Reims"},{"AC": 10, "AF": 14, "AR": 0, "AS": 13, "AST": 6, "AY": 2, "AwayTeam": "Monaco", "Date": "2015-11-08", "FTAG": 1, "FTHG": 3, "FTR": "H", "HC": 5, "HF": 17, "HR": 0, "HS": 9, "HST": 4, "HTAG": 1, "HTHG": 2, "HTR": "H", "HY": 2, "HomeTeam": "Bordeaux"},{"AC": 3, "AF": 20, "AR": 0, "AS": 6, "AST": 1, "AY": 4, "AwayTeam": "St Etienne", "Date": "2015-11-08", "FTAG": 0, "FTHG": 3, "FTR": "H", "HC": 5, "HF": 19, "HR": 0, "HS": 17, "HST": 8, "HTAG": 0, "HTHG": 1, "HTR": "H", "HY": 4, "HomeTeam": "Lyon"},{"AC": 5, "AF": 11, "AR": 0, "AS": 9, "AST": 4, "AY": 2, "AwayTeam": "Nice", "Date": "2015-11-08", "FTAG": 1, "FTHG": 0, "FTR": "A", "HC": 7, "HF": 14, "HR": 0, "HS": 14, "HST": 3, "HTAG": 1, "HTHG": 0, "HTR": "A", "HY": 2, "HomeTeam": "Marseille"},{"AC": 2, "AF": 3, "AR": 0, "AS": 13, "AST": 1, "AY": 2, "AwayTeam": "Lyon", "Date": "2015-11-20", "FTAG": 0, "FTHG": 3, "FTR": "H", "HC": 3, "HF": 13, "HR": 0, "HS": 13, "HST": 8, "HTAG": 0, "HTHG": 1, "HTR": "H", "HY": 1, "HomeTeam": "Nice"},{"AC": 7, "AF": 24, "AR": 1, "AS": 13, "AST": 3, "AY": 3, "AwayTeam": "Toulouse", "Date": "2015-11-21", "FTAG": 0, "FTHG": 2, "FTR": "H", "HC": 3, "HF": 17, "HR": 0, "HS": 7, "HST": 5, "HTAG": 0, "HTHG": 0, "HTR": "D", "HY": 3, "HomeTeam": "Guingamp"},{"AC": 2, "AF": 14, "AR": 0, "AS": 8, "AST": 3, "AY": 1, "AwayTeam": "Paris SG", "Date": "2015-11-21", "FTAG": 2, "FTHG": 1, "FTR": "A", "HC": 3, "HF": 13, "HR": 0, "HS": 13, "HST": 6, "HTAG": 2, "HTHG": 0, "HTR": "A", "HY": 2, "HomeTeam": "Lorient"},{"AC": 3, "AF": 16, "AR": 0, "AS": 12, "AST": 2, "AY": 1, "AwayTeam": "Nantes", "Date": "2015-11-21", "FTAG": 0, "FTHG": 1, "FTR": "H", "HC": 6, "HF": 13, "HR": 0, "HS": 8, "HST": 4, "HTAG": 0, "HTHG": 1, "HTR": "H", "HY": 2, "HomeTeam": "Monaco"},{"AC": 4, "AF": 18, "AR": 0, "AS": 11, "AST": 4, "AY": 2, "AwayTeam": "Reims", "Date": "2015-11-21", "FTAG": 1, "FTHG": 3, "FTR": "H", "HC": 3, "HF": 12, "HR": 0, "HS": 11, "HST": 4, "HTAG": 1, "HTHG": 1, "HTR": "D", "HY": 3, "HomeTeam": "Montpellier"},{"AC": 12, "AF": 20, "AR": 0, "AS": 16, "AST": 6, "AY": 1, "AwayTeam": "Lille", "Date": "2015-11-21", "FTAG": 1, "FTHG": 1, "FTR": "D", "HC": 6, "HF": 17, "HR": 0, "HS": 10, "HST": 5, "HTAG": 1, "HTHG": 0, "HTR": "A", "HY": 2, "HomeTeam": "Troyes"},{"AC": 4, "AF": 14, "AR": 0, "AS": 15, "AST": 4, "AY": 1, "AwayTeam": "Ajaccio GFCO", "Date": "2015-11-22", "FTAG": 2, "FTHG": 1, "FTR": "A", "HC": 2, "HF": 11, "HR": 0, "HS": 9, "HST": 5, "HTAG": 1, "HTHG": 1, "HTR": "D", "HY": 2, "HomeTeam": "Bastia"},{"AC": 8, "AF": 13, "AR": 0, "AS": 11, "AST": 4, "AY": 1, "AwayTeam": "Angers", "Date": "2015-11-22", "FTAG": 0, "FTHG": 0, "FTR": "D", "HC": 4, "HF": 8, "HR": 1, "HS": 13, "HST": 2, "HTAG": 0, "HTHG": 0, "HTR": "D", "HY": 1, "HomeTeam": "Caen"},{"AC": 2, "AF": 10, "AR": 1, "AS": 8, "AST": 5, "AY": 2, "AwayTeam": "Bordeaux", "Date": "2015-11-22", "FTAG": 2, "FTHG": 2, "FTR": "D", "HC": 5, "HF": 17, "HR": 0, "HS": 8, "HST": 4, "HTAG": 1, "HTHG": 1, "HTR": "D", "HY": 2, "HomeTeam": "Rennes"},{"AC": 7, "AF": 9, "AR": 0, "AS": 14, "AST": 6, "AY": 1, "AwayTeam": "Marseille", "Date": "2015-11-22", "FTAG": 2, "FTHG": 0, "FTR": "A", "HC": 5, "HF": 10, "HR": 0, "HS": 12, "HST": 4, "HTAG": 1, "HTHG": 0, "HTR": "A", "HY": 1, "HomeTeam": "St Etienne"},{"AC": 2, "AF": 17, "AR": 0, "AS": 15, "AST": 9, "AY": 4, "AwayTeam": "Montpellier", "Date": "2015-11-27", "FTAG": 4, "FTHG": 2, "FTR": "A", "HC": 5, "HF": 13, "HR": 0, "HS": 12, "HST": 5, "HTAG": 2, "HTHG": 1, "HTR": "A", "HY": 3, "HomeTeam": "Lyon"},{"AC": 3, "AF": 8, "AR": 0, "AS": 5, "AST": 2, "AY": 1, "AwayTeam": "Lorient", "Date": "2015-11-28", "FTAG": 1, "FTHG": 1, "FTR": "D", "HC": 4, "HF": 12, "HR": 0, "HS": 17, "HST": 3, "HTAG": 1, "HTHG": 1, "HTR": "D", "HY": 2, "HomeTeam": "Ajaccio GFCO"},{"AC": 4, "AF": 13, "AR": 1, "AS": 8, "AST": 0, "AY": 3, "AwayTeam": "Lille", "Date": "2015-11-28", "FTAG": 0, "FTHG": 2, "FTR": "H", "HC": 1, "HF": 22, "HR": 0, "HS": 9, "HST": 5, "HTAG": 0, "HTHG": 2, "HTR": "H", "HY": 2, "HomeTeam": "Angers"},{"AC": 1, "AF": 11, "AR": 0, "AS": 6, "AST": 1, "AY": 2, "AwayTeam": "Bastia", "Date": "2015-11-28", "FTAG": 0, "FTHG": 0, "FTR": "D", "HC": 7, "HF": 24, "HR": 1, "HS": 14, "HST": 3, "HTAG": 0, "HTHG": 0, "HTR": "D", "HY": 2, "HomeTeam": "Nantes"},{"AC": 2, "AF": 8, "AR": 0, "AS": 11, "AST": 3, "AY": 1, "AwayTeam": "Troyes", "Date": "2015-11-28", "FTAG": 1, "FTHG": 4, "FTR": "H", "HC": 7, "HF": 5, "HR": 0, "HS": 22, "HST": 9, "HTAG": 0, "HTHG": 1, "HTR": "H", "HY": 0, "HomeTeam": "Paris SG"},{"AC": 2, "AF": 17, "AR": 0, "AS": 11, "AST": 6, "AY": 4, "AwayTeam": "Rennes", "Date": "2015-11-28", "FTAG": 2, "FTHG": 2, "FTR": "D", "HC": 3, "HF": 14, "HR": 1, "HS": 12, "HST": 4, "HTAG": 1, "HTHG": 0, "HTR": "A", "HY": 3, "HomeTeam": "Reims"},{"AC": 3, "AF": 9, "AR": 1, "AS": 8, "AST": 3, "AY": 2, "AwayTeam": "Nice", "Date": "2015-11-28", "FTAG": 0, "FTHG": 2, "FTR": "H", "HC": 3, "HF": 13, "HR": 0, "HS": 10, "HST": 6, "HTAG": 0, "HTHG": 1, "HTR": "H", "HY": 2, "HomeTeam": "Toulouse"},{"AC": 6, "AF": 15, "AR": 0, "AS": 13, "AST": 10, "AY": 2, "AwayTeam": "Caen", "Date": "2015-11-29", "FTAG": 4, "FTHG": 1, "FTR": "A", "HC": 4, "HF": 15, "HR": 1, "HS": 10, "HST": 3, "HTAG": 1, "HTHG": 0, "HTR": "A", "HY": 3, "HomeTeam": "Bordeaux"},{"AC": 4, "AF": 23, "AR": 0, "AS": 10, "AST": 5, "AY": 3, "AwayTeam": "Monaco", "Date": "2015-11-29", "FTAG": 3, "FTHG": 3, "FTR": "D", "HC": 3, "HF": 15, "HR": 0, "HS": 12, "HST": 6, "HTAG": 2, "HTHG": 1, "HTR": "A", "HY": 1, "HomeTeam": "Marseille"},{"AC": 3, "AF": 18, "AR": 0, "AS": 14, "AST": 4, "AY": 3, "AwayTeam": "Guingamp", "Date": "2015-11-29", "FTAG": 0, "FTHG": 3, "FTR": "H", "HC": 4, "HF": 23, "HR": 1, "HS": 10, "HST": 7, "HTAG": 0, "HTHG": 0, "HTR": "D", "HY": 2, "HomeTeam": "St Etienne"},{"AC": 12, "AF": 8, "AR": 0, "AS": 12, "AST": 3, "AY": 1, "AwayTeam": "Paris SG", "Date": "2015-12-01", "FTAG": 0, "FTHG": 0, "FTR": "D", "HC": 3, "HF": 8, "HR": 0, "HS": 8, "HST": 1, "HTAG": 0, "HTHG": 0, "HTR": "D", "HY": 0, "HomeTeam": "Angers"},{"AC": 2, "AF": 16, "AR": 0, "AS": 12, "AST": 7, "AY": 5, "AwayTeam": "Nice", "Date": "2015-12-01", "FTAG": 0, "FTHG": 0, "FTR": "D", "HC": 7, "HF": 13, "HR": 0, "HS": 10, "HST": 3, "HTAG": 0, "HTHG": 0, "HTR": "D", "HY": 2, "HomeTeam": "Lorient"},{"AC": 1, "AF": 10, "AR": 0, "AS": 10, "AST": 5, "AY": 2, "AwayTeam": "Lyon", "Date": "2015-12-01", "FTAG": 0, "FTHG": 0, "FTR": "D", "HC": 3, "HF": 23, "HR": 0, "HS": 9, "HST": 3, "HTAG": 0, "HTHG": 0, "HTR": "D", "HY": 1, "HomeTeam": "Nantes"},{"AC": 6, "AF": 13, "AR": 0, "AS": 6, "AST": 2, "AY": 1, "AwayTeam": "Bordeaux", "Date": "2015-12-02", "FTAG": 0, "FTHG": 1, "FTR": "H", "HC": 7, "HF": 18, "HR": 0, "HS": 8, "HST": 4, "HTAG": 0, "HTHG": 0, "HTR": "D", "HY": 1, "HomeTeam": "Bastia"},{"AC": 0, "AF": 26, "AR": 1, "AS": 6, "AST": 4, "AY": 4, "AwayTeam": "Reims", "Date": "2015-12-02", "FTAG": 2, "FTHG": 1, "FTR": "A", "HC": 4, "HF": 21, "HR": 1, "HS": 8, "HST": 2, "HTAG": 1, "HTHG": 1, "HTR": "D", "HY": 2, "HomeTeam": "Guingamp"},{"AC": 4, "AF": 26, "AR": 0, "AS": 9, "AST": 0, "AY": 2, "AwayTeam": "St Etienne", "Date": "2015-12-02", "FTAG": 0, "FTHG": 1, "FTR": "H", "HC": 6, "HF": 12, "HR": 0, "HS": 13, "HST": 5, "HTAG": 0, "HTHG": 0, "HTR": "D", "HY": 2, "HomeTeam": "Lille"},{"AC": 4, "AF": 14, "AR": 0, "AS": 8, "AST": 3, "AY": 2, "AwayTeam": "Caen", "Date": "2015-12-02", "FTAG": 1, "FTHG": 1, "FTR": "D", "HC": 4, "HF": 9, "HR": 0, "HS": 10, "HST": 4, "HTAG": 0, "HTHG": 0, "HTR": "D", "HY": 0, "HomeTeam": "Monaco"},{"AC": 0, "AF": 13, "AR": 0, "AS": 6, "AST": 3, "AY": 4, "AwayTeam": "Ajaccio GFCO", "Date": "2015-12-02", "FTAG": 2, "FTHG": 0, "FTR": "A", "HC": 9, "HF": 7, "HR": 0, "HS": 16, "HST": 6, "HTAG": 1, "HTHG": 0, "HTR": "A", "HY": 1, "HomeTeam": "Montpellier"},{"AC": 6, "AF": 15, "AR": 1, "AS": 11, "AST": 8, "AY": 1, "AwayTeam": "Toulouse", "Date": "2015-12-02", "FTAG": 3, "FTHG": 0, "FTR": "A", "HC": 10, "HF": 11, "HR": 1, "HS": 18, "HST": 7, "HTAG": 1, "HTHG": 0, "HTR": "A", "HY": 0, "HomeTeam": "Troyes"},{"AC": 3, "AF": 11, "AR": 0, "AS": 11, "AST": 5, "AY": 2, "AwayTeam": "Marseille", "Date": "2015-12-03", "FTAG": 1, "FTHG": 0, "FTR": "A", "HC": 5, "HF": 17, "HR": 0, "HS": 10, "HST": 1, "HTAG": 1, "HTHG": 0, "HTR": "A", "HY": 4, "HomeTeam": "Rennes"},{"AC": 2, "AF": 12, "AR": 0, "AS": 15, "AST": 6, "AY": 2, "AwayTeam": "Paris SG", "Date": "2015-12-04", "FTAG": 3, "FTHG": 0, "FTR": "A", "HC": 3, "HF": 9, "HR": 1, "HS": 7, "HST": 2, "HTAG": 2, "HTHG": 0, "HTR": "A", "HY": 0, "HomeTeam": "Nice"},{"AC": 2, "AF": 19, "AR": 0, "AS": 12, "AST": 3, "AY": 2, "AwayTeam": "Nantes", "Date": "2015-12-05", "FTAG": 1, "FTHG": 1, "FTR": "D", "HC": 5, "HF": 11, "HR": 0, "HS": 25, "HST": 6, "HTAG": 0, "HTHG": 0, "HTR": "D", "HY": 2, "HomeTeam": "Ajaccio GFCO"},{"AC": 3, "AF": 13, "AR": 0, "AS": 7, "AST": 2, "AY": 1, "AwayTeam": "Monaco", "Date": "2015-12-05", "FTAG": 2, "FTHG": 1, "FTR": "A", "HC": 2, "HF": 13, "HR": 0, "HS": 5, "HST": 2, "HTAG": 0, "HTHG": 0, "HTR": "D", "HY": 3, "HomeTeam": "Bastia"},{"AC": 2, "AF": 14, "AR": 0, "AS": 12, "AST": 5, "AY": 3, "AwayTeam": "Lille", "Date": "2015-12-05", "FTAG": 2, "FTHG": 1, "FTR": "A", "HC": 14, "HF": 16, "HR": 0, "HS": 15, "HST": 5, "HTAG": 1, "HTHG": 0, "HTR": "A", "HY": 2, "HomeTeam": "Caen"},{"AC": 1, "AF": 7, "AR": 0, "AS": 9, "AST": 6, "AY": 1, "AwayTeam": "Angers", "Date": "2015-12-05", "FTAG": 2, "FTHG": 0, "FTR": "A", "HC": 7, "HF": 15, "HR": 0, "HS": 13, "HST": 1, "HTAG": 1, "HTHG": 0, "HTR": "A", "HY": 3, "HomeTeam": "Lyon"},{"AC": 2, "AF": 12, "AR": 0, "AS": 14, "AST": 4, "AY": 1, "AwayTeam": "Troyes", "Date": "2015-12-05", "FTAG": 1, "FTHG": 1, "FTR": "D", "HC": 7, "HF": 8, "HR": 0, "HS": 11, "HST": 3, "HTAG": 0, "HTHG": 1, "HTR": "H", "HY": 1, "HomeTeam": "Reims"},{"AC": 2, "AF": 17, "AR": 0, "AS": 5, "AST": 4, "AY": 2, "AwayTeam": "Lorient", "Date": "2015-12-05", "FTAG": 3, "FTHG": 2, "FTR": "A", "HC": 10, "HF": 15, "HR": 0, "HS": 20, "HST": 3, "HTAG": 0, "HTHG": 1, "HTR": "H", "HY": 1, "HomeTeam": "Toulouse"},{"AC": 2, "AF": 17, "AR": 0, "AS": 8, "AST": 2, "AY": 2, "AwayTeam": "Guingamp", "Date": "2015-12-06", "FTAG": 0, "FTHG": 1, "FTR": "H", "HC": 4, "HF": 10, "HR": 0, "HS": 13, "HST": 4, "HTAG": 0, "HTHG": 0, "HTR": "D", "HY": 1, "HomeTeam": "Bordeaux"},{"AC": 3, "AF": 12, "AR": 0, "AS": 6, "AST": 2, "AY": 1, "AwayTeam": "Montpellier", "Date": "2015-12-06", "FTAG": 2, "FTHG": 2, "FTR": "D", "HC": 6, "HF": 10, "HR": 0, "HS": 14, "HST": 8, "HTAG": 1, "HTHG": 0, "HTR": "A", "HY": 2, "HomeTeam": "Marseille"},{"AC": 3, "AF": 10, "AR": 0, "AS": 5, "AST": 3, "AY": 3, "AwayTeam": "Rennes", "Date": "2015-12-06", "FTAG": 1, "FTHG": 1, "FTR": "D", "HC": 12, "HF": 15, "HR": 0, "HS": 14, "HST": 4, "HTAG": 1, "HTHG": 0, "HTR": "A", "HY": 2, "HomeTeam": "St Etienne"},{"AC": 7, "AF": 9, "AR": 1, "AS": 12, "AST": 3, "AY": 0, "AwayTeam": "Caen", "Date": "2015-12-11", "FTAG": 1, "FTHG": 1, "FTR": "D", "HC": 12, "HF": 7, "HR": 0, "HS": 22, "HST": 8, "HTAG": 0, "HTHG": 0, "HTR": "D", "HY": 1, "HomeTeam": "Rennes"},{"AC": 6, "AF": 10, "AR": 0, "AS": 11, "AST": 3, "AY": 2, "AwayTeam": "Lorient", "Date": "2015-12-12", "FTAG": 0, "FTHG": 3, "FTR": "H", "HC": 3, "HF": 13, "HR": 0, "HS": 16, "HST": 7, "HTAG": 0, "HTHG": 1, "HTR": "H", "HY": 2, "HomeTeam": "Lille"},{"AC": 5, "AF": 20, "AR": 1, "AS": 9, "AST": 4, "AY": 2, "AwayTeam": "Guingamp", "Date": "2015-12-12", "FTAG": 1, "FTHG": 2, "FTR": "H", "HC": 1, "HF": 13, "HR": 0, "HS": 10, "HST": 6, "HTAG": 1, "HTHG": 0, "HTR": "A", "HY": 3, "HomeTeam": "Montpellier"},{"AC": 1, "AF": 15, "AR": 1, "AS": 5, "AST": 3, "AY": 4, "AwayTeam": "Toulouse", "Date": "2015-12-12", "FTAG": 1, "FTHG": 1, "FTR": "D", "HC": 4, "HF": 18, "HR": 0, "HS": 15, "HST": 2, "HTAG": 0, "HTHG": 0, "HTR": "D", "HY": 4, "HomeTeam": "Nantes"},{"AC": 2, "AF": 13, "AR": 0, "AS": 7, "AST": 3, "AY": 2, "AwayTeam": "Nice", "Date": "2015-12-12", "FTAG": 1, "FTHG": 1, "FTR": "D", "HC": 3, "HF": 12, "HR": 1, "HS": 17, "HST": 7, "HTAG": 1, "HTHG": 0, "HTR": "A", "HY": 2, "HomeTeam": "Reims"},{"AC": 5, "AF": 21, "AR": 0, "AS": 11, "AST": 3, "AY": 4, "AwayTeam": "Bastia", "Date": "2015-12-12", "FTAG": 1, "FTHG": 1, "FTR": "D", "HC": 10, "HF": 11, "HR": 0, "HS": 17, "HST": 4, "HTAG": 1, "HTHG": 0, "HTR": "A", "HY": 2, "HomeTeam": "Troyes"},{"AC": 4, "AF": 9, "AR": 0, "AS": 3, "AST": 2, "AY": 2, "AwayTeam": "Bordeaux", "Date": "2015-12-13", "FTAG": 1, "FTHG": 1, "FTR": "D", "HC": 5, "HF": 13, "HR": 0, "HS": 7, "HST": 3, "HTAG": 1, "HTHG": 0, "HTR": "A", "HY": 1, "HomeTeam": "Angers"},{"AC": 3, "AF": 24, "AR": 0, "AS": 9, "AST": 2, "AY": 4, "AwayTeam": "Ajaccio GFCO", "Date": "2015-12-13", "FTAG": 1, "FTHG": 1, "FTR": "D", "HC": 2, "HF": 12, "HR": 1, "HS": 9, "HST": 3, "HTAG": 1, "HTHG": 1, "HTR": "D", "HY": 2, "HomeTeam": "Marseille"},{"AC": 5, "AF": 17, "AR": 1, "AS": 5, "AST": 0, "AY": 2, "AwayTeam": "St Etienne", "Date": "2015-12-13", "FTAG": 0, "FTHG": 1, "FTR": "H", "HC": 10, "HF": 20, "HR": 0, "HS": 10, "HST": 4, "HTAG": 0, "HTHG": 0, "HTR": "D", "HY": 3, "HomeTeam": "Monaco"},{"AC": 1, "AF": 9, "AR": 0, "AS": 9, "AST": 3, "AY": 1, "AwayTeam": "Lyon", "Date": "2015-12-13", "FTAG": 1, "FTHG": 5, "FTR": "H", "HC": 6, "HF": 16, "HR": 0, "HS": 11, "HST": 8, "HTAG": 1, "HTHG": 2, "HTR": "H", "HY": 2, "HomeTeam": "Paris SG"},{"AC": 8, "AF": 15, "AR": 0, "AS": 10, "AST": 6, "AY": 2, "AwayTeam": "Montpellier", "Date": "2015-12-18", "FTAG": 0, "FTHG": 1, "FTR": "H", "HC": 9, "HF": 18, "HR": 0, "HS": 9, "HST": 4, "HTAG": 0, "HTHG": 1, "HTR": "H", "HY": 2, "HomeTeam": "Nice"},{"AC": 5, "AF": 7, "AR": 0, "AS": 11, "AST": 2, "AY": 1, "AwayTeam": "Reims", "Date": "2015-12-19", "FTAG": 0, "FTHG": 2, "FTR": "H", "HC": 4, "HF": 18, "HR": 0, "HS": 7, "HST": 2, "HTAG": 0, "HTHG": 1, "HTR": "H", "HY": 3, "HomeTeam": "Bastia"},{"AC": 7, "AF": 11, "AR": 0, "AS": 18, "AST": 10, "AY": 2, "AwayTeam": "Paris SG", "Date": "2015-12-19", "FTAG": 3, "FTHG": 0, "FTR": "A", "HC": 7, "HF": 9, "HR": 0, "HS": 8, "HST": 1, "HTAG": 2, "HTHG": 0, "HTR": "A", "HY": 3, "HomeTeam": "Caen"},{"AC": 3, "AF": 11, "AR": 0, "AS": 9, "AST": 5, "AY": 2, "AwayTeam": "Rennes", "Date": "2015-12-19", "FTAG": 2, "FTHG": 0, "FTR": "A", "HC": 10, "HF": 11, "HR": 0, "HS": 13, "HST": 4, "HTAG": 0, "HTHG": 0, "HTR": "D", "HY": 1, "HomeTeam": "Guingamp"},{"AC": 7, "AF": 17, "AR": 0, "AS": 13, "AST": 6, "AY": 3, "AwayTeam": "Nantes", "Date": "2015-12-19", "FTAG": 0, "FTHG": 0, "FTR": "D", "HC": 9, "HF": 6, "HR": 0, "HS": 18, "HST": 2, "HTAG": 0, "HTHG": 0, "HTR": "D", "HY": 0, "HomeTeam": "Lorient"},{"AC": 8, "AF": 11, "AR": 0, "AS": 24, "AST": 6, "AY": 1, "AwayTeam": "Lille", "Date": "2015-12-19", "FTAG": 1, "FTHG": 1, "FTR": "D", "HC": 2, "HF": 18, "HR": 1, "HS": 7, "HST": 4, "HTAG": 0, "HTHG": 1, "HTR": "H", "HY": 2, "HomeTeam": "Toulouse"},{"AC": 15, "AF": 17, "AR": 0, "AS": 16, "AST": 5, "AY": 3, "AwayTeam": "Monaco", "Date": "2015-12-19", "FTAG": 0, "FTHG": 0, "FTR": "D", "HC": 6, "HF": 6, "HR": 1, "HS": 11, "HST": 2, "HTAG": 0, "HTHG": 0, "HTR": "D", "HY": 2, "HomeTeam": "Troyes"},{"AC": 2, "AF": 12, "AR": 0, "AS": 9, "AST": 2, "AY": 1, "AwayTeam": "Lyon", "Date": "2015-12-20", "FTAG": 1, "FTHG": 2, "FTR": "H", "HC": 5, "HF": 21, "HR": 0, "HS": 12, "HST": 8, "HTAG": 0, "HTHG": 1, "HTR": "H", "HY": 3, "HomeTeam": "Ajaccio GFCO"},{"AC": 6, "AF": 14, "AR": 0, "AS": 7, "AST": 4, "AY": 3, "AwayTeam": "Marseille", "Date": "2015-12-20", "FTAG": 1, "FTHG": 1, "FTR": "D", "HC": 3, "HF": 13, "HR": 0, "HS": 11, "HST": 3, "HTAG": 0, "HTHG": 0, "HTR": "D", "HY": 3, "HomeTeam": "Bordeaux"},{"AC": 5, "AF": 16, "AR": 0, "AS": 11, "AST": 2, "AY": 3, "AwayTeam": "Angers", "Date": "2015-12-20", "FTAG": 0, "FTHG": 1, "FTR": "H", "HC": 9, "HF": 9, "HR": 0, "HS": 15, "HST": 1, "HTAG": 0, "HTHG": 0, "HTR": "D", "HY": 3, "HomeTeam": "St Etienne"},{"AC": 0, "AF": 18, "AR": 0, "AS": 5, "AST": 0, "AY": 3, "AwayTeam": "Bastia", "Date": "2016-01-08", "FTAG": 0, "FTHG": 2, "FTR": "H", "HC": 8, "HF": 10, "HR": 0, "HS": 14, "HST": 3, "HTAG": 0, "HTHG": 2, "HTR": "H", "HY": 1, "HomeTeam": "Paris SG"},{"AC": 8, "AF": 8, "AR": 0, "AS": 15, "AST": 3, "AY": 2, "AwayTeam": "Caen", "Date": "2016-01-09", "FTAG": 0, "FTHG": 2, "FTR": "H", "HC": 7, "HF": 6, "HR": 0, "HS": 13, "HST": 5, "HTAG": 0, "HTHG": 1, "HTR": "H", "HY": 0, "HomeTeam": "Angers"},{"AC": 1, "AF": 20, "AR": 0, "AS": 9, "AST": 3, "AY": 1, "AwayTeam": "Troyes", "Date": "2016-01-09", "FTAG": 1, "FTHG": 4, "FTR": "H", "HC": 4, "HF": 16, "HR": 0, "HS": 22, "HST": 8, "HTAG": 0, "HTHG": 1, "HTR": "H", "HY": 1, "HomeTeam": "Lyon"},{"AC": 1, "AF": 21, "AR": 0, "AS": 10, "AST": 2, "AY": 3, "AwayTeam": "Ajaccio GFCO", "Date": "2016-01-09", "FTAG": 2, "FTHG": 2, "FTR": "D", "HC": 6, "HF": 16, "HR": 0, "HS": 11, "HST": 4, "HTAG": 2, "HTHG": 0, "HTR": "A", "HY": 2, "HomeTeam": "Monaco"},{"AC": 5, "AF": 11, "AR": 0, "AS": 13, "AST": 3, "AY": 1, "AwayTeam": "Bordeaux", "Date": "2016-01-09", "FTAG": 1, "FTHG": 0, "FTR": "A", "HC": 8, "HF": 13, "HR": 0, "HS": 12, "HST": 4, "HTAG": 1, "HTHG": 0, "HTR": "A", "HY": 2, "HomeTeam": "Montpellier"},{"AC": 1, "AF": 15, "AR": 0, "AS": 8, "AST": 3, "AY": 4, "AwayTeam": "Toulouse", "Date": "2016-01-09", "FTAG": 3, "FTHG": 1, "FTR": "A", "HC": 2, "HF": 18, "HR": 1, "HS": 8, "HST": 3, "HTAG": 0, "HTHG": 1, "HTR": "H", "HY": 2, "HomeTeam": "Reims"},{"AC": 3, "AF": 11, "AR": 0, "AS": 6, "AST": 2, "AY": 1, "AwayTeam": "Lorient", "Date": "2016-01-09", "FTAG": 2, "FTHG": 2, "FTR": "D", "HC": 5, "HF": 8, "HR": 0, "HS": 12, "HST": 4, "HTAG": 2, "HTHG": 2, "HTR": "D", "HY": 0, "HomeTeam": "Rennes"},{"AC": 6, "AF": 21, "AR": 0, "AS": 9, "AST": 3, "AY": 3, "AwayTeam": "Nice", "Date": "2016-01-10", "FTAG": 1, "FTHG": 1, "FTR": "D", "HC": 2, "HF": 20, "HR": 0, "HS": 10, "HST": 3, "HTAG": 1, "HTHG": 1, "HTR": "D", "HY": 3, "HomeTeam": "Lille"},{"AC": 0, "AF": 15, "AR": 0, "AS": 7, "AST": 1, "AY": 1, "AwayTeam": "Guingamp", "Date": "2016-01-10", "FTAG": 0, "FTHG": 0, "FTR": "D", "HC": 8, "HF": 18, "HR": 0, "HS": 15, "HST": 3, "HTAG": 0, "HTHG": 0, "HTR": "D", "HY": 2, "HomeTeam": "Marseille"},{"AC": 6, "AF": 14, "AR": 0, "AS": 10, "AST": 2, "AY": 3, "AwayTeam": "St Etienne", "Date": "2016-01-10", "FTAG": 1, "FTHG": 2, "FTR": "H", "HC": 6, "HF": 18, "HR": 0, "HS": 18, "HST": 6, "HTAG": 1, "HTHG": 1, "HTR": "D", "HY": 1, "HomeTeam": "Nantes"},{"AC": 3, "AF": 17, "AR": 0, "AS": 9, "AST": 4, "AY": 3, "AwayTeam": "Angers", "Date": "2016-01-15", "FTAG": 1, "FTHG": 2, "FTR": "H", "HC": 6, "HF": 9, "HR": 0, "HS": 11, "HST": 5, "HTAG": 1, "HTHG": 0, "HTR": "A", "HY": 2, "HomeTeam": "Nice"},{"AC": 2, "AF": 8, "AR": 0, "AS": 10, "AST": 6, "AY": 0, "AwayTeam": "Reims", "Date": "2016-01-16", "FTAG": 2, "FTHG": 2, "FTR": "D", "HC": 4, "HF": 13, "HR": 0, "HS": 18, "HST": 4, "HTAG": 2, "HTHG": 1, "HTR": "A", "HY": 2, "HomeTeam": "Ajaccio GFCO"},{"AC": 5, "AF": 11, "AR": 1, "AS": 7, "AST": 1, "AY": 1, "AwayTeam": "Montpellier", "Date": "2016-01-16", "FTAG": 0, "FTHG": 1, "FTR": "H", "HC": 1, "HF": 21, "HR": 1, "HS": 2, "HST": 1, "HTAG": 0, "HTHG": 0, "HTR": "D", "HY": 3, "HomeTeam": "Bastia"},{"AC": 1, "AF": 17, "AR": 0, "AS": 10, "AST": 7, "AY": 1, "AwayTeam": "Lille", "Date": "2016-01-16", "FTAG": 0, "FTHG": 1, "FTR": "H", "HC": 8, "HF": 17, "HR": 0, "HS": 14, "HST": 3, "HTAG": 0, "HTHG": 0, "HTR": "D", "HY": 2, "HomeTeam": "Bordeaux"},{"AC": 7, "AF": 14, "AR": 0, "AS": 8, "AST": 1, "AY": 1, "AwayTeam": "Nantes", "Date": "2016-01-16", "FTAG": 2, "FTHG": 2, "FTR": "D", "HC": 7, "HF": 10, "HR": 1, "HS": 8, "HST": 4, "HTAG": 0, "HTHG": 2, "HTR": "H", "HY": 4, "HomeTeam": "Guingamp"},{"AC": 7, "AF": 9, "AR": 0, "AS": 12, "AST": 4, "AY": 0, "AwayTeam": "Paris SG", "Date": "2016-01-16", "FTAG": 1, "FTHG": 0, "FTR": "A", "HC": 2, "HF": 9, "HR": 0, "HS": 9, "HST": 3, "HTAG": 0, "HTHG": 0, "HTR": "D", "HY": 1, "HomeTeam": "Toulouse"},{"AC": 7, "AF": 7, "AR": 0, "AS": 19, "AST": 13, "AY": 1, "AwayTeam": "Rennes", "Date": "2016-01-16", "FTAG": 4, "FTHG": 2, "FTR": "A", "HC": 8, "HF": 7, "HR": 0, "HS": 12, "HST": 5, "HTAG": 3, "HTHG": 2, "HTR": "A", "HY": 3, "HomeTeam": "Troyes"},{"AC": 4, "AF": 12, "AR": 0, "AS": 15, "AST": 9, "AY": 1, "AwayTeam": "Marseille", "Date": "2016-01-17", "FTAG": 3, "FTHG": 1, "FTR": "A", "HC": 0, "HF": 16, "HR": 0, "HS": 7, "HST": 3, "HTAG": 1, "HTHG": 0, "HTR": "A", "HY": 2, "HomeTeam": "Caen"},{"AC": 5, "AF": 12, "AR": 0, "AS": 6, "AST": 4, "AY": 1, "AwayTeam": "Monaco", "Date": "2016-01-17", "FTAG": 2, "FTHG": 0, "FTR": "A", "HC": 3, "HF": 14, "HR": 0, "HS": 8, "HST": 2, "HTAG": 0, "HTHG": 0, "HTR": "D", "HY": 2, "HomeTeam": "Lorient"},{"AC": 8, "AF": 13, "AR": 0, "AS": 18, "AST": 5, "AY": 1, "AwayTeam": "Lyon", "Date": "2016-01-17", "FTAG": 0, "FTHG": 1, "FTR": "H", "HC": 2, "HF": 25, "HR": 0, "HS": 9, "HST": 2, "HTAG": 0, "HTHG": 0, "HTR": "D", "HY": 3, "HomeTeam": "St Etienne"},{"AC": 2, "AF": 15, "AR": 0, "AS": 8, "AST": 2, "AY": 3, "AwayTeam": "Ajaccio GFCO", "Date": "2016-01-22", "FTAG": 0, "FTHG": 1, "FTR": "H", "HC": 8, "HF": 9, "HR": 0, "HS": 10, "HST": 3, "HTAG": 0, "HTHG": 0, "HTR": "D", "HY": 3, "HomeTeam": "Rennes"},{"AC": 0, "AF": 17, "AR": 2, "AS": 4, "AST": 1, "AY": 1, "AwayTeam": "Bastia", "Date": "2016-01-23", "FTAG": 0, "FTHG": 1, "FTR": "H", "HC": 5, "HF": 6, "HR": 0, "HS": 16, "HST": 3, "HTAG": 0, "HTHG": 0, "HTR": "D", "HY": 1, "HomeTeam": "Guingamp"},{"AC": 3, "AF": 5, "AR": 0, "AS": 7, "AST": 4, "AY": 1, "AwayTeam": "Troyes", "Date": "2016-01-23", "FTAG": 3, "FTHG": 1, "FTR": "A", "HC": 9, "HF": 11, "HR": 0, "HS": 20, "HST": 5, "HTAG": 0, "HTHG": 1, "HTR": "H", "HY": 2, "HomeTeam": "Lille"},{"AC": 4, "AF": 12, "AR": 0, "AS": 10, "AST": 4, "AY": 1, "AwayTeam": "Caen", "Date": "2016-01-23", "FTAG": 2, "FTHG": 1, "FTR": "A", "HC": 5, "HF": 7, "HR": 0, "HS": 15, "HST": 2, "HTAG": 1, "HTHG": 1, "HTR": "D", "HY": 2, "HomeTeam": "Montpellier"},{"AC": 3, "AF": 12, "AR": 0, "AS": 8, "AST": 5, "AY": 4, "AwayTeam": "Bordeaux", "Date": "2016-01-23", "FTAG": 2, "FTHG": 2, "FTR": "D", "HC": 4, "HF": 17, "HR": 0, "HS": 8, "HST": 2, "HTAG": 0, "HTHG": 2, "HTR": "H", "HY": 2, "HomeTeam": "Nantes"},{"AC": 3, "AF": 15, "AR": 0, "AS": 12, "AST": 4, "AY": 2, "AwayTeam": "Lorient", "Date": "2016-01-23", "FTAG": 1, "FTHG": 2, "FTR": "H", "HC": 4, "HF": 17, "HR": 0, "HS": 8, "HST": 2, "HTAG": 1, "HTHG": 2, "HTR": "H", "HY": 1, "HomeTeam": "Nice"},{"AC": 1, "AF": 11, "AR": 0, "AS": 11, "AST": 4, "AY": 1, "AwayTeam": "Angers", "Date": "2016-01-23", "FTAG": 1, "FTHG": 5, "FTR": "H", "HC": 3, "HF": 8, "HR": 0, "HS": 16, "HST": 10, "HTAG": 0, "HTHG": 2, "HTR": "H", "HY": 0, "HomeTeam": "Paris SG"},{"AC": 2, "AF": 20, "AR": 0, "AS": 7, "AST": 4, "AY": 2, "AwayTeam": "Marseille", "Date": "2016-01-24", "FTAG": 1, "FTHG": 1, "FTR": "D", "HC": 8, "HF": 17, "HR": 0, "HS": 22, "HST": 9, "HTAG": 0, "HTHG": 0, "HTR": "D", "HY": 2, "HomeTeam": "Lyon"},{"AC": 3, "AF": 16, "AR": 0, "AS": 9, "AST": 3, "AY": 1, "AwayTeam": "Toulouse", "Date": "2016-01-24", "FTAG": 0, "FTHG": 4, "FTR": "H", "HC": 6, "HF": 21, "HR": 0, "HS": 14, "HST": 5, "HTAG": 0, "HTHG": 2, "HTR": "H", "HY": 4, "HomeTeam": "Monaco"},{"AC": 1, "AF": 18, "AR": 0, "AS": 5, "AST": 1, "AY": 2, "AwayTeam": "St Etienne", "Date": "2016-01-24", "FTAG": 1, "FTHG": 1, "FTR": "D", "HC": 5, "HF": 16, "HR": 0, "HS": 12, "HST": 3, "HTAG": 0, "HTHG": 0, "HTR": "D", "HY": 2, "HomeTeam": "Reims"},{"AC": 1, "AF": 21, "AR": 0, "AS": 12, "AST": 4, "AY": 1, "AwayTeam": "Lille", "Date": "2016-01-29", "FTAG": 1, "FTHG": 1, "FTR": "D", "HC": 7, "HF": 12, "HR": 1, "HS": 16, "HST": 3, "HTAG": 0, "HTHG": 0, "HTR": "D", "HY": 1, "HomeTeam": "Marseille"},{"AC": 4, "AF": 10, "AR": 0, "AS": 8, "AST": 4, "AY": 3, "AwayTeam": "Montpellier", "Date": "2016-01-30", "FTAG": 4, "FTHG": 0, "FTR": "A", "HC": 5, "HF": 14, "HR": 0, "HS": 16, "HST": 3, "HTAG": 2, "HTHG": 0, "HTR": "A", "HY": 3, "HomeTeam": "Ajaccio GFCO"},{"AC": 5, "AF": 10, "AR": 0, "AS": 9, "AST": 4, "AY": 3, "AwayTeam": "Monaco", "Date": "2016-01-30", "FTAG": 0, "FTHG": 3, "FTR": "H", "HC": 5, "HF": 16, "HR": 0, "HS": 19, "HST": 10, "HTAG": 0, "HTHG": 2, "HTR": "H", "HY": 2, "HomeTeam": "Angers"},{"AC": 6, "AF": 18, "AR": 0, "AS": 9, "AST": 2, "AY": 2, "AwayTeam": "Lyon", "Date": "2016-01-30", "FTAG": 0, "FTHG": 1, "FTR": "H", "HC": 1, "HF": 13, "HR": 1, "HS": 7, "HST": 3, "HTAG": 0, "HTHG": 0, "HTR": "D", "HY": 3, "HomeTeam": "Bastia"},{"AC": 6, "AF": 14, "AR": 0, "AS": 12, "AST": 3, "AY": 2, "AwayTeam": "Reims", "Date": "2016-01-30", "FTAG": 0, "FTHG": 2, "FTR": "H", "HC": 6, "HF": 15, "HR": 0, "HS": 8, "HST": 4, "HTAG": 0, "HTHG": 1, "HTR": "H", "HY": 3, "HomeTeam": "Lorient"},{"AC": 5, "AF": 18, "AR": 0, "AS": 7, "AST": 3, "AY": 4, "AwayTeam": "Guingamp", "Date": "2016-01-30", "FTAG": 2, "FTHG": 1, "FTR": "A", "HC": 6, "HF": 17, "HR": 1, "HS": 14, "HST": 6, "HTAG": 1, "HTHG": 0, "HTR": "A", "HY": 1, "HomeTeam": "Toulouse"},{"AC": 4, "AF": 16, "AR": 0, "AS": 10, "AST": 3, "AY": 3, "AwayTeam": "Nantes", "Date": "2016-01-30", "FTAG": 1, "FTHG": 0, "FTR": "A", "HC": 6, "HF": 12, "HR": 0, "HS": 13, "HST": 5, "HTAG": 1, "HTHG": 0, "HTR": "A", "HY": 1, "HomeTeam": "Troyes"},{"AC": 5, "AF": 11, "AR": 0, "AS": 8, "AST": 3, "AY": 1, "AwayTeam": "Rennes", "Date": "2016-01-31", "FTAG": 0, "FTHG": 4, "FTR": "H", "HC": 3, "HF": 8, "HR": 0, "HS": 21, "HST": 7, "HTAG": 0, "HTHG": 1, "HTR": "H", "HY": 2, "HomeTeam": "Bordeaux"},{"AC": 15, "AF": 14, "AR": 0, "AS": 15, "AST": 6, "AY": 2, "AwayTeam": "Nice", "Date": "2016-01-31", "FTAG": 0, "FTHG": 2, "FTR": "H", "HC": 3, "HF": 12, "HR": 0, "HS": 9, "HST": 5, "HTAG": 0, "HTHG": 2, "HTR": "H", "HY": 1, "HomeTeam": "Caen"},{"AC": 6, "AF": 11, "AR": 0, "AS": 12, "AST": 5, "AY": 2, "AwayTeam": "Paris SG", "Date": "2016-01-31", "FTAG": 2, "FTHG": 0, "FTR": "A", "HC": 7, "HF": 23, "HR": 0, "HS": 12, "HST": 3, "HTAG": 0, "HTHG": 0, "HTR": "D", "HY": 4, "HomeTeam": "St Etienne"},{"AC": 1, "AF": 10, "AR": 0, "AS": 11, "AST": 3, "AY": 1, "AwayTeam": "Bastia", "Date": "2016-02-02", "FTAG": 0, "FTHG": 2, "FTR": "H", "HC": 4, "HF": 12, "HR": 0, "HS": 8, "HST": 4, "HTAG": 0, "HTHG": 1, "HTR": "H", "HY": 2, "HomeTeam": "Monaco"},{"AC": 5, "AF": 13, "AR": 1, "AS": 4, "AST": 1, "AY": 3, "AwayTeam": "Marseille", "Date": "2016-02-02", "FTAG": 1, "FTHG": 0, "FTR": "A", "HC": 6, "HF": 18, "HR": 0, "HS": 11, "HST": 3, "HTAG": 0, "HTHG": 0, "HTR": "D", "HY": 2, "HomeTeam": "Montpellier"},{"AC": 8, "AF": 12, "AR": 0, "AS": 15, "AST": 4, "AY": 3, "AwayTeam": "Troyes", "Date": "2016-02-03", "FTAG": 0, "FTHG": 4, "FTR": "H", "HC": 3, "HF": 11, "HR": 0, "HS": 12, "HST": 5, "HTAG": 0, "HTHG": 1, "HTR": "H", "HY": 1, "HomeTeam": "Guingamp"},{"AC": 4, "AF": 15, "AR": 1, "AS": 10, "AST": 2, "AY": 1, "AwayTeam": "Caen", "Date": "2016-02-03", "FTAG": 0, "FTHG": 1, "FTR": "H", "HC": 9, "HF": 18, "HR": 0, "HS": 12, "HST": 6, "HTAG": 0, "HTHG": 0, "HTR": "D", "HY": 0, "HomeTeam": "Lille"},{"AC": 8, "AF": 12, "AR": 0, "AS": 12, "AST": 4, "AY": 4, "AwayTeam": "Bordeaux", "Date": "2016-02-03", "FTAG": 0, "FTHG": 3, "FTR": "H", "HC": 3, "HF": 9, "HR": 0, "HS": 17, "HST": 5, "HTAG": 0, "HTHG": 1, "HTR": "H", "HY": 2, "HomeTeam": "Lyon"},{"AC": 1, "AF": 18, "AR": 1, "AS": 4, "AST": 2, "AY": 1, "AwayTeam": "Ajaccio GFCO", "Date": "2016-02-03", "FTAG": 1, "FTHG": 3, "FTR": "H", "HC": 4, "HF": 16, "HR": 0, "HS": 16, "HST": 8, "HTAG": 1, "HTHG": 2, "HTR": "H", "HY": 1, "HomeTeam": "Nantes"},{"AC": 4, "AF": 9, "AR": 0, "AS": 7, "AST": 1, "AY": 1, "AwayTeam": "Toulouse", "Date": "2016-02-03", "FTAG": 0, "FTHG": 1, "FTR": "H", "HC": 7, "HF": 10, "HR": 0, "HS": 10, "HST": 2, "HTAG": 0, "HTHG": 0, "HTR": "D", "HY": 1, "HomeTeam": "Nice"},{"AC": 8, "AF": 11, "AR": 0, "AS": 11, "AST": 4, "AY": 1, "AwayTeam": "Lorient", "Date": "2016-02-03", "FTAG": 1, "FTHG": 3, "FTR": "H", "HC": 4, "HF": 9, "HR": 0, "HS": 16, "HST": 7, "HTAG": 1, "HTHG": 1, "HTR": "D", "HY": 1, "HomeTeam": "Paris SG"},{"AC": 5, "AF": 15, "AR": 1, "AS": 11, "AST": 5, "AY": 3, "AwayTeam": "Angers", "Date": "2016-02-03", "FTAG": 1, "FTHG": 2, "FTR": "H", "HC": 8, "HF": 10, "HR": 0, "HS": 13, "HST": 4, "HTAG": 1, "HTHG": 1, "HTR": "D", "HY": 0, "HomeTeam": "Reims"},{"AC": 8, "AF": 16, "AR": 0, "AS": 13, "AST": 4, "AY": 2, "AwayTeam": "St Etienne", "Date": "2016-02-04", "FTAG": 1, "FTHG": 0, "FTR": "A", "HC": 4, "HF": 9, "HR": 0, "HS": 5, "HST": 0, "HTAG": 0, "HTHG": 0, "HTR": "D", "HY": 2, "HomeTeam": "Rennes"},{"AC": 2, "AF": 8, "AR": 1, "AS": 3, "AST": 0, "AY": 0, "AwayTeam": "Guingamp", "Date": "2016-02-06", "FTAG": 0, "FTHG": 0, "FTR": "D", "HC": 4, "HF": 14, "HR": 0, "HS": 17, "HST": 2, "HTAG": 0, "HTHG": 0, "HTR": "D", "HY": 1, "HomeTeam": "Ajaccio GFCO"},{"AC": 6, "AF": 16, "AR": 0, "AS": 8, "AST": 3, "AY": 2, "AwayTeam": "Lyon", "Date": "2016-02-06", "FTAG": 3, "FTHG": 0, "FTR": "A", "HC": 2, "HF": 9, "HR": 1, "HS": 5, "HST": 0, "HTAG": 1, "HTHG": 0, "HTR": "A", "HY": 1, "HomeTeam": "Angers"},{"AC": 6, "AF": 12, "AR": 2, "AS": 11, "AST": 1, "AY": 2, "AwayTeam": "Troyes", "Date": "2016-02-06", "FTAG": 0, "FTHG": 2, "FTR": "H", "HC": 8, "HF": 8, "HR": 1, "HS": 11, "HST": 5, "HTAG": 0, "HTHG": 1, "HTR": "H", "HY": 0, "HomeTeam": "Bastia"},{"AC": 2, "AF": 13, "AR": 0, "AS": 12, "AST": 5, "AY": 2, "AwayTeam": "Reims", "Date": "2016-02-06", "FTAG": 2, "FTHG": 0, "FTR": "A", "HC": 6, "HF": 13, "HR": 0, "HS": 12, "HST": 4, "HTAG": 1, "HTHG": 0, "HTR": "A", "HY": 3, "HomeTeam": "Caen"},{"AC": 1, "AF": 8, "AR": 0, "AS": 11, "AST": 5, "AY": 1, "AwayTeam": "Montpellier", "Date": "2016-02-06", "FTAG": 1, "FTHG": 1, "FTR": "D", "HC": 7, "HF": 10, "HR": 1, "HS": 6, "HST": 4, "HTAG": 1, "HTHG": 0, "HTR": "A", "HY": 1, "HomeTeam": "Lorient"},{"AC": 7, "AF": 14, "AR": 0, "AS": 12, "AST": 3, "AY": 6, "AwayTeam": "Nice", "Date": "2016-02-06", "FTAG": 0, "FTHG": 1, "FTR": "H", "HC": 5, "HF": 14, "HR": 1, "HS": 8, "HST": 4, "HTAG": 0, "HTHG": 0, "HTR": "D", "HY": 4, "HomeTeam": "Monaco"},{"AC": 7, "AF": 21, "AR": 0, "AS": 15, "AST": 7, "AY": 4, "AwayTeam": "Nantes", "Date": "2016-02-06", "FTAG": 0, "FTHG": 0, "FTR": "D", "HC": 5, "HF": 15, "HR": 0, "HS": 9, "HST": 2, "HTAG": 0, "HTHG": 0, "HTR": "D", "HY": 2, "HomeTeam": "Toulouse"},{"AC": 4, "AF": 19, "AR": 0, "AS": 14, "AST": 8, "AY": 1, "AwayTeam": "St Etienne", "Date": "2016-02-07", "FTAG": 4, "FTHG": 1, "FTR": "A", "HC": 3, "HF": 19, "HR": 1, "HS": 10, "HST": 3, "HTAG": 2, "HTHG": 1, "HTR": "A", "HY": 4, "HomeTeam": "Bordeaux"},{"AC": 4, "AF": 12, "AR": 0, "AS": 10, "AST": 3, "AY": 4, "AwayTeam": "Rennes", "Date": "2016-02-07", "FTAG": 1, "FTHG": 1, "FTR": "D", "HC": 4, "HF": 12, "HR": 1, "HS": 17, "HST": 6, "HTAG": 0, "HTHG": 1, "HTR": "H", "HY": 1, "HomeTeam": "Lille"},{"AC": 2, "AF": 10, "AR": 0, "AS": 11, "AST": 3, "AY": 1, "AwayTeam": "Paris SG", "Date": "2016-02-07", "FTAG": 2, "FTHG": 1, "FTR": "A", "HC": 6, "HF": 7, "HR": 0, "HS": 18, "HST": 7, "HTAG": 1, "HTHG": 1, "HTR": "D", "HY": 0, "HomeTeam": "Marseille"},{"AC": 3, "AF": 18, "AR": 0, "AS": 9, "AST": 0, "AY": 1, "AwayTeam": "Angers", "Date": "2016-02-12", "FTAG": 0, "FTHG": 1, "FTR": "H", "HC": 7, "HF": 10, "HR": 0, "HS": 10, "HST": 2, "HTAG": 0, "HTHG": 0, "HTR": "D", "HY": 0, "HomeTeam": "Rennes"},{"AC": 1, "AF": 10, "AR": 0, "AS": 6, "AST": 3, "AY": 3, "AwayTeam": "Troyes", "Date": "2016-02-13", "FTAG": 3, "FTHG": 2, "FTR": "A", "HC": 11, "HF": 17, "HR": 0, "HS": 18, "HST": 6, "HTAG": 3, "HTHG": 1, "HTR": "A", "HY": 2, "HomeTeam": "Ajaccio GFCO"},{"AC": 4, "AF": 9, "AR": 0, "AS": 13, "AST": 7, "AY": 0, "AwayTeam": "Bordeaux", "Date": "2016-02-13", "FTAG": 4, "FTHG": 2, "FTR": "A", "HC": 5, "HF": 18, "HR": 0, "HS": 10, "HST": 2, "HTAG": 2, "HTHG": 1, "HTR": "A", "HY": 1, "HomeTeam": "Guingamp"},{"AC": 4, "AF": 13, "AR": 0, "AS": 9, "AST": 3, "AY": 2, "AwayTeam": "Toulouse", "Date": "2016-02-13", "FTAG": 0, "FTHG": 2, "FTR": "H", "HC": 4, "HF": 14, "HR": 0, "HS": 7, "HST": 2, "HTAG": 0, "HTHG": 1, "HTR": "H", "HY": 0, "HomeTeam": "Montpellier"},{"AC": 5, "AF": 14, "AR": 1, "AS": 4, "AST": 1, "AY": 3, "AwayTeam": "Lorient", "Date": "2016-02-13", "FTAG": 1, "FTHG": 2, "FTR": "H", "HC": 5, "HF": 18, "HR": 0, "HS": 9, "HST": 2, "HTAG": 0, "HTHG": 2, "HTR": "H", "HY": 1, "HomeTeam": "Nantes"},{"AC": 2, "AF": 10, "AR": 0, "AS": 5, "AST": 0, "AY": 3, "AwayTeam": "Lille", "Date": "2016-02-13", "FTAG": 0, "FTHG": 0, "FTR": "D", "HC": 3, "HF": 13, "HR": 0, "HS": 12, "HST": 4, "HTAG": 0, "HTHG": 0, "HTR": "D", "HY": 2, "HomeTeam": "Paris SG"},{"AC": 5, "AF": 17, "AR": 0, "AS": 13, "AST": 3, "AY": 3, "AwayTeam": "Bastia", "Date": "2016-02-13", "FTAG": 1, "FTHG": 0, "FTR": "A", "HC": 3, "HF": 25, "HR": 0, "HS": 13, "HST": 5, "HTAG": 0, "HTHG": 0, "HTR": "D", "HY": 5, "HomeTeam": "Reims"},{"AC": 7, "AF": 12, "AR": 0, "AS": 15, "AST": 6, "AY": 5, "AwayTeam": "Caen", "Date": "2016-02-14", "FTAG": 1, "FTHG": 4, "FTR": "H", "HC": 5, "HF": 14, "HR": 0, "HS": 20, "HST": 8, "HTAG": 0, "HTHG": 3, "HTR": "H", "HY": 3, "HomeTeam": "Lyon"},{"AC": 6, "AF": 14, "AR": 0, "AS": 11, "AST": 6, "AY": 2, "AwayTeam": "Marseille", "Date": "2016-02-14", "FTAG": 1, "FTHG": 1, "FTR": "D", "HC": 0, "HF": 14, "HR": 0, "HS": 9, "HST": 3, "HTAG": 1, "HTHG": 0, "HTR": "A", "HY": 1, "HomeTeam": "Nice"},{"AC": 6, "AF": 11, "AR": 0, "AS": 8, "AST": 2, "AY": 1, "AwayTeam": "Monaco", "Date": "2016-02-14", "FTAG": 1, "FTHG": 1, "FTR": "D", "HC": 12, "HF": 8, "HR": 0, "HS": 19, "HST": 6, "HTAG": 0, "HTHG": 0, "HTR": "D", "HY": 0, "HomeTeam": "St Etienne"},{"AC": 5, "AF": 8, "AR": 0, "AS": 10, "AST": 2, "AY": 2, "AwayTeam": "Nice", "Date": "2016-02-19", "FTAG": 0, "FTHG": 0, "FTR": "D", "HC": 7, "HF": 6, "HR": 0, "HS": 15, "HST": 2, "HTAG": 0, "HTHG": 0, "HTR": "D", "HY": 0, "HomeTeam": "Bordeaux"},{"AC": 6, "AF": 17, "AR": 0, "AS": 12, "AST": 5, "AY": 1, "AwayTeam": "Montpellier", "Date": "2016-02-20", "FTAG": 3, "FTHG": 2, "FTR": "A", "HC": 1, "HF": 14, "HR": 0, "HS": 13, "HST": 4, "HTAG": 3, "HTHG": 0, "HTR": "A", "HY": 0, "HomeTeam": "Angers"},{"AC": 5, "AF": 6, "AR": 0, "AS": 14, "AST": 7, "AY": 1, "AwayTeam": "Guingamp", "Date": "2016-02-20", "FTAG": 3, "FTHG": 4, "FTR": "H", "HC": 6, "HF": 15, "HR": 0, "HS": 26, "HST": 9, "HTAG": 2, "HTHG": 1, "HTR": "A", "HY": 4, "HomeTeam": "Lorient"},{"AC": 7, "AF": 12, "AR": 0, "AS": 14, "AST": 7, "AY": 0, "AwayTeam": "Troyes", "Date": "2016-02-20", "FTAG": 1, "FTHG": 3, "FTR": "H", "HC": 5, "HF": 10, "HR": 0, "HS": 16, "HST": 8, "HTAG": 0, "HTHG": 2, "HTR": "H", "HY": 2, "HomeTeam": "Monaco"},{"AC": 5, "AF": 11, "AR": 0, "AS": 10, "AST": 3, "AY": 0, "AwayTeam": "Reims", "Date": "2016-02-20", "FTAG": 1, "FTHG": 4, "FTR": "H", "HC": 9, "HF": 8, "HR": 0, "HS": 15, "HST": 6, "HTAG": 1, "HTHG": 3, "HTR": "H", "HY": 2, "HomeTeam": "Paris SG"},{"AC": 3, "AF": 18, "AR": 1, "AS": 9, "AST": 2, "AY": 2, "AwayTeam": "Ajaccio GFCO", "Date": "2016-02-20", "FTAG": 1, "FTHG": 1, "FTR": "D", "HC": 5, "HF": 13, "HR": 0, "HS": 13, "HST": 3, "HTAG": 0, "HTHG": 0, "HTR": "D", "HY": 1, "HomeTeam": "Toulouse"},{"AC": 2, "AF": 15, "AR": 0, "AS": 7, "AST": 1, "AY": 1, "AwayTeam": "Rennes", "Date": "2016-02-21", "FTAG": 0, "FTHG": 1, "FTR": "H", "HC": 8, "HF": 13, "HR": 0, "HS": 10, "HST": 5, "HTAG": 0, "HTHG": 0, "HTR": "D", "HY": 1, "HomeTeam": "Caen"},{"AC": 7, "AF": 20, "AR": 2, "AS": 11, "AST": 3, "AY": 3, "AwayTeam": "Lyon", "Date": "2016-02-21", "FTAG": 0, "FTHG": 1, "FTR": "H", "HC": 8, "HF": 17, "HR": 0, "HS": 9, "HST": 2, "HTAG": 0, "HTHG": 1, "HTR": "H", "HY": 5, "HomeTeam": "Lille"},{"AC": 6, "AF": 21, "AR": 0, "AS": 15, "AST": 1, "AY": 1, "AwayTeam": "St Etienne", "Date": "2016-02-21", "FTAG": 1, "FTHG": 1, "FTR": "D", "HC": 9, "HF": 15, "HR": 1, "HS": 8, "HST": 2, "HTAG": 0, "HTHG": 0, "HTR": "D", "HY": 0, "HomeTeam": "Marseille"},{"AC": 1, "AF": 19, "AR": 0, "AS": 10, "AST": 4, "AY": 5, "AwayTeam": "Bastia", "Date": "2016-02-26", "FTAG": 2, "FTHG": 0, "FTR": "A", "HC": 5, "HF": 15, "HR": 1, "HS": 10, "HST": 5, "HTAG": 0, "HTHG": 0, "HTR": "D", "HY": 3, "HomeTeam": "Nice"},{"AC": 0, "AF": 16, "AR": 1, "AS": 8, "AST": 2, "AY": 3, "AwayTeam": "Angers", "Date": "2016-02-27", "FTAG": 2, "FTHG": 2, "FTR": "D", "HC": 8, "HF": 11, "HR": 0, "HS": 15, "HST": 3, "HTAG": 1, "HTHG": 1, "HTR": "D", "HY": 3, "HomeTeam": "Guingamp"},{"AC": 3, "AF": 19, "AR": 0, "AS": 6, "AST": 2, "AY": 3, "AwayTeam": "Lille", "Date": "2016-02-27", "FTAG": 0, "FTHG": 3, "FTR": "H", "HC": 3, "HF": 14, "HR": 0, "HS": 10, "HST": 5, "HTAG": 0, "HTHG": 0, "HTR": "D", "HY": 1, "HomeTeam": "Montpellier"},{"AC": 1, "AF": 16, "AR": 0, "AS": 6, "AST": 1, "AY": 2, "AwayTeam": "Bordeaux", "Date": "2016-02-27", "FTAG": 1, "FTHG": 4, "FTR": "H", "HC": 7, "HF": 16, "HR": 0, "HS": 15, "HST": 7, "HTAG": 0, "HTHG": 2, "HTR": "H", "HY": 2, "HomeTeam": "Reims"},{"AC": 5, "AF": 9, "AR": 0, "AS": 18, "AST": 5, "AY": 0, "AwayTeam": "Rennes", "Date": "2016-02-27", "FTAG": 2, "FTHG": 1, "FTR": "A", "HC": 4, "HF": 19, "HR": 0, "HS": 6, "HST": 1, "HTAG": 0, "HTHG": 0, "HTR": "D", "HY": 2, "HomeTeam": "Toulouse"},{"AC": 7, "AF": 9, "AR": 0, "AS": 19, "AST": 7, "AY": 1, "AwayTeam": "Lorient", "Date": "2016-02-27", "FTAG": 1, "FTHG": 0, "FTR": "A", "HC": 5, "HF": 6, "HR": 1, "HS": 12, "HST": 6, "HTAG": 1, "HTHG": 0, "HTR": "A", "HY": 2, "HomeTeam": "Troyes"},{"AC": 2, "AF": 14, "AR": 0, "AS": 6, "AST": 3, "AY": 5, "AwayTeam": "Paris SG", "Date": "2016-02-28", "FTAG": 1, "FTHG": 2, "FTR": "H", "HC": 6, "HF": 21, "HR": 0, "HS": 14, "HST": 7, "HTAG": 0, "HTHG": 2, "HTR": "H", "HY": 3, "HomeTeam": "Lyon"},{"AC": 3, "AF": 15, "AR": 0, "AS": 4, "AST": 1, "AY": 1, "AwayTeam": "Monaco", "Date": "2016-02-28", "FTAG": 0, "FTHG": 0, "FTR": "D", "HC": 8, "HF": 13, "HR": 0, "HS": 14, "HST": 4, "HTAG": 0, "HTHG": 0, "HTR": "D", "HY": 1, "HomeTeam": "Nantes"},{"AC": 3, "AF": 11, "AR": 0, "AS": 16, "AST": 6, "AY": 1, "AwayTeam": "Caen", "Date": "2016-02-28", "FTAG": 2, "FTHG": 1, "FTR": "A", "HC": 4, "HF": 9, "HR": 0, "HS": 16, "HST": 4, "HTAG": 0, "HTHG": 0, "HTR": "D", "HY": 2, "HomeTeam": "St Etienne"},{"AC": 2, "AF": 13, "AR": 0, "AS": 9, "AST": 3, "AY": 4, "AwayTeam": "Monaco", "Date": "2016-03-04", "FTAG": 2, "FTHG": 2, "FTR": "D", "HC": 4, "HF": 11, "HR": 0, "HS": 14, "HST": 6, "HTAG": 0, "HTHG": 0, "HTR": "D", "HY": 1, "HomeTeam": "Caen"},{"AC": 5, "AF": 15, "AR": 0, "AS": 7, "AST": 1, "AY": 3, "AwayTeam": "St Etienne", "Date": "2016-03-05", "FTAG": 0, "FTHG": 0, "FTR": "D", "HC": 4, "HF": 8, "HR": 0, "HS": 7, "HST": 1, "HTAG": 0, "HTHG": 0, "HTR": "D", "HY": 4, "HomeTeam": "Angers"},{"AC": 2, "AF": 12, "AR": 0, "AS": 2, "AST": 1, "AY": 4, "AwayTeam": "Lorient", "Date": "2016-03-05", "FTAG": 0, "FTHG": 0, "FTR": "D", "HC": 8, "HF": 15, "HR": 0, "HS": 24, "HST": 7, "HTAG": 0, "HTHG": 0, "HTR": "D", "HY": 3, "HomeTeam": "Bastia"},{"AC": 2, "AF": 13, "AR": 0, "AS": 4, "AST": 2, "AY": 2, "AwayTeam": "Ajaccio GFCO", "Date": "2016-03-05", "FTAG": 1, "FTHG": 1, "FTR": "D", "HC": 3, "HF": 13, "HR": 0, "HS": 12, "HST": 3, "HTAG": 0, "HTHG": 1, "HTR": "H", "HY": 2, "HomeTeam": "Bordeaux"},{"AC": 6, "AF": 22, "AR": 1, "AS": 9, "AST": 5, "AY": 2, "AwayTeam": "Reims", "Date": "2016-03-05", "FTAG": 0, "FTHG": 2, "FTR": "H", "HC": 2, "HF": 15, "HR": 0, "HS": 8, "HST": 5, "HTAG": 0, "HTHG": 0, "HTR": "D", "HY": 2, "HomeTeam": "Lille"},{"AC": 4, "AF": 11, "AR": 0, "AS": 10, "AST": 4, "AY": 1, "AwayTeam": "Troyes", "Date": "2016-03-05", "FTAG": 1, "FTHG": 2, "FTR": "H", "HC": 7, "HF": 6, "HR": 0, "HS": 18, "HST": 7, "HTAG": 1, "HTHG": 1, "HTR": "D", "HY": 1, "HomeTeam": "Nice"},{"AC": 4, "AF": 8, "AR": 0, "AS": 6, "AST": 0, "AY": 1, "AwayTeam": "Montpellier", "Date": "2016-03-05", "FTAG": 0, "FTHG": 0, "FTR": "D", "HC": 5, "HF": 11, "HR": 0, "HS": 7, "HST": 5, "HTAG": 0, "HTHG": 0, "HTR": "D", "HY": 0, "HomeTeam": "Paris SG"},{"AC": 3, "AF": 10, "AR": 0, "AS": 11, "AST": 5, "AY": 3, "AwayTeam": "Guingamp", "Date": "2016-03-06", "FTAG": 1, "FTHG": 5, "FTR": "H", "HC": 6, "HF": 13, "HR": 0, "HS": 16, "HST": 9, "HTAG": 1, "HTHG": 3, "HTR": "H", "HY": 2, "HomeTeam": "Lyon"},{"AC": 3, "AF": 13, "AR": 0, "AS": 18, "AST": 7, "AY": 1, "AwayTeam": "Toulouse", "Date": "2016-03-06", "FTAG": 1, "FTHG": 1, "FTR": "D", "HC": 9, "HF": 12, "HR": 0, "HS": 20, "HST": 8, "HTAG": 0, "HTHG": 0, "HTR": "D", "HY": 2, "HomeTeam": "Marseille"},{"AC": 3, "AF": 16, "AR": 0, "AS": 11, "AST": 6, "AY": 2, "AwayTeam": "Nantes", "Date": "2016-03-06", "FTAG": 1, "FTHG": 4, "FTR": "H", "HC": 2, "HF": 10, "HR": 1, "HS": 11, "HST": 7, "HTAG": 0, "HTHG": 4, "HTR": "H", "HY": 1, "HomeTeam": "Rennes"},{"AC": 3, "AF": 17, "AR": 0, "AS": 6, "AST": 5, "AY": 2, "AwayTeam": "Marseille", "Date": "2016-03-09", "FTAG": 1, "FTHG": 1, "FTR": "D", "HC": 7, "HF": 24, "HR": 0, "HS": 17, "HST": 6, "HTAG": 0, "HTHG": 0, "HTR": "D", "HY": 2, "HomeTeam": "Ajaccio GFCO"},{"AC": 1, "AF": 18, "AR": 0, "AS": 8, "AST": 2, "AY": 4, "AwayTeam": "Nantes", "Date": "2016-03-09", "FTAG": 0, "FTHG": 0, "FTR": "D", "HC": 6, "HF": 13, "HR": 0, "HS": 5, "HST": 1, "HTAG": 0, "HTHG": 0, "HTR": "D", "HY": 1, "HomeTeam": "Bastia"},{"AC": 7, "AF": 11, "AR": 0, "AS": 9, "AST": 4, "AY": 2, "AwayTeam": "Reims", "Date": "2016-03-11", "FTAG": 2, "FTHG": 2, "FTR": "D", "HC": 10, "HF": 15, "HR": 0, "HS": 12, "HST": 7, "HTAG": 1, "HTHG": 2, "HTR": "H", "HY": 2, "HomeTeam": "Monaco"},{"AC": 4, "AF": 6, "AR": 0, "AS": 9, "AST": 4, "AY": 0, "AwayTeam": "Caen", "Date": "2016-03-12", "FTAG": 0, "FTHG": 1, "FTR": "H", "HC": 4, "HF": 10, "HR": 0, "HS": 19, "HST": 4, "HTAG": 0, "HTHG": 0, "HTR": "D", "HY": 0, "HomeTeam": "Ajaccio GFCO"},{"AC": 4, "AF": 11, "AR": 0, "AS": 9, "AST": 4, "AY": 3, "AwayTeam": "Lille", "Date": "2016-03-12", "FTAG": 2, "FTHG": 1, "FTR": "A", "HC": 5, "HF": 18, "HR": 0, "HS": 10, "HST": 1, "HTAG": 1, "HTHG": 0, "HTR": "A", "HY": 2, "HomeTeam": "Bastia"},{"AC": 9, "AF": 14, "AR": 0, "AS": 13, "AST": 2, "AY": 2, "AwayTeam": "St Etienne", "Date": "2016-03-12", "FTAG": 0, "FTHG": 2, "FTR": "H", "HC": 4, "HF": 10, "HR": 0, "HS": 8, "HST": 3, "HTAG": 0, "HTHG": 2, "HTR": "H", "HY": 0, "HomeTeam": "Guingamp"},{"AC": 5, "AF": 12, "AR": 0, "AS": 10, "AST": 2, "AY": 2, "AwayTeam": "Marseille", "Date": "2016-03-12", "FTAG": 1, "FTHG": 1, "FTR": "D", "HC": 7, "HF": 14, "HR": 0, "HS": 15, "HST": 10, "HTAG": 0, "HTHG": 1, "HTR": "H", "HY": 1, "HomeTeam": "Lorient"},{"AC": 4, "AF": 11, "AR": 0, "AS": 10, "AST": 3, "AY": 1, "AwayTeam": "Nice", "Date": "2016-03-12", "FTAG": 2, "FTHG": 0, "FTR": "A", "HC": 4, "HF": 17, "HR": 0, "HS": 11, "HST": 6, "HTAG": 0, "HTHG": 0, "HTR": "D", "HY": 2, "HomeTeam": "Montpellier"},{"AC": 3, "AF": 19, "AR": 1, "AS": 13, "AST": 2, "AY": 3, "AwayTeam": "Bordeaux", "Date": "2016-03-12", "FTAG": 0, "FTHG": 4, "FTR": "H", "HC": 3, "HF": 20, "HR": 0, "HS": 20, "HST": 11, "HTAG": 0, "HTHG": 1, "HTR": "H", "HY": 3, "HomeTeam": "Toulouse"},{"AC": 0, "AF": 11, "AR": 0, "AS": 6, "AST": 0, "AY": 3, "AwayTeam": "Angers", "Date": "2016-03-13", "FTAG": 0, "FTHG": 2, "FTR": "H", "HC": 6, "HF": 15, "HR": 0, "HS": 11, "HST": 7, "HTAG": 0, "HTHG": 0, "HTR": "D", "HY": 2, "HomeTeam": "Nantes"},{"AC": 8, "AF": 11, "AR": 0, "AS": 17, "AST": 7, "AY": 4, "AwayTeam": "Lyon", "Date": "2016-03-13", "FTAG": 2, "FTHG": 2, "FTR": "D", "HC": 2, "HF": 16, "HR": 0, "HS": 13, "HST": 4, "HTAG": 1, "HTHG": 0, "HTR": "A", "HY": 5, "HomeTeam": "Rennes"},{"AC": 8, "AF": 7, "AR": 0, "AS": 22, "AST": 15, "AY": 0, "AwayTeam": "Paris SG", "Date": "2016-03-13", "FTAG": 9, "FTHG": 0, "FTR": "A", "HC": 5, "HF": 9, "HR": 1, "HS": 16, "HST": 3, "HTAG": 3, "HTHG": 0, "HTR": "A", "HY": 1, "HomeTeam": "Troyes"},{"AC": 3, "AF": 17, "AR": 0, "AS": 12, "AST": 8, "AY": 1, "AwayTeam": "Rennes", "Date": "2016-03-18", "FTAG": 5, "FTHG": 2, "FTR": "A", "HC": 11, "HF": 8, "HR": 0, "HS": 14, "HST": 5, "HTAG": 3, "HTHG": 1, "HTR": "A", "HY": 2, "HomeTeam": "Marseille"},{"AC": 2, "AF": 17, "AR": 0, "AS": 6, "AST": 2, "AY": 4, "AwayTeam": "Lorient", "Date": "2016-03-19", "FTAG": 1, "FTHG": 5, "FTR": "H", "HC": 6, "HF": 12, "HR": 0, "HS": 23, "HST": 10, "HTAG": 1, "HTHG": 3, "HTR": "H", "HY": 1, "HomeTeam": "Angers"},{"AC": 2, "AF": 8, "AR": 0, "AS": 4, "AST": 2, "AY": 2, "AwayTeam": "Troyes", "Date": "2016-03-19", "FTAG": 1, "FTHG": 2, "FTR": "H", "HC": 7, "HF": 15, "HR": 0, "HS": 23, "HST": 6, "HTAG": 1, "HTHG": 1, "HTR": "D", "HY": 1, "HomeTeam": "Caen"},{"AC": 3, "AF": 13, "AR": 0, "AS": 10, "AST": 3, "AY": 3, "AwayTeam": "Toulouse", "Date": "2016-03-19", "FTAG": 0, "FTHG": 1, "FTR": "H", "HC": 3, "HF": 8, "HR": 0, "HS": 6, "HST": 2, "HTAG": 0, "HTHG": 1, "HTR": "H", "HY": 3, "HomeTeam": "Lille"},{"AC": 2, "AF": 14, "AR": 0, "AS": 7, "AST": 1, "AY": 2, "AwayTeam": "Nantes", "Date": "2016-03-19", "FTAG": 0, "FTHG": 2, "FTR": "H", "HC": 3, "HF": 12, "HR": 0, "HS": 8, "HST": 4, "HTAG": 0, "HTHG": 0, "HTR": "D", "HY": 1, "HomeTeam": "Lyon"},{"AC": 1, "AF": 10, "AR": 0, "AS": 2, "AST": 2, "AY": 2, "AwayTeam": "Guingamp", "Date": "2016-03-19", "FTAG": 1, "FTHG": 0, "FTR": "A", "HC": 7, "HF": 16, "HR": 0, "HS": 19, "HST": 3, "HTAG": 1, "HTHG": 0, "HTR": "A", "HY": 4, "HomeTeam": "Reims"},{"AC": 7, "AF": 13, "AR": 0, "AS": 7, "AST": 1, "AY": 3, "AwayTeam": "Montpellier", "Date": "2016-03-19", "FTAG": 0, "FTHG": 3, "FTR": "H", "HC": 5, "HF": 14, "HR": 0, "HS": 9, "HST": 4, "HTAG": 0, "HTHG": 0, "HTR": "D", "HY": 1, "HomeTeam": "St Etienne"},{"AC": 3, "AF": 13, "AR": 0, "AS": 8, "AST": 4, "AY": 2, "AwayTeam": "Bastia", "Date": "2016-03-20", "FTAG": 1, "FTHG": 1, "FTR": "D", "HC": 6, "HF": 10, "HR": 0, "HS": 12, "HST": 4, "HTAG": 0, "HTHG": 0, "HTR": "D", "HY": 2, "HomeTeam": "Bordeaux"},{"AC": 5, "AF": 10, "AR": 0, "AS": 12, "AST": 2, "AY": 2, "AwayTeam": "Ajaccio GFCO", "Date": "2016-03-20", "FTAG": 0, "FTHG": 3, "FTR": "H", "HC": 3, "HF": 3, "HR": 0, "HS": 10, "HST": 5, "HTAG": 0, "HTHG": 1, "HTR": "H", "HY": 1, "HomeTeam": "Nice"},{"AC": 2, "AF": 6, "AR": 0, "AS": 12, "AST": 5, "AY": 1, "AwayTeam": "Monaco", "Date": "2016-03-20", "FTAG": 2, "FTHG": 0, "FTR": "A", "HC": 10, "HF": 7, "HR": 0, "HS": 23, "HST": 4, "HTAG": 0, "HTHG": 0, "HTR": "D", "HY": 1, "HomeTeam": "Paris SG"},{"AC": 3, "AF": 17, "AR": 0, "AS": 10, "AST": 4, "AY": 1, "AwayTeam": "Bordeaux", "Date": "2016-04-01", "FTAG": 2, "FTHG": 1, "FTR": "A", "HC": 8, "HF": 18, "HR": 0, "HS": 15, "HST": 5, "HTAG": 1, "HTHG": 0, "HTR": "A", "HY": 1, "HomeTeam": "Monaco"},{"AC": 6, "AF": 11, "AR": 0, "AS": 7, "AST": 4, "AY": 0, "AwayTeam": "St Etienne", "Date": "2016-04-02", "FTAG": 2, "FTHG": 0, "FTR": "A", "HC": 7, "HF": 13, "HR": 0, "HS": 17, "HST": 5, "HTAG": 1, "HTHG": 0, "HTR": "A", "HY": 1, "HomeTeam": "Ajaccio GFCO"},{"AC": 5, "AF": 16, "AR": 0, "AS": 12, "AST": 4, "AY": 2, "AwayTeam": "Montpellier", "Date": "2016-04-02", "FTAG": 2, "FTHG": 2, "FTR": "D", "HC": 6, "HF": 15, "HR": 0, "HS": 10, "HST": 3, "HTAG": 1, "HTHG": 1, "HTR": "D", "HY": 2, "HomeTeam": "Guingamp"},{"AC": 6, "AF": 9, "AR": 0, "AS": 6, "AST": 4, "AY": 0, "AwayTeam": "Nice", "Date": "2016-04-02", "FTAG": 1, "FTHG": 4, "FTR": "H", "HC": 7, "HF": 12, "HR": 0, "HS": 13, "HST": 7, "HTAG": 1, "HTHG": 2, "HTR": "H", "HY": 1, "HomeTeam": "Paris SG"},{"AC": 6, "AF": 16, "AR": 0, "AS": 10, "AST": 4, "AY": 0, "AwayTeam": "Reims", "Date": "2016-04-02", "FTAG": 1, "FTHG": 3, "FTR": "H", "HC": 2, "HF": 15, "HR": 0, "HS": 10, "HST": 5, "HTAG": 0, "HTHG": 2, "HTR": "H", "HY": 1, "HomeTeam": "Rennes"},{"AC": 5, "AF": 20, "AR": 0, "AS": 6, "AST": 1, "AY": 1, "AwayTeam": "Caen", "Date": "2016-04-02", "FTAG": 0, "FTHG": 2, "FTR": "H", "HC": 4, "HF": 13, "HR": 0, "HS": 7, "HST": 1, "HTAG": 0, "HTHG": 1, "HTR": "H", "HY": 1, "HomeTeam": "Toulouse"},{"AC": 4, "AF": 14, "AR": 0, "AS": 17, "AST": 3, "AY": 1, "AwayTeam": "Angers", "Date": "2016-04-02", "FTAG": 1, "FTHG": 0, "FTR": "A", "HC": 5, "HF": 12, "HR": 0, "HS": 12, "HST": 7, "HTAG": 0, "HTHG": 0, "HTR": "D", "HY": 1, "HomeTeam": "Troyes"},{"AC": 2, "AF": 20, "AR": 1, "AS": 7, "AST": 2, "AY": 2, "AwayTeam": "Marseille", "Date": "2016-04-03", "FTAG": 1, "FTHG": 2, "FTR": "H", "HC": 6, "HF": 19, "HR": 0, "HS": 6, "HST": 1, "HTAG": 0, "HTHG": 0, "HTR": "D", "HY": 3, "HomeTeam": "Bastia"},{"AC": 3, "AF": 14, "AR": 0, "AS": 17, "AST": 7, "AY": 0, "AwayTeam": "Lyon", "Date": "2016-04-03", "FTAG": 3, "FTHG": 1, "FTR": "A", "HC": 6, "HF": 7, "HR": 0, "HS": 8, "HST": 2, "HTAG": 1, "HTHG": 1, "HTR": "D", "HY": 0, "HomeTeam": "Lorient"},{"AC": 4, "AF": 11, "AR": 0, "AS": 11, "AST": 7, "AY": 1, "AwayTeam": "Lille", "Date": "2016-04-03", "FTAG": 3, "FTHG": 0, "FTR": "A", "HC": 8, "HF": 12, "HR": 0, "HS": 13, "HST": 6, "HTAG": 1, "HTHG": 0, "HTR": "A", "HY": 2, "HomeTeam": "Nantes"},{"AC": 1, "AF": 9, "AR": 0, "AS": 14, "AST": 8, "AY": 2, "AwayTeam": "Lyon", "Date": "2016-04-08", "FTAG": 2, "FTHG": 0, "FTR": "A", "HC": 4, "HF": 15, "HR": 0, "HS": 7, "HST": 2, "HTAG": 2, "HTHG": 0, "HTR": "A", "HY": 1, "HomeTeam": "Montpellier"},{"AC": 6, "AF": 26, "AR": 0, "AS": 2, "AST": 1, "AY": 5, "AwayTeam": "Ajaccio GFCO", "Date": "2016-04-09", "FTAG": 0, "FTHG": 0, "FTR": "D", "HC": 2, "HF": 9, "HR": 0, "HS": 7, "HST": 1, "HTAG": 0, "HTHG": 0, "HTR": "D", "HY": 1, "HomeTeam": "Angers"},{"AC": 5, "AF": 10, "AR": 0, "AS": 17, "AST": 7, "AY": 0, "AwayTeam": "Lorient", "Date": "2016-04-09", "FTAG": 2, "FTHG": 1, "FTR": "A", "HC": 6, "HF": 10, "HR": 0, "HS": 18, "HST": 4, "HTAG": 1, "HTHG": 0, "HTR": "A", "HY": 1, "HomeTeam": "Caen"},{"AC": 4, "AF": 10, "AR": 0, "AS": 13, "AST": 6, "AY": 0, "AwayTeam": "Paris SG", "Date": "2016-04-09", "FTAG": 2, "FTHG": 0, "FTR": "A", "HC": 9, "HF": 17, "HR": 0, "HS": 8, "HST": 2, "HTAG": 0, "HTHG": 0, "HTR": "D", "HY": 1, "HomeTeam": "Guingamp"},{"AC": 4, "AF": 14, "AR": 1, "AS": 14, "AST": 5, "AY": 3, "AwayTeam": "Nantes", "Date": "2016-04-09", "FTAG": 1, "FTHG": 2, "FTR": "H", "HC": 5, "HF": 10, "HR": 0, "HS": 10, "HST": 4, "HTAG": 0, "HTHG": 1, "HTR": "H", "HY": 2, "HomeTeam": "Reims"},{"AC": 5, "AF": 12, "AR": 0, "AS": 9, "AST": 1, "AY": 2, "AwayTeam": "Troyes", "Date": "2016-04-09", "FTAG": 0, "FTHG": 1, "FTR": "H", "HC": 10, "HF": 13, "HR": 0, "HS": 16, "HST": 7, "HTAG": 0, "HTHG": 0, "HTR": "D", "HY": 2, "HomeTeam": "St Etienne"},{"AC": 2, "AF": 16, "AR": 1, "AS": 4, "AST": 1, "AY": 0, "AwayTeam": "Bastia", "Date": "2016-04-09", "FTAG": 0, "FTHG": 4, "FTR": "H", "HC": 2, "HF": 14, "HR": 0, "HS": 11, "HST": 7, "HTAG": 0, "HTHG": 0, "HTR": "D", "HY": 1, "HomeTeam": "Toulouse"},{"AC": 4, "AF": 14, "AR": 1, "AS": 7, "AST": 4, "AY": 2, "AwayTeam": "Monaco", "Date": "2016-04-10", "FTAG": 1, "FTHG": 4, "FTR": "H", "HC": 3, "HF": 12, "HR": 1, "HS": 8, "HST": 4, "HTAG": 0, "HTHG": 1, "HTR": "H", "HY": 1, "HomeTeam": "Lille"},{"AC": 5, "AF": 11, "AR": 0, "AS": 9, "AST": 3, "AY": 2, "AwayTeam": "Bordeaux", "Date": "2016-04-10", "FTAG": 0, "FTHG": 0, "FTR": "D", "HC": 9, "HF": 13, "HR": 0, "HS": 7, "HST": 4, "HTAG": 0, "HTHG": 0, "HTR": "D", "HY": 2, "HomeTeam": "Marseille"},{"AC": 7, "AF": 11, "AR": 0, "AS": 8, "AST": 3, "AY": 0, "AwayTeam": "Rennes", "Date": "2016-04-10", "FTAG": 0, "FTHG": 3, "FTR": "H", "HC": 2, "HF": 7, "HR": 0, "HS": 12, "HST": 8, "HTAG": 0, "HTHG": 2, "HTR": "H", "HY": 0, "HomeTeam": "Nice"},{"AC": 3, "AF": 20, "AR": 0, "AS": 6, "AST": 2, "AY": 2, "AwayTeam": "Nice", "Date": "2016-04-15", "FTAG": 1, "FTHG": 1, "FTR": "D", "HC": 5, "HF": 16, "HR": 1, "HS": 14, "HST": 3, "HTAG": 1, "HTHG": 0, "HTR": "A", "HY": 2, "HomeTeam": "Lyon"},{"AC": 6, "AF": 9, "AR": 0, "AS": 13, "AST": 5, "AY": 2, "AwayTeam": "Lille", "Date": "2016-04-16", "FTAG": 4, "FTHG": 2, "FTR": "A", "HC": 1, "HF": 14, "HR": 1, "HS": 13, "HST": 4, "HTAG": 1, "HTHG": 1, "HTR": "D", "HY": 2, "HomeTeam": "Ajaccio GFCO"},{"AC": 4, "AF": 16, "AR": 0, "AS": 9, "AST": 4, "AY": 2, "AwayTeam": "St Etienne", "Date": "2016-04-16", "FTAG": 1, "FTHG": 0, "FTR": "A", "HC": 3, "HF": 11, "HR": 0, "HS": 16, "HST": 2, "HTAG": 0, "HTHG": 0, "HTR": "D", "HY": 3, "HomeTeam": "Bastia"},{"AC": 0, "AF": 15, "AR": 1, "AS": 4, "AST": 4, "AY": 2, "AwayTeam": "Angers", "Date": "2016-04-16", "FTAG": 3, "FTHG": 1, "FTR": "A", "HC": 9, "HF": 14, "HR": 0, "HS": 16, "HST": 4, "HTAG": 0, "HTHG": 0, "HTR": "D", "HY": 2, "HomeTeam": "Bordeaux"},{"AC": 2, "AF": 15, "AR": 0, "AS": 11, "AST": 2, "AY": 2, "AwayTeam": "Toulouse", "Date": "2016-04-16", "FTAG": 1, "FTHG": 1, "FTR": "D", "HC": 2, "HF": 16, "HR": 0, "HS": 11, "HST": 4, "HTAG": 0, "HTHG": 0, "HTR": "D", "HY": 1, "HomeTeam": "Lorient"},{"AC": 3, "AF": 8, "AR": 0, "AS": 15, "AST": 8, "AY": 0, "AwayTeam": "Caen", "Date": "2016-04-16", "FTAG": 0, "FTHG": 6, "FTR": "H", "HC": 4, "HF": 11, "HR": 0, "HS": 22, "HST": 10, "HTAG": 0, "HTHG": 2, "HTR": "H", "HY": 0, "HomeTeam": "Paris SG"},{"AC": 7, "AF": 10, "AR": 0, "AS": 15, "AST": 4, "AY": 3, "AwayTeam": "Reims", "Date": "2016-04-16", "FTAG": 1, "FTHG": 2, "FTR": "H", "HC": 10, "HF": 18, "HR": 0, "HS": 21, "HST": 12, "HTAG": 0, "HTHG": 0, "HTR": "D", "HY": 2, "HomeTeam": "Troyes"},{"AC": 1, "AF": 14, "AR": 0, "AS": 7, "AST": 2, "AY": 0, "AwayTeam": "Marseille", "Date": "2016-04-17", "FTAG": 1, "FTHG": 2, "FTR": "H", "HC": 7, "HF": 16, "HR": 0, "HS": 14, "HST": 4, "HTAG": 0, "HTHG": 0, "HTR": "D", "HY": 1, "HomeTeam": "Monaco"},{"AC": 7, "AF": 14, "AR": 0, "AS": 11, "AST": 5, "AY": 2, "AwayTeam": "Montpellier", "Date": "2016-04-17", "FTAG": 2, "FTHG": 0, "FTR": "A", "HC": 6, "HF": 14, "HR": 0, "HS": 9, "HST": 0, "HTAG": 1, "HTHG": 0, "HTR": "A", "HY": 1, "HomeTeam": "Nantes"},{"AC": 3, "AF": 6, "AR": 0, "AS": 12, "AST": 7, "AY": 2, "AwayTeam": "Guingamp", "Date": "2016-04-17", "FTAG": 3, "FTHG": 0, "FTR": "A", "HC": 6, "HF": 12, "HR": 0, "HS": 9, "HST": 3, "HTAG": 0, "HTHG": 0, "HTR": "D", "HY": 3, "HomeTeam": "Rennes"},{"AC": 4, "AF": 14, "AR": 0, "AS": 10, "AST": 4, "AY": 3, "AwayTeam": "Reims", "Date": "2016-04-22", "FTAG": 0, "FTHG": 2, "FTR": "H", "HC": 10, "HF": 11, "HR": 0, "HS": 10, "HST": 5, "HTAG": 0, "HTHG": 1, "HTR": "H", "HY": 1, "HomeTeam": "Nice"},{"AC": 2, "AF": 18, "AR": 0, "AS": 11, "AST": 3, "AY": 3, "AwayTeam": "Lyon", "Date": "2016-04-23", "FTAG": 3, "FTHG": 2, "FTR": "A", "HC": 5, "HF": 13, "HR": 0, "HS": 9, "HST": 5, "HTAG": 0, "HTHG": 0, "HTR": "D", "HY": 2, "HomeTeam": "Toulouse"},{"AC": 4, "AF": 13, "AR": 0, "AS": 17, "AST": 7, "AY": 2, "AwayTeam": "Bastia", "Date": "2016-04-24", "FTAG": 2, "FTHG": 3, "FTR": "H", "HC": 2, "HF": 21, "HR": 0, "HS": 8, "HST": 5, "HTAG": 1, "HTHG": 2, "HTR": "H", "HY": 4, "HomeTeam": "Ajaccio GFCO"},{"AC": 0, "AF": 14, "AR": 1, "AS": 12, "AST": 5, "AY": 0, "AwayTeam": "Caen", "Date": "2016-04-24", "FTAG": 1, "FTHG": 1, "FTR": "D", "HC": 9, "HF": 11, "HR": 1, "HS": 11, "HST": 2, "HTAG": 1, "HTHG": 0, "HTR": "A", "HY": 1, "HomeTeam": "Guingamp"},{"AC": 2, "AF": 23, "AR": 0, "AS": 7, "AST": 3, "AY": 3, "AwayTeam": "Nantes", "Date": "2016-04-24", "FTAG": 1, "FTHG": 1, "FTR": "D", "HC": 4, "HF": 14, "HR": 1, "HS": 7, "HST": 3, "HTAG": 1, "HTHG": 0, "HTR": "A", "HY": 1, "HomeTeam": "Marseille"},{"AC": 7, "AF": 6, "AR": 0, "AS": 17, "AST": 7, "AY": 2, "AwayTeam": "Troyes", "Date": "2016-04-24", "FTAG": 1, "FTHG": 4, "FTR": "H", "HC": 4, "HF": 7, "HR": 1, "HS": 15, "HST": 7, "HTAG": 1, "HTHG": 3, "HTR": "H", "HY": 0, "HomeTeam": "Montpellier"},{"AC": 6, "AF": 19, "AR": 0, "AS": 10, "AST": 6, "AY": 3, "AwayTeam": "Monaco", "Date": "2016-04-24", "FTAG": 1, "FTHG": 1, "FTR": "D", "HC": 9, "HF": 12, "HR": 0, "HS": 11, "HST": 3, "HTAG": 1, "HTHG": 0, "HTR": "A", "HY": 1, "HomeTeam": "Rennes"},{"AC": 5, "AF": 9, "AR": 0, "AS": 9, "AST": 1, "AY": 1, "AwayTeam": "Lorient", "Date": "2016-04-24", "FTAG": 0, "FTHG": 2, "FTR": "H", "HC": 4, "HF": 14, "HR": 0, "HS": 12, "HST": 5, "HTAG": 0, "HTHG": 0, "HTR": "D", "HY": 2, "HomeTeam": "St Etienne"},{"AC": 3, "AF": 18, "AR": 0, "AS": 7, "AST": 4, "AY": 4, "AwayTeam": "Angers", "Date": "2016-04-27", "FTAG": 0, "FTHG": 0, "FTR": "D", "HC": 9, "HF": 12, "HR": 0, "HS": 12, "HST": 3, "HTAG": 0, "HTHG": 0, "HTR": "D", "HY": 1, "HomeTeam": "Lille"},{"AC": 2, "AF": 8, "AR": 0, "AS": 9, "AST": 2, "AY": 1, "AwayTeam": "Rennes", "Date": "2016-04-29", "FTAG": 0, "FTHG": 4, "FTR": "H", "HC": 5, "HF": 6, "HR": 0, "HS": 27, "HST": 12, "HTAG": 0, "HTHG": 0, "HTR": "D", "HY": 1, "HomeTeam": "Paris SG"},{"AC": 3, "AF": 13, "AR": 0, "AS": 7, "AST": 2, "AY": 3, "AwayTeam": "Bastia", "Date": "2016-04-30", "FTAG": 0, "FTHG": 0, "FTR": "D", "HC": 4, "HF": 9, "HR": 0, "HS": 14, "HST": 5, "HTAG": 0, "HTHG": 0, "HTR": "D", "HY": 1, "HomeTeam": "Caen"},{"AC": 6, "AF": 14, "AR": 0, "AS": 14, "AST": 5, "AY": 2, "AwayTeam": "Lille", "Date": "2016-04-30", "FTAG": 1, "FTHG": 0, "FTR": "A", "HC": 5, "HF": 13, "HR": 0, "HS": 13, "HST": 3, "HTAG": 0, "HTHG": 0, "HTR": "D", "HY": 1, "HomeTeam": "Lorient"},{"AC": 0, "AF": 20, "AR": 0, "AS": 5, "AST": 2, "AY": 2, "AwayTeam": "Ajaccio GFCO", "Date": "2016-04-30", "FTAG": 1, "FTHG": 2, "FTR": "H", "HC": 5, "HF": 11, "HR": 0, "HS": 6, "HST": 2, "HTAG": 0, "HTHG": 2, "HTR": "H", "HY": 1, "HomeTeam": "Lyon"},{"AC": 4, "AF": 15, "AR": 0, "AS": 8, "AST": 4, "AY": 1, "AwayTeam": "Guingamp", "Date": "2016-04-30", "FTAG": 2, "FTHG": 3, "FTR": "H", "HC": 5, "HF": 14, "HR": 0, "HS": 16, "HST": 8, "HTAG": 0, "HTHG": 2, "HTR": "H", "HY": 2, "HomeTeam": "Monaco"},{"AC": 6, "AF": 12, "AR": 0, "AS": 5, "AST": 2, "AY": 1, "AwayTeam": "Nice", "Date": "2016-04-30", "FTAG": 0, "FTHG": 1, "FTR": "H", "HC": 7, "HF": 9, "HR": 0, "HS": 18, "HST": 4, "HTAG": 0, "HTHG": 0, "HTR": "D", "HY": 1, "HomeTeam": "Nantes"},{"AC": 9, "AF": 12, "AR": 0, "AS": 10, "AST": 5, "AY": 1, "AwayTeam": "Montpellier", "Date": "2016-04-30", "FTAG": 3, "FTHG": 2, "FTR": "A", "HC": 9, "HF": 12, "HR": 0, "HS": 15, "HST": 7, "HTAG": 1, "HTHG": 0, "HTR": "A", "HY": 2, "HomeTeam": "Reims"},{"AC": 6, "AF": 17, "AR": 0, "AS": 9, "AST": 7, "AY": 2, "AwayTeam": "Toulouse", "Date": "2016-04-30", "FTAG": 0, "FTHG": 0, "FTR": "D", "HC": 2, "HF": 21, "HR": 1, "HS": 9, "HST": 0, "HTAG": 0, "HTHG": 0, "HTR": "D", "HY": 2, "HomeTeam": "St Etienne"},{"AC": 3, "AF": 9, "AR": 0, "AS": 13, "AST": 9, "AY": 1, "AwayTeam": "Bordeaux", "Date": "2016-04-30", "FTAG": 4, "FTHG": 2, "FTR": "A", "HC": 9, "HF": 11, "HR": 0, "HS": 18, "HST": 7, "HTAG": 2, "HTHG": 0, "HTR": "A", "HY": 4, "HomeTeam": "Troyes"},{"AC": 3, "AF": 13, "AR": 0, "AS": 12, "AST": 4, "AY": 4, "AwayTeam": "Marseille", "Date": "2016-05-01", "FTAG": 1, "FTHG": 0, "FTR": "A", "HC": 2, "HF": 14, "HR": 0, "HS": 12, "HST": 1, "HTAG": 1, "HTHG": 0, "HTR": "A", "HY": 2, "HomeTeam": "Angers"},{"AC": 3, "AF": 11, "AR": 0, "AS": 9, "AST": 6, "AY": 1, "AwayTeam": "Paris SG", "Date": "2016-05-07", "FTAG": 4, "FTHG": 0, "FTR": "A", "HC": 3, "HF": 9, "HR": 0, "HS": 7, "HST": 1, "HTAG": 1, "HTHG": 0, "HTR": "A", "HY": 1, "HomeTeam": "Ajaccio GFCO"},{"AC": 5, "AF": 15, "AR": 0, "AS": 11, "AST": 2, "AY": 1, "AwayTeam": "Angers", "Date": "2016-05-07", "FTAG": 0, "FTHG": 1, "FTR": "H", "HC": 6, "HF": 16, "HR": 0, "HS": 9, "HST": 6, "HTAG": 0, "HTHG": 1, "HTR": "H", "HY": 1, "HomeTeam": "Bastia"},{"AC": 4, "AF": 9, "AR": 0, "AS": 10, "AST": 2, "AY": 1, "AwayTeam": "Lorient", "Date": "2016-05-07", "FTAG": 0, "FTHG": 3, "FTR": "H", "HC": 7, "HF": 16, "HR": 0, "HS": 11, "HST": 7, "HTAG": 0, "HTHG": 2, "HTR": "H", "HY": 0, "HomeTeam": "Bordeaux"},{"AC": 3, "AF": 22, "AR": 0, "AS": 2, "AST": 0, "AY": 4, "AwayTeam": "Guingamp", "Date": "2016-05-07", "FTAG": 0, "FTHG": 0, "FTR": "D", "HC": 11, "HF": 15, "HR": 0, "HS": 28, "HST": 7, "HTAG": 0, "HTHG": 0, "HTR": "D", "HY": 1, "HomeTeam": "Lille"},{"AC": 4, "AF": 15, "AR": 1, "AS": 11, "AST": 1, "AY": 3, "AwayTeam": "Monaco", "Date": "2016-05-07", "FTAG": 1, "FTHG": 6, "FTR": "H", "HC": 7, "HF": 9, "HR": 0, "HS": 23, "HST": 15, "HTAG": 1, "HTHG": 4, "HTR": "H", "HY": 0, "HomeTeam": "Lyon"},{"AC": 4, "AF": 9, "AR": 0, "AS": 14, "AST": 2, "AY": 1, "AwayTeam": "Reims", "Date": "2016-05-07", "FTAG": 0, "FTHG": 1, "FTR": "H", "HC": 7, "HF": 15, "HR": 0, "HS": 21, "HST": 8, "HTAG": 0, "HTHG": 0, "HTR": "D", "HY": 2, "HomeTeam": "Marseille"},{"AC": 3, "AF": 5, "AR": 0, "AS": 10, "AST": 2, "AY": 0, "AwayTeam": "Rennes", "Date": "2016-05-07", "FTAG": 0, "FTHG": 2, "FTR": "H", "HC": 8, "HF": 9, "HR": 0, "HS": 17, "HST": 5, "HTAG": 0, "HTHG": 0, "HTR": "D", "HY": 0, "HomeTeam": "Montpellier"},{"AC": 1, "AF": 10, "AR": 0, "AS": 9, "AST": 3, "AY": 2, "AwayTeam": "Caen", "Date": "2016-05-07", "FTAG": 2, "FTHG": 1, "FTR": "A", "HC": 6, "HF": 9, "HR": 0, "HS": 15, "HST": 5, "HTAG": 2, "HTHG": 0, "HTR": "A", "HY": 2, "HomeTeam": "Nantes"},{"AC": 3, "AF": 14, "AR": 2, "AS": 2, "AST": 1, "AY": 3, "AwayTeam": "St Etienne", "Date": "2016-05-07", "FTAG": 0, "FTHG": 2, "FTR": "H", "HC": 5, "HF": 11, "HR": 0, "HS": 11, "HST": 4, "HTAG": 0, "HTHG": 0, "HTR": "D", "HY": 2, "HomeTeam": "Nice"},{"AC": 2, "AF": 21, "AR": 0, "AS": 3, "AST": 1, "AY": 3, "AwayTeam": "Troyes", "Date": "2016-05-07", "FTAG": 0, "FTHG": 1, "FTR": "H", "HC": 9, "HF": 10, "HR": 0, "HS": 14, "HST": 4, "HTAG": 0, "HTHG": 0, "HTR": "D", "HY": 2, "HomeTeam": "Toulouse"},{"AC": 3, "AF": 7, "AR": 0, "AS": 9, "AST": 2, "AY": 2, "AwayTeam": "Paris SG", "Date": "2016-05-11", "FTAG": 1, "FTHG": 1, "FTR": "D", "HC": 5, "HF": 11, "HR": 0, "HS": 8, "HST": 3, "HTAG": 0, "HTHG": 0, "HTR": "D", "HY": 1, "HomeTeam": "Bordeaux"},{"AC": 8, "AF": 14, "AR": 0, "AS": 14, "AST": 7, "AY": 1, "AwayTeam": "Toulouse", "Date": "2016-05-14", "FTAG": 3, "FTHG": 2, "FTR": "A", "HC": 2, "HF": 17, "HR": 0, "HS": 6, "HST": 2, "HTAG": 0, "HTHG": 1, "HTR": "H", "HY": 4, "HomeTeam": "Angers"},{"AC": 6, "AF": 15, "AR": 0, "AS": 11, "AST": 5, "AY": 4, "AwayTeam": "Bordeaux", "Date": "2016-05-14", "FTAG": 0, "FTHG": 1, "FTR": "H", "HC": 4, "HF": 15, "HR": 0, "HS": 10, "HST": 4, "HTAG": 0, "HTHG": 1, "HTR": "H", "HY": 1, "HomeTeam": "Caen"},{"AC": 2, "AF": 10, "AR": 0, "AS": 10, "AST": 3, "AY": 1, "AwayTeam": "Nice", "Date": "2016-05-14", "FTAG": 3, "FTHG": 2, "FTR": "A", "HC": 4, "HF": 9, "HR": 0, "HS": 15, "HST": 3, "HTAG": 2, "HTHG": 1, "HTR": "A", "HY": 2, "HomeTeam": "Guingamp"},{"AC": 5, "AF": 11, "AR": 0, "AS": 18, "AST": 3, "AY": 1, "AwayTeam": "Ajaccio GFCO", "Date": "2016-05-14", "FTAG": 0, "FTHG": 1, "FTR": "H", "HC": 1, "HF": 9, "HR": 0, "HS": 8, "HST": 4, "HTAG": 0, "HTHG": 1, "HTR": "H", "HY": 1, "HomeTeam": "Lorient"},{"AC": 7, "AF": 15, "AR": 0, "AS": 10, "AST": 4, "AY": 1, "AwayTeam": "Montpellier", "Date": "2016-05-14", "FTAG": 0, "FTHG": 2, "FTR": "H", "HC": 5, "HF": 16, "HR": 0, "HS": 15, "HST": 7, "HTAG": 0, "HTHG": 2, "HTR": "H", "HY": 3, "HomeTeam": "Monaco"},{"AC": 4, "AF": 8, "AR": 0, "AS": 13, "AST": 3, "AY": 1, "AwayTeam": "Nantes", "Date": "2016-05-14", "FTAG": 0, "FTHG": 4, "FTR": "H", "HC": 10, "HF": 10, "HR": 0, "HS": 20, "HST": 13, "HTAG": 0, "HTHG": 2, "HTR": "H", "HY": 1, "HomeTeam": "Paris SG"},{"AC": 4, "AF": 14, "AR": 0, "AS": 9, "AST": 3, "AY": 2, "AwayTeam": "Lyon", "Date": "2016-05-14", "FTAG": 1, "FTHG": 4, "FTR": "H", "HC": 0, "HF": 21, "HR": 0, "HS": 14, "HST": 6, "HTAG": 0, "HTHG": 2, "HTR": "H", "HY": 4, "HomeTeam": "Reims"},{"AC": 2, "AF": 15, "AR": 0, "AS": 9, "AST": 5, "AY": 5, "AwayTeam": "Bastia", "Date": "2016-05-14", "FTAG": 2, "FTHG": 1, "FTR": "A", "HC": 8, "HF": 5, "HR": 0, "HS": 17, "HST": 8, "HTAG": 1, "HTHG": 0, "HTR": "A", "HY": 3, "HomeTeam": "Rennes"},{"AC": 3, "AF": 12, "AR": 0, "AS": 12, "AST": 6, "AY": 2, "AwayTeam": "Lille", "Date": "2016-05-14", "FTAG": 1, "FTHG": 0, "FTR": "A", "HC": 7, "HF": 14, "HR": 0, "HS": 12, "HST": 3, "HTAG": 1, "HTHG": 0, "HTR": "A", "HY": 1, "HomeTeam": "St Etienne"},{"AC": 13, "AF": 7, "AR": 0, "AS": 19, "AST": 6, "AY": 1, "AwayTeam": "Marseille", "Date": "2016-05-14", "FTAG": 1, "FTHG": 1, "FTR": "D", "HC": 5, "HF": 8, "HR": 0, "HS": 9, "HST": 4, "HTAG": 0, "HTHG": 1, "HTR": "H", "HY": 2, "HomeTeam": "Troyes"}]