[{"AC": 10, "AF": 18, "AR": 0, "AS": 9, "AST": 3, "AY": 2, "AwayTeam": "Sochaux", "Date": "2009-08-08", "FTAG": 1, "FTHG": 0, "FTR": "A", "HC": 6, "HF": 10, "HR": 0, "HS": 12, "HST": 2, "HTAG": 1, "HTHG": 0, "HTR": "A", "HY": 0, "HomeTeam": "Auxerre"},{"AC": 6, "AF": 19, "AR": 0, "AS": 16, "AST": 5, "AY": 1, "AwayTeam": "Marseille", "Date": "2009-08-08", "FTAG": 2, "FTHG": 0, "FTR": "A", "HC": 3, "HF": 14, "HR": 0, "HS": 6, "HST": 1, "HTAG": 1, "HTHG": 0, "HTR": "A", "HY": 2, "HomeTeam": "Grenoble"},{"AC": 11, "AF": 18, "AR": 0, "AS": 20, "AST": 6, "AY": 2, "AwayTeam": "Lyon", "Date": "2009-08-08", "FTAG": 2, "FTHG": 2, "FTR": "D", "HC": 3, "HF": 18, "HR": 0, "HS": 8, "HST": 4, "HTAG": 1, "HTHG": 1, "HTR": "D", "HY": 3, "HomeTeam": "Le Mans"},{"AC": 4, "AF": 19, "AR": 0, "AS": 11, "AST": 4, "AY": 3, "AwayTeam": "Toulouse", "Date": "2009-08-08", "FTAG": 0, "FTHG": 1, "FTR": "H", "HC": 8, "HF": 17, "HR": 1, "HS": 11, "HST": 6, "HTAG": 0, "HTHG": 1, "HTR": "H", "HY": 2, "HomeTeam": "Monaco"},{"AC": 2, "AF": 18, "AR": 0, "AS": 10, "AST": 2, "AY": 3, "AwayTeam": "Paris SG", "Date": "2009-08-08", "FTAG": 1, "FTHG": 1, "FTR": "D", "HC": 4, "HF": 15, "HR": 1, "HS": 10, "HST": 2, "HTAG": 0, "HTHG": 0, "HTR": "D", "HY": 1, "HomeTeam": "Montpellier"},{"AC": 4, "AF": 7, "AR": 0, "AS": 13, "AST": 4, "AY": 0, "AwayTeam": "Boulogne", "Date": "2009-08-08", "FTAG": 0, "FTHG": 3, "FTR": "H", "HC": 12, "HF": 12, "HR": 0, "HS": 15, "HST": 6, "HTAG": 0, "HTHG": 2, "HTR": "H", "HY": 1, "HomeTeam": "Rennes"},{"AC": 1, "AF": 19, "AR": 0, "AS": 8, "AST": 3, "AY": 2, "AwayTeam": "Nice", "Date": "2009-08-08", "FTAG": 2, "FTHG": 0, "FTR": "A", "HC": 8, "HF": 15, "HR": 0, "HS": 13, "HST": 5, "HTAG": 1, "HTHG": 0, "HTR": "A", "HY": 1, "HomeTeam": "St Etienne"},{"AC": 2, "AF": 16, "AR": 0, "AS": 11, "AST": 5, "AY": 3, "AwayTeam": "Nancy", "Date": "2009-08-08", "FTAG": 3, "FTHG": 1, "FTR": "A", "HC": 10, "HF": 22, "HR": 1, "HS": 19, "HST": 2, "HTAG": 1, "HTHG": 1, "HTR": "D", "HY": 3, "HomeTeam": "Valenciennes"},{"AC": 3, "AF": 20, "AR": 0, "AS": 7, "AST": 1, "AY": 1, "AwayTeam": "Lens", "Date": "2009-08-09", "FTAG": 1, "FTHG": 4, "FTR": "H", "HC": 4, "HF": 14, "HR": 0, "HS": 13, "HST": 5, "HTAG": 1, "HTHG": 1, "HTR": "D", "HY": 0, "HomeTeam": "Bordeaux"},{"AC": 2, "AF": 17, "AR": 0, "AS": 6, "AST": 4, "AY": 5, "AwayTeam": "Lorient", "Date": "2009-08-09", "FTAG": 2, "FTHG": 1, "FTR": "A", "HC": 15, "HF": 20, "HR": 0, "HS": 19, "HST": 6, "HTAG": 1, "HTHG": 0, "HTR": "A", "HY": 2, "HomeTeam": "Lille"},{"AC": 5, "AF": 17, "AR": 0, "AS": 12, "AST": 2, "AY": 1, "AwayTeam": "Auxerre", "Date": "2009-08-15", "FTAG": 0, "FTHG": 2, "FTR": "H", "HC": 3, "HF": 14, "HR": 0, "HS": 8, "HST": 4, "HTAG": 0, "HTHG": 1, "HTR": "H", "HY": 1, "HomeTeam": "Lens"},{"AC": 2, "AF": 23, "AR": 0, "AS": 14, "AST": 6, "AY": 3, "AwayTeam": "Montpellier", "Date": "2009-08-15", "FTAG": 2, "FTHG": 2, "FTR": "D", "HC": 2, "HF": 10, "HR": 0, "HS": 12, "HST": 5, "HTAG": 0, "HTHG": 0, "HTR": "D", "HY": 1, "HomeTeam": "Lorient"},{"AC": 2, "AF": 16, "AR": 0, "AS": 5, "AST": 1, "AY": 3, "AwayTeam": "Valenciennes", "Date": "2009-08-15", "FTAG": 0, "FTHG": 1, "FTR": "H", "HC": 5, "HF": 14, "HR": 0, "HS": 24, "HST": 9, "HTAG": 0, "HTHG": 1, "HTR": "H", "HY": 1, "HomeTeam": "Lyon"},{"AC": 6, "AF": 10, "AR": 0, "AS": 19, "AST": 8, "AY": 2, "AwayTeam": "Monaco", "Date": "2009-08-15", "FTAG": 0, "FTHG": 4, "FTR": "H", "HC": 2, "HF": 10, "HR": 0, "HS": 7, "HST": 5, "HTAG": 0, "HTHG": 2, "HTR": "H", "HY": 1, "HomeTeam": "Nancy"},{"AC": 6, "AF": 17, "AR": 0, "AS": 9, "AST": 5, "AY": 2, "AwayTeam": "Le Mans", "Date": "2009-08-15", "FTAG": 1, "FTHG": 3, "FTR": "H", "HC": 8, "HF": 13, "HR": 0, "HS": 13, "HST": 5, "HTAG": 1, "HTHG": 1, "HTR": "D", "HY": 0, "HomeTeam": "Paris SG"},{"AC": 7, "AF": 13, "AR": 0, "AS": 19, "AST": 7, "AY": 0, "AwayTeam": "Bordeaux", "Date": "2009-08-15", "FTAG": 3, "FTHG": 2, "FTR": "A", "HC": 8, "HF": 12, "HR": 0, "HS": 8, "HST": 7, "HTAG": 2, "HTHG": 0, "HTR": "A", "HY": 2, "HomeTeam": "Sochaux"},{"AC": 2, "AF": 20, "AR": 0, "AS": 6, "AST": 3, "AY": 1, "AwayTeam": "St Etienne", "Date": "2009-08-15", "FTAG": 1, "FTHG": 3, "FTR": "H", "HC": 4, "HF": 26, "HR": 0, "HS": 14, "HST": 7, "HTAG": 1, "HTHG": 1, "HTR": "D", "HY": 1, "HomeTeam": "Toulouse"},{"AC": 7, "AF": 15, "AR": 0, "AS": 9, "AST": 2, "AY": 2, "AwayTeam": "Grenoble", "Date": "2009-08-16", "FTAG": 1, "FTHG": 2, "FTR": "H", "HC": 6, "HF": 23, "HR": 0, "HS": 13, "HST": 6, "HTAG": 0, "HTHG": 2, "HTR": "H", "HY": 2, "HomeTeam": "Boulogne"},{"AC": 2, "AF": 24, "AR": 1, "AS": 10, "AST": 5, "AY": 2, "AwayTeam": "Lille", "Date": "2009-08-16", "FTAG": 0, "FTHG": 1, "FTR": "H", "HC": 6, "HF": 19, "HR": 0, "HS": 17, "HST": 4, "HTAG": 0, "HTHG": 1, "HTR": "H", "HY": 3, "HomeTeam": "Marseille"},{"AC": 2, "AF": 23, "AR": 1, "AS": 10, "AST": 5, "AY": 0, "AwayTeam": "Rennes", "Date": "2009-08-16", "FTAG": 1, "FTHG": 1, "FTR": "D", "HC": 5, "HF": 21, "HR": 0, "HS": 14, "HST": 4, "HTAG": 1, "HTHG": 1, "HTR": "D", "HY": 1, "HomeTeam": "Nice"},{"AC": 7, "AF": 14, "AR": 0, "AS": 11, "AST": 4, "AY": 1, "AwayTeam": "Lyon", "Date": "2009-08-22", "FTAG": 3, "FTHG": 0, "FTR": "A", "HC": 7, "HF": 10, "HR": 0, "HS": 14, "HST": 5, "HTAG": 2, "HTHG": 0, "HTR": "A", "HY": 1, "HomeTeam": "Auxerre"},{"AC": 3, "AF": 19, "AR": 0, "AS": 7, "AST": 2, "AY": 3, "AwayTeam": "Nancy", "Date": "2009-08-22", "FTAG": 1, "FTHG": 2, "FTR": "H", "HC": 6, "HF": 19, "HR": 0, "HS": 21, "HST": 9, "HTAG": 0, "HTHG": 1, "HTR": "H", "HY": 2, "HomeTeam": "Le Mans"},{"AC": 12, "AF": 7, "AR": 0, "AS": 13, "AST": 1, "AY": 2, "AwayTeam": "Lorient", "Date": "2009-08-22", "FTAG": 0, "FTHG": 2, "FTR": "H", "HC": 4, "HF": 23, "HR": 0, "HS": 10, "HST": 6, "HTAG": 0, "HTHG": 2, "HTR": "H", "HY": 2, "HomeTeam": "Monaco"},{"AC": 1, "AF": 24, "AR": 0, "AS": 9, "AST": 4, "AY": 4, "AwayTeam": "Sochaux", "Date": "2009-08-22", "FTAG": 0, "FTHG": 2, "FTR": "H", "HC": 5, "HF": 31, "HR": 0, "HS": 15, "HST": 3, "HTAG": 0, "HTHG": 0, "HTR": "D", "HY": 2, "HomeTeam": "Montpellier"},{"AC": 5, "AF": 14, "AR": 0, "AS": 15, "AST": 5, "AY": 2, "AwayTeam": "Marseille", "Date": "2009-08-22", "FTAG": 1, "FTHG": 1, "FTR": "D", "HC": 2, "HF": 21, "HR": 0, "HS": 14, "HST": 5, "HTAG": 0, "HTHG": 1, "HTR": "H", "HY": 1, "HomeTeam": "Rennes"},{"AC": 1, "AF": 17, "AR": 1, "AS": 3, "AST": 2, "AY": 2, "AwayTeam": "Boulogne", "Date": "2009-08-22", "FTAG": 1, "FTHG": 0, "FTR": "A", "HC": 7, "HF": 14, "HR": 0, "HS": 29, "HST": 6, "HTAG": 1, "HTHG": 0, "HTR": "A", "HY": 0, "HomeTeam": "St Etienne"},{"AC": 2, "AF": 16, "AR": 0, "AS": 14, "AST": 10, "AY": 2, "AwayTeam": "Paris SG", "Date": "2009-08-22", "FTAG": 3, "FTHG": 2, "FTR": "A", "HC": 3, "HF": 16, "HR": 0, "HS": 20, "HST": 6, "HTAG": 1, "HTHG": 0, "HTR": "A", "HY": 1, "HomeTeam": "Valenciennes"},{"AC": 1, "AF": 24, "AR": 0, "AS": 17, "AST": 5, "AY": 3, "AwayTeam": "Nice", "Date": "2009-08-23", "FTAG": 0, "FTHG": 4, "FTR": "H", "HC": 0, "HF": 19, "HR": 0, "HS": 12, "HST": 6, "HTAG": 0, "HTHG": 1, "HTR": "H", "HY": 1, "HomeTeam": "Bordeaux"},{"AC": 2, "AF": 16, "AR": 0, "AS": 8, "AST": 2, "AY": 3, "AwayTeam": "Lens", "Date": "2009-08-23", "FTAG": 2, "FTHG": 1, "FTR": "A", "HC": 6, "HF": 16, "HR": 0, "HS": 15, "HST": 8, "HTAG": 1, "HTHG": 1, "HTR": "D", "HY": 2, "HomeTeam": "Grenoble"},{"AC": 2, "AF": 21, "AR": 0, "AS": 9, "AST": 1, "AY": 3, "AwayTeam": "Toulouse", "Date": "2009-08-23", "FTAG": 1, "FTHG": 1, "FTR": "D", "HC": 10, "HF": 16, "HR": 0, "HS": 14, "HST": 5, "HTAG": 0, "HTHG": 1, "HTR": "H", "HY": 0, "HomeTeam": "Lille"},{"AC": 5, "AF": 11, "AR": 0, "AS": 10, "AST": 1, "AY": 0, "AwayTeam": "Auxerre", "Date": "2009-08-29", "FTAG": 0, "FTHG": 0, "FTR": "D", "HC": 2, "HF": 11, "HR": 0, "HS": 7, "HST": 0, "HTAG": 0, "HTHG": 0, "HTR": "D", "HY": 0, "HomeTeam": "Boulogne"},{"AC": 5, "AF": 11, "AR": 1, "AS": 20, "AST": 4, "AY": 3, "AwayTeam": "Rennes", "Date": "2009-08-29", "FTAG": 2, "FTHG": 2, "FTR": "D", "HC": 5, "HF": 12, "HR": 1, "HS": 10, "HST": 6, "HTAG": 1, "HTHG": 1, "HTR": "D", "HY": 1, "HomeTeam": "Lens"},{"AC": 7, "AF": 17, "AR": 0, "AS": 13, "AST": 3, "AY": 2, "AwayTeam": "Le Mans", "Date": "2009-08-29", "FTAG": 0, "FTHG": 1, "FTR": "H", "HC": 5, "HF": 14, "HR": 0, "HS": 11, "HST": 2, "HTAG": 0, "HTHG": 0, "HTR": "D", "HY": 3, "HomeTeam": "Lorient"},{"AC": 6, "AF": 15, "AR": 0, "AS": 13, "AST": 6, "AY": 3, "AwayTeam": "Nancy", "Date": "2009-08-29", "FTAG": 1, "FTHG": 3, "FTR": "H", "HC": 6, "HF": 24, "HR": 0, "HS": 13, "HST": 4, "HTAG": 0, "HTHG": 1, "HTR": "H", "HY": 0, "HomeTeam": "Lyon"},{"AC": 2, "AF": 14, "AR": 0, "AS": 14, "AST": 6, "AY": 1, "AwayTeam": "Montpellier", "Date": "2009-08-29", "FTAG": 3, "FTHG": 0, "FTR": "A", "HC": 8, "HF": 16, "HR": 1, "HS": 20, "HST": 4, "HTAG": 1, "HTHG": 0, "HTR": "A", "HY": 0, "HomeTeam": "Nice"},{"AC": 6, "AF": 25, "AR": 0, "AS": 16, "AST": 5, "AY": 3, "AwayTeam": "Monaco", "Date": "2009-08-29", "FTAG": 0, "FTHG": 1, "FTR": "H", "HC": 4, "HF": 26, "HR": 0, "HS": 11, "HST": 3, "HTAG": 0, "HTHG": 1, "HTR": "H", "HY": 1, "HomeTeam": "Sochaux"},{"AC": 0, "AF": 12, "AR": 0, "AS": 13, "AST": 2, "AY": 2, "AwayTeam": "Grenoble", "Date": "2009-08-29", "FTAG": 0, "FTHG": 1, "FTR": "H", "HC": 6, "HF": 17, "HR": 0, "HS": 16, "HST": 4, "HTAG": 0, "HTHG": 1, "HTR": "H", "HY": 1, "HomeTeam": "St Etienne"},{"AC": 3, "AF": 21, "AR": 0, "AS": 7, "AST": 5, "AY": 5, "AwayTeam": "Bordeaux", "Date": "2009-08-30", "FTAG": 0, "FTHG": 0, "FTR": "D", "HC": 4, "HF": 19, "HR": 0, "HS": 16, "HST": 3, "HTAG": 0, "HTHG": 0, "HTR": "D", "HY": 2, "HomeTeam": "Marseille"},{"AC": 8, "AF": 15, "AR": 0, "AS": 17, "AST": 6, "AY": 1, "AwayTeam": "Lille", "Date": "2009-08-30", "FTAG": 0, "FTHG": 3, "FTR": "H", "HC": 3, "HF": 15, "HR": 0, "HS": 10, "HST": 7, "HTAG": 0, "HTHG": 1, "HTR": "H", "HY": 0, "HomeTeam": "Paris SG"},{"AC": 3, "AF": 17, "AR": 0, "AS": 9, "AST": 2, "AY": 0, "AwayTeam": "Valenciennes", "Date": "2009-08-30", "FTAG": 1, "FTHG": 0, "FTR": "A", "HC": 9, "HF": 13, "HR": 0, "HS": 21, "HST": 8, "HTAG": 0, "HTHG": 0, "HTR": "D", "HY": 1, "HomeTeam": "Toulouse"},{"AC": 6, "AF": 30, "AR": 0, "AS": 7, "AST": 4, "AY": 2, "AwayTeam": "Grenoble", "Date": "2009-09-12", "FTAG": 0, "FTHG": 1, "FTR": "H", "HC": 3, "HF": 14, "HR": 0, "HS": 12, "HST": 3, "HTAG": 0, "HTHG": 1, "HTR": "H", "HY": 0, "HomeTeam": "Bordeaux"},{"AC": 3, "AF": 15, "AR": 0, "AS": 13, "AST": 3, "AY": 1, "AwayTeam": "Marseille", "Date": "2009-09-12", "FTAG": 2, "FTHG": 1, "FTR": "A", "HC": 3, "HF": 23, "HR": 0, "HS": 7, "HST": 1, "HTAG": 1, "HTHG": 0, "HTR": "A", "HY": 3, "HomeTeam": "Le Mans"},{"AC": 4, "AF": 15, "AR": 0, "AS": 6, "AST": 2, "AY": 2, "AwayTeam": "Sochaux", "Date": "2009-09-12", "FTAG": 0, "FTHG": 1, "FTR": "H", "HC": 5, "HF": 15, "HR": 0, "HS": 17, "HST": 3, "HTAG": 0, "HTHG": 0, "HTR": "D", "HY": 0, "HomeTeam": "Lille"},{"AC": 5, "AF": 20, "AR": 0, "AS": 15, "AST": 3, "AY": 2, "AwayTeam": "Lorient", "Date": "2009-09-12", "FTAG": 0, "FTHG": 1, "FTR": "H", "HC": 4, "HF": 13, "HR": 0, "HS": 15, "HST": 4, "HTAG": 0, "HTHG": 0, "HTR": "D", "HY": 2, "HomeTeam": "Lyon"},{"AC": 3, "AF": 21, "AR": 0, "AS": 6, "AST": 1, "AY": 4, "AwayTeam": "Lens", "Date": "2009-09-12", "FTAG": 0, "FTHG": 1, "FTR": "H", "HC": 1, "HF": 21, "HR": 0, "HS": 14, "HST": 4, "HTAG": 0, "HTHG": 1, "HTR": "H", "HY": 3, "HomeTeam": "Montpellier"},{"AC": 7, "AF": 15, "AR": 0, "AS": 15, "AST": 4, "AY": 3, "AwayTeam": "Toulouse", "Date": "2009-09-12", "FTAG": 0, "FTHG": 0, "FTR": "D", "HC": 1, "HF": 16, "HR": 1, "HS": 8, "HST": 1, "HTAG": 0, "HTHG": 0, "HTR": "D", "HY": 3, "HomeTeam": "Nancy"},{"AC": 1, "AF": 15, "AR": 0, "AS": 10, "AST": 3, "AY": 1, "AwayTeam": "Boulogne", "Date": "2009-09-12", "FTAG": 1, "FTHG": 1, "FTR": "D", "HC": 10, "HF": 16, "HR": 0, "HS": 21, "HST": 3, "HTAG": 0, "HTHG": 0, "HTR": "D", "HY": 0, "HomeTeam": "Valenciennes"},{"AC": 5, "AF": 13, "AR": 0, "AS": 11, "AST": 3, "AY": 2, "AwayTeam": "Nice", "Date": "2009-09-13", "FTAG": 0, "FTHG": 2, "FTR": "H", "HC": 2, "HF": 17, "HR": 0, "HS": 6, "HST": 3, "HTAG": 0, "HTHG": 1, "HTR": "H", "HY": 2, "HomeTeam": "Auxerre"},{"AC": 6, "AF": 12, "AR": 1, "AS": 16, "AST": 6, "AY": 2, "AwayTeam": "Paris SG", "Date": "2009-09-13", "FTAG": 0, "FTHG": 2, "FTR": "H", "HC": 7, "HF": 15, "HR": 0, "HS": 13, "HST": 4, "HTAG": 0, "HTHG": 0, "HTR": "D", "HY": 1, "HomeTeam": "Monaco"},{"AC": 3, "AF": 15, "AR": 0, "AS": 8, "AST": 2, "AY": 2, "AwayTeam": "St Etienne", "Date": "2009-09-13", "FTAG": 0, "FTHG": 1, "FTR": "H", "HC": 3, "HF": 13, "HR": 0, "HS": 21, "HST": 7, "HTAG": 0, "HTHG": 0, "HTR": "D", "HY": 2, "HomeTeam": "Rennes"},{"AC": 4, "AF": 14, "AR": 0, "AS": 17, "AST": 5, "AY": 2, "AwayTeam": "Bordeaux", "Date": "2009-09-19", "FTAG": 2, "FTHG": 0, "FTR": "A", "HC": 6, "HF": 16, "HR": 0, "HS": 4, "HST": 1, "HTAG": 1, "HTHG": 0, "HTR": "A", "HY": 2, "HomeTeam": "Boulogne"},{"AC": 5, "AF": 23, "AR": 0, "AS": 16, "AST": 10, "AY": 2, "AwayTeam": "Rennes", "Date": "2009-09-19", "FTAG": 4, "FTHG": 0, "FTR": "A", "HC": 6, "HF": 11, "HR": 0, "HS": 11, "HST": 1, "HTAG": 3, "HTHG": 0, "HTR": "A", "HY": 2, "HomeTeam": "Grenoble"},{"AC": 4, "AF": 18, "AR": 0, "AS": 10, "AST": 2, "AY": 2, "AwayTeam": "Nancy", "Date": "2009-09-19", "FTAG": 1, "FTHG": 3, "FTR": "H", "HC": 5, "HF": 17, "HR": 0, "HS": 18, "HST": 6, "HTAG": 0, "HTHG": 1, "HTR": "H", "HY": 1, "HomeTeam": "Lorient"},{"AC": 3, "AF": 24, "AR": 0, "AS": 13, "AST": 4, "AY": 3, "AwayTeam": "Montpellier", "Date": "2009-09-19", "FTAG": 2, "FTHG": 4, "FTR": "H", "HC": 3, "HF": 15, "HR": 0, "HS": 6, "HST": 4, "HTAG": 0, "HTHG": 3, "HTR": "H", "HY": 0, "HomeTeam": "Marseille"},{"AC": 1, "AF": 20, "AR": 0, "AS": 11, "AST": 4, "AY": 2, "AwayTeam": "Monaco", "Date": "2009-09-19", "FTAG": 3, "FTHG": 1, "FTR": "A", "HC": 4, "HF": 20, "HR": 0, "HS": 17, "HST": 3, "HTAG": 2, "HTHG": 1, "HTR": "A", "HY": 2, "HomeTeam": "Nice"},{"AC": 4, "AF": 22, "AR": 0, "AS": 14, "AST": 7, "AY": 2, "AwayTeam": "Valenciennes", "Date": "2009-09-19", "FTAG": 5, "FTHG": 2, "FTR": "A", "HC": 6, "HF": 9, "HR": 1, "HS": 18, "HST": 7, "HTAG": 1, "HTHG": 2, "HTR": "H", "HY": 1, "HomeTeam": "Sochaux"},{"AC": 4, "AF": 12, "AR": 0, "AS": 13, "AST": 4, "AY": 2, "AwayTeam": "Auxerre", "Date": "2009-09-19", "FTAG": 1, "FTHG": 1, "FTR": "D", "HC": 7, "HF": 15, "HR": 0, "HS": 16, "HST": 4, "HTAG": 0, "HTHG": 1, "HTR": "H", "HY": 2, "HomeTeam": "St Etienne"},{"AC": 5, "AF": 19, "AR": 1, "AS": 10, "AST": 2, "AY": 0, "AwayTeam": "Lille", "Date": "2009-09-20", "FTAG": 1, "FTHG": 1, "FTR": "D", "HC": 5, "HF": 19, "HR": 0, "HS": 13, "HST": 2, "HTAG": 0, "HTHG": 0, "HTR": "D", "HY": 4, "HomeTeam": "Lens"},{"AC": 4, "AF": 13, "AR": 0, "AS": 11, "AST": 5, "AY": 2, "AwayTeam": "Lyon", "Date": "2009-09-20", "FTAG": 1, "FTHG": 1, "FTR": "D", "HC": 6, "HF": 13, "HR": 0, "HS": 14, "HST": 7, "HTAG": 0, "HTHG": 1, "HTR": "H", "HY": 1, "HomeTeam": "Paris SG"},{"AC": 11, "AF": 17, "AR": 0, "AS": 19, "AST": 6, "AY": 2, "AwayTeam": "Le Mans", "Date": "2009-09-20", "FTAG": 0, "FTHG": 2, "FTR": "H", "HC": 4, "HF": 10, "HR": 0, "HS": 19, "HST": 7, "HTAG": 0, "HTHG": 1, "HTR": "H", "HY": 0, "HomeTeam": "Toulouse"},{"AC": 5, "AF": 19, "AR": 1, "AS": 9, "AST": 4, "AY": 1, "AwayTeam": "Grenoble", "Date": "2009-09-26", "FTAG": 0, "FTHG": 2, "FTR": "H", "HC": 5, "HF": 17, "HR": 1, "HS": 11, "HST": 5, "HTAG": 0, "HTHG": 0, "HTR": "D", "HY": 0, "HomeTeam": "Auxerre"},{"AC": 4, "AF": 15, "AR": 0, "AS": 6, "AST": 4, "AY": 2, "AwayTeam": "Paris SG", "Date": "2009-09-26", "FTAG": 1, "FTHG": 1, "FTR": "D", "HC": 1, "HF": 16, "HR": 0, "HS": 16, "HST": 5, "HTAG": 1, "HTHG": 1, "HTR": "D", "HY": 2, "HomeTeam": "Lorient"},{"AC": 5, "AF": 8, "AR": 0, "AS": 8, "AST": 2, "AY": 2, "AwayTeam": "Toulouse", "Date": "2009-09-26", "FTAG": 1, "FTHG": 2, "FTR": "H", "HC": 6, "HF": 13, "HR": 0, "HS": 28, "HST": 10, "HTAG": 1, "HTHG": 0, "HTR": "A", "HY": 2, "HomeTeam": "Lyon"},{"AC": 2, "AF": 20, "AR": 0, "AS": 8, "AST": 2, "AY": 1, "AwayTeam": "St Etienne", "Date": "2009-09-26", "FTAG": 2, "FTHG": 1, "FTR": "A", "HC": 7, "HF": 16, "HR": 0, "HS": 8, "HST": 3, "HTAG": 1, "HTHG": 0, "HTR": "A", "HY": 2, "HomeTeam": "Monaco"},{"AC": 3, "AF": 20, "AR": 0, "AS": 5, "AST": 0, "AY": 3, "AwayTeam": "Boulogne", "Date": "2009-09-26", "FTAG": 0, "FTHG": 1, "FTR": "H", "HC": 9, "HF": 16, "HR": 0, "HS": 22, "HST": 2, "HTAG": 0, "HTHG": 0, "HTR": "D", "HY": 1, "HomeTeam": "Montpellier"},{"AC": 7, "AF": 17, "AR": 0, "AS": 12, "AST": 4, "AY": 1, "AwayTeam": "Sochaux", "Date": "2009-09-26", "FTAG": 1, "FTHG": 2, "FTR": "H", "HC": 2, "HF": 13, "HR": 0, "HS": 12, "HST": 4, "HTAG": 0, "HTHG": 2, "HTR": "H", "HY": 2, "HomeTeam": "Nancy"},{"AC": 6, "AF": 10, "AR": 0, "AS": 12, "AST": 6, "AY": 2, "AwayTeam": "Marseille", "Date": "2009-09-26", "FTAG": 2, "FTHG": 3, "FTR": "H", "HC": 4, "HF": 18, "HR": 0, "HS": 8, "HST": 5, "HTAG": 2, "HTHG": 2, "HTR": "D", "HY": 3, "HomeTeam": "Valenciennes"},{"AC": 4, "AF": 17, "AR": 0, "AS": 11, "AST": 2, "AY": 2, "AwayTeam": "Rennes", "Date": "2009-09-27", "FTAG": 0, "FTHG": 1, "FTR": "H", "HC": 3, "HF": 13, "HR": 0, "HS": 16, "HST": 4, "HTAG": 0, "HTHG": 1, "HTR": "H", "HY": 2, "HomeTeam": "Bordeaux"},{"AC": 2, "AF": 14, "AR": 0, "AS": 7, "AST": 2, "AY": 0, "AwayTeam": "Lens", "Date": "2009-09-27", "FTAG": 0, "FTHG": 3, "FTR": "H", "HC": 5, "HF": 18, "HR": 0, "HS": 20, "HST": 8, "HTAG": 0, "HTHG": 2, "HTR": "H", "HY": 0, "HomeTeam": "Le Mans"},{"AC": 2, "AF": 21, "AR": 0, "AS": 8, "AST": 1, "AY": 2, "AwayTeam": "Nice", "Date": "2009-09-27", "FTAG": 1, "FTHG": 1, "FTR": "D", "HC": 7, "HF": 25, "HR": 0, "HS": 14, "HST": 4, "HTAG": 0, "HTHG": 0, "HTR": "D", "HY": 2, "HomeTeam": "Lille"},{"AC": 8, "AF": 25, "AR": 0, "AS": 9, "AST": 3, "AY": 2, "AwayTeam": "Montpellier", "Date": "2009-10-03", "FTAG": 3, "FTHG": 2, "FTR": "A", "HC": 8, "HF": 25, "HR": 0, "HS": 17, "HST": 7, "HTAG": 2, "HTHG": 0, "HTR": "A", "HY": 2, "HomeTeam": "Grenoble"},{"AC": 0, "AF": 16, "AR": 0, "AS": 12, "AST": 2, "AY": 2, "AwayTeam": "Lyon", "Date": "2009-10-03", "FTAG": 2, "FTHG": 0, "FTR": "A", "HC": 2, "HF": 14, "HR": 0, "HS": 11, "HST": 5, "HTAG": 1, "HTHG": 0, "HTR": "A", "HY": 1, "HomeTeam": "Lens"},{"AC": 1, "AF": 24, "AR": 1, "AS": 4, "AST": 3, "AY": 2, "AwayTeam": "Valenciennes", "Date": "2009-10-03", "FTAG": 2, "FTHG": 3, "FTR": "H", "HC": 11, "HF": 20, "HR": 0, "HS": 14, "HST": 7, "HTAG": 1, "HTHG": 0, "HTR": "A", "HY": 4, "HomeTeam": "Nice"},{"AC": 2, "AF": 17, "AR": 0, "AS": 6, "AST": 3, "AY": 0, "AwayTeam": "Nancy", "Date": "2009-10-03", "FTAG": 1, "FTHG": 1, "FTR": "D", "HC": 7, "HF": 13, "HR": 0, "HS": 21, "HST": 4, "HTAG": 1, "HTHG": 1, "HTR": "D", "HY": 1, "HomeTeam": "Paris SG"},{"AC": 1, "AF": 15, "AR": 0, "AS": 12, "AST": 5, "AY": 5, "AwayTeam": "Auxerre", "Date": "2009-10-03", "FTAG": 1, "FTHG": 0, "FTR": "A", "HC": 6, "HF": 17, "HR": 1, "HS": 10, "HST": 3, "HTAG": 1, "HTHG": 0, "HTR": "A", "HY": 4, "HomeTeam": "Rennes"},{"AC": 2, "AF": 23, "AR": 1, "AS": 8, "AST": 2, "AY": 2, "AwayTeam": "Le Mans", "Date": "2009-10-03", "FTAG": 0, "FTHG": 1, "FTR": "H", "HC": 5, "HF": 11, "HR": 0, "HS": 17, "HST": 8, "HTAG": 0, "HTHG": 0, "HTR": "D", "HY": 2, "HomeTeam": "Sochaux"},{"AC": 5, "AF": 13, "AR": 0, "AS": 11, "AST": 2, "AY": 2, "AwayTeam": "Bordeaux", "Date": "2009-10-03", "FTAG": 1, "FTHG": 3, "FTR": "H", "HC": 3, "HF": 20, "HR": 0, "HS": 15, "HST": 4, "HTAG": 0, "HTHG": 2, "HTR": "H", "HY": 3, "HomeTeam": "St Etienne"},{"AC": 11, "AF": 18, "AR": 0, "AS": 14, "AST": 5, "AY": 1, "AwayTeam": "Lille", "Date": "2009-10-04", "FTAG": 3, "FTHG": 2, "FTR": "A", "HC": 6, "HF": 19, "HR": 0, "HS": 10, "HST": 5, "HTAG": 1, "HTHG": 2, "HTR": "H", "HY": 3, "HomeTeam": "Boulogne"},{"AC": 8, "AF": 17, "AR": 0, "AS": 8, "AST": 3, "AY": 3, "AwayTeam": "Monaco", "Date": "2009-10-04", "FTAG": 2, "FTHG": 1, "FTR": "A", "HC": 10, "HF": 20, "HR": 0, "HS": 26, "HST": 6, "HTAG": 2, "HTHG": 0, "HTR": "A", "HY": 2, "HomeTeam": "Marseille"},{"AC": 3, "AF": 15, "AR": 0, "AS": 7, "AST": 2, "AY": 1, "AwayTeam": "Lorient", "Date": "2009-10-04", "FTAG": 1, "FTHG": 0, "FTR": "A", "HC": 6, "HF": 15, "HR": 0, "HS": 17, "HST": 5, "HTAG": 0, "HTHG": 0, "HTR": "D", "HY": 2, "HomeTeam": "Toulouse"},{"AC": 5, "AF": 9, "AR": 0, "AS": 13, "AST": 3, "AY": 1, "AwayTeam": "Bordeaux", "Date": "2009-10-17", "FTAG": 0, "FTHG": 1, "FTR": "H", "HC": 3, "HF": 13, "HR": 0, "HS": 7, "HST": 2, "HTAG": 0, "HTHG": 0, "HTR": "D", "HY": 2, "HomeTeam": "Auxerre"},{"AC": 2, "AF": 10, "AR": 0, "AS": 15, "AST": 2, "AY": 2, "AwayTeam": "Boulogne", "Date": "2009-10-17", "FTAG": 1, "FTHG": 1, "FTR": "D", "HC": 5, "HF": 14, "HR": 0, "HS": 17, "HST": 7, "HTAG": 0, "HTHG": 0, "HTR": "D", "HY": 2, "HomeTeam": "Le Mans"},{"AC": 1, "AF": 17, "AR": 0, "AS": 13, "AST": 5, "AY": 1, "AwayTeam": "Rennes", "Date": "2009-10-17", "FTAG": 0, "FTHG": 0, "FTR": "D", "HC": 5, "HF": 15, "HR": 0, "HS": 24, "HST": 3, "HTAG": 0, "HTHG": 0, "HTR": "D", "HY": 2, "HomeTeam": "Lille"},{"AC": 5, "AF": 16, "AR": 0, "AS": 9, "AST": 3, "AY": 2, "AwayTeam": "Sochaux", "Date": "2009-10-17", "FTAG": 2, "FTHG": 0, "FTR": "A", "HC": 3, "HF": 12, "HR": 0, "HS": 13, "HST": 1, "HTAG": 1, "HTHG": 0, "HTR": "A", "HY": 0, "HomeTeam": "Lyon"},{"AC": 2, "AF": 14, "AR": 1, "AS": 8, "AST": 4, "AY": 1, "AwayTeam": "St Etienne", "Date": "2009-10-17", "FTAG": 1, "FTHG": 2, "FTR": "H", "HC": 9, "HF": 17, "HR": 0, "HS": 18, "HST": 6, "HTAG": 0, "HTHG": 0, "HTR": "D", "HY": 1, "HomeTeam": "Montpellier"},{"AC": 7, "AF": 14, "AR": 0, "AS": 16, "AST": 9, "AY": 2, "AwayTeam": "Marseille", "Date": "2009-10-17", "FTAG": 3, "FTHG": 0, "FTR": "A", "HC": 4, "HF": 12, "HR": 0, "HS": 7, "HST": 1, "HTAG": 1, "HTHG": 0, "HTR": "A", "HY": 2, "HomeTeam": "Nancy"},{"AC": 5, "AF": 18, "AR": 0, "AS": 10, "AST": 1, "AY": 2, "AwayTeam": "Grenoble", "Date": "2009-10-17", "FTAG": 0, "FTHG": 2, "FTR": "H", "HC": 5, "HF": 25, "HR": 0, "HS": 12, "HST": 6, "HTAG": 0, "HTHG": 2, "HTR": "H", "HY": 1, "HomeTeam": "Valenciennes"},{"AC": 0, "AF": 19, "AR": 1, "AS": 9, "AST": 1, "AY": 1, "AwayTeam": "Nice", "Date": "2009-10-18", "FTAG": 1, "FTHG": 4, "FTR": "H", "HC": 10, "HF": 12, "HR": 0, "HS": 20, "HST": 7, "HTAG": 0, "HTHG": 1, "HTR": "H", "HY": 1, "HomeTeam": "Lorient"},{"AC": 3, "AF": 17, "AR": 0, "AS": 11, "AST": 4, "AY": 1, "AwayTeam": "Lens", "Date": "2009-10-18", "FTAG": 0, "FTHG": 2, "FTR": "H", "HC": 5, "HF": 28, "HR": 0, "HS": 16, "HST": 7, "HTAG": 0, "HTHG": 1, "HTR": "H", "HY": 3, "HomeTeam": "Monaco"},{"AC": 4, "AF": 13, "AR": 0, "AS": 7, "AST": 3, "AY": 2, "AwayTeam": "Paris SG", "Date": "2009-10-18", "FTAG": 0, "FTHG": 1, "FTR": "H", "HC": 5, "HF": 15, "HR": 0, "HS": 11, "HST": 4, "HTAG": 0, "HTHG": 0, "HTR": "D", "HY": 2, "HomeTeam": "Toulouse"},{"AC": 3, "AF": 16, "AR": 0, "AS": 8, "AST": 3, "AY": 2, "AwayTeam": "Le Mans", "Date": "2009-10-24", "FTAG": 0, "FTHG": 3, "FTR": "H", "HC": 8, "HF": 10, "HR": 0, "HS": 17, "HST": 4, "HTAG": 0, "HTHG": 1, "HTR": "H", "HY": 1, "HomeTeam": "Bordeaux"},{"AC": 4, "AF": 11, "AR": 0, "AS": 20, "AST": 9, "AY": 4, "AwayTeam": "Monaco", "Date": "2009-10-24", "FTAG": 3, "FTHG": 1, "FTR": "A", "HC": 4, "HF": 18, "HR": 1, "HS": 5, "HST": 2, "HTAG": 1, "HTHG": 0, "HTR": "A", "HY": 1, "HomeTeam": "Boulogne"},{"AC": 3, "AF": 15, "AR": 0, "AS": 3, "AST": 2, "AY": 2, "AwayTeam": "Nancy", "Date": "2009-10-24", "FTAG": 2, "FTHG": 1, "FTR": "A", "HC": 7, "HF": 15, "HR": 0, "HS": 16, "HST": 5, "HTAG": 0, "HTHG": 0, "HTR": "D", "HY": 2, "HomeTeam": "Grenoble"},{"AC": 5, "AF": 20, "AR": 0, "AS": 20, "AST": 5, "AY": 3, "AwayTeam": "Lyon", "Date": "2009-10-24", "FTAG": 1, "FTHG": 4, "FTR": "H", "HC": 2, "HF": 17, "HR": 0, "HS": 12, "HST": 4, "HTAG": 0, "HTHG": 2, "HTR": "H", "HY": 1, "HomeTeam": "Nice"},{"AC": 1, "AF": 17, "AR": 0, "AS": 12, "AST": 3, "AY": 4, "AwayTeam": "Montpellier", "Date": "2009-10-24", "FTAG": 0, "FTHG": 3, "FTR": "H", "HC": 0, "HF": 16, "HR": 0, "HS": 16, "HST": 6, "HTAG": 0, "HTHG": 1, "HTR": "H", "HY": 0, "HomeTeam": "Rennes"},{"AC": 2, "AF": 9, "AR": 0, "AS": 14, "AST": 5, "AY": 1, "AwayTeam": "Lorient", "Date": "2009-10-24", "FTAG": 0, "FTHG": 1, "FTR": "H", "HC": 5, "HF": 11, "HR": 0, "HS": 17, "HST": 5, "HTAG": 0, "HTHG": 1, "HTR": "H", "HY": 2, "HomeTeam": "Sochaux"},{"AC": 3, "AF": 26, "AR": 0, "AS": 10, "AST": 4, "AY": 2, "AwayTeam": "Valenciennes", "Date": "2009-10-24", "FTAG": 2, "FTHG": 0, "FTR": "A", "HC": 10, "HF": 14, "HR": 0, "HS": 20, "HST": 7, "HTAG": 1, "HTHG": 0, "HTR": "A", "HY": 2, "HomeTeam": "St Etienne"},{"AC": 5, "AF": 10, "AR": 0, "AS": 13, "AST": 4, "AY": 1, "AwayTeam": "Lille", "Date": "2009-10-25", "FTAG": 2, "FTHG": 3, "FTR": "H", "HC": 6, "HF": 13, "HR": 0, "HS": 12, "HST": 8, "HTAG": 2, "HTHG": 1, "HTR": "A", "HY": 2, "HomeTeam": "Auxerre"},{"AC": 8, "AF": 25, "AR": 0, "AS": 14, "AST": 4, "AY": 3, "AwayTeam": "Toulouse", "Date": "2009-10-25", "FTAG": 2, "FTHG": 0, "FTR": "A", "HC": 3, "HF": 16, "HR": 0, "HS": 10, "HST": 4, "HTAG": 1, "HTHG": 0, "HTR": "A", "HY": 2, "HomeTeam": "Lens"},{"AC": 8, "AF": 21, "AR": 1, "AS": 18, "AST": 7, "AY": 1, "AwayTeam": "Montpellier", "Date": "2009-10-31", "FTAG": 1, "FTHG": 2, "FTR": "H", "HC": 2, "HF": 15, "HR": 0, "HS": 11, "HST": 4, "HTAG": 0, "HTHG": 2, "HTR": "H", "HY": 1, "HomeTeam": "Auxerre"},{"AC": 8, "AF": 18, "AR": 0, "AS": 11, "AST": 3, "AY": 3, "AwayTeam": "Monaco", "Date": "2009-10-31", "FTAG": 0, "FTHG": 1, "FTR": "H", "HC": 8, "HF": 18, "HR": 0, "HS": 21, "HST": 8, "HTAG": 0, "HTHG": 0, "HTR": "D", "HY": 1, "HomeTeam": "Bordeaux"},{"AC": 2, "AF": 14, "AR": 1, "AS": 11, "AST": 5, "AY": 1, "AwayTeam": "Nancy", "Date": "2009-10-31", "FTAG": 2, "FTHG": 1, "FTR": "A", "HC": 3, "HF": 17, "HR": 0, "HS": 9, "HST": 4, "HTAG": 1, "HTHG": 1, "HTR": "D", "HY": 3, "HomeTeam": "Boulogne"},{"AC": 4, "AF": 20, "AR": 0, "AS": 14, "AST": 4, "AY": 1, "AwayTeam": "Lille", "Date": "2009-10-31", "FTAG": 2, "FTHG": 0, "FTR": "A", "HC": 2, "HF": 14, "HR": 1, "HS": 12, "HST": 5, "HTAG": 1, "HTHG": 0, "HTR": "A", "HY": 2, "HomeTeam": "Grenoble"},{"AC": 4, "AF": 12, "AR": 0, "AS": 12, "AST": 2, "AY": 3, "AwayTeam": "Lorient", "Date": "2009-10-31", "FTAG": 1, "FTHG": 1, "FTR": "D", "HC": 6, "HF": 16, "HR": 0, "HS": 18, "HST": 6, "HTAG": 1, "HTHG": 0, "HTR": "A", "HY": 0, "HomeTeam": "Lens"},{"AC": 4, "AF": 23, "AR": 1, "AS": 5, "AST": 3, "AY": 3, "AwayTeam": "Toulouse", "Date": "2009-10-31", "FTAG": 1, "FTHG": 1, "FTR": "D", "HC": 11, "HF": 13, "HR": 0, "HS": 35, "HST": 8, "HTAG": 1, "HTHG": 0, "HTR": "A", "HY": 3, "HomeTeam": "Marseille"},{"AC": 6, "AF": 20, "AR": 0, "AS": 22, "AST": 8, "AY": 3, "AwayTeam": "Lyon", "Date": "2009-10-31", "FTAG": 1, "FTHG": 0, "FTR": "A", "HC": 4, "HF": 5, "HR": 0, "HS": 14, "HST": 4, "HTAG": 0, "HTHG": 0, "HTR": "D", "HY": 3, "HomeTeam": "St Etienne"},{"AC": 1, "AF": 14, "AR": 1, "AS": 11, "AST": 2, "AY": 1, "AwayTeam": "Le Mans", "Date": "2009-11-01", "FTAG": 0, "FTHG": 1, "FTR": "H", "HC": 7, "HF": 23, "HR": 0, "HS": 16, "HST": 7, "HTAG": 0, "HTHG": 1, "HTR": "H", "HY": 2, "HomeTeam": "Nice"},{"AC": 2, "AF": 21, "AR": 0, "AS": 6, "AST": 4, "AY": 2, "AwayTeam": "Valenciennes", "Date": "2009-11-01", "FTAG": 3, "FTHG": 0, "FTR": "A", "HC": 3, "HF": 20, "HR": 0, "HS": 14, "HST": 2, "HTAG": 0, "HTHG": 0, "HTR": "D", "HY": 3, "HomeTeam": "Rennes"},{"AC": 3, "AF": 16, "AR": 0, "AS": 19, "AST": 11, "AY": 1, "AwayTeam": "Paris SG", "Date": "2009-11-01", "FTAG": 4, "FTHG": 1, "FTR": "A", "HC": 7, "HF": 12, "HR": 0, "HS": 13, "HST": 3, "HTAG": 1, "HTHG": 0, "HTR": "A", "HY": 1, "HomeTeam": "Sochaux"},{"AC": 1, "AF": 15, "AR": 0, "AS": 9, "AST": 3, "AY": 1, "AwayTeam": "Auxerre", "Date": "2009-11-07", "FTAG": 1, "FTHG": 0, "FTR": "A", "HC": 1, "HF": 23, "HR": 0, "HS": 10, "HST": 2, "HTAG": 0, "HTHG": 0, "HTR": "D", "HY": 3, "HomeTeam": "Le Mans"},{"AC": 6, "AF": 9, "AR": 0, "AS": 11, "AST": 3, "AY": 0, "AwayTeam": "Boulogne", "Date": "2009-11-07", "FTAG": 0, "FTHG": 5, "FTR": "H", "HC": 4, "HF": 8, "HR": 0, "HS": 20, "HST": 10, "HTAG": 0, "HTHG": 2, "HTR": "H", "HY": 0, "HomeTeam": "Lorient"},{"AC": 0, "AF": 8, "AR": 0, "AS": 8, "AST": 2, "AY": 1, "AwayTeam": "Grenoble", "Date": "2009-11-07", "FTAG": 0, "FTHG": 0, "FTR": "D", "HC": 6, "HF": 17, "HR": 0, "HS": 8, "HST": 3, "HTAG": 0, "HTHG": 0, "HTR": "D", "HY": 0, "HomeTeam": "Monaco"},{"AC": 4, "AF": 15, "AR": 0, "AS": 10, "AST": 2, "AY": 1, "AwayTeam": "St Etienne", "Date": "2009-11-07", "FTAG": 1, "FTHG": 0, "FTR": "A", "HC": 8, "HF": 16, "HR": 0, "HS": 24, "HST": 5, "HTAG": 0, "HTHG": 0, "HTR": "D", "HY": 1, "HomeTeam": "Nancy"},{"AC": 5, "AF": 16, "AR": 0, "AS": 15, "AST": 4, "AY": 2, "AwayTeam": "Nice", "Date": "2009-11-07", "FTAG": 1, "FTHG": 0, "FTR": "A", "HC": 3, "HF": 9, "HR": 0, "HS": 14, "HST": 4, "HTAG": 0, "HTHG": 0, "HTR": "D", "HY": 1, "HomeTeam": "Paris SG"},{"AC": 7, "AF": 17, "AR": 0, "AS": 9, "AST": 3, "AY": 0, "AwayTeam": "Lens", "Date": "2009-11-07", "FTAG": 2, "FTHG": 1, "FTR": "A", "HC": 6, "HF": 9, "HR": 0, "HS": 23, "HST": 6, "HTAG": 1, "HTHG": 0, "HTR": "A", "HY": 0, "HomeTeam": "Sochaux"},{"AC": 2, "AF": 20, "AR": 0, "AS": 4, "AST": 1, "AY": 4, "AwayTeam": "Montpellier", "Date": "2009-11-07", "FTAG": 1, "FTHG": 1, "FTR": "D", "HC": 5, "HF": 12, "HR": 0, "HS": 11, "HST": 1, "HTAG": 1, "HTHG": 0, "HTR": "A", "HY": 2, "HomeTeam": "Valenciennes"},{"AC": 4, "AF": 16, "AR": 0, "AS": 10, "AST": 2, "AY": 2, "AwayTeam": "Bordeaux", "Date": "2009-11-08", "FTAG": 0, "FTHG": 2, "FTR": "H", "HC": 6, "HF": 11, "HR": 0, "HS": 15, "HST": 6, "HTAG": 0, "HTHG": 0, "HTR": "D", "HY": 1, "HomeTeam": "Lille"},{"AC": 4, "AF": 19, "AR": 0, "AS": 18, "AST": 7, "AY": 2, "AwayTeam": "Marseille", "Date": "2009-11-08", "FTAG": 5, "FTHG": 5, "FTR": "D", "HC": 5, "HF": 17, "HR": 0, "HS": 11, "HST": 7, "HTAG": 2, "HTHG": 2, "HTR": "D", "HY": 4, "HomeTeam": "Lyon"},{"AC": 6, "AF": 12, "AR": 0, "AS": 19, "AST": 5, "AY": 0, "AwayTeam": "Rennes", "Date": "2009-11-08", "FTAG": 2, "FTHG": 3, "FTR": "H", "HC": 5, "HF": 18, "HR": 0, "HS": 10, "HST": 3, "HTAG": 1, "HTHG": 1, "HTR": "D", "HY": 0, "HomeTeam": "Toulouse"},{"AC": 4, "AF": 17, "AR": 0, "AS": 5, "AST": 1, "AY": 1, "AwayTeam": "Paris SG", "Date": "2009-11-20", "FTAG": 0, "FTHG": 1, "FTR": "H", "HC": 6, "HF": 12, "HR": 0, "HS": 11, "HST": 6, "HTAG": 0, "HTHG": 1, "HTR": "H", "HY": 2, "HomeTeam": "Marseille"},{"AC": 4, "AF": 14, "AR": 0, "AS": 15, "AST": 2, "AY": 4, "AwayTeam": "Monaco", "Date": "2009-11-21", "FTAG": 0, "FTHG": 2, "FTR": "H", "HC": 5, "HF": 15, "HR": 0, "HS": 11, "HST": 5, "HTAG": 0, "HTHG": 1, "HTR": "H", "HY": 1, "HomeTeam": "Auxerre"},{"AC": 1, "AF": 15, "AR": 0, "AS": 3, "AST": 3, "AY": 3, "AwayTeam": "Valenciennes", "Date": "2009-11-21", "FTAG": 1, "FTHG": 0, "FTR": "A", "HC": 9, "HF": 14, "HR": 0, "HS": 24, "HST": 7, "HTAG": 1, "HTHG": 0, "HTR": "A", "HY": 2, "HomeTeam": "Bordeaux"},{"AC": 4, "AF": 20, "AR": 0, "AS": 12, "AST": 2, "AY": 2, "AwayTeam": "Lyon", "Date": "2009-11-21", "FTAG": 1, "FTHG": 1, "FTR": "D", "HC": 5, "HF": 8, "HR": 1, "HS": 12, "HST": 5, "HTAG": 0, "HTHG": 0, "HTR": "D", "HY": 1, "HomeTeam": "Grenoble"},{"AC": 5, "AF": 18, "AR": 0, "AS": 16, "AST": 4, "AY": 2, "AwayTeam": "Nancy", "Date": "2009-11-21", "FTAG": 1, "FTHG": 2, "FTR": "H", "HC": 7, "HF": 19, "HR": 0, "HS": 15, "HST": 7, "HTAG": 0, "HTHG": 0, "HTR": "D", "HY": 2, "HomeTeam": "Lens"},{"AC": 4, "AF": 10, "AR": 0, "AS": 10, "AST": 5, "AY": 1, "AwayTeam": "Le Mans", "Date": "2009-11-21", "FTAG": 1, "FTHG": 2, "FTR": "H", "HC": 2, "HF": 16, "HR": 0, "HS": 13, "HST": 6, "HTAG": 0, "HTHG": 1, "HTR": "H", "HY": 2, "HomeTeam": "Rennes"},{"AC": 6, "AF": 22, "AR": 0, "AS": 9, "AST": 2, "AY": 4, "AwayTeam": "Lille", "Date": "2009-11-22", "FTAG": 0, "FTHG": 2, "FTR": "H", "HC": 7, "HF": 17, "HR": 0, "HS": 16, "HST": 5, "HTAG": 0, "HTHG": 0, "HTR": "D", "HY": 2, "HomeTeam": "Montpellier"},{"AC": 5, "AF": 17, "AR": 0, "AS": 12, "AST": 5, "AY": 1, "AwayTeam": "Toulouse", "Date": "2009-11-22", "FTAG": 0, "FTHG": 1, "FTR": "H", "HC": 6, "HF": 13, "HR": 0, "HS": 9, "HST": 2, "HTAG": 0, "HTHG": 0, "HTR": "D", "HY": 2, "HomeTeam": "Nice"},{"AC": 3, "AF": 17, "AR": 0, "AS": 12, "AST": 6, "AY": 0, "AwayTeam": "Lorient", "Date": "2009-11-22", "FTAG": 2, "FTHG": 0, "FTR": "A", "HC": 10, "HF": 13, "HR": 0, "HS": 21, "HST": 3, "HTAG": 2, "HTHG": 0, "HTR": "A", "HY": 1, "HomeTeam": "St Etienne"},{"AC": 8, "AF": 20, "AR": 0, "AS": 15, "AST": 5, "AY": 2, "AwayTeam": "Marseille", "Date": "2009-11-28", "FTAG": 0, "FTHG": 1, "FTR": "H", "HC": 4, "HF": 17, "HR": 0, "HS": 7, "HST": 3, "HTAG": 0, "HTHG": 0, "HTR": "D", "HY": 2, "HomeTeam": "Lens"},{"AC": 0, "AF": 27, "AR": 0, "AS": 6, "AST": 2, "AY": 4, "AwayTeam": "Valenciennes", "Date": "2009-11-28", "FTAG": 0, "FTHG": 4, "FTR": "H", "HC": 6, "HF": 16, "HR": 0, "HS": 13, "HST": 5, "HTAG": 0, "HTHG": 1, "HTR": "H", "HY": 2, "HomeTeam": "Lille"},{"AC": 3, "AF": 18, "AR": 0, "AS": 13, "AST": 6, "AY": 1, "AwayTeam": "Grenoble", "Date": "2009-11-28", "FTAG": 2, "FTHG": 2, "FTR": "D", "HC": 3, "HF": 18, "HR": 0, "HS": 4, "HST": 2, "HTAG": 0, "HTHG": 1, "HTR": "H", "HY": 1, "HomeTeam": "Lorient"},{"AC": 5, "AF": 12, "AR": 0, "AS": 10, "AST": 4, "AY": 3, "AwayTeam": "Auxerre", "Date": "2009-11-28", "FTAG": 0, "FTHG": 1, "FTR": "H", "HC": 7, "HF": 13, "HR": 0, "HS": 12, "HST": 5, "HTAG": 0, "HTHG": 0, "HTR": "D", "HY": 2, "HomeTeam": "Paris SG"},{"AC": 6, "AF": 9, "AR": 0, "AS": 22, "AST": 8, "AY": 3, "AwayTeam": "Nice", "Date": "2009-11-28", "FTAG": 0, "FTHG": 1, "FTR": "H", "HC": 1, "HF": 22, "HR": 0, "HS": 12, "HST": 4, "HTAG": 0, "HTHG": 1, "HTR": "H", "HY": 4, "HomeTeam": "Sochaux"},{"AC": 6, "AF": 17, "AR": 0, "AS": 10, "AST": 4, "AY": 2, "AwayTeam": "Boulogne", "Date": "2009-11-28", "FTAG": 0, "FTHG": 1, "FTR": "H", "HC": 3, "HF": 12, "HR": 0, "HS": 15, "HST": 5, "HTAG": 0, "HTHG": 1, "HTR": "H", "HY": 0, "HomeTeam": "Toulouse"},{"AC": 5, "AF": 12, "AR": 0, "AS": 11, "AST": 2, "AY": 2, "AwayTeam": "St Etienne", "Date": "2009-11-29", "FTAG": 1, "FTHG": 1, "FTR": "D", "HC": 7, "HF": 20, "HR": 0, "HS": 19, "HST": 6, "HTAG": 1, "HTHG": 0, "HTR": "A", "HY": 2, "HomeTeam": "Le Mans"},{"AC": 3, "AF": 18, "AR": 0, "AS": 10, "AST": 5, "AY": 3, "AwayTeam": "Rennes", "Date": "2009-11-29", "FTAG": 1, "FTHG": 1, "FTR": "D", "HC": 7, "HF": 9, "HR": 0, "HS": 15, "HST": 5, "HTAG": 1, "HTHG": 1, "HTR": "D", "HY": 1, "HomeTeam": "Lyon"},{"AC": 2, "AF": 15, "AR": 0, "AS": 12, "AST": 8, "AY": 0, "AwayTeam": "Bordeaux", "Date": "2009-11-29", "FTAG": 3, "FTHG": 0, "FTR": "A", "HC": 1, "HF": 12, "HR": 0, "HS": 12, "HST": 3, "HTAG": 1, "HTHG": 0, "HTR": "A", "HY": 0, "HomeTeam": "Nancy"},{"AC": 4, "AF": 18, "AR": 0, "AS": 13, "AST": 8, "AY": 1, "AwayTeam": "Paris SG", "Date": "2009-12-02", "FTAG": 5, "FTHG": 2, "FTR": "A", "HC": 1, "HF": 15, "HR": 0, "HS": 6, "HST": 3, "HTAG": 0, "HTHG": 1, "HTR": "H", "HY": 1, "HomeTeam": "Boulogne"},{"AC": 2, "AF": 21, "AR": 0, "AS": 7, "AST": 1, "AY": 1, "AwayTeam": "Paris SG", "Date": "2009-12-05", "FTAG": 0, "FTHG": 1, "FTR": "H", "HC": 4, "HF": 14, "HR": 0, "HS": 12, "HST": 4, "HTAG": 0, "HTHG": 1, "HTR": "H", "HY": 2, "HomeTeam": "Bordeaux"},{"AC": 2, "AF": 16, "AR": 1, "AS": 10, "AST": 3, "AY": 3, "AwayTeam": "Le Mans", "Date": "2009-12-05", "FTAG": 1, "FTHG": 2, "FTR": "H", "HC": 6, "HF": 19, "HR": 0, "HS": 13, "HST": 8, "HTAG": 0, "HTHG": 1, "HTR": "H", "HY": 3, "HomeTeam": "Montpellier"},{"AC": 2, "AF": 25, "AR": 0, "AS": 10, "AST": 5, "AY": 2, "AwayTeam": "Marseille", "Date": "2009-12-05", "FTAG": 3, "FTHG": 1, "FTR": "A", "HC": 7, "HF": 22, "HR": 1, "HS": 5, "HST": 1, "HTAG": 1, "HTHG": 1, "HTR": "D", "HY": 3, "HomeTeam": "Nice"},{"AC": 7, "AF": 16, "AR": 0, "AS": 9, "AST": 0, "AY": 2, "AwayTeam": "Lorient", "Date": "2009-12-05", "FTAG": 0, "FTHG": 1, "FTR": "H", "HC": 6, "HF": 14, "HR": 0, "HS": 25, "HST": 11, "HTAG": 0, "HTHG": 1, "HTR": "H", "HY": 1, "HomeTeam": "Rennes"},{"AC": 2, "AF": 10, "AR": 0, "AS": 11, "AST": 5, "AY": 2, "AwayTeam": "Sochaux", "Date": "2009-12-05", "FTAG": 0, "FTHG": 0, "FTR": "D", "HC": 9, "HF": 19, "HR": 0, "HS": 18, "HST": 4, "HTAG": 0, "HTHG": 0, "HTR": "D", "HY": 0, "HomeTeam": "St Etienne"},{"AC": 5, "AF": 13, "AR": 0, "AS": 11, "AST": 6, "AY": 2, "AwayTeam": "Monaco", "Date": "2009-12-05", "FTAG": 1, "FTHG": 3, "FTR": "H", "HC": 5, "HF": 21, "HR": 0, "HS": 20, "HST": 7, "HTAG": 0, "HTHG": 1, "HTR": "H", "HY": 3, "HomeTeam": "Valenciennes"},{"AC": 2, "AF": 18, "AR": 1, "AS": 8, "AST": 4, "AY": 4, "AwayTeam": "Nancy", "Date": "2009-12-06", "FTAG": 3, "FTHG": 1, "FTR": "A", "HC": 7, "HF": 12, "HR": 0, "HS": 13, "HST": 5, "HTAG": 1, "HTHG": 1, "HTR": "D", "HY": 4, "HomeTeam": "Auxerre"},{"AC": 7, "AF": 16, "AR": 0, "AS": 16, "AST": 3, "AY": 2, "AwayTeam": "Lens", "Date": "2009-12-06", "FTAG": 1, "FTHG": 2, "FTR": "H", "HC": 1, "HF": 18, "HR": 1, "HS": 9, "HST": 3, "HTAG": 1, "HTHG": 2, "HTR": "H", "HY": 4, "HomeTeam": "Boulogne"},{"AC": 10, "AF": 23, "AR": 0, "AS": 17, "AST": 7, "AY": 1, "AwayTeam": "Toulouse", "Date": "2009-12-06", "FTAG": 0, "FTHG": 1, "FTR": "H", "HC": 4, "HF": 11, "HR": 0, "HS": 13, "HST": 6, "HTAG": 0, "HTHG": 0, "HTR": "D", "HY": 1, "HomeTeam": "Grenoble"},{"AC": 2, "AF": 23, "AR": 0, "AS": 11, "AST": 3, "AY": 5, "AwayTeam": "Lyon", "Date": "2009-12-06", "FTAG": 3, "FTHG": 4, "FTR": "H", "HC": 9, "HF": 14, "HR": 0, "HS": 23, "HST": 14, "HTAG": 3, "HTHG": 1, "HTR": "A", "HY": 3, "HomeTeam": "Lille"},{"AC": 4, "AF": 17, "AR": 1, "AS": 8, "AST": 2, "AY": 2, "AwayTeam": "St Etienne", "Date": "2009-12-10", "FTAG": 0, "FTHG": 4, "FTR": "H", "HC": 9, "HF": 15, "HR": 0, "HS": 17, "HST": 5, "HTAG": 0, "HTHG": 1, "HTR": "H", "HY": 0, "HomeTeam": "Lille"},{"AC": 4, "AF": 13, "AR": 0, "AS": 12, "AST": 3, "AY": 1, "AwayTeam": "Sochaux", "Date": "2009-12-10", "FTAG": 0, "FTHG": 2, "FTR": "H", "HC": 2, "HF": 18, "HR": 0, "HS": 13, "HST": 5, "HTAG": 0, "HTHG": 0, "HTR": "D", "HY": 1, "HomeTeam": "Toulouse"},{"AC": 1, "AF": 17, "AR": 0, "AS": 14, "AST": 4, "AY": 3, "AwayTeam": "Valenciennes", "Date": "2009-12-12", "FTAG": 1, "FTHG": 2, "FTR": "H", "HC": 6, "HF": 16, "HR": 1, "HS": 8, "HST": 4, "HTAG": 1, "HTHG": 1, "HTR": "D", "HY": 4, "HomeTeam": "Le Mans"},{"AC": 6, "AF": 17, "AR": 1, "AS": 11, "AST": 4, "AY": 3, "AwayTeam": "Nice", "Date": "2009-12-12", "FTAG": 0, "FTHG": 2, "FTR": "H", "HC": 6, "HF": 15, "HR": 0, "HS": 24, "HST": 9, "HTAG": 0, "HTHG": 2, "HTR": "H", "HY": 1, "HomeTeam": "Lens"},{"AC": 2, "AF": 12, "AR": 0, "AS": 10, "AST": 4, "AY": 2, "AwayTeam": "Auxerre", "Date": "2009-12-12", "FTAG": 0, "FTHG": 0, "FTR": "D", "HC": 7, "HF": 8, "HR": 0, "HS": 14, "HST": 6, "HTAG": 0, "HTHG": 0, "HTR": "D", "HY": 0, "HomeTeam": "Lorient"},{"AC": 1, "AF": 19, "AR": 1, "AS": 4, "AST": 1, "AY": 1, "AwayTeam": "Boulogne", "Date": "2009-12-12", "FTAG": 0, "FTHG": 2, "FTR": "H", "HC": 3, "HF": 13, "HR": 0, "HS": 25, "HST": 8, "HTAG": 0, "HTHG": 0, "HTR": "D", "HY": 0, "HomeTeam": "Marseille"},{"AC": 4, "AF": 16, "AR": 0, "AS": 6, "AST": 2, "AY": 0, "AwayTeam": "Rennes", "Date": "2009-12-12", "FTAG": 2, "FTHG": 1, "FTR": "A", "HC": 9, "HF": 10, "HR": 1, "HS": 18, "HST": 7, "HTAG": 0, "HTHG": 1, "HTR": "H", "HY": 1, "HomeTeam": "Nancy"},{"AC": 3, "AF": 14, "AR": 0, "AS": 16, "AST": 3, "AY": 1, "AwayTeam": "Bordeaux", "Date": "2009-12-13", "FTAG": 1, "FTHG": 0, "FTR": "A", "HC": 1, "HF": 19, "HR": 0, "HS": 12, "HST": 3, "HTAG": 0, "HTHG": 0, "HTR": "D", "HY": 4, "HomeTeam": "Lyon"},{"AC": 5, "AF": 21, "AR": 0, "AS": 22, "AST": 8, "AY": 1, "AwayTeam": "Lille", "Date": "2009-12-13", "FTAG": 4, "FTHG": 0, "FTR": "A", "HC": 5, "HF": 18, "HR": 1, "HS": 9, "HST": 4, "HTAG": 1, "HTHG": 0, "HTR": "A", "HY": 3, "HomeTeam": "Monaco"},{"AC": 1, "AF": 19, "AR": 0, "AS": 10, "AST": 2, "AY": 3, "AwayTeam": "St Etienne", "Date": "2009-12-13", "FTAG": 0, "FTHG": 3, "FTR": "H", "HC": 9, "HF": 14, "HR": 0, "HS": 17, "HST": 10, "HTAG": 0, "HTHG": 3, "HTR": "H", "HY": 2, "HomeTeam": "Paris SG"},{"AC": 8, "AF": 18, "AR": 0, "AS": 15, "AST": 5, "AY": 3, "AwayTeam": "Grenoble", "Date": "2009-12-13", "FTAG": 0, "FTHG": 1, "FTR": "H", "HC": 8, "HF": 21, "HR": 0, "HS": 16, "HST": 6, "HTAG": 0, "HTHG": 1, "HTR": "H", "HY": 2, "HomeTeam": "Sochaux"},{"AC": 1, "AF": 14, "AR": 0, "AS": 6, "AST": 1, "AY": 2, "AwayTeam": "Montpellier", "Date": "2009-12-13", "FTAG": 1, "FTHG": 0, "FTR": "A", "HC": 2, "HF": 16, "HR": 0, "HS": 10, "HST": 3, "HTAG": 1, "HTHG": 0, "HTR": "A", "HY": 1, "HomeTeam": "Toulouse"},{"AC": 6, "AF": 19, "AR": 0, "AS": 6, "AST": 2, "AY": 1, "AwayTeam": "Auxerre", "Date": "2009-12-15", "FTAG": 0, "FTHG": 0, "FTR": "D", "HC": 6, "HF": 15, "HR": 0, "HS": 14, "HST": 2, "HTAG": 0, "HTHG": 0, "HTR": "D", "HY": 1, "HomeTeam": "Valenciennes"},{"AC": 6, "AF": 14, "AR": 0, "AS": 18, "AST": 4, "AY": 1, "AwayTeam": "Grenoble", "Date": "2009-12-16", "FTAG": 0, "FTHG": 1, "FTR": "H", "HC": 0, "HF": 16, "HR": 0, "HS": 14, "HST": 6, "HTAG": 0, "HTHG": 1, "HTR": "H", "HY": 2, "HomeTeam": "Le Mans"},{"AC": 3, "AF": 11, "AR": 0, "AS": 17, "AST": 3, "AY": 1, "AwayTeam": "Marseille", "Date": "2009-12-16", "FTAG": 2, "FTHG": 1, "FTR": "A", "HC": 5, "HF": 15, "HR": 0, "HS": 9, "HST": 3, "HTAG": 0, "HTHG": 0, "HTR": "D", "HY": 2, "HomeTeam": "Lorient"},{"AC": 3, "AF": 15, "AR": 0, "AS": 6, "AST": 3, "AY": 4, "AwayTeam": "Boulogne", "Date": "2009-12-16", "FTAG": 0, "FTHG": 2, "FTR": "H", "HC": 12, "HF": 12, "HR": 0, "HS": 26, "HST": 6, "HTAG": 0, "HTHG": 0, "HTR": "D", "HY": 1, "HomeTeam": "Lyon"},{"AC": 8, "AF": 22, "AR": 0, "AS": 11, "AST": 4, "AY": 1, "AwayTeam": "Rennes", "Date": "2009-12-16", "FTAG": 0, "FTHG": 1, "FTR": "H", "HC": 1, "HF": 18, "HR": 0, "HS": 9, "HST": 4, "HTAG": 0, "HTHG": 1, "HTR": "H", "HY": 1, "HomeTeam": "Monaco"},{"AC": 1, "AF": 24, "AR": 0, "AS": 9, "AST": 2, "AY": 3, "AwayTeam": "Bordeaux", "Date": "2009-12-16", "FTAG": 1, "FTHG": 0, "FTR": "A", "HC": 3, "HF": 24, "HR": 0, "HS": 9, "HST": 3, "HTAG": 0, "HTHG": 0, "HTR": "D", "HY": 4, "HomeTeam": "Montpellier"},{"AC": 4, "AF": 13, "AR": 0, "AS": 6, "AST": 1, "AY": 2, "AwayTeam": "Nice", "Date": "2009-12-16", "FTAG": 0, "FTHG": 2, "FTR": "H", "HC": 4, "HF": 11, "HR": 0, "HS": 21, "HST": 8, "HTAG": 0, "HTHG": 0, "HTR": "D", "HY": 0, "HomeTeam": "Nancy"},{"AC": 2, "AF": 17, "AR": 0, "AS": 8, "AST": 1, "AY": 2, "AwayTeam": "Lens", "Date": "2009-12-16", "FTAG": 1, "FTHG": 1, "FTR": "D", "HC": 5, "HF": 19, "HR": 0, "HS": 9, "HST": 3, "HTAG": 0, "HTHG": 0, "HTR": "D", "HY": 4, "HomeTeam": "Paris SG"},{"AC": 4, "AF": 12, "AR": 0, "AS": 14, "AST": 2, "AY": 0, "AwayTeam": "Lorient", "Date": "2009-12-19", "FTAG": 1, "FTHG": 4, "FTR": "H", "HC": 6, "HF": 17, "HR": 0, "HS": 19, "HST": 9, "HTAG": 0, "HTHG": 2, "HTR": "H", "HY": 1, "HomeTeam": "Bordeaux"},{"AC": 3, "AF": 18, "AR": 0, "AS": 15, "AST": 8, "AY": 3, "AwayTeam": "Nice", "Date": "2009-12-19", "FTAG": 1, "FTHG": 1, "FTR": "D", "HC": 8, "HF": 11, "HR": 0, "HS": 21, "HST": 6, "HTAG": 0, "HTHG": 0, "HTR": "D", "HY": 2, "HomeTeam": "Grenoble"},{"AC": 4, "AF": 25, "AR": 0, "AS": 12, "AST": 4, "AY": 1, "AwayTeam": "Nancy", "Date": "2009-12-19", "FTAG": 2, "FTHG": 0, "FTR": "A", "HC": 2, "HF": 18, "HR": 0, "HS": 15, "HST": 5, "HTAG": 2, "HTHG": 0, "HTR": "A", "HY": 0, "HomeTeam": "Montpellier"},{"AC": 2, "AF": 10, "AR": 0, "AS": 8, "AST": 0, "AY": 1, "AwayTeam": "Paris SG", "Date": "2009-12-19", "FTAG": 0, "FTHG": 1, "FTR": "H", "HC": 4, "HF": 12, "HR": 0, "HS": 19, "HST": 6, "HTAG": 0, "HTHG": 1, "HTR": "H", "HY": 0, "HomeTeam": "Rennes"},{"AC": 6, "AF": 21, "AR": 0, "AS": 26, "AST": 8, "AY": 1, "AwayTeam": "Marseille", "Date": "2009-12-19", "FTAG": 0, "FTHG": 0, "FTR": "D", "HC": 3, "HF": 17, "HR": 1, "HS": 10, "HST": 2, "HTAG": 0, "HTHG": 0, "HTR": "D", "HY": 2, "HomeTeam": "St Etienne"},{"AC": 6, "AF": 22, "AR": 0, "AS": 6, "AST": 3, "AY": 0, "AwayTeam": "Lens", "Date": "2009-12-19", "FTAG": 0, "FTHG": 0, "FTR": "D", "HC": 5, "HF": 17, "HR": 0, "HS": 15, "HST": 6, "HTAG": 0, "HTHG": 0, "HTR": "D", "HY": 0, "HomeTeam": "Valenciennes"},{"AC": 2, "AF": 25, "AR": 1, "AS": 8, "AST": 5, "AY": 4, "AwayTeam": "Toulouse", "Date": "2009-12-20", "FTAG": 1, "FTHG": 1, "FTR": "D", "HC": 8, "HF": 18, "HR": 0, "HS": 17, "HST": 5, "HTAG": 1, "HTHG": 0, "HTR": "A", "HY": 1, "HomeTeam": "Auxerre"},{"AC": 3, "AF": 25, "AR": 0, "AS": 3, "AST": 1, "AY": 2, "AwayTeam": "Le Mans", "Date": "2009-12-20", "FTAG": 0, "FTHG": 3, "FTR": "H", "HC": 4, "HF": 16, "HR": 0, "HS": 15, "HST": 8, "HTAG": 0, "HTHG": 3, "HTR": "H", "HY": 1, "HomeTeam": "Lille"},{"AC": 5, "AF": 19, "AR": 0, "AS": 12, "AST": 5, "AY": 4, "AwayTeam": "Lyon", "Date": "2009-12-20", "FTAG": 1, "FTHG": 1, "FTR": "D", "HC": 7, "HF": 13, "HR": 0, "HS": 13, "HST": 6, "HTAG": 1, "HTHG": 1, "HTR": "D", "HY": 2, "HomeTeam": "Monaco"},{"AC": 4, "AF": 15, "AR": 0, "AS": 8, "AST": 1, "AY": 2, "AwayTeam": "St Etienne", "Date": "2009-12-22", "FTAG": 0, "FTHG": 1, "FTR": "H", "HC": 4, "HF": 20, "HR": 0, "HS": 16, "HST": 9, "HTAG": 0, "HTHG": 0, "HTR": "D", "HY": 0, "HomeTeam": "Lens"},{"AC": 3, "AF": 15, "AR": 0, "AS": 17, "AST": 5, "AY": 4, "AwayTeam": "Monaco", "Date": "2009-12-23", "FTAG": 1, "FTHG": 1, "FTR": "D", "HC": 8, "HF": 13, "HR": 0, "HS": 14, "HST": 3, "HTAG": 0, "HTHG": 1, "HTR": "H", "HY": 1, "HomeTeam": "Le Mans"},{"AC": 7, "AF": 18, "AR": 0, "AS": 9, "AST": 6, "AY": 3, "AwayTeam": "Valenciennes", "Date": "2009-12-23", "FTAG": 2, "FTHG": 3, "FTR": "H", "HC": 3, "HF": 11, "HR": 0, "HS": 20, "HST": 6, "HTAG": 2, "HTHG": 1, "HTR": "A", "HY": 1, "HomeTeam": "Lorient"},{"AC": 6, "AF": 13, "AR": 0, "AS": 5, "AST": 3, "AY": 3, "AwayTeam": "Montpellier", "Date": "2009-12-23", "FTAG": 2, "FTHG": 1, "FTR": "A", "HC": 6, "HF": 21, "HR": 0, "HS": 10, "HST": 2, "HTAG": 0, "HTHG": 0, "HTR": "D", "HY": 3, "HomeTeam": "Lyon"},{"AC": 1, "AF": 17, "AR": 0, "AS": 9, "AST": 2, "AY": 2, "AwayTeam": "Auxerre", "Date": "2009-12-23", "FTAG": 2, "FTHG": 0, "FTR": "A", "HC": 5, "HF": 18, "HR": 0, "HS": 13, "HST": 4, "HTAG": 1, "HTHG": 0, "HTR": "A", "HY": 2, "HomeTeam": "Marseille"},{"AC": 10, "AF": 15, "AR": 0, "AS": 18, "AST": 6, "AY": 2, "AwayTeam": "Lille", "Date": "2009-12-23", "FTAG": 4, "FTHG": 0, "FTR": "A", "HC": 7, "HF": 8, "HR": 1, "HS": 11, "HST": 1, "HTAG": 1, "HTHG": 0, "HTR": "A", "HY": 1, "HomeTeam": "Nancy"},{"AC": 4, "AF": 11, "AR": 0, "AS": 10, "AST": 6, "AY": 1, "AwayTeam": "Boulogne", "Date": "2009-12-23", "FTAG": 2, "FTHG": 2, "FTR": "D", "HC": 9, "HF": 13, "HR": 0, "HS": 18, "HST": 6, "HTAG": 0, "HTHG": 0, "HTR": "D", "HY": 2, "HomeTeam": "Nice"},{"AC": 7, "AF": 14, "AR": 0, "AS": 15, "AST": 7, "AY": 1, "AwayTeam": "Grenoble", "Date": "2009-12-23", "FTAG": 0, "FTHG": 4, "FTR": "H", "HC": 0, "HF": 20, "HR": 0, "HS": 11, "HST": 6, "HTAG": 0, "HTHG": 2, "HTR": "H", "HY": 2, "HomeTeam": "Paris SG"},{"AC": 6, "AF": 12, "AR": 1, "AS": 12, "AST": 2, "AY": 4, "AwayTeam": "Rennes", "Date": "2009-12-23", "FTAG": 0, "FTHG": 2, "FTR": "H", "HC": 11, "HF": 11, "HR": 0, "HS": 13, "HST": 6, "HTAG": 0, "HTHG": 1, "HTR": "H", "HY": 0, "HomeTeam": "Sochaux"},{"AC": 3, "AF": 15, "AR": 0, "AS": 11, "AST": 5, "AY": 2, "AwayTeam": "Bordeaux", "Date": "2009-12-23", "FTAG": 2, "FTHG": 1, "FTR": "A", "HC": 3, "HF": 21, "HR": 1, "HS": 18, "HST": 5, "HTAG": 1, "HTHG": 1, "HTR": "D", "HY": 2, "HomeTeam": "Toulouse"},{"AC": 2, "AF": 10, "AR": 0, "AS": 12, "AST": 2, "AY": 1, "AwayTeam": "Sochaux", "Date": "2010-01-13", "FTAG": 0, "FTHG": 0, "FTR": "D", "HC": 4, "HF": 14, "HR": 0, "HS": 9, "HST": 2, "HTAG": 0, "HTHG": 0, "HTR": "D", "HY": 0, "HomeTeam": "Boulogne"},{"AC": 2, "AF": 24, "AR": 1, "AS": 13, "AST": 2, "AY": 2, "AwayTeam": "Montpellier", "Date": "2010-01-13", "FTAG": 0, "FTHG": 4, "FTR": "H", "HC": 9, "HF": 19, "HR": 0, "HS": 20, "HST": 8, "HTAG": 0, "HTHG": 1, "HTR": "H", "HY": 1, "HomeTeam": "Monaco"},{"AC": 1, "AF": 15, "AR": 0, "AS": 6, "AST": 0, "AY": 3, "AwayTeam": "Boulogne", "Date": "2010-01-16", "FTAG": 0, "FTHG": 0, "FTR": "D", "HC": 6, "HF": 13, "HR": 0, "HS": 13, "HST": 4, "HTAG": 0, "HTHG": 0, "HTR": "D", "HY": 1, "HomeTeam": "Auxerre"},{"AC": 4, "AF": 23, "AR": 0, "AS": 12, "AST": 4, "AY": 1, "AwayTeam": "St Etienne", "Date": "2010-01-16", "FTAG": 2, "FTHG": 1, "FTR": "A", "HC": 6, "HF": 16, "HR": 0, "HS": 25, "HST": 4, "HTAG": 2, "HTHG": 1, "HTR": "A", "HY": 0, "HomeTeam": "Grenoble"},{"AC": 1, "AF": 14, "AR": 0, "AS": 11, "AST": 4, "AY": 3, "AwayTeam": "Lorient", "Date": "2010-01-16", "FTAG": 3, "FTHG": 0, "FTR": "A", "HC": 9, "HF": 13, "HR": 0, "HS": 9, "HST": 5, "HTAG": 2, "HTHG": 0, "HTR": "A", "HY": 1, "HomeTeam": "Le Mans"},{"AC": 2, "AF": 22, "AR": 0, "AS": 5, "AST": 2, "AY": 2, "AwayTeam": "Paris SG", "Date": "2010-01-16", "FTAG": 1, "FTHG": 3, "FTR": "H", "HC": 8, "HF": 14, "HR": 0, "HS": 21, "HST": 8, "HTAG": 0, "HTHG": 1, "HTR": "H", "HY": 3, "HomeTeam": "Lille"},{"AC": 5, "AF": 16, "AR": 0, "AS": 7, "AST": 3, "AY": 3, "AwayTeam": "Sochaux", "Date": "2010-01-16", "FTAG": 0, "FTHG": 2, "FTR": "H", "HC": 5, "HF": 15, "HR": 0, "HS": 17, "HST": 8, "HTAG": 0, "HTHG": 0, "HTR": "D", "HY": 1, "HomeTeam": "Monaco"},{"AC": 2, "AF": 27, "AR": 0, "AS": 6, "AST": 0, "AY": 4, "AwayTeam": "Nice", "Date": "2010-01-16", "FTAG": 0, "FTHG": 1, "FTR": "H", "HC": 2, "HF": 12, "HR": 0, "HS": 22, "HST": 8, "HTAG": 0, "HTHG": 0, "HTR": "D", "HY": 1, "HomeTeam": "Montpellier"},{"AC": 7, "AF": 20, "AR": 0, "AS": 8, "AST": 3, "AY": 2, "AwayTeam": "Lyon", "Date": "2010-01-16", "FTAG": 2, "FTHG": 0, "FTR": "A", "HC": 5, "HF": 13, "HR": 0, "HS": 11, "HST": 5, "HTAG": 0, "HTHG": 0, "HTR": "D", "HY": 1, "HomeTeam": "Nancy"},{"AC": 11, "AF": 13, "AR": 1, "AS": 17, "AST": 6, "AY": 1, "AwayTeam": "Lens", "Date": "2010-01-16", "FTAG": 1, "FTHG": 1, "FTR": "D", "HC": 3, "HF": 15, "HR": 0, "HS": 15, "HST": 4, "HTAG": 0, "HTHG": 0, "HTR": "D", "HY": 1, "HomeTeam": "Rennes"},{"AC": 2, "AF": 29, "AR": 0, "AS": 13, "AST": 5, "AY": 4, "AwayTeam": "Toulouse", "Date": "2010-01-16", "FTAG": 3, "FTHG": 1, "FTR": "A", "HC": 2, "HF": 21, "HR": 0, "HS": 15, "HST": 3, "HTAG": 1, "HTHG": 1, "HTR": "D", "HY": 1, "HomeTeam": "Valenciennes"},{"AC": 12, "AF": 21, "AR": 0, "AS": 14, "AST": 4, "AY": 3, "AwayTeam": "Marseille", "Date": "2010-01-17", "FTAG": 1, "FTHG": 1, "FTR": "D", "HC": 6, "HF": 18, "HR": 1, "HS": 11, "HST": 2, "HTAG": 0, "HTHG": 1, "HTR": "H", "HY": 1, "HomeTeam": "Bordeaux"},{"AC": 6, "AF": 11, "AR": 0, "AS": 15, "AST": 2, "AY": 0, "AwayTeam": "Rennes", "Date": "2010-01-19", "FTAG": 0, "FTHG": 0, "FTR": "D", "HC": 7, "HF": 13, "HR": 0, "HS": 10, "HST": 2, "HTAG": 0, "HTHG": 0, "HTR": "D", "HY": 0, "HomeTeam": "St Etienne"},{"AC": 5, "AF": 12, "AR": 0, "AS": 12, "AST": 5, "AY": 1, "AwayTeam": "Valenciennes", "Date": "2010-01-20", "FTAG": 2, "FTHG": 0, "FTR": "A", "HC": 7, "HF": 10, "HR": 0, "HS": 9, "HST": 4, "HTAG": 0, "HTHG": 0, "HTR": "D", "HY": 0, "HomeTeam": "Boulogne"},{"AC": 4, "AF": 16, "AR": 0, "AS": 10, "AST": 5, "AY": 4, "AwayTeam": "Bordeaux", "Date": "2010-01-20", "FTAG": 3, "FTHG": 1, "FTR": "A", "HC": 5, "HF": 7, "HR": 1, "HS": 11, "HST": 2, "HTAG": 0, "HTHG": 1, "HTR": "H", "HY": 0, "HomeTeam": "Grenoble"},{"AC": 3, "AF": 20, "AR": 0, "AS": 14, "AST": 5, "AY": 3, "AwayTeam": "Montpellier", "Date": "2010-01-20", "FTAG": 1, "FTHG": 0, "FTR": "A", "HC": 5, "HF": 15, "HR": 0, "HS": 18, "HST": 4, "HTAG": 0, "HTHG": 0, "HTR": "D", "HY": 1, "HomeTeam": "Lens"},{"AC": 11, "AF": 22, "AR": 0, "AS": 20, "AST": 6, "AY": 2, "AwayTeam": "Lyon", "Date": "2010-01-20", "FTAG": 3, "FTHG": 1, "FTR": "A", "HC": 7, "HF": 13, "HR": 0, "HS": 15, "HST": 6, "HTAG": 0, "HTHG": 1, "HTR": "H", "HY": 1, "HomeTeam": "Lorient"},{"AC": 6, "AF": 25, "AR": 0, "AS": 6, "AST": 1, "AY": 3, "AwayTeam": "Le Mans", "Date": "2010-01-20", "FTAG": 1, "FTHG": 2, "FTR": "H", "HC": 7, "HF": 13, "HR": 0, "HS": 21, "HST": 5, "HTAG": 1, "HTHG": 1, "HTR": "D", "HY": 2, "HomeTeam": "Marseille"},{"AC": 4, "AF": 12, "AR": 0, "AS": 13, "AST": 6, "AY": 2, "AwayTeam": "Auxerre", "Date": "2010-01-20", "FTAG": 1, "FTHG": 0, "FTR": "A", "HC": 2, "HF": 14, "HR": 0, "HS": 11, "HST": 6, "HTAG": 0, "HTHG": 0, "HTR": "D", "HY": 2, "HomeTeam": "Nice"},{"AC": 2, "AF": 19, "AR": 0, "AS": 10, "AST": 0, "AY": 5, "AwayTeam": "Monaco", "Date": "2010-01-20", "FTAG": 1, "FTHG": 0, "FTR": "A", "HC": 9, "HF": 21, "HR": 0, "HS": 19, "HST": 9, "HTAG": 0, "HTHG": 0, "HTR": "D", "HY": 2, "HomeTeam": "Paris SG"},{"AC": 11, "AF": 15, "AR": 0, "AS": 22, "AST": 9, "AY": 3, "AwayTeam": "Lille", "Date": "2010-01-20", "FTAG": 1, "FTHG": 2, "FTR": "H", "HC": 5, "HF": 15, "HR": 0, "HS": 7, "HST": 4, "HTAG": 0, "HTHG": 2, "HTR": "H", "HY": 3, "HomeTeam": "Sochaux"},{"AC": 5, "AF": 23, "AR": 0, "AS": 17, "AST": 3, "AY": 4, "AwayTeam": "Nancy", "Date": "2010-01-20", "FTAG": 0, "FTHG": 0, "FTR": "D", "HC": 4, "HF": 20, "HR": 0, "HS": 12, "HST": 2, "HTAG": 0, "HTHG": 0, "HTR": "D", "HY": 2, "HomeTeam": "Toulouse"},{"AC": 2, "AF": 19, "AR": 0, "AS": 8, "AST": 2, "AY": 4, "AwayTeam": "Boulogne", "Date": "2010-01-30", "FTAG": 0, "FTHG": 0, "FTR": "D", "HC": 8, "HF": 7, "HR": 0, "HS": 23, "HST": 4, "HTAG": 0, "HTHG": 0, "HTR": "D", "HY": 2, "HomeTeam": "Bordeaux"},{"AC": 3, "AF": 20, "AR": 0, "AS": 16, "AST": 8, "AY": 2, "AwayTeam": "Toulouse", "Date": "2010-01-30", "FTAG": 3, "FTHG": 1, "FTR": "A", "HC": 2, "HF": 19, "HR": 0, "HS": 8, "HST": 6, "HTAG": 0, "HTHG": 0, "HTR": "D", "HY": 1, "HomeTeam": "Le Mans"},{"AC": 3, "AF": 21, "AR": 0, "AS": 9, "AST": 1, "AY": 3, "AwayTeam": "Lens", "Date": "2010-01-30", "FTAG": 0, "FTHG": 1, "FTR": "H", "HC": 5, "HF": 19, "HR": 0, "HS": 16, "HST": 4, "HTAG": 0, "HTHG": 1, "HTR": "H", "HY": 1, "HomeTeam": "Lille"},{"AC": 3, "AF": 21, "AR": 1, "AS": 18, "AST": 7, "AY": 1, "AwayTeam": "Nice", "Date": "2010-01-30", "FTAG": 2, "FTHG": 3, "FTR": "H", "HC": 3, "HF": 18, "HR": 0, "HS": 12, "HST": 7, "HTAG": 0, "HTHG": 1, "HTR": "H", "HY": 2, "HomeTeam": "Monaco"},{"AC": 5, "AF": 13, "AR": 0, "AS": 8, "AST": 2, "AY": 3, "AwayTeam": "Marseille", "Date": "2010-01-30", "FTAG": 0, "FTHG": 2, "FTR": "H", "HC": 4, "HF": 27, "HR": 0, "HS": 8, "HST": 2, "HTAG": 0, "HTHG": 0, "HTR": "D", "HY": 4, "HomeTeam": "Montpellier"},{"AC": 5, "AF": 15, "AR": 0, "AS": 9, "AST": 4, "AY": 0, "AwayTeam": "Lorient", "Date": "2010-01-30", "FTAG": 0, "FTHG": 1, "FTR": "H", "HC": 11, "HF": 18, "HR": 0, "HS": 13, "HST": 2, "HTAG": 0, "HTHG": 1, "HTR": "H", "HY": 2, "HomeTeam": "Nancy"},{"AC": 3, "AF": 10, "AR": 1, "AS": 7, "AST": 3, "AY": 3, "AwayTeam": "Grenoble", "Date": "2010-01-30", "FTAG": 0, "FTHG": 4, "FTR": "H", "HC": 4, "HF": 13, "HR": 0, "HS": 15, "HST": 7, "HTAG": 0, "HTHG": 2, "HTR": "H", "HY": 1, "HomeTeam": "Rennes"},{"AC": 6, "AF": 12, "AR": 0, "AS": 10, "AST": 3, "AY": 2, "AwayTeam": "St Etienne", "Date": "2010-01-31", "FTAG": 0, "FTHG": 1, "FTR": "H", "HC": 3, "HF": 8, "HR": 0, "HS": 9, "HST": 3, "HTAG": 0, "HTHG": 0, "HTR": "D", "HY": 0, "HomeTeam": "Auxerre"},{"AC": 7, "AF": 19, "AR": 1, "AS": 15, "AST": 6, "AY": 2, "AwayTeam": "Paris SG", "Date": "2010-01-31", "FTAG": 1, "FTHG": 2, "FTR": "H", "HC": 11, "HF": 11, "HR": 0, "HS": 22, "HST": 8, "HTAG": 1, "HTHG": 0, "HTR": "A", "HY": 0, "HomeTeam": "Lyon"},{"AC": 6, "AF": 18, "AR": 0, "AS": 14, "AST": 4, "AY": 1, "AwayTeam": "Sochaux", "Date": "2010-01-31", "FTAG": 1, "FTHG": 1, "FTR": "D", "HC": 3, "HF": 18, "HR": 0, "HS": 12, "HST": 2, "HTAG": 0, "HTHG": 1, "HTR": "H", "HY": 2, "HomeTeam": "Valenciennes"},{"AC": 4, "AF": 22, "AR": 0, "AS": 11, "AST": 6, "AY": 1, "AwayTeam": "Montpellier", "Date": "2010-02-06", "FTAG": 2, "FTHG": 0, "FTR": "A", "HC": 4, "HF": 21, "HR": 0, "HS": 8, "HST": 0, "HTAG": 1, "HTHG": 0, "HTR": "A", "HY": 3, "HomeTeam": "Boulogne"},{"AC": 4, "AF": 9, "AR": 0, "AS": 5, "AST": 3, "AY": 1, "AwayTeam": "Auxerre", "Date": "2010-02-06", "FTAG": 0, "FTHG": 5, "FTR": "H", "HC": 4, "HF": 17, "HR": 0, "HS": 13, "HST": 6, "HTAG": 0, "HTHG": 4, "HTR": "H", "HY": 3, "HomeTeam": "Grenoble"},{"AC": 9, "AF": 19, "AR": 0, "AS": 10, "AST": 4, "AY": 3, "AwayTeam": "Le Mans", "Date": "2010-02-06", "FTAG": 1, "FTHG": 2, "FTR": "H", "HC": 1, "HF": 14, "HR": 0, "HS": 14, "HST": 7, "HTAG": 0, "HTHG": 1, "HTR": "H", "HY": 2, "HomeTeam": "Lens"},{"AC": 5, "AF": 17, "AR": 0, "AS": 23, "AST": 9, "AY": 3, "AwayTeam": "Lille", "Date": "2010-02-06", "FTAG": 1, "FTHG": 1, "FTR": "D", "HC": 2, "HF": 18, "HR": 0, "HS": 11, "HST": 4, "HTAG": 0, "HTHG": 1, "HTR": "H", "HY": 3, "HomeTeam": "Nice"},{"AC": 4, "AF": 9, "AR": 0, "AS": 17, "AST": 8, "AY": 2, "AwayTeam": "Lorient", "Date": "2010-02-06", "FTAG": 3, "FTHG": 0, "FTR": "A", "HC": 14, "HF": 12, "HR": 0, "HS": 16, "HST": 8, "HTAG": 3, "HTHG": 0, "HTR": "A", "HY": 1, "HomeTeam": "Paris SG"},{"AC": 7, "AF": 16, "AR": 0, "AS": 16, "AST": 6, "AY": 1, "AwayTeam": "Bordeaux", "Date": "2010-02-06", "FTAG": 2, "FTHG": 4, "FTR": "H", "HC": 4, "HF": 22, "HR": 0, "HS": 11, "HST": 6, "HTAG": 0, "HTHG": 2, "HTR": "H", "HY": 3, "HomeTeam": "Rennes"},{"AC": 4, "AF": 18, "AR": 0, "AS": 12, "AST": 4, "AY": 2, "AwayTeam": "Nancy", "Date": "2010-02-06", "FTAG": 1, "FTHG": 1, "FTR": "D", "HC": 5, "HF": 24, "HR": 0, "HS": 7, "HST": 1, "HTAG": 1, "HTHG": 0, "HTR": "A", "HY": 3, "HomeTeam": "Sochaux"},{"AC": 4, "AF": 19, "AR": 0, "AS": 10, "AST": 2, "AY": 3, "AwayTeam": "Valenciennes", "Date": "2010-02-07", "FTAG": 1, "FTHG": 5, "FTR": "H", "HC": 5, "HF": 9, "HR": 0, "HS": 22, "HST": 10, "HTAG": 0, "HTHG": 2, "HTR": "H", "HY": 1, "HomeTeam": "Marseille"},{"AC": 4, "AF": 13, "AR": 0, "AS": 16, "AST": 6, "AY": 1, "AwayTeam": "Monaco", "Date": "2010-02-07", "FTAG": 0, "FTHG": 3, "FTR": "H", "HC": 6, "HF": 14, "HR": 0, "HS": 19, "HST": 7, "HTAG": 0, "HTHG": 1, "HTR": "H", "HY": 1, "HomeTeam": "St Etienne"},{"AC": 6, "AF": 16, "AR": 1, "AS": 5, "AST": 0, "AY": 1, "AwayTeam": "Lyon", "Date": "2010-02-07", "FTAG": 0, "FTHG": 0, "FTR": "D", "HC": 7, "HF": 15, "HR": 0, "HS": 16, "HST": 4, "HTAG": 0, "HTHG": 0, "HTR": "D", "HY": 2, "HomeTeam": "Toulouse"},{"AC": 1, "AF": 9, "AR": 1, "AS": 12, "AST": 1, "AY": 1, "AwayTeam": "Sochaux", "Date": "2010-02-13", "FTAG": 0, "FTHG": 0, "FTR": "D", "HC": 8, "HF": 14, "HR": 0, "HS": 11, "HST": 3, "HTAG": 0, "HTHG": 0, "HTR": "D", "HY": 2, "HomeTeam": "Le Mans"},{"AC": 6, "AF": 24, "AR": 0, "AS": 5, "AST": 2, "AY": 3, "AwayTeam": "Boulogne", "Date": "2010-02-13", "FTAG": 1, "FTHG": 3, "FTR": "H", "HC": 6, "HF": 11, "HR": 0, "HS": 20, "HST": 10, "HTAG": 1, "HTHG": 3, "HTR": "H", "HY": 1, "HomeTeam": "Lille"},{"AC": 3, "AF": 19, "AR": 0, "AS": 12, "AST": 4, "AY": 2, "AwayTeam": "Lens", "Date": "2010-02-13", "FTAG": 0, "FTHG": 1, "FTR": "H", "HC": 6, "HF": 18, "HR": 0, "HS": 11, "HST": 4, "HTAG": 0, "HTHG": 0, "HTR": "D", "HY": 1, "HomeTeam": "Lyon"},{"AC": 3, "AF": 20, "AR": 0, "AS": 16, "AST": 5, "AY": 3, "AwayTeam": "Marseille", "Date": "2010-02-13", "FTAG": 2, "FTHG": 1, "FTR": "A", "HC": 3, "HF": 28, "HR": 1, "HS": 7, "HST": 3, "HTAG": 1, "HTHG": 1, "HTR": "D", "HY": 3, "HomeTeam": "Monaco"},{"AC": 1, "AF": 22, "AR": 0, "AS": 7, "AST": 2, "AY": 5, "AwayTeam": "Grenoble", "Date": "2010-02-13", "FTAG": 0, "FTHG": 1, "FTR": "H", "HC": 3, "HF": 22, "HR": 0, "HS": 12, "HST": 4, "HTAG": 0, "HTHG": 1, "HTR": "H", "HY": 0, "HomeTeam": "Montpellier"},{"AC": 3, "AF": 19, "AR": 0, "AS": 8, "AST": 2, "AY": 1, "AwayTeam": "Paris SG", "Date": "2010-02-13", "FTAG": 0, "FTHG": 0, "FTR": "D", "HC": 0, "HF": 13, "HR": 0, "HS": 14, "HST": 4, "HTAG": 0, "HTHG": 0, "HTR": "D", "HY": 1, "HomeTeam": "Nancy"},{"AC": 4, "AF": 17, "AR": 0, "AS": 8, "AST": 1, "AY": 3, "AwayTeam": "Nice", "Date": "2010-02-13", "FTAG": 1, "FTHG": 2, "FTR": "H", "HC": 7, "HF": 15, "HR": 0, "HS": 14, "HST": 5, "HTAG": 0, "HTHG": 0, "HTR": "D", "HY": 1, "HomeTeam": "Valenciennes"},{"AC": 2, "AF": 12, "AR": 0, "AS": 15, "AST": 4, "AY": 0, "AwayTeam": "Rennes", "Date": "2010-02-14", "FTAG": 0, "FTHG": 1, "FTR": "H", "HC": 8, "HF": 14, "HR": 0, "HS": 10, "HST": 4, "HTAG": 0, "HTHG": 1, "HTR": "H", "HY": 1, "HomeTeam": "Auxerre"},{"AC": 7, "AF": 19, "AR": 0, "AS": 15, "AST": 4, "AY": 3, "AwayTeam": "St Etienne", "Date": "2010-02-14", "FTAG": 1, "FTHG": 3, "FTR": "H", "HC": 2, "HF": 18, "HR": 0, "HS": 22, "HST": 11, "HTAG": 1, "HTHG": 2, "HTR": "H", "HY": 4, "HomeTeam": "Bordeaux"},{"AC": 3, "AF": 26, "AR": 0, "AS": 12, "AST": 6, "AY": 0, "AwayTeam": "Toulouse", "Date": "2010-02-14", "FTAG": 1, "FTHG": 1, "FTR": "D", "HC": 5, "HF": 18, "HR": 0, "HS": 12, "HST": 3, "HTAG": 0, "HTHG": 0, "HTR": "D", "HY": 0, "HomeTeam": "Lorient"},{"AC": 5, "AF": 18, "AR": 0, "AS": 7, "AST": 5, "AY": 4, "AwayTeam": "Le Mans", "Date": "2010-02-20", "FTAG": 3, "FTHG": 1, "FTR": "A", "HC": 4, "HF": 16, "HR": 0, "HS": 13, "HST": 5, "HTAG": 2, "HTHG": 0, "HTR": "A", "HY": 2, "HomeTeam": "Boulogne"},{"AC": 3, "AF": 22, "AR": 0, "AS": 5, "AST": 2, "AY": 3, "AwayTeam": "Valenciennes", "Date": "2010-02-20", "FTAG": 1, "FTHG": 0, "FTR": "A", "HC": 5, "HF": 18, "HR": 0, "HS": 16, "HST": 6, "HTAG": 1, "HTHG": 0, "HTR": "A", "HY": 1, "HomeTeam": "Grenoble"},{"AC": 9, "AF": 22, "AR": 0, "AS": 18, "AST": 6, "AY": 3, "AwayTeam": "Monaco", "Date": "2010-02-20", "FTAG": 0, "FTHG": 3, "FTR": "H", "HC": 3, "HF": 17, "HR": 0, "HS": 10, "HST": 5, "HTAG": 0, "HTHG": 2, "HTR": "H", "HY": 0, "HomeTeam": "Lens"},{"AC": 4, "AF": 12, "AR": 0, "AS": 14, "AST": 5, "AY": 0, "AwayTeam": "Lorient", "Date": "2010-02-20", "FTAG": 0, "FTHG": 1, "FTR": "H", "HC": 7, "HF": 15, "HR": 0, "HS": 17, "HST": 10, "HTAG": 0, "HTHG": 0, "HTR": "D", "HY": 0, "HomeTeam": "Nice"},{"AC": 7, "AF": 20, "AR": 1, "AS": 10, "AST": 1, "AY": 2, "AwayTeam": "Toulouse", "Date": "2010-02-20", "FTAG": 0, "FTHG": 1, "FTR": "H", "HC": 7, "HF": 15, "HR": 0, "HS": 24, "HST": 6, "HTAG": 0, "HTHG": 1, "HTR": "H", "HY": 1, "HomeTeam": "Paris SG"},{"AC": 1, "AF": 17, "AR": 0, "AS": 12, "AST": 3, "AY": 2, "AwayTeam": "Montpellier", "Date": "2010-02-20", "FTAG": 0, "FTHG": 1, "FTR": "H", "HC": 2, "HF": 13, "HR": 0, "HS": 16, "HST": 5, "HTAG": 0, "HTHG": 0, "HTR": "D", "HY": 1, "HomeTeam": "St Etienne"},{"AC": 6, "AF": 13, "AR": 0, "AS": 16, "AST": 5, "AY": 0, "AwayTeam": "Nancy", "Date": "2010-02-21", "FTAG": 1, "FTHG": 3, "FTR": "H", "HC": 7, "HF": 16, "HR": 0, "HS": 15, "HST": 3, "HTAG": 1, "HTHG": 2, "HTR": "H", "HY": 0, "HomeTeam": "Marseille"},{"AC": 8, "AF": 17, "AR": 0, "AS": 14, "AST": 6, "AY": 1, "AwayTeam": "Lille", "Date": "2010-02-21", "FTAG": 2, "FTHG": 1, "FTR": "A", "HC": 2, "HF": 13, "HR": 0, "HS": 12, "HST": 4, "HTAG": 1, "HTHG": 1, "HTR": "D", "HY": 1, "HomeTeam": "Rennes"},{"AC": 4, "AF": 17, "AR": 0, "AS": 14, "AST": 8, "AY": 1, "AwayTeam": "Lyon", "Date": "2010-02-21", "FTAG": 4, "FTHG": 0, "FTR": "A", "HC": 5, "HF": 12, "HR": 0, "HS": 15, "HST": 1, "HTAG": 3, "HTHG": 0, "HTR": "A", "HY": 1, "HomeTeam": "Sochaux"},{"AC": 4, "AF": 8, "AR": 0, "AS": 10, "AST": 1, "AY": 1, "AwayTeam": "Sochaux", "Date": "2010-02-27", "FTAG": 0, "FTHG": 1, "FTR": "H", "HC": 9, "HF": 10, "HR": 0, "HS": 13, "HST": 5, "HTAG": 0, "HTHG": 1, "HTR": "H", "HY": 1, "HomeTeam": "Lorient"},{"AC": 3, "AF": 20, "AR": 0, "AS": 7, "AST": 1, "AY": 1, "AwayTeam": "Nice", "Date": "2010-02-27", "FTAG": 0, "FTHG": 2, "FTR": "H", "HC": 5, "HF": 15, "HR": 0, "HS": 12, "HST": 1, "HTAG": 0, "HTHG": 1, "HTR": "H", "HY": 2, "HomeTeam": "Lyon"},{"AC": 9, "AF": 21, "AR": 0, "AS": 13, "AST": 3, "AY": 3, "AwayTeam": "Boulogne", "Date": "2010-02-27", "FTAG": 0, "FTHG": 1, "FTR": "H", "HC": 8, "HF": 17, "HR": 0, "HS": 10, "HST": 1, "HTAG": 0, "HTHG": 1, "HTR": "H", "HY": 2, "HomeTeam": "Monaco"},{"AC": 3, "AF": 16, "AR": 2, "AS": 12, "AST": 2, "AY": 0, "AwayTeam": "Rennes", "Date": "2010-02-27", "FTAG": 1, "FTHG": 3, "FTR": "H", "HC": 9, "HF": 17, "HR": 0, "HS": 17, "HST": 8, "HTAG": 0, "HTHG": 2, "HTR": "H", "HY": 0, "HomeTeam": "Montpellier"},{"AC": 3, "AF": 19, "AR": 0, "AS": 9, "AST": 5, "AY": 2, "AwayTeam": "Grenoble", "Date": "2010-02-27", "FTAG": 2, "FTHG": 0, "FTR": "A", "HC": 12, "HF": 23, "HR": 0, "HS": 8, "HST": 0, "HTAG": 1, "HTHG": 0, "HTR": "A", "HY": 2, "HomeTeam": "Nancy"},{"AC": 3, "AF": 17, "AR": 0, "AS": 11, "AST": 3, "AY": 3, "AwayTeam": "Lens", "Date": "2010-02-27", "FTAG": 0, "FTHG": 1, "FTR": "H", "HC": 11, "HF": 27, "HR": 0, "HS": 11, "HST": 4, "HTAG": 0, "HTHG": 0, "HTR": "D", "HY": 2, "HomeTeam": "Toulouse"},{"AC": 4, "AF": 17, "AR": 0, "AS": 6, "AST": 2, "AY": 3, "AwayTeam": "St Etienne", "Date": "2010-02-27", "FTAG": 0, "FTHG": 1, "FTR": "H", "HC": 5, "HF": 19, "HR": 0, "HS": 20, "HST": 8, "HTAG": 0, "HTHG": 0, "HTR": "D", "HY": 2, "HomeTeam": "Valenciennes"},{"AC": 2, "AF": 30, "AR": 0, "AS": 10, "AST": 5, "AY": 6, "AwayTeam": "Auxerre", "Date": "2010-02-28", "FTAG": 2, "FTHG": 1, "FTR": "A", "HC": 4, "HF": 13, "HR": 0, "HS": 14, "HST": 5, "HTAG": 1, "HTHG": 1, "HTR": "D", "HY": 3, "HomeTeam": "Lille"},{"AC": 5, "AF": 21, "AR": 0, "AS": 14, "AST": 3, "AY": 4, "AwayTeam": "Marseille", "Date": "2010-02-28", "FTAG": 3, "FTHG": 0, "FTR": "A", "HC": 6, "HF": 23, "HR": 0, "HS": 5, "HST": 4, "HTAG": 1, "HTHG": 0, "HTR": "A", "HY": 5, "HomeTeam": "Paris SG"},{"AC": 3, "AF": 23, "AR": 0, "AS": 4, "AST": 0, "AY": 0, "AwayTeam": "Valenciennes", "Date": "2010-03-06", "FTAG": 0, "FTHG": 1, "FTR": "H", "HC": 6, "HF": 12, "HR": 0, "HS": 11, "HST": 4, "HTAG": 0, "HTHG": 1, "HTR": "H", "HY": 3, "HomeTeam": "Auxerre"},{"AC": 9, "AF": 15, "AR": 0, "AS": 11, "AST": 4, "AY": 1, "AwayTeam": "Lyon", "Date": "2010-03-06", "FTAG": 0, "FTHG": 0, "FTR": "D", "HC": 2, "HF": 19, "HR": 1, "HS": 11, "HST": 4, "HTAG": 0, "HTHG": 0, "HTR": "D", "HY": 4, "HomeTeam": "Boulogne"},{"AC": 3, "AF": 16, "AR": 0, "AS": 13, "AST": 5, "AY": 2, "AwayTeam": "Paris SG", "Date": "2010-03-06", "FTAG": 1, "FTHG": 1, "FTR": "D", "HC": 9, "HF": 21, "HR": 0, "HS": 19, "HST": 5, "HTAG": 0, "HTHG": 0, "HTR": "D", "HY": 1, "HomeTeam": "Lens"},{"AC": 3, "AF": 20, "AR": 0, "AS": 12, "AST": 6, "AY": 2, "AwayTeam": "Nancy", "Date": "2010-03-06", "FTAG": 3, "FTHG": 2, "FTR": "A", "HC": 9, "HF": 12, "HR": 0, "HS": 12, "HST": 5, "HTAG": 2, "HTHG": 2, "HTR": "D", "HY": 1, "HomeTeam": "Nice"},{"AC": 2, "AF": 18, "AR": 0, "AS": 6, "AST": 1, "AY": 2, "AwayTeam": "Monaco", "Date": "2010-03-06", "FTAG": 0, "FTHG": 1, "FTR": "H", "HC": 5, "HF": 18, "HR": 0, "HS": 15, "HST": 2, "HTAG": 0, "HTHG": 1, "HTR": "H", "HY": 2, "HomeTeam": "Rennes"},{"AC": 2, "AF": 13, "AR": 0, "AS": 10, "AST": 4, "AY": 1, "AwayTeam": "Toulouse", "Date": "2010-03-06", "FTAG": 0, "FTHG": 1, "FTR": "H", "HC": 6, "HF": 17, "HR": 0, "HS": 16, "HST": 5, "HTAG": 0, "HTHG": 0, "HTR": "D", "HY": 0, "HomeTeam": "Sochaux"},{"AC": 4, "AF": 9, "AR": 0, "AS": 7, "AST": 2, "AY": 1, "AwayTeam": "Lille", "Date": "2010-03-06", "FTAG": 1, "FTHG": 1, "FTR": "D", "HC": 8, "HF": 14, "HR": 0, "HS": 20, "HST": 8, "HTAG": 1, "HTHG": 1, "HTR": "D", "HY": 2, "HomeTeam": "St Etienne"},{"AC": 4, "AF": 27, "AR": 0, "AS": 10, "AST": 4, "AY": 4, "AwayTeam": "Montpellier", "Date": "2010-03-07", "FTAG": 1, "FTHG": 1, "FTR": "D", "HC": 5, "HF": 20, "HR": 1, "HS": 8, "HST": 4, "HTAG": 0, "HTHG": 0, "HTR": "D", "HY": 2, "HomeTeam": "Bordeaux"},{"AC": 6, "AF": 19, "AR": 0, "AS": 10, "AST": 5, "AY": 2, "AwayTeam": "Le Mans", "Date": "2010-03-07", "FTAG": 1, "FTHG": 1, "FTR": "D", "HC": 4, "HF": 14, "HR": 0, "HS": 9, "HST": 2, "HTAG": 0, "HTHG": 1, "HTR": "H", "HY": 2, "HomeTeam": "Grenoble"},{"AC": 5, "AF": 19, "AR": 0, "AS": 4, "AST": 1, "AY": 4, "AwayTeam": "Lorient", "Date": "2010-03-07", "FTAG": 1, "FTHG": 1, "FTR": "D", "HC": 8, "HF": 12, "HR": 0, "HS": 20, "HST": 9, "HTAG": 0, "HTHG": 1, "HTR": "H", "HY": 1, "HomeTeam": "Marseille"},{"AC": 7, "AF": 12, "AR": 0, "AS": 11, "AST": 3, "AY": 2, "AwayTeam": "Auxerre", "Date": "2010-03-10", "FTAG": 2, "FTHG": 1, "FTR": "A", "HC": 0, "HF": 16, "HR": 0, "HS": 6, "HST": 1, "HTAG": 0, "HTHG": 1, "HTR": "H", "HY": 0, "HomeTeam": "Bordeaux"},{"AC": 3, "AF": 15, "AR": 0, "AS": 10, "AST": 3, "AY": 2, "AwayTeam": "Nice", "Date": "2010-03-13", "FTAG": 1, "FTHG": 0, "FTR": "A", "HC": 6, "HF": 14, "HR": 0, "HS": 7, "HST": 2, "HTAG": 0, "HTHG": 0, "HTR": "D", "HY": 3, "HomeTeam": "Le Mans"},{"AC": 3, "AF": 17, "AR": 0, "AS": 13, "AST": 3, "AY": 1, "AwayTeam": "Lens", "Date": "2010-03-13", "FTAG": 0, "FTHG": 1, "FTR": "H", "HC": 5, "HF": 16, "HR": 0, "HS": 10, "HST": 3, "HTAG": 0, "HTHG": 0, "HTR": "D", "HY": 0, "HomeTeam": "Lorient"},{"AC": 3, "AF": 18, "AR": 0, "AS": 9, "AST": 4, "AY": 3, "AwayTeam": "St Etienne", "Date": "2010-03-13", "FTAG": 1, "FTHG": 1, "FTR": "D", "HC": 7, "HF": 16, "HR": 0, "HS": 23, "HST": 9, "HTAG": 1, "HTHG": 0, "HTR": "A", "HY": 0, "HomeTeam": "Lyon"},{"AC": 5, "AF": 20, "AR": 0, "AS": 8, "AST": 2, "AY": 1, "AwayTeam": "Bordeaux", "Date": "2010-03-13", "FTAG": 0, "FTHG": 0, "FTR": "D", "HC": 6, "HF": 19, "HR": 0, "HS": 12, "HST": 2, "HTAG": 0, "HTHG": 0, "HTR": "D", "HY": 2, "HomeTeam": "Monaco"},{"AC": 4, "AF": 15, "AR": 1, "AS": 10, "AST": 4, "AY": 1, "AwayTeam": "Auxerre", "Date": "2010-03-13", "FTAG": 1, "FTHG": 1, "FTR": "D", "HC": 4, "HF": 18, "HR": 0, "HS": 15, "HST": 4, "HTAG": 1, "HTHG": 0, "HTR": "A", "HY": 2, "HomeTeam": "Montpellier"},{"AC": 6, "AF": 10, "AR": 0, "AS": 11, "AST": 4, "AY": 3, "AwayTeam": "Boulogne", "Date": "2010-03-13", "FTAG": 3, "FTHG": 1, "FTR": "A", "HC": 6, "HF": 13, "HR": 0, "HS": 15, "HST": 6, "HTAG": 1, "HTHG": 1, "HTR": "D", "HY": 1, "HomeTeam": "Nancy"},{"AC": 5, "AF": 15, "AR": 0, "AS": 11, "AST": 4, "AY": 1, "AwayTeam": "Sochaux", "Date": "2010-03-13", "FTAG": 1, "FTHG": 4, "FTR": "H", "HC": 5, "HF": 15, "HR": 0, "HS": 19, "HST": 8, "HTAG": 0, "HTHG": 3, "HTR": "H", "HY": 1, "HomeTeam": "Paris SG"},{"AC": 1, "AF": 23, "AR": 0, "AS": 12, "AST": 3, "AY": 5, "AwayTeam": "Grenoble", "Date": "2010-03-14", "FTAG": 0, "FTHG": 1, "FTR": "H", "HC": 5, "HF": 14, "HR": 0, "HS": 8, "HST": 3, "HTAG": 0, "HTHG": 0, "HTR": "D", "HY": 1, "HomeTeam": "Lille"},{"AC": 3, "AF": 16, "AR": 0, "AS": 13, "AST": 4, "AY": 2, "AwayTeam": "Marseille", "Date": "2010-03-14", "FTAG": 1, "FTHG": 1, "FTR": "D", "HC": 3, "HF": 20, "HR": 0, "HS": 11, "HST": 6, "HTAG": 1, "HTHG": 1, "HTR": "D", "HY": 3, "HomeTeam": "Toulouse"},{"AC": 1, "AF": 19, "AR": 0, "AS": 10, "AST": 5, "AY": 1, "AwayTeam": "Rennes", "Date": "2010-03-14", "FTAG": 2, "FTHG": 0, "FTR": "A", "HC": 4, "HF": 11, "HR": 1, "HS": 16, "HST": 1, "HTAG": 2, "HTHG": 0, "HTR": "A", "HY": 1, "HomeTeam": "Valenciennes"},{"AC": 1, "AF": 15, "AR": 0, "AS": 17, "AST": 4, "AY": 4, "AwayTeam": "Le Mans", "Date": "2010-03-20", "FTAG": 1, "FTHG": 2, "FTR": "H", "HC": 4, "HF": 15, "HR": 0, "HS": 8, "HST": 5, "HTAG": 0, "HTHG": 1, "HTR": "H", "HY": 2, "HomeTeam": "Auxerre"},{"AC": 5, "AF": 12, "AR": 0, "AS": 10, "AST": 3, "AY": 2, "AwayTeam": "Lorient", "Date": "2010-03-20", "FTAG": 0, "FTHG": 2, "FTR": "H", "HC": 2, "HF": 11, "HR": 0, "HS": 12, "HST": 4, "HTAG": 0, "HTHG": 1, "HTR": "H", "HY": 3, "HomeTeam": "Boulogne"},{"AC": 7, "AF": 21, "AR": 0, "AS": 13, "AST": 3, "AY": 2, "AwayTeam": "Monaco", "Date": "2010-03-20", "FTAG": 0, "FTHG": 0, "FTR": "D", "HC": 7, "HF": 24, "HR": 1, "HS": 11, "HST": 4, "HTAG": 0, "HTHG": 0, "HTR": "D", "HY": 3, "HomeTeam": "Grenoble"},{"AC": 7, "AF": 17, "AR": 0, "AS": 12, "AST": 5, "AY": 2, "AwayTeam": "Sochaux", "Date": "2010-03-20", "FTAG": 0, "FTHG": 0, "FTR": "D", "HC": 7, "HF": 12, "HR": 0, "HS": 23, "HST": 7, "HTAG": 0, "HTHG": 0, "HTR": "D", "HY": 1, "HomeTeam": "Lens"},{"AC": 12, "AF": 16, "AR": 0, "AS": 22, "AST": 4, "AY": 1, "AwayTeam": "Paris SG", "Date": "2010-03-20", "FTAG": 0, "FTHG": 1, "FTR": "H", "HC": 4, "HF": 18, "HR": 0, "HS": 8, "HST": 3, "HTAG": 0, "HTHG": 0, "HTR": "D", "HY": 2, "HomeTeam": "Nice"},{"AC": 9, "AF": 17, "AR": 0, "AS": 7, "AST": 1, "AY": 3, "AwayTeam": "Toulouse", "Date": "2010-03-20", "FTAG": 1, "FTHG": 4, "FTR": "H", "HC": 0, "HF": 7, "HR": 0, "HS": 10, "HST": 6, "HTAG": 0, "HTHG": 2, "HTR": "H", "HY": 1, "HomeTeam": "Rennes"},{"AC": 3, "AF": 15, "AR": 0, "AS": 13, "AST": 1, "AY": 1, "AwayTeam": "Nancy", "Date": "2010-03-20", "FTAG": 0, "FTHG": 0, "FTR": "D", "HC": 7, "HF": 12, "HR": 0, "HS": 17, "HST": 4, "HTAG": 0, "HTHG": 0, "HTR": "D", "HY": 0, "HomeTeam": "St Etienne"},{"AC": 1, "AF": 26, "AR": 1, "AS": 4, "AST": 1, "AY": 2, "AwayTeam": "Lille", "Date": "2010-03-21", "FTAG": 1, "FTHG": 3, "FTR": "H", "HC": 3, "HF": 14, "HR": 0, "HS": 22, "HST": 14, "HTAG": 1, "HTHG": 1, "HTR": "D", "HY": 0, "HomeTeam": "Bordeaux"},{"AC": 5, "AF": 17, "AR": 0, "AS": 16, "AST": 3, "AY": 1, "AwayTeam": "Lyon", "Date": "2010-03-21", "FTAG": 1, "FTHG": 2, "FTR": "H", "HC": 3, "HF": 15, "HR": 0, "HS": 15, "HST": 6, "HTAG": 0, "HTHG": 0, "HTR": "D", "HY": 1, "HomeTeam": "Marseille"},{"AC": 3, "AF": 22, "AR": 0, "AS": 18, "AST": 8, "AY": 2, "AwayTeam": "Valenciennes", "Date": "2010-03-21", "FTAG": 1, "FTHG": 2, "FTR": "H", "HC": 5, "HF": 21, "HR": 0, "HS": 10, "HST": 5, "HTAG": 0, "HTHG": 1, "HTR": "H", "HY": 2, "HomeTeam": "Montpellier"},{"AC": 3, "AF": 13, "AR": 1, "AS": 7, "AST": 3, "AY": 2, "AwayTeam": "Grenoble", "Date": "2010-03-26", "FTAG": 0, "FTHG": 2, "FTR": "H", "HC": 8, "HF": 10, "HR": 0, "HS": 22, "HST": 9, "HTAG": 0, "HTHG": 0, "HTR": "D", "HY": 1, "HomeTeam": "Lyon"},{"AC": 3, "AF": 12, "AR": 0, "AS": 14, "AST": 5, "AY": 0, "AwayTeam": "Rennes", "Date": "2010-03-28", "FTAG": 3, "FTHG": 1, "FTR": "A", "HC": 3, "HF": 13, "HR": 0, "HS": 8, "HST": 5, "HTAG": 0, "HTHG": 0, "HTR": "D", "HY": 1, "HomeTeam": "Le Mans"},{"AC": 3, "AF": 20, "AR": 0, "AS": 7, "AST": 2, "AY": 5, "AwayTeam": "Montpellier", "Date": "2010-03-28", "FTAG": 1, "FTHG": 4, "FTR": "H", "HC": 5, "HF": 17, "HR": 0, "HS": 17, "HST": 8, "HTAG": 0, "HTHG": 1, "HTR": "H", "HY": 2, "HomeTeam": "Lille"},{"AC": 3, "AF": 19, "AR": 0, "AS": 15, "AST": 7, "AY": 1, "AwayTeam": "St Etienne", "Date": "2010-03-28", "FTAG": 0, "FTHG": 4, "FTR": "H", "HC": 2, "HF": 13, "HR": 0, "HS": 11, "HST": 8, "HTAG": 0, "HTHG": 2, "HTR": "H", "HY": 1, "HomeTeam": "Lorient"},{"AC": 3, "AF": 15, "AR": 0, "AS": 7, "AST": 1, "AY": 4, "AwayTeam": "Lens", "Date": "2010-03-28", "FTAG": 1, "FTHG": 5, "FTR": "H", "HC": 3, "HF": 18, "HR": 0, "HS": 17, "HST": 7, "HTAG": 0, "HTHG": 2, "HTR": "H", "HY": 2, "HomeTeam": "Nancy"},{"AC": 0, "AF": 16, "AR": 1, "AS": 4, "AST": 0, "AY": 0, "AwayTeam": "Boulogne", "Date": "2010-03-28", "FTAG": 0, "FTHG": 3, "FTR": "H", "HC": 6, "HF": 17, "HR": 0, "HS": 20, "HST": 6, "HTAG": 0, "HTHG": 2, "HTR": "H", "HY": 0, "HomeTeam": "Paris SG"},{"AC": 3, "AF": 12, "AR": 0, "AS": 9, "AST": 4, "AY": 2, "AwayTeam": "Nice", "Date": "2010-03-28", "FTAG": 2, "FTHG": 0, "FTR": "A", "HC": 8, "HF": 16, "HR": 1, "HS": 7, "HST": 0, "HTAG": 1, "HTHG": 0, "HTR": "A", "HY": 4, "HomeTeam": "Toulouse"},{"AC": 2, "AF": 12, "AR": 0, "AS": 12, "AST": 1, "AY": 1, "AwayTeam": "Auxerre", "Date": "2010-03-29", "FTAG": 0, "FTHG": 0, "FTR": "D", "HC": 5, "HF": 18, "HR": 0, "HS": 9, "HST": 1, "HTAG": 0, "HTHG": 0, "HTR": "D", "HY": 1, "HomeTeam": "Monaco"},{"AC": 4, "AF": 17, "AR": 0, "AS": 11, "AST": 3, "AY": 2, "AwayTeam": "Nancy", "Date": "2010-04-03", "FTAG": 2, "FTHG": 1, "FTR": "A", "HC": 9, "HF": 10, "HR": 0, "HS": 16, "HST": 2, "HTAG": 1, "HTHG": 1, "HTR": "D", "HY": 1, "HomeTeam": "Bordeaux"},{"AC": 10, "AF": 14, "AR": 0, "AS": 16, "AST": 7, "AY": 2, "AwayTeam": "Lorient", "Date": "2010-04-03", "FTAG": 2, "FTHG": 1, "FTR": "A", "HC": 5, "HF": 13, "HR": 0, "HS": 11, "HST": 4, "HTAG": 1, "HTHG": 1, "HTR": "D", "HY": 1, "HomeTeam": "Grenoble"},{"AC": 2, "AF": 24, "AR": 0, "AS": 12, "AST": 2, "AY": 3, "AwayTeam": "Monaco", "Date": "2010-04-03", "FTAG": 0, "FTHG": 0, "FTR": "D", "HC": 3, "HF": 24, "HR": 0, "HS": 15, "HST": 6, "HTAG": 0, "HTHG": 0, "HTR": "D", "HY": 3, "HomeTeam": "Montpellier"},{"AC": 5, "AF": 17, "AR": 0, "AS": 8, "AST": 3, "AY": 1, "AwayTeam": "Sochaux", "Date": "2010-04-03", "FTAG": 0, "FTHG": 0, "FTR": "D", "HC": 5, "HF": 16, "HR": 0, "HS": 14, "HST": 4, "HTAG": 0, "HTHG": 0, "HTR": "D", "HY": 1, "HomeTeam": "Nice"},{"AC": 5, "AF": 19, "AR": 0, "AS": 15, "AST": 6, "AY": 0, "AwayTeam": "Lyon", "Date": "2010-04-03", "FTAG": 2, "FTHG": 1, "FTR": "A", "HC": 3, "HF": 10, "HR": 0, "HS": 6, "HST": 3, "HTAG": 0, "HTHG": 1, "HTR": "H", "HY": 1, "HomeTeam": "Rennes"},{"AC": 4, "AF": 15, "AR": 0, "AS": 10, "AST": 1, "AY": 4, "AwayTeam": "Le Mans", "Date": "2010-04-03", "FTAG": 0, "FTHG": 2, "FTR": "H", "HC": 5, "HF": 13, "HR": 1, "HS": 19, "HST": 9, "HTAG": 0, "HTHG": 0, "HTR": "D", "HY": 1, "HomeTeam": "St Etienne"},{"AC": 7, "AF": 16, "AR": 0, "AS": 11, "AST": 3, "AY": 4, "AwayTeam": "Lille", "Date": "2010-04-03", "FTAG": 0, "FTHG": 1, "FTR": "H", "HC": 8, "HF": 17, "HR": 0, "HS": 8, "HST": 1, "HTAG": 0, "HTHG": 0, "HTR": "D", "HY": 2, "HomeTeam": "Valenciennes"},{"AC": 5, "AF": 14, "AR": 0, "AS": 10, "AST": 3, "AY": 3, "AwayTeam": "Paris SG", "Date": "2010-04-04", "FTAG": 1, "FTHG": 1, "FTR": "D", "HC": 5, "HF": 9, "HR": 0, "HS": 22, "HST": 5, "HTAG": 1, "HTHG": 1, "HTR": "D", "HY": 0, "HomeTeam": "Auxerre"},{"AC": 4, "AF": 17, "AR": 0, "AS": 16, "AST": 5, "AY": 2, "AwayTeam": "Toulouse", "Date": "2010-04-04", "FTAG": 1, "FTHG": 1, "FTR": "D", "HC": 4, "HF": 18, "HR": 0, "HS": 9, "HST": 2, "HTAG": 0, "HTHG": 1, "HTR": "H", "HY": 2, "HomeTeam": "Boulogne"},{"AC": 6, "AF": 23, "AR": 0, "AS": 3, "AST": 2, "AY": 2, "AwayTeam": "Lens", "Date": "2010-04-04", "FTAG": 0, "FTHG": 1, "FTR": "H", "HC": 5, "HF": 21, "HR": 1, "HS": 10, "HST": 3, "HTAG": 0, "HTHG": 1, "HTR": "H", "HY": 2, "HomeTeam": "Marseille"},{"AC": 7, "AF": 17, "AR": 0, "AS": 7, "AST": 1, "AY": 4, "AwayTeam": "Sochaux", "Date": "2010-04-07", "FTAG": 0, "FTHG": 3, "FTR": "H", "HC": 3, "HF": 17, "HR": 0, "HS": 19, "HST": 8, "HTAG": 0, "HTHG": 2, "HTR": "H", "HY": 2, "HomeTeam": "Marseille"},{"AC": 4, "AF": 17, "AR": 1, "AS": 9, "AST": 4, "AY": 2, "AwayTeam": "Montpellier", "Date": "2010-04-10", "FTAG": 2, "FTHG": 2, "FTR": "D", "HC": 6, "HF": 20, "HR": 1, "HS": 12, "HST": 3, "HTAG": 2, "HTHG": 1, "HTR": "A", "HY": 2, "HomeTeam": "Le Mans"},{"AC": 4, "AF": 11, "AR": 0, "AS": 12, "AST": 3, "AY": 2, "AwayTeam": "Boulogne", "Date": "2010-04-10", "FTAG": 0, "FTHG": 3, "FTR": "H", "HC": 4, "HF": 20, "HR": 0, "HS": 15, "HST": 5, "HTAG": 0, "HTHG": 1, "HTR": "H", "HY": 1, "HomeTeam": "Lens"},{"AC": 9, "AF": 17, "AR": 0, "AS": 10, "AST": 3, "AY": 0, "AwayTeam": "Rennes", "Date": "2010-04-10", "FTAG": 1, "FTHG": 1, "FTR": "D", "HC": 6, "HF": 11, "HR": 0, "HS": 13, "HST": 5, "HTAG": 1, "HTHG": 1, "HTR": "D", "HY": 1, "HomeTeam": "Lorient"},{"AC": 4, "AF": 22, "AR": 0, "AS": 8, "AST": 1, "AY": 1, "AwayTeam": "Valenciennes", "Date": "2010-04-10", "FTAG": 1, "FTHG": 2, "FTR": "H", "HC": 5, "HF": 17, "HR": 0, "HS": 14, "HST": 3, "HTAG": 1, "HTHG": 0, "HTR": "A", "HY": 2, "HomeTeam": "Monaco"},{"AC": 7, "AF": 14, "AR": 1, "AS": 14, "AST": 6, "AY": 2, "AwayTeam": "Bordeaux", "Date": "2010-04-10", "FTAG": 1, "FTHG": 3, "FTR": "H", "HC": 4, "HF": 18, "HR": 0, "HS": 19, "HST": 11, "HTAG": 0, "HTHG": 1, "HTR": "H", "HY": 1, "HomeTeam": "Paris SG"},{"AC": 6, "AF": 13, "AR": 0, "AS": 6, "AST": 4, "AY": 2, "AwayTeam": "St Etienne", "Date": "2010-04-10", "FTAG": 2, "FTHG": 0, "FTR": "A", "HC": 7, "HF": 12, "HR": 0, "HS": 15, "HST": 4, "HTAG": 1, "HTHG": 0, "HTR": "A", "HY": 1, "HomeTeam": "Sochaux"},{"AC": 7, "AF": 8, "AR": 0, "AS": 11, "AST": 0, "AY": 1, "AwayTeam": "Grenoble", "Date": "2010-04-10", "FTAG": 0, "FTHG": 4, "FTR": "H", "HC": 5, "HF": 16, "HR": 0, "HS": 19, "HST": 9, "HTAG": 0, "HTHG": 1, "HTR": "H", "HY": 2, "HomeTeam": "Toulouse"},{"AC": 8, "AF": 25, "AR": 1, "AS": 9, "AST": 4, "AY": 4, "AwayTeam": "Lille", "Date": "2010-04-11", "FTAG": 1, "FTHG": 1, "FTR": "D", "HC": 9, "HF": 17, "HR": 1, "HS": 22, "HST": 3, "HTAG": 0, "HTHG": 0, "HTR": "D", "HY": 1, "HomeTeam": "Lyon"},{"AC": 4, "AF": 13, "AR": 0, "AS": 7, "AST": 2, "AY": 3, "AwayTeam": "Nice", "Date": "2010-04-11", "FTAG": 1, "FTHG": 4, "FTR": "H", "HC": 9, "HF": 12, "HR": 0, "HS": 11, "HST": 6, "HTAG": 0, "HTHG": 1, "HTR": "H", "HY": 0, "HomeTeam": "Marseille"},{"AC": 5, "AF": 11, "AR": 0, "AS": 11, "AST": 3, "AY": 1, "AwayTeam": "Auxerre", "Date": "2010-04-11", "FTAG": 1, "FTHG": 0, "FTR": "A", "HC": 3, "HF": 14, "HR": 0, "HS": 10, "HST": 3, "HTAG": 0, "HTHG": 0, "HTR": "D", "HY": 1, "HomeTeam": "Nancy"},{"AC": 8, "AF": 7, "AR": 0, "AS": 12, "AST": 6, "AY": 2, "AwayTeam": "Bordeaux", "Date": "2010-04-14", "FTAG": 1, "FTHG": 2, "FTR": "H", "HC": 7, "HF": 22, "HR": 1, "HS": 10, "HST": 6, "HTAG": 1, "HTHG": 2, "HTR": "H", "HY": 4, "HomeTeam": "Le Mans"},{"AC": 2, "AF": 19, "AR": 0, "AS": 10, "AST": 5, "AY": 2, "AwayTeam": "Marseille", "Date": "2010-04-14", "FTAG": 1, "FTHG": 0, "FTR": "A", "HC": 4, "HF": 17, "HR": 0, "HS": 12, "HST": 4, "HTAG": 0, "HTHG": 0, "HTR": "D", "HY": 0, "HomeTeam": "Sochaux"},{"AC": 12, "AF": 15, "AR": 2, "AS": 13, "AST": 5, "AY": 2, "AwayTeam": "Lorient", "Date": "2010-04-17", "FTAG": 1, "FTHG": 4, "FTR": "H", "HC": 4, "HF": 11, "HR": 0, "HS": 11, "HST": 7, "HTAG": 0, "HTHG": 2, "HTR": "H", "HY": 0, "HomeTeam": "Auxerre"},{"AC": 7, "AF": 23, "AR": 1, "AS": 11, "AST": 4, "AY": 2, "AwayTeam": "Lyon", "Date": "2010-04-17", "FTAG": 2, "FTHG": 2, "FTR": "D", "HC": 4, "HF": 21, "HR": 2, "HS": 11, "HST": 4, "HTAG": 0, "HTHG": 1, "HTR": "H", "HY": 3, "HomeTeam": "Bordeaux"},{"AC": 6, "AF": 18, "AR": 0, "AS": 14, "AST": 5, "AY": 3, "AwayTeam": "Marseille", "Date": "2010-04-17", "FTAG": 2, "FTHG": 1, "FTR": "A", "HC": 6, "HF": 25, "HR": 0, "HS": 4, "HST": 2, "HTAG": 1, "HTHG": 0, "HTR": "A", "HY": 3, "HomeTeam": "Boulogne"},{"AC": 7, "AF": 14, "AR": 0, "AS": 8, "AST": 3, "AY": 1, "AwayTeam": "Sochaux", "Date": "2010-04-17", "FTAG": 2, "FTHG": 2, "FTR": "D", "HC": 3, "HF": 11, "HR": 0, "HS": 9, "HST": 5, "HTAG": 1, "HTHG": 0, "HTR": "A", "HY": 0, "HomeTeam": "Grenoble"},{"AC": 1, "AF": 21, "AR": 0, "AS": 7, "AST": 2, "AY": 2, "AwayTeam": "Lens", "Date": "2010-04-17", "FTAG": 0, "FTHG": 0, "FTR": "D", "HC": 8, "HF": 16, "HR": 0, "HS": 10, "HST": 3, "HTAG": 0, "HTHG": 0, "HTR": "D", "HY": 0, "HomeTeam": "Nice"},{"AC": 2, "AF": 9, "AR": 0, "AS": 9, "AST": 0, "AY": 3, "AwayTeam": "Nancy", "Date": "2010-04-17", "FTAG": 0, "FTHG": 0, "FTR": "D", "HC": 9, "HF": 11, "HR": 0, "HS": 11, "HST": 5, "HTAG": 0, "HTHG": 0, "HTR": "D", "HY": 1, "HomeTeam": "Rennes"},{"AC": 1, "AF": 19, "AR": 1, "AS": 13, "AST": 4, "AY": 0, "AwayTeam": "Le Mans", "Date": "2010-04-17", "FTAG": 1, "FTHG": 0, "FTR": "A", "HC": 7, "HF": 17, "HR": 0, "HS": 12, "HST": 4, "HTAG": 0, "HTHG": 0, "HTR": "D", "HY": 1, "HomeTeam": "Valenciennes"},{"AC": 6, "AF": 17, "AR": 0, "AS": 15, "AST": 6, "AY": 2, "AwayTeam": "Monaco", "Date": "2010-04-18", "FTAG": 0, "FTHG": 4, "FTR": "H", "HC": 8, "HF": 17, "HR": 0, "HS": 14, "HST": 8, "HTAG": 0, "HTHG": 2, "HTR": "H", "HY": 0, "HomeTeam": "Lille"},{"AC": 3, "AF": 18, "AR": 0, "AS": 12, "AST": 3, "AY": 2, "AwayTeam": "Toulouse", "Date": "2010-04-18", "FTAG": 1, "FTHG": 1, "FTR": "D", "HC": 3, "HF": 15, "HR": 0, "HS": 12, "HST": 4, "HTAG": 0, "HTHG": 1, "HTR": "H", "HY": 3, "HomeTeam": "Montpellier"},{"AC": 2, "AF": 15, "AR": 0, "AS": 7, "AST": 1, "AY": 2, "AwayTeam": "Paris SG", "Date": "2010-04-18", "FTAG": 0, "FTHG": 0, "FTR": "D", "HC": 7, "HF": 15, "HR": 0, "HS": 14, "HST": 0, "HTAG": 0, "HTHG": 0, "HTR": "D", "HY": 2, "HomeTeam": "St Etienne"},{"AC": 4, "AF": 18, "AR": 0, "AS": 13, "AST": 5, "AY": 4, "AwayTeam": "Lille", "Date": "2010-04-24", "FTAG": 2, "FTHG": 1, "FTR": "A", "HC": 4, "HF": 23, "HR": 0, "HS": 17, "HST": 2, "HTAG": 1, "HTHG": 0, "HTR": "A", "HY": 4, "HomeTeam": "Le Mans"},{"AC": 4, "AF": 19, "AR": 0, "AS": 17, "AST": 6, "AY": 2, "AwayTeam": "Bordeaux", "Date": "2010-04-24", "FTAG": 0, "FTHG": 1, "FTR": "H", "HC": 2, "HF": 9, "HR": 0, "HS": 6, "HST": 1, "HTAG": 0, "HTHG": 0, "HTR": "D", "HY": 1, "HomeTeam": "Lorient"},{"AC": 2, "AF": 16, "AR": 0, "AS": 10, "AST": 3, "AY": 0, "AwayTeam": "Montpellier", "Date": "2010-04-24", "FTAG": 0, "FTHG": 0, "FTR": "D", "HC": 6, "HF": 18, "HR": 0, "HS": 15, "HST": 3, "HTAG": 0, "HTHG": 0, "HTR": "D", "HY": 1, "HomeTeam": "Nancy"},{"AC": 1, "AF": 9, "AR": 0, "AS": 12, "AST": 7, "AY": 2, "AwayTeam": "Grenoble", "Date": "2010-04-24", "FTAG": 1, "FTHG": 2, "FTR": "H", "HC": 11, "HF": 18, "HR": 0, "HS": 15, "HST": 5, "HTAG": 1, "HTHG": 1, "HTR": "D", "HY": 0, "HomeTeam": "Nice"},{"AC": 4, "AF": 10, "AR": 0, "AS": 12, "AST": 3, "AY": 0, "AwayTeam": "Rennes", "Date": "2010-04-24", "FTAG": 1, "FTHG": 1, "FTR": "D", "HC": 11, "HF": 16, "HR": 0, "HS": 18, "HST": 5, "HTAG": 1, "HTHG": 0, "HTR": "A", "HY": 3, "HomeTeam": "Paris SG"},{"AC": 0, "AF": 12, "AR": 0, "AS": 13, "AST": 6, "AY": 2, "AwayTeam": "Boulogne", "Date": "2010-04-24", "FTAG": 3, "FTHG": 0, "FTR": "A", "HC": 2, "HF": 20, "HR": 1, "HS": 11, "HST": 4, "HTAG": 1, "HTHG": 0, "HTR": "A", "HY": 0, "HomeTeam": "Sochaux"},{"AC": 3, "AF": 15, "AR": 0, "AS": 15, "AST": 4, "AY": 3, "AwayTeam": "Valenciennes", "Date": "2010-04-25", "FTAG": 1, "FTHG": 1, "FTR": "D", "HC": 3, "HF": 9, "HR": 0, "HS": 9, "HST": 5, "HTAG": 0, "HTHG": 1, "HTR": "H", "HY": 1, "HomeTeam": "Lens"},{"AC": 2, "AF": 16, "AR": 0, "AS": 16, "AST": 2, "AY": 3, "AwayTeam": "St Etienne", "Date": "2010-04-25", "FTAG": 0, "FTHG": 1, "FTR": "H", "HC": 2, "HF": 15, "HR": 0, "HS": 18, "HST": 5, "HTAG": 0, "HTHG": 1, "HTR": "H", "HY": 1, "HomeTeam": "Marseille"},{"AC": 2, "AF": 9, "AR": 0, "AS": 5, "AST": 5, "AY": 0, "AwayTeam": "Auxerre", "Date": "2010-04-25", "FTAG": 3, "FTHG": 0, "FTR": "A", "HC": 12, "HF": 12, "HR": 0, "HS": 16, "HST": 5, "HTAG": 0, "HTHG": 0, "HTR": "D", "HY": 1, "HomeTeam": "Toulouse"},{"AC": 2, "AF": 14, "AR": 0, "AS": 11, "AST": 2, "AY": 0, "AwayTeam": "Paris SG", "Date": "2010-04-27", "FTAG": 0, "FTHG": 4, "FTR": "H", "HC": 3, "HF": 10, "HR": 0, "HS": 11, "HST": 4, "HTAG": 0, "HTHG": 2, "HTR": "H", "HY": 0, "HomeTeam": "Grenoble"},{"AC": 2, "AF": 25, "AR": 0, "AS": 8, "AST": 2, "AY": 4, "AwayTeam": "Le Mans", "Date": "2010-04-27", "FTAG": 1, "FTHG": 1, "FTR": "D", "HC": 8, "HF": 15, "HR": 0, "HS": 23, "HST": 9, "HTAG": 1, "HTHG": 0, "HTR": "A", "HY": 1, "HomeTeam": "Monaco"},{"AC": 3, "AF": 16, "AR": 0, "AS": 6, "AST": 1, "AY": 2, "AwayTeam": "Bordeaux", "Date": "2010-04-28", "FTAG": 0, "FTHG": 2, "FTR": "H", "HC": 7, "HF": 22, "HR": 0, "HS": 9, "HST": 4, "HTAG": 0, "HTHG": 1, "HTR": "H", "HY": 4, "HomeTeam": "Valenciennes"},{"AC": 5, "AF": 17, "AR": 0, "AS": 4, "AST": 1, "AY": 3, "AwayTeam": "Marseille", "Date": "2010-04-30", "FTAG": 0, "FTHG": 0, "FTR": "D", "HC": 4, "HF": 20, "HR": 0, "HS": 3, "HST": 0, "HTAG": 0, "HTHG": 0, "HTR": "D", "HY": 1, "HomeTeam": "Auxerre"},{"AC": 4, "AF": 17, "AR": 0, "AS": 6, "AST": 2, "AY": 3, "AwayTeam": "Toulouse", "Date": "2010-05-02", "FTAG": 0, "FTHG": 1, "FTR": "H", "HC": 2, "HF": 19, "HR": 0, "HS": 10, "HST": 3, "HTAG": 0, "HTHG": 1, "HTR": "H", "HY": 3, "HomeTeam": "Bordeaux"},{"AC": 7, "AF": 21, "AR": 0, "AS": 11, "AST": 6, "AY": 2, "AwayTeam": "Nice", "Date": "2010-05-02", "FTAG": 3, "FTHG": 3, "FTR": "D", "HC": 9, "HF": 11, "HR": 0, "HS": 20, "HST": 7, "HTAG": 1, "HTHG": 0, "HTR": "A", "HY": 0, "HomeTeam": "Boulogne"},{"AC": 8, "AF": 12, "AR": 0, "AS": 8, "AST": 3, "AY": 2, "AwayTeam": "Nancy", "Date": "2010-05-02", "FTAG": 1, "FTHG": 3, "FTR": "H", "HC": 11, "HF": 22, "HR": 0, "HS": 20, "HST": 11, "HTAG": 0, "HTHG": 2, "HTR": "H", "HY": 3, "HomeTeam": "Lille"},{"AC": 1, "AF": 19, "AR": 0, "AS": 9, "AST": 1, "AY": 2, "AwayTeam": "Lyon", "Date": "2010-05-02", "FTAG": 1, "FTHG": 0, "FTR": "A", "HC": 6, "HF": 19, "HR": 0, "HS": 11, "HST": 4, "HTAG": 0, "HTHG": 0, "HTR": "D", "HY": 3, "HomeTeam": "Montpellier"},{"AC": 4, "AF": 10, "AR": 0, "AS": 6, "AST": 1, "AY": 1, "AwayTeam": "Sochaux", "Date": "2010-05-02", "FTAG": 2, "FTHG": 1, "FTR": "A", "HC": 3, "HF": 15, "HR": 0, "HS": 14, "HST": 5, "HTAG": 1, "HTHG": 0, "HTR": "A", "HY": 2, "HomeTeam": "Rennes"},{"AC": 3, "AF": 21, "AR": 0, "AS": 14, "AST": 6, "AY": 2, "AwayTeam": "Lens", "Date": "2010-05-02", "FTAG": 4, "FTHG": 1, "FTR": "A", "HC": 5, "HF": 15, "HR": 0, "HS": 14, "HST": 5, "HTAG": 0, "HTHG": 1, "HTR": "H", "HY": 2, "HomeTeam": "St Etienne"},{"AC": 5, "AF": 13, "AR": 0, "AS": 17, "AST": 7, "AY": 0, "AwayTeam": "Lorient", "Date": "2010-05-02", "FTAG": 0, "FTHG": 0, "FTR": "D", "HC": 6, "HF": 16, "HR": 0, "HS": 15, "HST": 4, "HTAG": 0, "HTHG": 0, "HTR": "D", "HY": 2, "HomeTeam": "Valenciennes"},{"AC": 7, "AF": 8, "AR": 0, "AS": 17, "AST": 5, "AY": 2, "AwayTeam": "St Etienne", "Date": "2010-05-05", "FTAG": 1, "FTHG": 0, "FTR": "A", "HC": 4, "HF": 13, "HR": 0, "HS": 12, "HST": 5, "HTAG": 0, "HTHG": 0, "HTR": "D", "HY": 2, "HomeTeam": "Boulogne"},{"AC": 3, "AF": 14, "AR": 0, "AS": 14, "AST": 7, "AY": 1, "AwayTeam": "Grenoble", "Date": "2010-05-05", "FTAG": 1, "FTHG": 1, "FTR": "D", "HC": 11, "HF": 21, "HR": 0, "HS": 14, "HST": 2, "HTAG": 1, "HTHG": 0, "HTR": "A", "HY": 0, "HomeTeam": "Lens"},{"AC": 4, "AF": 18, "AR": 0, "AS": 7, "AST": 3, "AY": 5, "AwayTeam": "Monaco", "Date": "2010-05-05", "FTAG": 2, "FTHG": 2, "FTR": "D", "HC": 6, "HF": 14, "HR": 0, "HS": 10, "HST": 3, "HTAG": 1, "HTHG": 1, "HTR": "D", "HY": 2, "HomeTeam": "Lorient"},{"AC": 3, "AF": 12, "AR": 0, "AS": 10, "AST": 5, "AY": 0, "AwayTeam": "Auxerre", "Date": "2010-05-05", "FTAG": 1, "FTHG": 2, "FTR": "H", "HC": 8, "HF": 19, "HR": 0, "HS": 15, "HST": 3, "HTAG": 1, "HTHG": 1, "HTR": "D", "HY": 0, "HomeTeam": "Lyon"},{"AC": 6, "AF": 14, "AR": 0, "AS": 15, "AST": 4, "AY": 1, "AwayTeam": "Rennes", "Date": "2010-05-05", "FTAG": 1, "FTHG": 3, "FTR": "H", "HC": 6, "HF": 12, "HR": 0, "HS": 17, "HST": 6, "HTAG": 1, "HTHG": 1, "HTR": "D", "HY": 0, "HomeTeam": "Marseille"},{"AC": 4, "AF": 10, "AR": 0, "AS": 15, "AST": 7, "AY": 0, "AwayTeam": "Le Mans", "Date": "2010-05-05", "FTAG": 2, "FTHG": 3, "FTR": "H", "HC": 6, "HF": 19, "HR": 0, "HS": 14, "HST": 5, "HTAG": 2, "HTHG": 2, "HTR": "D", "HY": 1, "HomeTeam": "Nancy"},{"AC": 3, "AF": 16, "AR": 0, "AS": 13, "AST": 5, "AY": 2, "AwayTeam": "Bordeaux", "Date": "2010-05-05", "FTAG": 1, "FTHG": 1, "FTR": "D", "HC": 4, "HF": 20, "HR": 0, "HS": 5, "HST": 2, "HTAG": 1, "HTHG": 1, "HTR": "D", "HY": 0, "HomeTeam": "Nice"},{"AC": 4, "AF": 20, "AR": 0, "AS": 9, "AST": 5, "AY": 0, "AwayTeam": "Valenciennes", "Date": "2010-05-05", "FTAG": 2, "FTHG": 2, "FTR": "D", "HC": 4, "HF": 13, "HR": 0, "HS": 18, "HST": 6, "HTAG": 0, "HTHG": 1, "HTR": "H", "HY": 0, "HomeTeam": "Paris SG"},{"AC": 5, "AF": 7, "AR": 0, "AS": 12, "AST": 6, "AY": 0, "AwayTeam": "Montpellier", "Date": "2010-05-05", "FTAG": 1, "FTHG": 0, "FTR": "A", "HC": 3, "HF": 16, "HR": 0, "HS": 4, "HST": 0, "HTAG": 0, "HTHG": 0, "HTR": "D", "HY": 0, "HomeTeam": "Sochaux"},{"AC": 2, "AF": 16, "AR": 0, "AS": 12, "AST": 5, "AY": 1, "AwayTeam": "Lille", "Date": "2010-05-05", "FTAG": 2, "FTHG": 0, "FTR": "A", "HC": 3, "HF": 22, "HR": 0, "HS": 13, "HST": 2, "HTAG": 1, "HTHG": 0, "HTR": "A", "HY": 3, "HomeTeam": "Toulouse"},{"AC": 4, "AF": 15, "AR": 0, "AS": 9, "AST": 2, "AY": 3, "AwayTeam": "Lens", "Date": "2010-05-08", "FTAG": 0, "FTHG": 0, "FTR": "D", "HC": 4, "HF": 12, "HR": 0, "HS": 12, "HST": 4, "HTAG": 0, "HTHG": 0, "HTR": "D", "HY": 1, "HomeTeam": "Auxerre"},{"AC": 4, "AF": 21, "AR": 0, "AS": 5, "AST": 2, "AY": 2, "AwayTeam": "Sochaux", "Date": "2010-05-08", "FTAG": 0, "FTHG": 2, "FTR": "H", "HC": 4, "HF": 11, "HR": 0, "HS": 8, "HST": 4, "HTAG": 0, "HTHG": 0, "HTR": "D", "HY": 2, "HomeTeam": "Bordeaux"},{"AC": 3, "AF": 15, "AR": 0, "AS": 13, "AST": 5, "AY": 2, "AwayTeam": "Boulogne", "Date": "2010-05-08", "FTAG": 0, "FTHG": 2, "FTR": "H", "HC": 5, "HF": 6, "HR": 0, "HS": 17, "HST": 4, "HTAG": 0, "HTHG": 1, "HTR": "H", "HY": 1, "HomeTeam": "Grenoble"},{"AC": 9, "AF": 9, "AR": 0, "AS": 12, "AST": 4, "AY": 1, "AwayTeam": "Paris SG", "Date": "2010-05-08", "FTAG": 0, "FTHG": 1, "FTR": "H", "HC": 0, "HF": 6, "HR": 1, "HS": 11, "HST": 2, "HTAG": 0, "HTHG": 1, "HTR": "H", "HY": 1, "HomeTeam": "Le Mans"},{"AC": 1, "AF": 8, "AR": 1, "AS": 4, "AST": 2, "AY": 3, "AwayTeam": "Marseille", "Date": "2010-05-08", "FTAG": 2, "FTHG": 3, "FTR": "H", "HC": 17, "HF": 15, "HR": 0, "HS": 28, "HST": 7, "HTAG": 2, "HTHG": 1, "HTR": "A", "HY": 3, "HomeTeam": "Lille"},{"AC": 2, "AF": 11, "AR": 0, "AS": 17, "AST": 4, "AY": 1, "AwayTeam": "Nancy", "Date": "2010-05-08", "FTAG": 1, "FTHG": 2, "FTR": "H", "HC": 1, "HF": 14, "HR": 1, "HS": 10, "HST": 3, "HTAG": 0, "HTHG": 1, "HTR": "H", "HY": 2, "HomeTeam": "Monaco"},{"AC": 7, "AF": 13, "AR": 0, "AS": 8, "AST": 2, "AY": 2, "AwayTeam": "Lorient", "Date": "2010-05-08", "FTAG": 1, "FTHG": 2, "FTR": "H", "HC": 7, "HF": 15, "HR": 1, "HS": 11, "HST": 3, "HTAG": 0, "HTHG": 2, "HTR": "H", "HY": 4, "HomeTeam": "Montpellier"},{"AC": 4, "AF": 16, "AR": 0, "AS": 9, "AST": 4, "AY": 0, "AwayTeam": "Nice", "Date": "2010-05-08", "FTAG": 2, "FTHG": 2, "FTR": "D", "HC": 11, "HF": 14, "HR": 0, "HS": 20, "HST": 7, "HTAG": 1, "HTHG": 0, "HTR": "A", "HY": 2, "HomeTeam": "Rennes"},{"AC": 5, "AF": 22, "AR": 0, "AS": 9, "AST": 3, "AY": 1, "AwayTeam": "Toulouse", "Date": "2010-05-08", "FTAG": 1, "FTHG": 0, "FTR": "A", "HC": 5, "HF": 15, "HR": 0, "HS": 15, "HST": 4, "HTAG": 0, "HTHG": 0, "HTR": "D", "HY": 3, "HomeTeam": "St Etienne"},{"AC": 8, "AF": 12, "AR": 0, "AS": 8, "AST": 3, "AY": 4, "AwayTeam": "Lyon", "Date": "2010-05-08", "FTAG": 2, "FTHG": 2, "FTR": "D", "HC": 6, "HF": 13, "HR": 0, "HS": 12, "HST": 3, "HTAG": 1, "HTHG": 0, "HTR": "A", "HY": 4, "HomeTeam": "Valenciennes"},{"AC": 4, "AF": 19, "AR": 0, "AS": 12, "AST": 0, "AY": 3, "AwayTeam": "Monaco", "Date": "2010-05-12", "FTAG": 0, "FTHG": 3, "FTR": "H", "HC": 10, "HF": 15, "HR": 0, "HS": 24, "HST": 9, "HTAG": 0, "HTHG": 1, "HTR": "H", "HY": 1, "HomeTeam": "Lyon"},{"AC": 7, "AF": 8, "AR": 0, "AS": 19, "AST": 5, "AY": 1, "AwayTeam": "Rennes", "Date": "2010-05-15", "FTAG": 0, "FTHG": 1, "FTR": "H", "HC": 8, "HF": 17, "HR": 0, "HS": 13, "HST": 4, "HTAG": 0, "HTHG": 1, "HTR": "H", "HY": 1, "HomeTeam": "Boulogne"},{"AC": 2, "AF": 11, "AR": 1, "AS": 14, "AST": 3, "AY": 2, "AwayTeam": "Bordeaux", "Date": "2010-05-15", "FTAG": 3, "FTHG": 4, "FTR": "H", "HC": 3, "HF": 24, "HR": 0, "HS": 17, "HST": 7, "HTAG": 1, "HTHG": 2, "HTR": "H", "HY": 3, "HomeTeam": "Lens"},{"AC": 8, "AF": 12, "AR": 0, "AS": 11, "AST": 5, "AY": 3, "AwayTeam": "Lille", "Date": "2010-05-15", "FTAG": 1, "FTHG": 2, "FTR": "H", "HC": 5, "HF": 13, "HR": 1, "HS": 7, "HST": 2, "HTAG": 1, "HTHG": 1, "HTR": "D", "HY": 4, "HomeTeam": "Lorient"},{"AC": 2, "AF": 18, "AR": 0, "AS": 6, "AST": 2, "AY": 3, "AwayTeam": "Le Mans", "Date": "2010-05-15", "FTAG": 0, "FTHG": 2, "FTR": "H", "HC": 12, "HF": 12, "HR": 0, "HS": 28, "HST": 6, "HTAG": 0, "HTHG": 1, "HTR": "H", "HY": 0, "HomeTeam": "Lyon"},{"AC": 2, "AF": 17, "AR": 0, "AS": 7, "AST": 3, "AY": 1, "AwayTeam": "Grenoble", "Date": "2010-05-15", "FTAG": 0, "FTHG": 2, "FTR": "H", "HC": 7, "HF": 16, "HR": 0, "HS": 24, "HST": 9, "HTAG": 0, "HTHG": 1, "HTR": "H", "HY": 0, "HomeTeam": "Marseille"},{"AC": 5, "AF": 20, "AR": 0, "AS": 14, "AST": 4, "AY": 1, "AwayTeam": "Valenciennes", "Date": "2010-05-15", "FTAG": 1, "FTHG": 1, "FTR": "D", "HC": 9, "HF": 14, "HR": 1, "HS": 19, "HST": 6, "HTAG": 0, "HTHG": 1, "HTR": "H", "HY": 2, "HomeTeam": "Nancy"},{"AC": 8, "AF": 22, "AR": 0, "AS": 14, "AST": 5, "AY": 0, "AwayTeam": "St Etienne", "Date": "2010-05-15", "FTAG": 1, "FTHG": 1, "FTR": "D", "HC": 7, "HF": 18, "HR": 0, "HS": 5, "HST": 1, "HTAG": 0, "HTHG": 1, "HTR": "H", "HY": 1, "HomeTeam": "Nice"},{"AC": 1, "AF": 18, "AR": 0, "AS": 13, "AST": 5, "AY": 1, "AwayTeam": "Montpellier", "Date": "2010-05-15", "FTAG": 3, "FTHG": 1, "FTR": "A", "HC": 6, "HF": 18, "HR": 0, "HS": 9, "HST": 1, "HTAG": 1, "HTHG": 0, "HTR": "A", "HY": 1, "HomeTeam": "Paris SG"},{"AC": 3, "AF": 5, "AR": 0, "AS": 14, "AST": 7, "AY": 1, "AwayTeam": "Auxerre", "Date": "2010-05-15", "FTAG": 2, "FTHG": 1, "FTR": "A", "HC": 3, "HF": 15, "HR": 1, "HS": 20, "HST": 8, "HTAG": 1, "HTHG": 0, "HTR": "A", "HY": 1, "HomeTeam": "Sochaux"},{"AC": 1, "AF": 18, "AR": 0, "AS": 9, "AST": 1, "AY": 2, "AwayTeam": "Monaco", "Date": "2010-05-15", "FTAG": 0, "FTHG": 0, "FTR": "D", "HC": 2, "HF": 24, "HR": 0, "HS": 19, "HST": 3, "HTAG": 0, "HTHG": 0, "HTR": "D", "HY": 0, "HomeTeam": "Toulouse"}]