[{"AC": 4, "AF": 17, "AR": 0, "AS": 13, "AST": 8, "AY": 2, "AwayTeam": "Toulouse", "Date": "2011-08-06", "FTAG": 2, "FTHG": 0, "FTR": "A", "HC": 11, "HF": 14, "HR": 0, "HS": 18, "HST": 6, "HTAG": 1, "HTHG": 0, "HTR": "A", "HY": 4, "HomeTeam": "Ajaccio"},{"AC": 8, "AF": 15, "AR": 0, "AS": 9, "AST": 3, "AY": 2, "AwayTeam": "Evian Thonon Gaillard", "Date": "2011-08-06", "FTAG": 2, "FTHG": 2, "FTR": "D", "HC": 11, "HF": 12, "HR": 0, "HS": 23, "HST": 7, "HTAG": 2, "HTHG": 2, "HTR": "D", "HY": 2, "HomeTeam": "Brest"},{"AC": 11, "AF": 11, "AR": 0, "AS": 11, "AST": 6, "AY": 1, "AwayTeam": "Valenciennes", "Date": "2011-08-06", "FTAG": 0, "FTHG": 1, "FTR": "H", "HC": 3, "HF": 12, "HR": 0, "HS": 11, "HST": 3, "HTAG": 0, "HTHG": 1, "HTR": "H", "HY": 2, "HomeTeam": "Caen"},{"AC": 5, "AF": 13, "AR": 0, "AS": 8, "AST": 3, "AY": 3, "AwayTeam": "Sochaux", "Date": "2011-08-06", "FTAG": 2, "FTHG": 2, "FTR": "D", "HC": 4, "HF": 15, "HR": 0, "HS": 27, "HST": 8, "HTAG": 0, "HTHG": 1, "HTR": "H", "HY": 1, "HomeTeam": "Marseille"},{"AC": 5, "AF": 22, "AR": 0, "AS": 18, "AST": 8, "AY": 1, "AwayTeam": "Auxerre", "Date": "2011-08-06", "FTAG": 1, "FTHG": 3, "FTR": "H", "HC": 4, "HF": 16, "HR": 0, "HS": 13, "HST": 4, "HTAG": 1, "HTHG": 1, "HTR": "D", "HY": 0, "HomeTeam": "Montpellier"},{"AC": 8, "AF": 21, "AR": 0, "AS": 18, "AST": 6, "AY": 3, "AwayTeam": "Lille", "Date": "2011-08-06", "FTAG": 1, "FTHG": 1, "FTR": "D", "HC": 6, "HF": 17, "HR": 1, "HS": 5, "HST": 1, "HTAG": 0, "HTHG": 0, "HTR": "D", "HY": 2, "HomeTeam": "Nancy"},{"AC": 9, "AF": 13, "AR": 0, "AS": 22, "AST": 9, "AY": 1, "AwayTeam": "Lyon", "Date": "2011-08-06", "FTAG": 3, "FTHG": 1, "FTR": "A", "HC": 12, "HF": 18, "HR": 0, "HS": 12, "HST": 4, "HTAG": 2, "HTHG": 1, "HTR": "A", "HY": 2, "HomeTeam": "Nice"},{"AC": 6, "AF": 10, "AR": 0, "AS": 9, "AST": 4, "AY": 3, "AwayTeam": "Lorient", "Date": "2011-08-06", "FTAG": 1, "FTHG": 0, "FTR": "A", "HC": 7, "HF": 21, "HR": 0, "HS": 12, "HST": 3, "HTAG": 1, "HTHG": 0, "HTR": "A", "HY": 1, "HomeTeam": "Paris SG"},{"AC": 4, "AF": 19, "AR": 0, "AS": 12, "AST": 2, "AY": 4, "AwayTeam": "St Etienne", "Date": "2011-08-07", "FTAG": 2, "FTHG": 1, "FTR": "A", "HC": 3, "HF": 16, "HR": 0, "HS": 12, "HST": 5, "HTAG": 2, "HTHG": 0, "HTR": "A", "HY": 1, "HomeTeam": "Bordeaux"},{"AC": 3, "AF": 16, "AR": 0, "AS": 15, "AST": 7, "AY": 2, "AwayTeam": "Rennes", "Date": "2011-08-07", "FTAG": 5, "FTHG": 1, "FTR": "A", "HC": 9, "HF": 18, "HR": 0, "HS": 18, "HST": 5, "HTAG": 2, "HTHG": 1, "HTR": "A", "HY": 3, "HomeTeam": "Dijon"},{"AC": 10, "AF": 15, "AR": 1, "AS": 11, "AST": 6, "AY": 1, "AwayTeam": "Bordeaux", "Date": "2011-08-13", "FTAG": 1, "FTHG": 1, "FTR": "D", "HC": 5, "HF": 13, "HR": 0, "HS": 11, "HST": 5, "HTAG": 0, "HTHG": 0, "HTR": "D", "HY": 1, "HomeTeam": "Lorient"},{"AC": 1, "AF": 17, "AR": 0, "AS": 7, "AST": 2, "AY": 3, "AwayTeam": "Ajaccio", "Date": "2011-08-13", "FTAG": 1, "FTHG": 1, "FTR": "D", "HC": 13, "HF": 15, "HR": 0, "HS": 25, "HST": 8, "HTAG": 0, "HTHG": 0, "HTR": "D", "HY": 1, "HomeTeam": "Lyon"},{"AC": 3, "AF": 21, "AR": 0, "AS": 8, "AST": 4, "AY": 2, "AwayTeam": "Paris SG", "Date": "2011-08-13", "FTAG": 1, "FTHG": 1, "FTR": "D", "HC": 3, "HF": 15, "HR": 0, "HS": 11, "HST": 4, "HTAG": 0, "HTHG": 0, "HTR": "D", "HY": 2, "HomeTeam": "Rennes"},{"AC": 3, "AF": 20, "AR": 0, "AS": 16, "AST": 6, "AY": 1, "AwayTeam": "Caen", "Date": "2011-08-13", "FTAG": 2, "FTHG": 1, "FTR": "A", "HC": 8, "HF": 13, "HR": 0, "HS": 18, "HST": 8, "HTAG": 1, "HTHG": 0, "HTR": "A", "HY": 0, "HomeTeam": "Sochaux"},{"AC": 2, "AF": 17, "AR": 0, "AS": 5, "AST": 2, "AY": 1, "AwayTeam": "Nancy", "Date": "2011-08-13", "FTAG": 0, "FTHG": 1, "FTR": "H", "HC": 9, "HF": 11, "HR": 0, "HS": 16, "HST": 4, "HTAG": 0, "HTHG": 0, "HTR": "D", "HY": 2, "HomeTeam": "St Etienne"},{"AC": 1, "AF": 11, "AR": 0, "AS": 7, "AST": 3, "AY": 2, "AwayTeam": "Dijon", "Date": "2011-08-13", "FTAG": 0, "FTHG": 2, "FTR": "H", "HC": 6, "HF": 8, "HR": 0, "HS": 13, "HST": 7, "HTAG": 0, "HTHG": 0, "HTR": "D", "HY": 1, "HomeTeam": "Toulouse"},{"AC": 4, "AF": 16, "AR": 0, "AS": 7, "AST": 6, "AY": 1, "AwayTeam": "Brest", "Date": "2011-08-13", "FTAG": 0, "FTHG": 0, "FTR": "D", "HC": 7, "HF": 17, "HR": 0, "HS": 12, "HST": 6, "HTAG": 0, "HTHG": 0, "HTR": "D", "HY": 1, "HomeTeam": "Valenciennes"},{"AC": 2, "AF": 18, "AR": 0, "AS": 7, "AST": 2, "AY": 2, "AwayTeam": "Marseille", "Date": "2011-08-14", "FTAG": 2, "FTHG": 2, "FTR": "D", "HC": 9, "HF": 18, "HR": 0, "HS": 13, "HST": 5, "HTAG": 2, "HTHG": 0, "HTR": "A", "HY": 5, "HomeTeam": "Auxerre"},{"AC": 5, "AF": 13, "AR": 0, "AS": 12, "AST": 3, "AY": 1, "AwayTeam": "Nice", "Date": "2011-08-14", "FTAG": 0, "FTHG": 1, "FTR": "H", "HC": 2, "HF": 14, "HR": 0, "HS": 13, "HST": 4, "HTAG": 0, "HTHG": 0, "HTR": "D", "HY": 3, "HomeTeam": "Evian Thonon Gaillard"},{"AC": 0, "AF": 22, "AR": 0, "AS": 9, "AST": 3, "AY": 2, "AwayTeam": "Montpellier", "Date": "2011-08-14", "FTAG": 1, "FTHG": 0, "FTR": "A", "HC": 7, "HF": 10, "HR": 0, "HS": 20, "HST": 6, "HTAG": 0, "HTHG": 0, "HTR": "D", "HY": 3, "HomeTeam": "Lille"},{"AC": 9, "AF": 18, "AR": 0, "AS": 18, "AST": 3, "AY": 3, "AwayTeam": "Evian Thonon Gaillard", "Date": "2011-08-20", "FTAG": 1, "FTHG": 1, "FTR": "D", "HC": 1, "HF": 22, "HR": 0, "HS": 7, "HST": 2, "HTAG": 0, "HTHG": 1, "HTR": "H", "HY": 4, "HomeTeam": "Ajaccio"},{"AC": 1, "AF": 16, "AR": 0, "AS": 8, "AST": 2, "AY": 3, "AwayTeam": "Auxerre", "Date": "2011-08-20", "FTAG": 1, "FTHG": 1, "FTR": "D", "HC": 10, "HF": 14, "HR": 0, "HS": 16, "HST": 4, "HTAG": 0, "HTHG": 1, "HTR": "H", "HY": 1, "HomeTeam": "Bordeaux"},{"AC": 8, "AF": 17, "AR": 1, "AS": 8, "AST": 2, "AY": 2, "AwayTeam": "Lyon", "Date": "2011-08-20", "FTAG": 1, "FTHG": 1, "FTR": "D", "HC": 5, "HF": 16, "HR": 0, "HS": 12, "HST": 6, "HTAG": 0, "HTHG": 1, "HTR": "H", "HY": 2, "HomeTeam": "Brest"},{"AC": 7, "AF": 17, "AR": 0, "AS": 19, "AST": 10, "AY": 2, "AwayTeam": "Lille", "Date": "2011-08-20", "FTAG": 2, "FTHG": 1, "FTR": "A", "HC": 0, "HF": 18, "HR": 0, "HS": 6, "HST": 2, "HTAG": 0, "HTHG": 0, "HTR": "D", "HY": 1, "HomeTeam": "Caen"},{"AC": 14, "AF": 15, "AR": 0, "AS": 23, "AST": 6, "AY": 4, "AwayTeam": "Lorient", "Date": "2011-08-20", "FTAG": 0, "FTHG": 2, "FTR": "H", "HC": 1, "HF": 19, "HR": 1, "HS": 6, "HST": 2, "HTAG": 0, "HTHG": 1, "HTR": "H", "HY": 2, "HomeTeam": "Dijon"},{"AC": 1, "AF": 16, "AR": 1, "AS": 8, "AST": 3, "AY": 2, "AwayTeam": "Toulouse", "Date": "2011-08-20", "FTAG": 1, "FTHG": 1, "FTR": "D", "HC": 3, "HF": 14, "HR": 0, "HS": 12, "HST": 3, "HTAG": 0, "HTHG": 1, "HTR": "H", "HY": 3, "HomeTeam": "Nice"},{"AC": 3, "AF": 17, "AR": 1, "AS": 4, "AST": 1, "AY": 3, "AwayTeam": "St Etienne", "Date": "2011-08-21", "FTAG": 0, "FTHG": 0, "FTR": "D", "HC": 9, "HF": 11, "HR": 0, "HS": 18, "HST": 4, "HTAG": 0, "HTHG": 0, "HTR": "D", "HY": 1, "HomeTeam": "Marseille"},{"AC": 1, "AF": 14, "AR": 0, "AS": 7, "AST": 1, "AY": 3, "AwayTeam": "Rennes", "Date": "2011-08-21", "FTAG": 0, "FTHG": 4, "FTR": "H", "HC": 4, "HF": 21, "HR": 0, "HS": 13, "HST": 7, "HTAG": 0, "HTHG": 1, "HTR": "H", "HY": 4, "HomeTeam": "Montpellier"},{"AC": 4, "AF": 17, "AR": 1, "AS": 8, "AST": 3, "AY": 1, "AwayTeam": "Sochaux", "Date": "2011-08-21", "FTAG": 2, "FTHG": 1, "FTR": "A", "HC": 4, "HF": 18, "HR": 0, "HS": 12, "HST": 4, "HTAG": 0, "HTHG": 0, "HTR": "D", "HY": 2, "HomeTeam": "Nancy"},{"AC": 0, "AF": 14, "AR": 0, "AS": 10, "AST": 4, "AY": 2, "AwayTeam": "Valenciennes", "Date": "2011-08-21", "FTAG": 1, "FTHG": 2, "FTR": "H", "HC": 3, "HF": 10, "HR": 0, "HS": 16, "HST": 4, "HTAG": 1, "HTHG": 1, "HTR": "D", "HY": 0, "HomeTeam": "Paris SG"},{"AC": 2, "AF": 15, "AR": 0, "AS": 4, "AST": 1, "AY": 4, "AwayTeam": "Ajaccio", "Date": "2011-08-27", "FTAG": 1, "FTHG": 4, "FTR": "H", "HC": 10, "HF": 5, "HR": 0, "HS": 22, "HST": 9, "HTAG": 0, "HTHG": 1, "HTR": "H", "HY": 1, "HomeTeam": "Auxerre"},{"AC": 4, "AF": 18, "AR": 0, "AS": 8, "AST": 4, "AY": 2, "AwayTeam": "Dijon", "Date": "2011-08-27", "FTAG": 1, "FTHG": 0, "FTR": "A", "HC": 5, "HF": 16, "HR": 0, "HS": 14, "HST": 5, "HTAG": 0, "HTHG": 0, "HTR": "D", "HY": 2, "HomeTeam": "Evian Thonon Gaillard"},{"AC": 1, "AF": 17, "AR": 0, "AS": 8, "AST": 2, "AY": 2, "AwayTeam": "Nancy", "Date": "2011-08-27", "FTAG": 1, "FTHG": 2, "FTR": "H", "HC": 10, "HF": 10, "HR": 0, "HS": 20, "HST": 7, "HTAG": 1, "HTHG": 0, "HTR": "A", "HY": 3, "HomeTeam": "Lorient"},{"AC": 7, "AF": 13, "AR": 1, "AS": 18, "AST": 8, "AY": 3, "AwayTeam": "Montpellier", "Date": "2011-08-27", "FTAG": 1, "FTHG": 2, "FTR": "H", "HC": 5, "HF": 14, "HR": 0, "HS": 11, "HST": 4, "HTAG": 0, "HTHG": 0, "HTR": "D", "HY": 4, "HomeTeam": "Lyon"},{"AC": 3, "AF": 18, "AR": 0, "AS": 14, "AST": 5, "AY": 3, "AwayTeam": "Brest", "Date": "2011-08-27", "FTAG": 0, "FTHG": 0, "FTR": "D", "HC": 7, "HF": 14, "HR": 0, "HS": 12, "HST": 3, "HTAG": 0, "HTHG": 0, "HTR": "D", "HY": 0, "HomeTeam": "Nice"},{"AC": 4, "AF": 17, "AR": 0, "AS": 10, "AST": 5, "AY": 3, "AwayTeam": "Bordeaux", "Date": "2011-08-27", "FTAG": 2, "FTHG": 1, "FTR": "A", "HC": 4, "HF": 22, "HR": 0, "HS": 11, "HST": 3, "HTAG": 0, "HTHG": 1, "HTR": "H", "HY": 2, "HomeTeam": "Valenciennes"},{"AC": 6, "AF": 15, "AR": 0, "AS": 18, "AST": 4, "AY": 4, "AwayTeam": "Marseille", "Date": "2011-08-28", "FTAG": 2, "FTHG": 3, "FTR": "H", "HC": 5, "HF": 17, "HR": 0, "HS": 6, "HST": 5, "HTAG": 0, "HTHG": 1, "HTR": "H", "HY": 2, "HomeTeam": "Lille"},{"AC": 10, "AF": 18, "AR": 0, "AS": 16, "AST": 8, "AY": 1, "AwayTeam": "Caen", "Date": "2011-08-28", "FTAG": 2, "FTHG": 3, "FTR": "H", "HC": 5, "HF": 18, "HR": 0, "HS": 19, "HST": 8, "HTAG": 0, "HTHG": 3, "HTR": "H", "HY": 1, "HomeTeam": "Rennes"},{"AC": 5, "AF": 16, "AR": 1, "AS": 7, "AST": 1, "AY": 3, "AwayTeam": "St Etienne", "Date": "2011-08-28", "FTAG": 1, "FTHG": 2, "FTR": "H", "HC": 4, "HF": 17, "HR": 0, "HS": 12, "HST": 5, "HTAG": 1, "HTHG": 2, "HTR": "H", "HY": 2, "HomeTeam": "Sochaux"},{"AC": 3, "AF": 14, "AR": 0, "AS": 12, "AST": 5, "AY": 0, "AwayTeam": "Paris SG", "Date": "2011-08-28", "FTAG": 3, "FTHG": 1, "FTR": "A", "HC": 5, "HF": 17, "HR": 0, "HS": 11, "HST": 2, "HTAG": 0, "HTHG": 1, "HTR": "H", "HY": 2, "HomeTeam": "Toulouse"},{"AC": 7, "AF": 16, "AR": 0, "AS": 19, "AST": 6, "AY": 2, "AwayTeam": "Valenciennes", "Date": "2011-09-10", "FTAG": 1, "FTHG": 3, "FTR": "H", "HC": 3, "HF": 13, "HR": 0, "HS": 15, "HST": 9, "HTAG": 1, "HTHG": 0, "HTR": "A", "HY": 1, "HomeTeam": "Ajaccio"},{"AC": 3, "AF": 18, "AR": 0, "AS": 7, "AST": 3, "AY": 3, "AwayTeam": "Evian Thonon Gaillard", "Date": "2011-09-10", "FTAG": 0, "FTHG": 0, "FTR": "D", "HC": 5, "HF": 19, "HR": 0, "HS": 16, "HST": 4, "HTAG": 0, "HTHG": 0, "HTR": "D", "HY": 2, "HomeTeam": "Bordeaux"},{"AC": 5, "AF": 17, "AR": 0, "AS": 17, "AST": 6, "AY": 2, "AwayTeam": "Toulouse", "Date": "2011-09-10", "FTAG": 1, "FTHG": 0, "FTR": "A", "HC": 6, "HF": 15, "HR": 0, "HS": 9, "HST": 0, "HTAG": 0, "HTHG": 0, "HTR": "D", "HY": 1, "HomeTeam": "Caen"},{"AC": 5, "AF": 17, "AR": 0, "AS": 18, "AST": 4, "AY": 1, "AwayTeam": "Lyon", "Date": "2011-09-10", "FTAG": 2, "FTHG": 1, "FTR": "A", "HC": 7, "HF": 11, "HR": 0, "HS": 7, "HST": 4, "HTAG": 1, "HTHG": 1, "HTR": "D", "HY": 1, "HomeTeam": "Dijon"},{"AC": 6, "AF": 17, "AR": 0, "AS": 7, "AST": 3, "AY": 4, "AwayTeam": "Rennes", "Date": "2011-09-10", "FTAG": 1, "FTHG": 0, "FTR": "A", "HC": 13, "HF": 8, "HR": 0, "HS": 22, "HST": 8, "HTAG": 0, "HTHG": 0, "HTR": "D", "HY": 2, "HomeTeam": "Marseille"},{"AC": 6, "AF": 16, "AR": 0, "AS": 8, "AST": 2, "AY": 3, "AwayTeam": "Lorient", "Date": "2011-09-10", "FTAG": 1, "FTHG": 1, "FTR": "D", "HC": 1, "HF": 6, "HR": 0, "HS": 11, "HST": 2, "HTAG": 0, "HTHG": 1, "HTR": "H", "HY": 3, "HomeTeam": "Sochaux"},{"AC": 2, "AF": 13, "AR": 0, "AS": 10, "AST": 5, "AY": 4, "AwayTeam": "Lille", "Date": "2011-09-10", "FTAG": 3, "FTHG": 1, "FTR": "A", "HC": 3, "HF": 15, "HR": 1, "HS": 4, "HST": 0, "HTAG": 0, "HTHG": 1, "HTR": "H", "HY": 2, "HomeTeam": "St Etienne"},{"AC": 6, "AF": 13, "AR": 0, "AS": 13, "AST": 1, "AY": 2, "AwayTeam": "Nice", "Date": "2011-09-11", "FTAG": 0, "FTHG": 1, "FTR": "H", "HC": 2, "HF": 8, "HR": 0, "HS": 23, "HST": 4, "HTAG": 0, "HTHG": 0, "HTR": "D", "HY": 2, "HomeTeam": "Montpellier"},{"AC": 6, "AF": 16, "AR": 0, "AS": 13, "AST": 4, "AY": 3, "AwayTeam": "Auxerre", "Date": "2011-09-11", "FTAG": 0, "FTHG": 0, "FTR": "D", "HC": 1, "HF": 7, "HR": 0, "HS": 15, "HST": 8, "HTAG": 0, "HTHG": 0, "HTR": "D", "HY": 0, "HomeTeam": "Nancy"},{"AC": 6, "AF": 20, "AR": 0, "AS": 15, "AST": 1, "AY": 3, "AwayTeam": "Brest", "Date": "2011-09-11", "FTAG": 0, "FTHG": 1, "FTR": "H", "HC": 4, "HF": 14, "HR": 0, "HS": 12, "HST": 3, "HTAG": 0, "HTHG": 0, "HTR": "D", "HY": 3, "HomeTeam": "Paris SG"},{"AC": 6, "AF": 15, "AR": 0, "AS": 10, "AST": 6, "AY": 3, "AwayTeam": "Caen", "Date": "2011-09-17", "FTAG": 1, "FTHG": 1, "FTR": "D", "HC": 4, "HF": 22, "HR": 0, "HS": 10, "HST": 2, "HTAG": 1, "HTHG": 1, "HTR": "D", "HY": 3, "HomeTeam": "Auxerre"},{"AC": 2, "AF": 26, "AR": 0, "AS": 13, "AST": 7, "AY": 3, "AwayTeam": "Montpellier", "Date": "2011-09-17", "FTAG": 2, "FTHG": 2, "FTR": "D", "HC": 4, "HF": 23, "HR": 1, "HS": 12, "HST": 5, "HTAG": 2, "HTHG": 0, "HTR": "A", "HY": 3, "HomeTeam": "Brest"},{"AC": 3, "AF": 16, "AR": 0, "AS": 9, "AST": 4, "AY": 3, "AwayTeam": "Sochaux", "Date": "2011-09-17", "FTAG": 2, "FTHG": 2, "FTR": "D", "HC": 9, "HF": 9, "HR": 1, "HS": 14, "HST": 4, "HTAG": 0, "HTHG": 0, "HTR": "D", "HY": 1, "HomeTeam": "Lille"},{"AC": 9, "AF": 13, "AR": 0, "AS": 15, "AST": 3, "AY": 2, "AwayTeam": "St Etienne", "Date": "2011-09-17", "FTAG": 0, "FTHG": 3, "FTR": "H", "HC": 6, "HF": 11, "HR": 0, "HS": 7, "HST": 6, "HTAG": 0, "HTHG": 1, "HTR": "H", "HY": 1, "HomeTeam": "Lorient"},{"AC": 2, "AF": 13, "AR": 1, "AS": 6, "AST": 2, "AY": 2, "AwayTeam": "Ajaccio", "Date": "2011-09-17", "FTAG": 0, "FTHG": 3, "FTR": "H", "HC": 6, "HF": 18, "HR": 0, "HS": 23, "HST": 6, "HTAG": 0, "HTHG": 1, "HTR": "H", "HY": 4, "HomeTeam": "Nice"},{"AC": 1, "AF": 22, "AR": 1, "AS": 8, "AST": 3, "AY": 1, "AwayTeam": "Bordeaux", "Date": "2011-09-17", "FTAG": 2, "FTHG": 3, "FTR": "H", "HC": 6, "HF": 24, "HR": 0, "HS": 23, "HST": 8, "HTAG": 2, "HTHG": 0, "HTR": "A", "HY": 3, "HomeTeam": "Toulouse"},{"AC": 4, "AF": 16, "AR": 1, "AS": 8, "AST": 2, "AY": 2, "AwayTeam": "Dijon", "Date": "2011-09-17", "FTAG": 0, "FTHG": 4, "FTR": "H", "HC": 5, "HF": 21, "HR": 0, "HS": 14, "HST": 9, "HTAG": 0, "HTHG": 0, "HTR": "D", "HY": 3, "HomeTeam": "Valenciennes"},{"AC": 8, "AF": 11, "AR": 0, "AS": 15, "AST": 7, "AY": 1, "AwayTeam": "Paris SG", "Date": "2011-09-18", "FTAG": 2, "FTHG": 2, "FTR": "D", "HC": 4, "HF": 25, "HR": 0, "HS": 17, "HST": 5, "HTAG": 1, "HTHG": 2, "HTR": "H", "HY": 4, "HomeTeam": "Evian Thonon Gaillard"},{"AC": 5, "AF": null, "AR": 0, "AS": 6, "AST": 3, "AY": 3, "AwayTeam": "Marseille", "Date": "2011-09-18", "FTAG": 0, "FTHG": 2, "FTR": "H", "HC": 3, "HF": null, "HR": 0, "HS": 10, "HST": 5, "HTAG": 0, "HTHG": 2, "HTR": "H", "HY": 0, "HomeTeam": "Lyon"},{"AC": 2, "AF": 20, "AR": 0, "AS": 10, "AST": 2, "AY": 4, "AwayTeam": "Nancy", "Date": "2011-09-18", "FTAG": 1, "FTHG": 1, "FTR": "D", "HC": 6, "HF": 10, "HR": 0, "HS": 15, "HST": 4, "HTAG": 0, "HTHG": 1, "HTR": "H", "HY": 3, "HomeTeam": "Rennes"},{"AC": 8, "AF": 22, "AR": 0, "AS": 11, "AST": 5, "AY": 3, "AwayTeam": "Lille", "Date": "2011-09-20", "FTAG": 1, "FTHG": 1, "FTR": "D", "HC": 3, "HF": 27, "HR": 0, "HS": 13, "HST": 4, "HTAG": 0, "HTHG": 1, "HTR": "H", "HY": 3, "HomeTeam": "Bordeaux"},{"AC": 2, "AF": 18, "AR": 1, "AS": 7, "AST": 3, "AY": 3, "AwayTeam": "Montpellier", "Date": "2011-09-21", "FTAG": 3, "FTHG": 1, "FTR": "A", "HC": 10, "HF": 18, "HR": 0, "HS": 16, "HST": 5, "HTAG": 3, "HTHG": 0, "HTR": "A", "HY": 3, "HomeTeam": "Ajaccio"},{"AC": 3, "AF": 10, "AR": 1, "AS": 11, "AST": 2, "AY": 0, "AwayTeam": "Lyon", "Date": "2011-09-21", "FTAG": 0, "FTHG": 1, "FTR": "H", "HC": 6, "HF": 18, "HR": 1, "HS": 9, "HST": 1, "HTAG": 0, "HTHG": 1, "HTR": "H", "HY": 1, "HomeTeam": "Caen"},{"AC": 3, "AF": 14, "AR": 1, "AS": 11, "AST": 2, "AY": 2, "AwayTeam": "Brest", "Date": "2011-09-21", "FTAG": 0, "FTHG": 1, "FTR": "H", "HC": 9, "HF": 16, "HR": 0, "HS": 20, "HST": 4, "HTAG": 0, "HTHG": 1, "HTR": "H", "HY": 2, "HomeTeam": "Dijon"},{"AC": 1, "AF": 18, "AR": 0, "AS": 12, "AST": 6, "AY": 3, "AwayTeam": "Auxerre", "Date": "2011-09-21", "FTAG": 1, "FTHG": 1, "FTR": "D", "HC": 5, "HF": 6, "HR": 0, "HS": 9, "HST": 3, "HTAG": 0, "HTHG": 1, "HTR": "H", "HY": 2, "HomeTeam": "Lorient"},{"AC": 1, "AF": 21, "AR": 1, "AS": 5, "AST": 1, "AY": 3, "AwayTeam": "Evian Thonon Gaillard", "Date": "2011-09-21", "FTAG": 0, "FTHG": 2, "FTR": "H", "HC": 5, "HF": 18, "HR": 0, "HS": 25, "HST": 10, "HTAG": 0, "HTHG": 1, "HTR": "H", "HY": 3, "HomeTeam": "Marseille"},{"AC": 9, "AF": 22, "AR": 1, "AS": 13, "AST": 3, "AY": 1, "AwayTeam": "Valenciennes", "Date": "2011-09-21", "FTAG": 1, "FTHG": 1, "FTR": "D", "HC": 1, "HF": 15, "HR": 0, "HS": 5, "HST": 1, "HTAG": 0, "HTHG": 1, "HTR": "H", "HY": 1, "HomeTeam": "Nancy"},{"AC": 5, "AF": 13, "AR": 1, "AS": 12, "AST": 6, "AY": 2, "AwayTeam": "Nice", "Date": "2011-09-21", "FTAG": 1, "FTHG": 2, "FTR": "H", "HC": 6, "HF": 15, "HR": 1, "HS": 12, "HST": 6, "HTAG": 0, "HTHG": 1, "HTR": "H", "HY": 2, "HomeTeam": "Paris SG"},{"AC": 2, "AF": 16, "AR": 0, "AS": 19, "AST": 9, "AY": 2, "AwayTeam": "Rennes", "Date": "2011-09-21", "FTAG": 6, "FTHG": 2, "FTR": "A", "HC": 7, "HF": 12, "HR": 0, "HS": 8, "HST": 4, "HTAG": 2, "HTHG": 2, "HTR": "D", "HY": 1, "HomeTeam": "Sochaux"},{"AC": 0, "AF": 18, "AR": 0, "AS": 5, "AST": 2, "AY": 2, "AwayTeam": "Toulouse", "Date": "2011-09-21", "FTAG": 1, "FTHG": 1, "FTR": "D", "HC": 7, "HF": 10, "HR": 0, "HS": 14, "HST": 3, "HTAG": 1, "HTHG": 0, "HTR": "A", "HY": 2, "HomeTeam": "St Etienne"},{"AC": 2, "AF": 13, "AR": 1, "AS": 9, "AST": 6, "AY": 1, "AwayTeam": "Caen", "Date": "2011-09-24", "FTAG": 4, "FTHG": 2, "FTR": "A", "HC": 4, "HF": 14, "HR": 1, "HS": 15, "HST": 4, "HTAG": 2, "HTHG": 2, "HTR": "D", "HY": 3, "HomeTeam": "Evian Thonon Gaillard"},{"AC": 3, "AF": 17, "AR": 0, "AS": 7, "AST": 1, "AY": 1, "AwayTeam": "Lorient", "Date": "2011-09-24", "FTAG": 1, "FTHG": 1, "FTR": "D", "HC": 5, "HF": 8, "HR": 0, "HS": 10, "HST": 2, "HTAG": 0, "HTHG": 1, "HTR": "H", "HY": 2, "HomeTeam": "Lille"},{"AC": 6, "AF": 17, "AR": 0, "AS": 12, "AST": 1, "AY": 2, "AwayTeam": "Bordeaux", "Date": "2011-09-24", "FTAG": 1, "FTHG": 3, "FTR": "H", "HC": 2, "HF": 18, "HR": 0, "HS": 13, "HST": 8, "HTAG": 0, "HTHG": 2, "HTR": "H", "HY": 2, "HomeTeam": "Lyon"},{"AC": 3, "AF": 17, "AR": 0, "AS": 13, "AST": 6, "AY": 4, "AwayTeam": "Paris SG", "Date": "2011-09-24", "FTAG": 3, "FTHG": 0, "FTR": "A", "HC": 5, "HF": 10, "HR": 0, "HS": 21, "HST": 7, "HTAG": 2, "HTHG": 0, "HTR": "A", "HY": 1, "HomeTeam": "Montpellier"},{"AC": 2, "AF": 15, "AR": 0, "AS": 9, "AST": 2, "AY": 1, "AwayTeam": "Dijon", "Date": "2011-09-24", "FTAG": 1, "FTHG": 1, "FTR": "D", "HC": 8, "HF": 19, "HR": 0, "HS": 22, "HST": 4, "HTAG": 1, "HTHG": 0, "HTR": "A", "HY": 1, "HomeTeam": "Nice"},{"AC": 2, "AF": 19, "AR": 0, "AS": 6, "AST": 3, "AY": 3, "AwayTeam": "Nancy", "Date": "2011-09-24", "FTAG": 0, "FTHG": 1, "FTR": "H", "HC": 5, "HF": 15, "HR": 0, "HS": 12, "HST": 4, "HTAG": 0, "HTHG": 0, "HTR": "D", "HY": 1, "HomeTeam": "Toulouse"},{"AC": 2, "AF": 17, "AR": 1, "AS": 4, "AST": 2, "AY": 4, "AwayTeam": "Marseille", "Date": "2011-09-24", "FTAG": 1, "FTHG": 1, "FTR": "D", "HC": 6, "HF": 13, "HR": 0, "HS": 18, "HST": 8, "HTAG": 1, "HTHG": 0, "HTR": "A", "HY": 2, "HomeTeam": "Valenciennes"},{"AC": 5, "AF": 8, "AR": 0, "AS": 10, "AST": 3, "AY": 0, "AwayTeam": "Sochaux", "Date": "2011-09-25", "FTAG": 1, "FTHG": 4, "FTR": "H", "HC": 7, "HF": 15, "HR": 0, "HS": 16, "HST": 9, "HTAG": 1, "HTHG": 0, "HTR": "A", "HY": 1, "HomeTeam": "Auxerre"},{"AC": 4, "AF": 17, "AR": 0, "AS": 8, "AST": 3, "AY": 3, "AwayTeam": "Ajaccio", "Date": "2011-09-25", "FTAG": 1, "FTHG": 1, "FTR": "D", "HC": 7, "HF": 18, "HR": 0, "HS": 16, "HST": 4, "HTAG": 0, "HTHG": 0, "HTR": "D", "HY": 2, "HomeTeam": "Brest"},{"AC": 9, "AF": 18, "AR": 0, "AS": 10, "AST": 4, "AY": 2, "AwayTeam": "St Etienne", "Date": "2011-09-25", "FTAG": 1, "FTHG": 1, "FTR": "D", "HC": 5, "HF": 10, "HR": 0, "HS": 14, "HST": 5, "HTAG": 0, "HTHG": 1, "HTR": "H", "HY": 2, "HomeTeam": "Rennes"},{"AC": 6, "AF": 16, "AR": 1, "AS": 16, "AST": 4, "AY": 3, "AwayTeam": "Montpellier", "Date": "2011-10-01", "FTAG": 2, "FTHG": 2, "FTR": "D", "HC": 4, "HF": 17, "HR": 1, "HS": 7, "HST": 2, "HTAG": 0, "HTHG": 1, "HTR": "H", "HY": 2, "HomeTeam": "Bordeaux"},{"AC": 4, "AF": 15, "AR": 0, "AS": 15, "AST": 6, "AY": 3, "AwayTeam": "Nice", "Date": "2011-10-01", "FTAG": 1, "FTHG": 1, "FTR": "D", "HC": 4, "HF": 12, "HR": 0, "HS": 8, "HST": 3, "HTAG": 0, "HTHG": 0, "HTR": "D", "HY": 2, "HomeTeam": "Caen"},{"AC": 3, "AF": 15, "AR": 1, "AS": 5, "AST": 3, "AY": 2, "AwayTeam": "Ajaccio", "Date": "2011-10-01", "FTAG": 1, "FTHG": 1, "FTR": "D", "HC": 15, "HF": 18, "HR": 0, "HS": 20, "HST": 6, "HTAG": 1, "HTHG": 1, "HTR": "D", "HY": 1, "HomeTeam": "Dijon"},{"AC": 4, "AF": 16, "AR": 0, "AS": 16, "AST": 3, "AY": 4, "AwayTeam": "Valenciennes", "Date": "2011-10-01", "FTAG": 0, "FTHG": 2, "FTR": "H", "HC": 8, "HF": 13, "HR": 0, "HS": 18, "HST": 7, "HTAG": 0, "HTHG": 1, "HTR": "H", "HY": 3, "HomeTeam": "Lorient"},{"AC": 2, "AF": 16, "AR": 0, "AS": 8, "AST": 3, "AY": 2, "AwayTeam": "Evian Thonon Gaillard", "Date": "2011-10-01", "FTAG": 1, "FTHG": 1, "FTR": "D", "HC": 7, "HF": 17, "HR": 0, "HS": 14, "HST": 6, "HTAG": 0, "HTHG": 0, "HTR": "D", "HY": 1, "HomeTeam": "Nancy"},{"AC": 5, "AF": 18, "AR": 0, "AS": 9, "AST": 2, "AY": 2, "AwayTeam": "Toulouse", "Date": "2011-10-01", "FTAG": 0, "FTHG": 3, "FTR": "H", "HC": 4, "HF": 11, "HR": 0, "HS": 7, "HST": 3, "HTAG": 0, "HTHG": 1, "HTR": "H", "HY": 0, "HomeTeam": "Sochaux"},{"AC": 3, "AF": 16, "AR": 0, "AS": 9, "AST": 3, "AY": 0, "AwayTeam": "Auxerre", "Date": "2011-10-01", "FTAG": 1, "FTHG": 1, "FTR": "D", "HC": 15, "HF": 10, "HR": 0, "HS": 19, "HST": 6, "HTAG": 1, "HTHG": 1, "HTR": "D", "HY": 0, "HomeTeam": "St Etienne"},{"AC": 4, "AF": 24, "AR": 0, "AS": 11, "AST": 4, "AY": 3, "AwayTeam": "Rennes", "Date": "2011-10-02", "FTAG": 0, "FTHG": 2, "FTR": "H", "HC": 5, "HF": 17, "HR": 0, "HS": 10, "HST": 4, "HTAG": 0, "HTHG": 2, "HTR": "H", "HY": 2, "HomeTeam": "Lille"},{"AC": 6, "AF": 21, "AR": 0, "AS": 10, "AST": 3, "AY": 1, "AwayTeam": "Brest", "Date": "2011-10-02", "FTAG": 1, "FTHG": 1, "FTR": "D", "HC": 6, "HF": 13, "HR": 0, "HS": 14, "HST": 2, "HTAG": 1, "HTHG": 1, "HTR": "D", "HY": 1, "HomeTeam": "Marseille"},{"AC": 6, "AF": 25, "AR": 0, "AS": 11, "AST": 2, "AY": 4, "AwayTeam": "Lyon", "Date": "2011-10-02", "FTAG": 0, "FTHG": 2, "FTR": "H", "HC": 9, "HF": 16, "HR": 0, "HS": 17, "HST": 7, "HTAG": 0, "HTHG": 0, "HTR": "D", "HY": 2, "HomeTeam": "Paris SG"},{"AC": 4, "AF": 11, "AR": 0, "AS": 13, "AST": 8, "AY": 1, "AwayTeam": "Lille", "Date": "2011-10-15", "FTAG": 3, "FTHG": 1, "FTR": "A", "HC": 5, "HF": 20, "HR": 0, "HS": 8, "HST": 2, "HTAG": 0, "HTHG": 1, "HTR": "H", "HY": 3, "HomeTeam": "Auxerre"},{"AC": 2, "AF": 14, "AR": 0, "AS": 10, "AST": 3, "AY": 0, "AwayTeam": "Caen", "Date": "2011-10-15", "FTAG": 1, "FTHG": 1, "FTR": "D", "HC": 8, "HF": 18, "HR": 0, "HS": 11, "HST": 4, "HTAG": 0, "HTHG": 1, "HTR": "H", "HY": 0, "HomeTeam": "Brest"},{"AC": 9, "AF": 14, "AR": 0, "AS": 13, "AST": 5, "AY": 4, "AwayTeam": "St Etienne", "Date": "2011-10-15", "FTAG": 2, "FTHG": 1, "FTR": "A", "HC": 8, "HF": 13, "HR": 0, "HS": 12, "HST": 5, "HTAG": 0, "HTHG": 0, "HTR": "D", "HY": 2, "HomeTeam": "Evian Thonon Gaillard"},{"AC": 5, "AF": 16, "AR": 0, "AS": 14, "AST": 6, "AY": 3, "AwayTeam": "Nancy", "Date": "2011-10-15", "FTAG": 1, "FTHG": 3, "FTR": "H", "HC": 4, "HF": 15, "HR": 0, "HS": 10, "HST": 5, "HTAG": 0, "HTHG": 3, "HTR": "H", "HY": 2, "HomeTeam": "Lyon"},{"AC": 7, "AF": 12, "AR": 0, "AS": 15, "AST": 8, "AY": 2, "AwayTeam": "Dijon", "Date": "2011-10-15", "FTAG": 3, "FTHG": 5, "FTR": "H", "HC": 5, "HF": 23, "HR": 0, "HS": 22, "HST": 8, "HTAG": 2, "HTHG": 1, "HTR": "A", "HY": 2, "HomeTeam": "Montpellier"},{"AC": 7, "AF": 14, "AR": 0, "AS": 16, "AST": 3, "AY": 2, "AwayTeam": "Bordeaux", "Date": "2011-10-15", "FTAG": 0, "FTHG": 3, "FTR": "H", "HC": 2, "HF": 18, "HR": 0, "HS": 16, "HST": 6, "HTAG": 0, "HTHG": 2, "HTR": "H", "HY": 0, "HomeTeam": "Nice"},{"AC": 4, "AF": 23, "AR": 1, "AS": 10, "AST": 4, "AY": 3, "AwayTeam": "Marseille", "Date": "2011-10-15", "FTAG": 0, "FTHG": 0, "FTR": "D", "HC": 4, "HF": 19, "HR": 1, "HS": 9, "HST": 1, "HTAG": 0, "HTHG": 0, "HTR": "D", "HY": 2, "HomeTeam": "Toulouse"},{"AC": 8, "AF": 14, "AR": 0, "AS": 21, "AST": 10, "AY": 1, "AwayTeam": "Paris SG", "Date": "2011-10-16", "FTAG": 3, "FTHG": 1, "FTR": "A", "HC": 3, "HF": 12, "HR": 0, "HS": 14, "HST": 4, "HTAG": 1, "HTHG": 1, "HTR": "D", "HY": 3, "HomeTeam": "Ajaccio"},{"AC": 4, "AF": 13, "AR": 0, "AS": 6, "AST": 1, "AY": 2, "AwayTeam": "Lorient", "Date": "2011-10-16", "FTAG": 0, "FTHG": 2, "FTR": "H", "HC": 3, "HF": 16, "HR": 0, "HS": 12, "HST": 7, "HTAG": 0, "HTHG": 1, "HTR": "H", "HY": 1, "HomeTeam": "Rennes"},{"AC": 3, "AF": 17, "AR": 0, "AS": 6, "AST": 3, "AY": 0, "AwayTeam": "Sochaux", "Date": "2011-10-16", "FTAG": 0, "FTHG": 3, "FTR": "H", "HC": 5, "HF": 18, "HR": 0, "HS": 18, "HST": 4, "HTAG": 0, "HTHG": 1, "HTR": "H", "HY": 0, "HomeTeam": "Valenciennes"},{"AC": 0, "AF": 21, "AR": 0, "AS": 5, "AST": 1, "AY": 2, "AwayTeam": "Brest", "Date": "2011-10-22", "FTAG": 1, "FTHG": 1, "FTR": "D", "HC": 12, "HF": 16, "HR": 0, "HS": 17, "HST": 6, "HTAG": 0, "HTHG": 0, "HTR": "D", "HY": 1, "HomeTeam": "Bordeaux"},{"AC": 5, "AF": 12, "AR": 1, "AS": 7, "AST": 4, "AY": 2, "AwayTeam": "Montpellier", "Date": "2011-10-22", "FTAG": 3, "FTHG": 1, "FTR": "A", "HC": 3, "HF": 16, "HR": 1, "HS": 12, "HST": 3, "HTAG": 2, "HTHG": 0, "HTR": "A", "HY": 2, "HomeTeam": "Caen"},{"AC": 3, "AF": 22, "AR": 1, "AS": 8, "AST": 2, "AY": 2, "AwayTeam": "Toulouse", "Date": "2011-10-22", "FTAG": 0, "FTHG": 0, "FTR": "D", "HC": 6, "HF": 11, "HR": 0, "HS": 12, "HST": 7, "HTAG": 0, "HTHG": 0, "HTR": "D", "HY": 1, "HomeTeam": "Lorient"},{"AC": 2, "AF": 20, "AR": 0, "AS": 7, "AST": 3, "AY": 2, "AwayTeam": "Ajaccio", "Date": "2011-10-22", "FTAG": 0, "FTHG": 2, "FTR": "H", "HC": 15, "HF": 21, "HR": 0, "HS": 36, "HST": 15, "HTAG": 0, "HTHG": 1, "HTR": "H", "HY": 2, "HomeTeam": "Marseille"},{"AC": 8, "AF": 23, "AR": 0, "AS": 10, "AST": 2, "AY": 2, "AwayTeam": "Nice", "Date": "2011-10-22", "FTAG": 0, "FTHG": 1, "FTR": "H", "HC": 6, "HF": 21, "HR": 0, "HS": 14, "HST": 2, "HTAG": 0, "HTHG": 0, "HTR": "D", "HY": 3, "HomeTeam": "Nancy"},{"AC": 4, "AF": 21, "AR": 0, "AS": 13, "AST": 3, "AY": 2, "AwayTeam": "Evian Thonon Gaillard", "Date": "2011-10-22", "FTAG": 1, "FTHG": 1, "FTR": "D", "HC": 6, "HF": 13, "HR": 0, "HS": 13, "HST": 6, "HTAG": 0, "HTHG": 0, "HTR": "D", "HY": 1, "HomeTeam": "Sochaux"},{"AC": 4, "AF": 19, "AR": 0, "AS": 15, "AST": 3, "AY": 3, "AwayTeam": "Valenciennes", "Date": "2011-10-22", "FTAG": 0, "FTHG": 1, "FTR": "H", "HC": 3, "HF": 16, "HR": 0, "HS": 10, "HST": 3, "HTAG": 0, "HTHG": 0, "HTR": "D", "HY": 2, "HomeTeam": "St Etienne"},{"AC": 0, "AF": 17, "AR": 0, "AS": 10, "AST": 3, "AY": 1, "AwayTeam": "Rennes", "Date": "2011-10-23", "FTAG": 1, "FTHG": 0, "FTR": "A", "HC": 2, "HF": 17, "HR": 0, "HS": 17, "HST": 3, "HTAG": 0, "HTHG": 0, "HTR": "D", "HY": 1, "HomeTeam": "Auxerre"},{"AC": 4, "AF": 16, "AR": 0, "AS": 14, "AST": 3, "AY": 2, "AwayTeam": "Lyon", "Date": "2011-10-23", "FTAG": 1, "FTHG": 3, "FTR": "H", "HC": 14, "HF": 14, "HR": 0, "HS": 16, "HST": 9, "HTAG": 1, "HTHG": 1, "HTR": "D", "HY": 2, "HomeTeam": "Lille"},{"AC": 4, "AF": 19, "AR": 0, "AS": 11, "AST": 2, "AY": 3, "AwayTeam": "Dijon", "Date": "2011-10-23", "FTAG": 0, "FTHG": 2, "FTR": "H", "HC": 6, "HF": 16, "HR": 0, "HS": 11, "HST": 4, "HTAG": 0, "HTHG": 1, "HTR": "H", "HY": 1, "HomeTeam": "Paris SG"},{"AC": 7, "AF": 15, "AR": 0, "AS": 13, "AST": 5, "AY": 0, "AwayTeam": "Bordeaux", "Date": "2011-10-29", "FTAG": 2, "FTHG": 0, "FTR": "A", "HC": 2, "HF": 22, "HR": 0, "HS": 6, "HST": 1, "HTAG": 2, "HTHG": 0, "HTR": "A", "HY": 2, "HomeTeam": "Ajaccio"},{"AC": 9, "AF": 15, "AR": 0, "AS": 14, "AST": 8, "AY": 4, "AwayTeam": "Lorient", "Date": "2011-10-29", "FTAG": 1, "FTHG": 3, "FTR": "H", "HC": 4, "HF": 18, "HR": 0, "HS": 16, "HST": 5, "HTAG": 0, "HTHG": 3, "HTR": "H", "HY": 3, "HomeTeam": "Brest"},{"AC": 7, "AF": 17, "AR": 0, "AS": 20, "AST": 11, "AY": 3, "AwayTeam": "Marseille", "Date": "2011-10-29", "FTAG": 3, "FTHG": 2, "FTR": "A", "HC": 3, "HF": 11, "HR": 0, "HS": 14, "HST": 7, "HTAG": 2, "HTHG": 0, "HTR": "A", "HY": 2, "HomeTeam": "Dijon"},{"AC": 4, "AF": 17, "AR": 0, "AS": 19, "AST": 7, "AY": 5, "AwayTeam": "Auxerre", "Date": "2011-10-29", "FTAG": 1, "FTHG": 3, "FTR": "H", "HC": 4, "HF": 13, "HR": 0, "HS": 15, "HST": 8, "HTAG": 0, "HTHG": 2, "HTR": "H", "HY": 2, "HomeTeam": "Evian Thonon Gaillard"},{"AC": 10, "AF": 19, "AR": 0, "AS": 11, "AST": 2, "AY": 2, "AwayTeam": "St Etienne", "Date": "2011-10-29", "FTAG": 0, "FTHG": 2, "FTR": "H", "HC": 11, "HF": 13, "HR": 1, "HS": 15, "HST": 5, "HTAG": 0, "HTHG": 0, "HTR": "D", "HY": 0, "HomeTeam": "Lyon"},{"AC": 0, "AF": 18, "AR": 0, "AS": 11, "AST": 2, "AY": 1, "AwayTeam": "Nancy", "Date": "2011-10-29", "FTAG": 0, "FTHG": 2, "FTR": "H", "HC": 3, "HF": 18, "HR": 0, "HS": 15, "HST": 6, "HTAG": 0, "HTHG": 0, "HTR": "D", "HY": 0, "HomeTeam": "Montpellier"},{"AC": 4, "AF": 11, "AR": 1, "AS": 14, "AST": 6, "AY": 4, "AwayTeam": "Caen", "Date": "2011-10-29", "FTAG": 2, "FTHG": 4, "FTR": "H", "HC": 12, "HF": 17, "HR": 0, "HS": 23, "HST": 9, "HTAG": 1, "HTHG": 1, "HTR": "D", "HY": 2, "HomeTeam": "Paris SG"},{"AC": 3, "AF": 23, "AR": 0, "AS": 13, "AST": 2, "AY": 4, "AwayTeam": "Sochaux", "Date": "2011-10-30", "FTAG": 1, "FTHG": 1, "FTR": "D", "HC": 6, "HF": 12, "HR": 1, "HS": 16, "HST": 5, "HTAG": 1, "HTHG": 1, "HTR": "D", "HY": 5, "HomeTeam": "Nice"},{"AC": 4, "AF": 13, "AR": 0, "AS": 14, "AST": 6, "AY": 1, "AwayTeam": "Rennes", "Date": "2011-10-30", "FTAG": 0, "FTHG": 1, "FTR": "H", "HC": 1, "HF": 22, "HR": 1, "HS": 5, "HST": 2, "HTAG": 0, "HTHG": 1, "HTR": "H", "HY": 1, "HomeTeam": "Toulouse"},{"AC": 5, "AF": 12, "AR": 0, "AS": 11, "AST": 4, "AY": 1, "AwayTeam": "Lille", "Date": "2011-10-30", "FTAG": 0, "FTHG": 0, "FTR": "D", "HC": 6, "HF": 20, "HR": 0, "HS": 18, "HST": 5, "HTAG": 0, "HTHG": 0, "HTR": "D", "HY": 1, "HomeTeam": "Valenciennes"},{"AC": 2, "AF": 17, "AR": 0, "AS": 6, "AST": 1, "AY": 4, "AwayTeam": "Evian Thonon Gaillard", "Date": "2011-11-05", "FTAG": 1, "FTHG": 1, "FTR": "D", "HC": 8, "HF": 18, "HR": 0, "HS": 11, "HST": 5, "HTAG": 1, "HTHG": 0, "HTR": "A", "HY": 1, "HomeTeam": "Lille"},{"AC": 4, "AF": 11, "AR": 0, "AS": 10, "AST": 2, "AY": 1, "AwayTeam": "Toulouse", "Date": "2011-11-06", "FTAG": 0, "FTHG": 2, "FTR": "H", "HC": 1, "HF": 13, "HR": 0, "HS": 7, "HST": 7, "HTAG": 0, "HTHG": 0, "HTR": "D", "HY": 2, "HomeTeam": "Auxerre"},{"AC": 6, "AF": 20, "AR": 0, "AS": 7, "AST": 3, "AY": 3, "AwayTeam": "Paris SG", "Date": "2011-11-06", "FTAG": 1, "FTHG": 1, "FTR": "D", "HC": 4, "HF": 11, "HR": 0, "HS": 6, "HST": 3, "HTAG": 1, "HTHG": 1, "HTR": "D", "HY": 1, "HomeTeam": "Bordeaux"},{"AC": 8, "AF": 12, "AR": 0, "AS": 15, "AST": 4, "AY": 2, "AwayTeam": "Dijon", "Date": "2011-11-06", "FTAG": 0, "FTHG": 3, "FTR": "H", "HC": 3, "HF": 16, "HR": 0, "HS": 19, "HST": 5, "HTAG": 0, "HTHG": 1, "HTR": "H", "HY": 1, "HomeTeam": "Caen"},{"AC": 1, "AF": 18, "AR": 0, "AS": 5, "AST": 1, "AY": 2, "AwayTeam": "Ajaccio", "Date": "2011-11-06", "FTAG": 0, "FTHG": 2, "FTR": "H", "HC": 12, "HF": 6, "HR": 0, "HS": 23, "HST": 6, "HTAG": 0, "HTHG": 0, "HTR": "D", "HY": 1, "HomeTeam": "Lorient"},{"AC": 4, "AF": 17, "AR": 0, "AS": 9, "AST": 2, "AY": 4, "AwayTeam": "Nice", "Date": "2011-11-06", "FTAG": 0, "FTHG": 2, "FTR": "H", "HC": 3, "HF": 6, "HR": 0, "HS": 17, "HST": 8, "HTAG": 0, "HTHG": 0, "HTR": "D", "HY": 1, "HomeTeam": "Marseille"},{"AC": 5, "AF": 20, "AR": 0, "AS": 7, "AST": 3, "AY": 2, "AwayTeam": "Brest", "Date": "2011-11-06", "FTAG": 1, "FTHG": 2, "FTR": "H", "HC": 3, "HF": 20, "HR": 0, "HS": 14, "HST": 8, "HTAG": 0, "HTHG": 0, "HTR": "D", "HY": 1, "HomeTeam": "Nancy"},{"AC": 8, "AF": 20, "AR": 0, "AS": 10, "AST": 2, "AY": 4, "AwayTeam": "Valenciennes", "Date": "2011-11-06", "FTAG": 1, "FTHG": 1, "FTR": "D", "HC": 5, "HF": 19, "HR": 0, "HS": 13, "HST": 3, "HTAG": 1, "HTHG": 1, "HTR": "D", "HY": 3, "HomeTeam": "Rennes"},{"AC": 9, "AF": 21, "AR": 0, "AS": 10, "AST": 4, "AY": 2, "AwayTeam": "Lyon", "Date": "2011-11-06", "FTAG": 1, "FTHG": 2, "FTR": "H", "HC": 3, "HF": 17, "HR": 0, "HS": 13, "HST": 3, "HTAG": 1, "HTHG": 2, "HTR": "H", "HY": 2, "HomeTeam": "Sochaux"},{"AC": 4, "AF": 16, "AR": 0, "AS": 14, "AST": 4, "AY": 1, "AwayTeam": "Montpellier", "Date": "2011-11-06", "FTAG": 1, "FTHG": 1, "FTR": "D", "HC": 5, "HF": 20, "HR": 0, "HS": 10, "HST": 3, "HTAG": 0, "HTHG": 1, "HTR": "H", "HY": 2, "HomeTeam": "St Etienne"},{"AC": 8, "AF": 14, "AR": 0, "AS": 14, "AST": 4, "AY": 3, "AwayTeam": "Rennes", "Date": "2011-11-18", "FTAG": 2, "FTHG": 1, "FTR": "A", "HC": 4, "HF": 16, "HR": 0, "HS": 13, "HST": 5, "HTAG": 1, "HTHG": 1, "HTR": "D", "HY": 3, "HomeTeam": "Lyon"},{"AC": 5, "AF": 18, "AR": 0, "AS": 14, "AST": 5, "AY": 1, "AwayTeam": "Lille", "Date": "2011-11-18", "FTAG": 0, "FTHG": 0, "FTR": "D", "HC": 6, "HF": 24, "HR": 0, "HS": 12, "HST": 2, "HTAG": 0, "HTHG": 0, "HTR": "D", "HY": 2, "HomeTeam": "Toulouse"},{"AC": 5, "AF": 21, "AR": 0, "AS": 12, "AST": 4, "AY": 2, "AwayTeam": "Caen", "Date": "2011-11-19", "FTAG": 2, "FTHG": 2, "FTR": "D", "HC": 8, "HF": 19, "HR": 0, "HS": 14, "HST": 3, "HTAG": 0, "HTHG": 0, "HTR": "D", "HY": 4, "HomeTeam": "Ajaccio"},{"AC": 6, "AF": 15, "AR": 0, "AS": 16, "AST": 5, "AY": 2, "AwayTeam": "Bordeaux", "Date": "2011-11-19", "FTAG": 0, "FTHG": 2, "FTR": "H", "HC": 8, "HF": 21, "HR": 1, "HS": 8, "HST": 3, "HTAG": 0, "HTHG": 0, "HTR": "D", "HY": 1, "HomeTeam": "Dijon"},{"AC": 5, "AF": 7, "AR": 0, "AS": 15, "AST": 5, "AY": 2, "AwayTeam": "Lorient", "Date": "2011-11-19", "FTAG": 1, "FTHG": 2, "FTR": "H", "HC": 2, "HF": 22, "HR": 0, "HS": 8, "HST": 3, "HTAG": 0, "HTHG": 1, "HTR": "H", "HY": 3, "HomeTeam": "Evian Thonon Gaillard"},{"AC": 6, "AF": 15, "AR": 0, "AS": 10, "AST": 0, "AY": 2, "AwayTeam": "Marseille", "Date": "2011-11-19", "FTAG": 0, "FTHG": 1, "FTR": "H", "HC": 3, "HF": 14, "HR": 0, "HS": 6, "HST": 1, "HTAG": 0, "HTHG": 0, "HTR": "D", "HY": 3, "HomeTeam": "Montpellier"},{"AC": 11, "AF": 14, "AR": 0, "AS": 7, "AST": 2, "AY": 3, "AwayTeam": "St Etienne", "Date": "2011-11-19", "FTAG": 2, "FTHG": 0, "FTR": "A", "HC": 5, "HF": 14, "HR": 3, "HS": 13, "HST": 6, "HTAG": 2, "HTHG": 0, "HTR": "A", "HY": 3, "HomeTeam": "Nice"},{"AC": 3, "AF": 21, "AR": 1, "AS": 6, "AST": 2, "AY": 3, "AwayTeam": "Sochaux", "Date": "2011-11-20", "FTAG": 0, "FTHG": 2, "FTR": "H", "HC": 6, "HF": 17, "HR": 0, "HS": 11, "HST": 5, "HTAG": 0, "HTHG": 0, "HTR": "D", "HY": 2, "HomeTeam": "Brest"},{"AC": 1, "AF": 21, "AR": 0, "AS": 8, "AST": 7, "AY": 2, "AwayTeam": "Nancy", "Date": "2011-11-20", "FTAG": 1, "FTHG": 0, "FTR": "A", "HC": 9, "HF": 13, "HR": 0, "HS": 27, "HST": 7, "HTAG": 0, "HTHG": 0, "HTR": "D", "HY": 2, "HomeTeam": "Paris SG"},{"AC": 3, "AF": 4, "AR": 0, "AS": 4, "AST": 1, "AY": 0, "AwayTeam": "Auxerre", "Date": "2011-11-20", "FTAG": 1, "FTHG": 2, "FTR": "H", "HC": 9, "HF": 13, "HR": 0, "HS": 19, "HST": 8, "HTAG": 1, "HTHG": 0, "HTR": "A", "HY": 2, "HomeTeam": "Valenciennes"},{"AC": 2, "AF": 20, "AR": 0, "AS": 7, "AST": 1, "AY": 2, "AwayTeam": "Caen", "Date": "2011-11-26", "FTAG": 0, "FTHG": 2, "FTR": "H", "HC": 3, "HF": 15, "HR": 0, "HS": 17, "HST": 4, "HTAG": 0, "HTHG": 0, "HTR": "D", "HY": 1, "HomeTeam": "Bordeaux"},{"AC": 8, "AF": 24, "AR": 0, "AS": 15, "AST": 3, "AY": 2, "AwayTeam": "Brest", "Date": "2011-11-26", "FTAG": 0, "FTHG": 2, "FTR": "H", "HC": 4, "HF": 20, "HR": 0, "HS": 12, "HST": 5, "HTAG": 0, "HTHG": 1, "HTR": "H", "HY": 1, "HomeTeam": "Lille"},{"AC": 4, "AF": 17, "AR": 0, "AS": 12, "AST": 2, "AY": 4, "AwayTeam": "Dijon", "Date": "2011-11-26", "FTAG": 2, "FTHG": 1, "FTR": "A", "HC": 1, "HF": 14, "HR": 0, "HS": 14, "HST": 4, "HTAG": 1, "HTHG": 1, "HTR": "D", "HY": 1, "HomeTeam": "Nancy"},{"AC": 2, "AF": 19, "AR": 0, "AS": 9, "AST": 6, "AY": 3, "AwayTeam": "Evian Thonon Gaillard", "Date": "2011-11-26", "FTAG": 2, "FTHG": 3, "FTR": "H", "HC": 3, "HF": 10, "HR": 1, "HS": 23, "HST": 8, "HTAG": 2, "HTHG": 1, "HTR": "A", "HY": 2, "HomeTeam": "Rennes"},{"AC": 3, "AF": 19, "AR": 0, "AS": 16, "AST": 7, "AY": 0, "AwayTeam": "Montpellier", "Date": "2011-11-26", "FTAG": 3, "FTHG": 1, "FTR": "A", "HC": 7, "HF": 14, "HR": 0, "HS": 10, "HST": 3, "HTAG": 0, "HTHG": 0, "HTR": "D", "HY": 0, "HomeTeam": "Sochaux"},{"AC": 1, "AF": 15, "AR": 1, "AS": 2, "AST": 1, "AY": 1, "AwayTeam": "Ajaccio", "Date": "2011-11-26", "FTAG": 1, "FTHG": 3, "FTR": "H", "HC": 11, "HF": 10, "HR": 0, "HS": 25, "HST": 9, "HTAG": 0, "HTHG": 2, "HTR": "H", "HY": 0, "HomeTeam": "St Etienne"},{"AC": 6, "AF": 18, "AR": 0, "AS": 8, "AST": 0, "AY": 1, "AwayTeam": "Valenciennes", "Date": "2011-11-26", "FTAG": 0, "FTHG": 2, "FTR": "H", "HC": 6, "HF": 16, "HR": 0, "HS": 14, "HST": 5, "HTAG": 0, "HTHG": 1, "HTR": "H", "HY": 1, "HomeTeam": "Toulouse"},{"AC": 4, "AF": 22, "AR": 0, "AS": 10, "AST": 6, "AY": 1, "AwayTeam": "Lyon", "Date": "2011-11-27", "FTAG": 3, "FTHG": 0, "FTR": "A", "HC": 7, "HF": 16, "HR": 0, "HS": 11, "HST": 3, "HTAG": 1, "HTHG": 0, "HTR": "A", "HY": 2, "HomeTeam": "Auxerre"},{"AC": 9, "AF": 23, "AR": 0, "AS": 13, "AST": 5, "AY": 3, "AwayTeam": "Nice", "Date": "2011-11-27", "FTAG": 0, "FTHG": 1, "FTR": "H", "HC": 6, "HF": 7, "HR": 0, "HS": 10, "HST": 3, "HTAG": 0, "HTHG": 0, "HTR": "D", "HY": 1, "HomeTeam": "Lorient"},{"AC": 5, "AF": 23, "AR": 0, "AS": 10, "AST": 0, "AY": 2, "AwayTeam": "Paris SG", "Date": "2011-11-27", "FTAG": 0, "FTHG": 3, "FTR": "H", "HC": 8, "HF": 16, "HR": 0, "HS": 12, "HST": 4, "HTAG": 0, "HTHG": 1, "HTR": "H", "HY": 3, "HomeTeam": "Marseille"},{"AC": 9, "AF": 11, "AR": 0, "AS": 17, "AST": 7, "AY": 2, "AwayTeam": "Marseille", "Date": "2011-12-02", "FTAG": 2, "FTHG": 1, "FTR": "A", "HC": 9, "HF": 23, "HR": 0, "HS": 9, "HST": 2, "HTAG": 1, "HTHG": 1, "HTR": "D", "HY": 2, "HomeTeam": "Caen"},{"AC": 7, "AF": 12, "AR": 0, "AS": 15, "AST": 7, "AY": 2, "AwayTeam": "Lille", "Date": "2011-12-03", "FTAG": 3, "FTHG": 2, "FTR": "A", "HC": 2, "HF": 18, "HR": 0, "HS": 8, "HST": 2, "HTAG": 2, "HTHG": 2, "HTR": "D", "HY": 3, "HomeTeam": "Ajaccio"},{"AC": 5, "AF": 11, "AR": 0, "AS": 14, "AST": 3, "AY": 1, "AwayTeam": "St Etienne", "Date": "2011-12-03", "FTAG": 2, "FTHG": 2, "FTR": "D", "HC": 2, "HF": 13, "HR": 0, "HS": 11, "HST": 4, "HTAG": 1, "HTHG": 2, "HTR": "H", "HY": 3, "HomeTeam": "Brest"},{"AC": 5, "AF": 13, "AR": 1, "AS": 7, "AST": 2, "AY": 1, "AwayTeam": "Sochaux", "Date": "2011-12-03", "FTAG": 0, "FTHG": 0, "FTR": "D", "HC": 3, "HF": 9, "HR": 0, "HS": 16, "HST": 3, "HTAG": 0, "HTHG": 0, "HTR": "D", "HY": 3, "HomeTeam": "Dijon"},{"AC": 5, "AF": 13, "AR": 1, "AS": 10, "AST": 4, "AY": 1, "AwayTeam": "Valenciennes", "Date": "2011-12-03", "FTAG": 1, "FTHG": 2, "FTR": "H", "HC": 4, "HF": 11, "HR": 0, "HS": 18, "HST": 5, "HTAG": 0, "HTHG": 2, "HTR": "H", "HY": 0, "HomeTeam": "Evian Thonon Gaillard"},{"AC": 3, "AF": 15, "AR": 0, "AS": 8, "AST": 1, "AY": 1, "AwayTeam": "Lorient", "Date": "2011-12-03", "FTAG": 0, "FTHG": 4, "FTR": "H", "HC": 4, "HF": 13, "HR": 0, "HS": 12, "HST": 6, "HTAG": 0, "HTHG": 1, "HTR": "H", "HY": 0, "HomeTeam": "Montpellier"},{"AC": 2, "AF": 9, "AR": 1, "AS": 6, "AST": 0, "AY": 1, "AwayTeam": "Rennes", "Date": "2011-12-03", "FTAG": 0, "FTHG": 2, "FTR": "H", "HC": 7, "HF": 22, "HR": 0, "HS": 13, "HST": 4, "HTAG": 0, "HTHG": 2, "HTR": "H", "HY": 1, "HomeTeam": "Nice"},{"AC": 2, "AF": 18, "AR": 0, "AS": 7, "AST": 3, "AY": 0, "AwayTeam": "Nancy", "Date": "2011-12-04", "FTAG": 0, "FTHG": 2, "FTR": "H", "HC": 5, "HF": 21, "HR": 0, "HS": 15, "HST": 6, "HTAG": 0, "HTHG": 1, "HTR": "H", "HY": 0, "HomeTeam": "Bordeaux"},{"AC": 5, "AF": 16, "AR": 0, "AS": 14, "AST": 5, "AY": 2, "AwayTeam": "Toulouse", "Date": "2011-12-04", "FTAG": 2, "FTHG": 3, "FTR": "H", "HC": 4, "HF": 18, "HR": 0, "HS": 16, "HST": 8, "HTAG": 0, "HTHG": 1, "HTR": "H", "HY": 2, "HomeTeam": "Lyon"},{"AC": 2, "AF": 14, "AR": 0, "AS": 8, "AST": 4, "AY": 3, "AwayTeam": "Auxerre", "Date": "2011-12-04", "FTAG": 2, "FTHG": 3, "FTR": "H", "HC": 10, "HF": 14, "HR": 0, "HS": 15, "HST": 4, "HTAG": 0, "HTHG": 0, "HTR": "D", "HY": 2, "HomeTeam": "Paris SG"},{"AC": 1, "AF": 16, "AR": 0, "AS": 5, "AST": 2, "AY": 3, "AwayTeam": "Bordeaux", "Date": "2011-12-10", "FTAG": 0, "FTHG": 0, "FTR": "D", "HC": 3, "HF": 10, "HR": 0, "HS": 17, "HST": 4, "HTAG": 0, "HTHG": 0, "HTR": "D", "HY": 3, "HomeTeam": "Marseille"},{"AC": 6, "AF": 15, "AR": 0, "AS": 7, "AST": 3, "AY": 2, "AwayTeam": "Ajaccio", "Date": "2011-12-10", "FTAG": 2, "FTHG": 2, "FTR": "D", "HC": 8, "HF": 14, "HR": 0, "HS": 21, "HST": 6, "HTAG": 1, "HTHG": 1, "HTR": "D", "HY": 1, "HomeTeam": "Nancy"},{"AC": 4, "AF": 20, "AR": 0, "AS": 10, "AST": 2, "AY": 1, "AwayTeam": "Brest", "Date": "2011-12-10", "FTAG": 1, "FTHG": 1, "FTR": "D", "HC": 6, "HF": 14, "HR": 0, "HS": 16, "HST": 5, "HTAG": 1, "HTHG": 1, "HTR": "D", "HY": 1, "HomeTeam": "Rennes"},{"AC": 5, "AF": 14, "AR": 0, "AS": 20, "AST": 8, "AY": 3, "AwayTeam": "Paris SG", "Date": "2011-12-10", "FTAG": 1, "FTHG": 0, "FTR": "A", "HC": 3, "HF": 14, "HR": 0, "HS": 5, "HST": 2, "HTAG": 1, "HTHG": 0, "HTR": "A", "HY": 1, "HomeTeam": "Sochaux"},{"AC": 7, "AF": 18, "AR": 1, "AS": 6, "AST": 0, "AY": 1, "AwayTeam": "Caen", "Date": "2011-12-10", "FTAG": 0, "FTHG": 2, "FTR": "H", "HC": 7, "HF": 17, "HR": 0, "HS": 23, "HST": 10, "HTAG": 0, "HTHG": 1, "HTR": "H", "HY": 1, "HomeTeam": "St Etienne"},{"AC": 0, "AF": 15, "AR": 0, "AS": 6, "AST": 3, "AY": 2, "AwayTeam": "Evian Thonon Gaillard", "Date": "2011-12-10", "FTAG": 1, "FTHG": 2, "FTR": "H", "HC": 7, "HF": 14, "HR": 0, "HS": 21, "HST": 6, "HTAG": 0, "HTHG": 1, "HTR": "H", "HY": 2, "HomeTeam": "Toulouse"},{"AC": 4, "AF": 18, "AR": 0, "AS": 10, "AST": 3, "AY": 2, "AwayTeam": "Montpellier", "Date": "2011-12-10", "FTAG": 0, "FTHG": 1, "FTR": "H", "HC": 4, "HF": 9, "HR": 0, "HS": 13, "HST": 6, "HTAG": 0, "HTHG": 0, "HTR": "D", "HY": 2, "HomeTeam": "Valenciennes"},{"AC": 5, "AF": 15, "AR": 0, "AS": 9, "AST": 3, "AY": 2, "AwayTeam": "Nice", "Date": "2011-12-11", "FTAG": 1, "FTHG": 2, "FTR": "H", "HC": 4, "HF": 15, "HR": 0, "HS": 15, "HST": 9, "HTAG": 1, "HTHG": 1, "HTR": "D", "HY": 2, "HomeTeam": "Auxerre"},{"AC": 4, "AF": 11, "AR": 0, "AS": 11, "AST": 4, "AY": 1, "AwayTeam": "Dijon", "Date": "2011-12-11", "FTAG": 0, "FTHG": 2, "FTR": "H", "HC": 3, "HF": 15, "HR": 0, "HS": 15, "HST": 5, "HTAG": 0, "HTHG": 1, "HTR": "H", "HY": 2, "HomeTeam": "Lille"},{"AC": 7, "AF": 17, "AR": 0, "AS": 13, "AST": 2, "AY": 2, "AwayTeam": "Lyon", "Date": "2011-12-11", "FTAG": 1, "FTHG": 0, "FTR": "A", "HC": 4, "HF": 15, "HR": 0, "HS": 8, "HST": 2, "HTAG": 0, "HTHG": 0, "HTR": "D", "HY": 2, "HomeTeam": "Lorient"},{"AC": 8, "AF": 12, "AR": 1, "AS": 10, "AST": 1, "AY": 1, "AwayTeam": "Auxerre", "Date": "2011-12-17", "FTAG": 0, "FTHG": 1, "FTR": "H", "HC": 1, "HF": 15, "HR": 0, "HS": 18, "HST": 7, "HTAG": 0, "HTHG": 1, "HTR": "H", "HY": 1, "HomeTeam": "Brest"},{"AC": 1, "AF": null, "AR": 0, "AS": 9, "AST": 3, "AY": 5, "AwayTeam": "Nancy", "Date": "2011-12-17", "FTAG": 2, "FTHG": 1, "FTR": "A", "HC": 8, "HF": null, "HR": 0, "HS": 9, "HST": 1, "HTAG": 1, "HTHG": 0, "HTR": "A", "HY": 2, "HomeTeam": "Caen"},{"AC": 2, "AF": 17, "AR": 0, "AS": 10, "AST": 7, "AY": 1, "AwayTeam": "St Etienne", "Date": "2011-12-17", "FTAG": 2, "FTHG": 1, "FTR": "A", "HC": 9, "HF": 10, "HR": 0, "HS": 7, "HST": 5, "HTAG": 1, "HTHG": 0, "HTR": "A", "HY": 3, "HomeTeam": "Dijon"},{"AC": 4, "AF": 15, "AR": 1, "AS": 7, "AST": 4, "AY": 2, "AwayTeam": "Evian Thonon Gaillard", "Date": "2011-12-17", "FTAG": 1, "FTHG": 2, "FTR": "H", "HC": 8, "HF": 14, "HR": 1, "HS": 19, "HST": 9, "HTAG": 1, "HTHG": 1, "HTR": "D", "HY": 2, "HomeTeam": "Lyon"},{"AC": 4, "AF": 11, "AR": 2, "AS": 3, "AST": 2, "AY": 2, "AwayTeam": "Lorient", "Date": "2011-12-17", "FTAG": 1, "FTHG": 2, "FTR": "H", "HC": 6, "HF": 16, "HR": 0, "HS": 15, "HST": 5, "HTAG": 0, "HTHG": 0, "HTR": "D", "HY": 1, "HomeTeam": "Marseille"},{"AC": 3, "AF": 24, "AR": 1, "AS": 6, "AST": 1, "AY": 2, "AwayTeam": "Toulouse", "Date": "2011-12-17", "FTAG": 1, "FTHG": 1, "FTR": "D", "HC": 3, "HF": 16, "HR": 0, "HS": 21, "HST": 7, "HTAG": 1, "HTHG": 1, "HTR": "D", "HY": 4, "HomeTeam": "Montpellier"},{"AC": 3, "AF": 17, "AR": 0, "AS": 8, "AST": 3, "AY": 2, "AwayTeam": "Valenciennes", "Date": "2011-12-17", "FTAG": 0, "FTHG": 2, "FTR": "H", "HC": 8, "HF": 9, "HR": 0, "HS": 11, "HST": 6, "HTAG": 0, "HTHG": 0, "HTR": "D", "HY": 1, "HomeTeam": "Nice"},{"AC": 3, "AF": 15, "AR": 0, "AS": 12, "AST": 3, "AY": 3, "AwayTeam": "Rennes", "Date": "2011-12-18", "FTAG": 0, "FTHG": 1, "FTR": "H", "HC": 8, "HF": 20, "HR": 0, "HS": 7, "HST": 5, "HTAG": 0, "HTHG": 0, "HTR": "D", "HY": 2, "HomeTeam": "Ajaccio"},{"AC": 1, "AF": 16, "AR": 0, "AS": 6, "AST": 2, "AY": 1, "AwayTeam": "Sochaux", "Date": "2011-12-18", "FTAG": 0, "FTHG": 1, "FTR": "H", "HC": 5, "HF": 21, "HR": 0, "HS": 10, "HST": 5, "HTAG": 0, "HTHG": 1, "HTR": "H", "HY": 0, "HomeTeam": "Bordeaux"},{"AC": 5, "AF": 16, "AR": 0, "AS": 13, "AST": 3, "AY": 1, "AwayTeam": "Lille", "Date": "2011-12-18", "FTAG": 0, "FTHG": 0, "FTR": "D", "HC": 3, "HF": 20, "HR": 0, "HS": 11, "HST": 2, "HTAG": 0, "HTHG": 0, "HTR": "D", "HY": 3, "HomeTeam": "Paris SG"},{"AC": 5, "AF": 17, "AR": 0, "AS": 14, "AST": 3, "AY": 2, "AwayTeam": "Marseille", "Date": "2011-12-20", "FTAG": 3, "FTHG": 1, "FTR": "A", "HC": 7, "HF": 22, "HR": 0, "HS": 7, "HST": 2, "HTAG": 2, "HTHG": 1, "HTR": "A", "HY": 3, "HomeTeam": "Nancy"},{"AC": 3, "AF": 14, "AR": 0, "AS": 6, "AST": 2, "AY": 2, "AwayTeam": "Dijon", "Date": "2011-12-21", "FTAG": 2, "FTHG": 2, "FTR": "D", "HC": 13, "HF": 18, "HR": 0, "HS": 30, "HST": 7, "HTAG": 2, "HTHG": 0, "HTR": "A", "HY": 3, "HomeTeam": "Auxerre"},{"AC": 6, "AF": 20, "AR": 0, "AS": 11, "AST": 7, "AY": 2, "AwayTeam": "Montpellier", "Date": "2011-12-21", "FTAG": 2, "FTHG": 4, "FTR": "H", "HC": 6, "HF": 16, "HR": 0, "HS": 15, "HST": 8, "HTAG": 0, "HTHG": 0, "HTR": "D", "HY": 2, "HomeTeam": "Evian Thonon Gaillard"},{"AC": 7, "AF": 16, "AR": 1, "AS": 14, "AST": 6, "AY": 2, "AwayTeam": "Nice", "Date": "2011-12-21", "FTAG": 4, "FTHG": 4, "FTR": "D", "HC": 9, "HF": 10, "HR": 0, "HS": 29, "HST": 12, "HTAG": 3, "HTHG": 2, "HTR": "A", "HY": 1, "HomeTeam": "Lille"},{"AC": 8, "AF": 23, "AR": 0, "AS": 5, "AST": 2, "AY": 3, "AwayTeam": "Caen", "Date": "2011-12-21", "FTAG": 0, "FTHG": 0, "FTR": "D", "HC": 9, "HF": 11, "HR": 0, "HS": 15, "HST": 4, "HTAG": 0, "HTHG": 0, "HTR": "D", "HY": 0, "HomeTeam": "Lorient"},{"AC": 6, "AF": 12, "AR": 0, "AS": 7, "AST": 0, "AY": 1, "AwayTeam": "Bordeaux", "Date": "2011-12-21", "FTAG": 0, "FTHG": 1, "FTR": "H", "HC": 6, "HF": 16, "HR": 0, "HS": 14, "HST": 8, "HTAG": 0, "HTHG": 0, "HTR": "D", "HY": 2, "HomeTeam": "Rennes"},{"AC": 3, "AF": 14, "AR": 0, "AS": 8, "AST": 4, "AY": 3, "AwayTeam": "Ajaccio", "Date": "2011-12-21", "FTAG": 2, "FTHG": 0, "FTR": "A", "HC": 16, "HF": 19, "HR": 0, "HS": 20, "HST": 3, "HTAG": 0, "HTHG": 0, "HTR": "D", "HY": 1, "HomeTeam": "Sochaux"},{"AC": 6, "AF": 14, "AR": 0, "AS": 18, "AST": 7, "AY": 2, "AwayTeam": "Paris SG", "Date": "2011-12-21", "FTAG": 1, "FTHG": 0, "FTR": "A", "HC": 16, "HF": 16, "HR": 0, "HS": 30, "HST": 8, "HTAG": 1, "HTHG": 0, "HTR": "A", "HY": 1, "HomeTeam": "St Etienne"},{"AC": 1, "AF": 19, "AR": 0, "AS": 5, "AST": 1, "AY": 2, "AwayTeam": "Brest", "Date": "2011-12-21", "FTAG": 0, "FTHG": 0, "FTR": "D", "HC": 9, "HF": 13, "HR": 0, "HS": 20, "HST": 7, "HTAG": 0, "HTHG": 0, "HTR": "D", "HY": 1, "HomeTeam": "Toulouse"},{"AC": 6, "AF": 16, "AR": 0, "AS": 19, "AST": 3, "AY": 2, "AwayTeam": "Lyon", "Date": "2011-12-21", "FTAG": 0, "FTHG": 1, "FTR": "H", "HC": 9, "HF": 7, "HR": 0, "HS": 11, "HST": 1, "HTAG": 0, "HTHG": 1, "HTR": "H", "HY": 0, "HomeTeam": "Valenciennes"},{"AC": 3, "AF": 23, "AR": 1, "AS": 10, "AST": 3, "AY": 2, "AwayTeam": "Auxerre", "Date": "2012-01-14", "FTAG": 1, "FTHG": 2, "FTR": "H", "HC": 3, "HF": 14, "HR": 2, "HS": 9, "HST": 3, "HTAG": 1, "HTHG": 2, "HTR": "H", "HY": 0, "HomeTeam": "Ajaccio"},{"AC": 8, "AF": 17, "AR": 1, "AS": 14, "AST": 6, "AY": 1, "AwayTeam": "Valenciennes", "Date": "2012-01-14", "FTAG": 1, "FTHG": 2, "FTR": "H", "HC": 5, "HF": 11, "HR": 0, "HS": 12, "HST": 8, "HTAG": 0, "HTHG": 2, "HTR": "H", "HY": 1, "HomeTeam": "Bordeaux"},{"AC": 6, "AF": 17, "AR": 0, "AS": 19, "AST": 7, "AY": 2, "AwayTeam": "Nice", "Date": "2012-01-14", "FTAG": 0, "FTHG": 1, "FTR": "H", "HC": 2, "HF": 17, "HR": 0, "HS": 19, "HST": 10, "HTAG": 0, "HTHG": 1, "HTR": "H", "HY": 0, "HomeTeam": "Brest"},{"AC": 1, "AF": 13, "AR": 0, "AS": 12, "AST": 4, "AY": 0, "AwayTeam": "Rennes", "Date": "2012-01-14", "FTAG": 2, "FTHG": 0, "FTR": "A", "HC": 5, "HF": 13, "HR": 0, "HS": 13, "HST": 3, "HTAG": 1, "HTHG": 0, "HTR": "A", "HY": 0, "HomeTeam": "Caen"},{"AC": 3, "AF": 17, "AR": 1, "AS": 4, "AST": 4, "AY": 2, "AwayTeam": "Evian Thonon Gaillard", "Date": "2012-01-14", "FTAG": 1, "FTHG": 3, "FTR": "H", "HC": 2, "HF": 22, "HR": 0, "HS": 10, "HST": 5, "HTAG": 0, "HTHG": 1, "HTR": "H", "HY": 2, "HomeTeam": "Dijon"},{"AC": 2, "AF": 24, "AR": 0, "AS": 3, "AST": 0, "AY": 2, "AwayTeam": "Lyon", "Date": "2012-01-14", "FTAG": 0, "FTHG": 1, "FTR": "H", "HC": 8, "HF": 13, "HR": 0, "HS": 16, "HST": 5, "HTAG": 0, "HTHG": 0, "HTR": "D", "HY": 2, "HomeTeam": "Montpellier"},{"AC": 10, "AF": 9, "AR": 0, "AS": 13, "AST": 3, "AY": 1, "AwayTeam": "Lorient", "Date": "2012-01-14", "FTAG": 2, "FTHG": 2, "FTR": "D", "HC": 3, "HF": 12, "HR": 0, "HS": 5, "HST": 4, "HTAG": 0, "HTHG": 1, "HTR": "H", "HY": 2, "HomeTeam": "Nancy"},{"AC": 8, "AF": 17, "AR": 0, "AS": 8, "AST": 2, "AY": 0, "AwayTeam": "Toulouse", "Date": "2012-01-14", "FTAG": 1, "FTHG": 3, "FTR": "H", "HC": 4, "HF": 14, "HR": 0, "HS": 15, "HST": 9, "HTAG": 0, "HTHG": 1, "HTR": "H", "HY": 0, "HomeTeam": "Paris SG"},{"AC": 6, "AF": 11, "AR": 0, "AS": 8, "AST": 2, "AY": 1, "AwayTeam": "Sochaux", "Date": "2012-01-14", "FTAG": 0, "FTHG": 1, "FTR": "H", "HC": 4, "HF": 20, "HR": 0, "HS": 10, "HST": 3, "HTAG": 0, "HTHG": 0, "HTR": "D", "HY": 1, "HomeTeam": "St Etienne"},{"AC": 4, "AF": 15, "AR": 0, "AS": 10, "AST": 2, "AY": 0, "AwayTeam": "Lille", "Date": "2012-01-15", "FTAG": 0, "FTHG": 2, "FTR": "H", "HC": 0, "HF": 21, "HR": 0, "HS": 12, "HST": 6, "HTAG": 0, "HTHG": 0, "HTR": "D", "HY": 3, "HomeTeam": "Marseille"},{"AC": 5, "AF": 20, "AR": 0, "AS": 15, "AST": 6, "AY": 1, "AwayTeam": "Nancy", "Date": "2012-01-28", "FTAG": 3, "FTHG": 1, "FTR": "A", "HC": 7, "HF": 23, "HR": 0, "HS": 5, "HST": 2, "HTAG": 0, "HTHG": 0, "HTR": "D", "HY": 3, "HomeTeam": "Auxerre"},{"AC": 4, "AF": 10, "AR": 0, "AS": 13, "AST": 7, "AY": 2, "AwayTeam": "Paris SG", "Date": "2012-01-28", "FTAG": 1, "FTHG": 0, "FTR": "A", "HC": 6, "HF": 6, "HR": 0, "HS": 16, "HST": 4, "HTAG": 1, "HTHG": 0, "HTR": "A", "HY": 1, "HomeTeam": "Brest"},{"AC": 1, "AF": 20, "AR": 0, "AS": 4, "AST": 2, "AY": 2, "AwayTeam": "St Etienne", "Date": "2012-01-28", "FTAG": 0, "FTHG": 3, "FTR": "H", "HC": 6, "HF": 14, "HR": 0, "HS": 20, "HST": 8, "HTAG": 0, "HTHG": 0, "HTR": "D", "HY": 1, "HomeTeam": "Lille"},{"AC": 2, "AF": 14, "AR": 0, "AS": 9, "AST": 4, "AY": 1, "AwayTeam": "Sochaux", "Date": "2012-01-28", "FTAG": 1, "FTHG": 1, "FTR": "D", "HC": 8, "HF": 10, "HR": 0, "HS": 14, "HST": 3, "HTAG": 0, "HTHG": 0, "HTR": "D", "HY": 0, "HomeTeam": "Lorient"},{"AC": 2, "AF": 8, "AR": 0, "AS": 6, "AST": 2, "AY": 2, "AwayTeam": "Dijon", "Date": "2012-01-28", "FTAG": 1, "FTHG": 3, "FTR": "H", "HC": 7, "HF": 15, "HR": 0, "HS": 21, "HST": 7, "HTAG": 0, "HTHG": 1, "HTR": "H", "HY": 1, "HomeTeam": "Lyon"},{"AC": 10, "AF": 15, "AR": 0, "AS": 21, "AST": 10, "AY": 1, "AwayTeam": "Montpellier", "Date": "2012-01-28", "FTAG": 1, "FTHG": 0, "FTR": "A", "HC": 6, "HF": 18, "HR": 0, "HS": 7, "HST": 2, "HTAG": 0, "HTHG": 0, "HTR": "D", "HY": 0, "HomeTeam": "Nice"},{"AC": 5, "AF": 16, "AR": 0, "AS": 5, "AST": 1, "AY": 0, "AwayTeam": "Caen", "Date": "2012-01-28", "FTAG": 0, "FTHG": 1, "FTR": "H", "HC": 8, "HF": 16, "HR": 0, "HS": 9, "HST": 1, "HTAG": 0, "HTHG": 1, "HTR": "H", "HY": 1, "HomeTeam": "Toulouse"},{"AC": 3, "AF": 16, "AR": 0, "AS": 10, "AST": 0, "AY": 1, "AwayTeam": "Bordeaux", "Date": "2012-01-29", "FTAG": 0, "FTHG": 0, "FTR": "D", "HC": 1, "HF": 17, "HR": 0, "HS": 8, "HST": 1, "HTAG": 0, "HTHG": 0, "HTR": "D", "HY": 1, "HomeTeam": "Evian Thonon Gaillard"},{"AC": 4, "AF": 13, "AR": 0, "AS": 9, "AST": 2, "AY": 1, "AwayTeam": "Marseille", "Date": "2012-01-29", "FTAG": 2, "FTHG": 1, "FTR": "A", "HC": 4, "HF": 21, "HR": 0, "HS": 8, "HST": 3, "HTAG": 1, "HTHG": 1, "HTR": "D", "HY": 3, "HomeTeam": "Rennes"},{"AC": 3, "AF": 19, "AR": 1, "AS": 7, "AST": 3, "AY": 2, "AwayTeam": "Ajaccio", "Date": "2012-01-29", "FTAG": 2, "FTHG": 1, "FTR": "A", "HC": 13, "HF": 15, "HR": 0, "HS": 17, "HST": 3, "HTAG": 1, "HTHG": 0, "HTR": "A", "HY": 1, "HomeTeam": "Valenciennes"},{"AC": 4, "AF": 17, "AR": 0, "AS": 8, "AST": 2, "AY": 1, "AwayTeam": "Nice", "Date": "2012-02-04", "FTAG": 1, "FTHG": 1, "FTR": "D", "HC": 4, "HF": 10, "HR": 0, "HS": 10, "HST": 1, "HTAG": 0, "HTHG": 0, "HTR": "D", "HY": 0, "HomeTeam": "Ajaccio"},{"AC": 7, "AF": 18, "AR": 1, "AS": 8, "AST": 2, "AY": 3, "AwayTeam": "Toulouse", "Date": "2012-02-04", "FTAG": 0, "FTHG": 2, "FTR": "H", "HC": 2, "HF": 20, "HR": 0, "HS": 13, "HST": 5, "HTAG": 0, "HTHG": 2, "HTR": "H", "HY": 3, "HomeTeam": "Bordeaux"},{"AC": 4, "AF": 17, "AR": 0, "AS": 12, "AST": 2, "AY": 1, "AwayTeam": "Valenciennes", "Date": "2012-02-04", "FTAG": 2, "FTHG": 1, "FTR": "A", "HC": 4, "HF": 12, "HR": 0, "HS": 10, "HST": 3, "HTAG": 2, "HTHG": 0, "HTR": "A", "HY": 1, "HomeTeam": "Dijon"},{"AC": 1, "AF": 24, "AR": 1, "AS": 7, "AST": 3, "AY": 2, "AwayTeam": "Brest", "Date": "2012-02-04", "FTAG": 0, "FTHG": 1, "FTR": "H", "HC": 3, "HF": 11, "HR": 0, "HS": 24, "HST": 9, "HTAG": 0, "HTHG": 1, "HTR": "H", "HY": 1, "HomeTeam": "Montpellier"},{"AC": 2, "AF": 14, "AR": 0, "AS": 10, "AST": 3, "AY": 1, "AwayTeam": "Rennes", "Date": "2012-02-04", "FTAG": 0, "FTHG": 0, "FTR": "D", "HC": 2, "HF": 15, "HR": 0, "HS": 13, "HST": 2, "HTAG": 0, "HTHG": 0, "HTR": "D", "HY": 2, "HomeTeam": "Nancy"},{"AC": 9, "AF": 16, "AR": 0, "AS": 15, "AST": 4, "AY": 2, "AwayTeam": "Evian Thonon Gaillard", "Date": "2012-02-04", "FTAG": 1, "FTHG": 3, "FTR": "H", "HC": 5, "HF": 17, "HR": 0, "HS": 14, "HST": 7, "HTAG": 1, "HTHG": 0, "HTR": "A", "HY": 3, "HomeTeam": "Paris SG"},{"AC": 3, "AF": 16, "AR": 0, "AS": 11, "AST": 5, "AY": 3, "AwayTeam": "Lyon", "Date": "2012-02-05", "FTAG": 2, "FTHG": 2, "FTR": "D", "HC": 5, "HF": 14, "HR": 0, "HS": 19, "HST": 6, "HTAG": 2, "HTHG": 2, "HTR": "D", "HY": 1, "HomeTeam": "Marseille"},{"AC": 2, "AF": 20, "AR": 1, "AS": 4, "AST": 3, "AY": 3, "AwayTeam": "Lorient", "Date": "2012-02-11", "FTAG": 1, "FTHG": 1, "FTR": "D", "HC": 3, "HF": 19, "HR": 0, "HS": 18, "HST": 8, "HTAG": 0, "HTHG": 1, "HTR": "H", "HY": 3, "HomeTeam": "Auxerre"},{"AC": 3, "AF": 17, "AR": 0, "AS": 10, "AST": 4, "AY": 4, "AwayTeam": "Dijon", "Date": "2012-02-11", "FTAG": 1, "FTHG": 1, "FTR": "D", "HC": 3, "HF": 14, "HR": 1, "HS": 14, "HST": 2, "HTAG": 0, "HTHG": 0, "HTR": "D", "HY": 4, "HomeTeam": "Brest"},{"AC": 4, "AF": 32, "AR": 0, "AS": 7, "AST": 3, "AY": 3, "AwayTeam": "Caen", "Date": "2012-02-11", "FTAG": 2, "FTHG": 1, "FTR": "A", "HC": 2, "HF": 16, "HR": 0, "HS": 15, "HST": 4, "HTAG": 1, "HTHG": 0, "HTR": "A", "HY": 2, "HomeTeam": "Lyon"},{"AC": 2, "AF": 22, "AR": 0, "AS": 10, "AST": 1, "AY": 2, "AwayTeam": "Ajaccio", "Date": "2012-02-11", "FTAG": 0, "FTHG": 3, "FTR": "H", "HC": 5, "HF": 21, "HR": 0, "HS": 15, "HST": 7, "HTAG": 0, "HTHG": 0, "HTR": "D", "HY": 1, "HomeTeam": "Montpellier"},{"AC": 3, "AF": 14, "AR": 0, "AS": 3, "AST": 1, "AY": 1, "AwayTeam": "Sochaux", "Date": "2012-02-11", "FTAG": 0, "FTHG": 1, "FTR": "H", "HC": 4, "HF": 16, "HR": 0, "HS": 14, "HST": 1, "HTAG": 0, "HTHG": 1, "HTR": "H", "HY": 0, "HomeTeam": "Rennes"},{"AC": 1, "AF": 18, "AR": 0, "AS": 9, "AST": 1, "AY": 1, "AwayTeam": "Nancy", "Date": "2012-02-11", "FTAG": 0, "FTHG": 1, "FTR": "H", "HC": 10, "HF": 13, "HR": 0, "HS": 19, "HST": 6, "HTAG": 0, "HTHG": 0, "HTR": "D", "HY": 2, "HomeTeam": "Valenciennes"},{"AC": 0, "AF": 17, "AR": 0, "AS": 11, "AST": 7, "AY": 3, "AwayTeam": "Bordeaux", "Date": "2012-02-12", "FTAG": 5, "FTHG": 4, "FTR": "A", "HC": 6, "HF": 13, "HR": 0, "HS": 15, "HST": 7, "HTAG": 2, "HTHG": 1, "HTR": "A", "HY": 1, "HomeTeam": "Lille"},{"AC": 1, "AF": 9, "AR": 0, "AS": 12, "AST": 3, "AY": 2, "AwayTeam": "Paris SG", "Date": "2012-02-12", "FTAG": 0, "FTHG": 0, "FTR": "D", "HC": 11, "HF": 16, "HR": 0, "HS": 11, "HST": 4, "HTAG": 0, "HTHG": 0, "HTR": "D", "HY": 0, "HomeTeam": "Nice"},{"AC": 6, "AF": 12, "AR": 0, "AS": 17, "AST": 8, "AY": 2, "AwayTeam": "St Etienne", "Date": "2012-02-12", "FTAG": 1, "FTHG": 0, "FTR": "A", "HC": 1, "HF": 15, "HR": 0, "HS": 12, "HST": 2, "HTAG": 0, "HTHG": 0, "HTR": "D", "HY": 1, "HomeTeam": "Toulouse"},{"AC": 3, "AF": 17, "AR": 0, "AS": 7, "AST": 2, "AY": 3, "AwayTeam": "Brest", "Date": "2012-02-18", "FTAG": 0, "FTHG": 0, "FTR": "D", "HC": 13, "HF": 17, "HR": 0, "HS": 14, "HST": 4, "HTAG": 0, "HTHG": 0, "HTR": "D", "HY": 4, "HomeTeam": "Ajaccio"},{"AC": 4, "AF": 16, "AR": 0, "AS": 12, "AST": 7, "AY": 2, "AwayTeam": "Evian Thonon Gaillard", "Date": "2012-02-18", "FTAG": 2, "FTHG": 2, "FTR": "D", "HC": 3, "HF": 19, "HR": 0, "HS": 14, "HST": 5, "HTAG": 0, "HTHG": 1, "HTR": "H", "HY": 2, "HomeTeam": "Caen"},{"AC": 6, "AF": 18, "AR": 0, "AS": 8, "AST": 1, "AY": 3, "AwayTeam": "Nice", "Date": "2012-02-18", "FTAG": 0, "FTHG": 3, "FTR": "H", "HC": 4, "HF": 11, "HR": 0, "HS": 7, "HST": 4, "HTAG": 0, "HTHG": 1, "HTR": "H", "HY": 0, "HomeTeam": "Dijon"},{"AC": 3, "AF": 20, "AR": 0, "AS": 10, "AST": 4, "AY": 2, "AwayTeam": "Lille", "Date": "2012-02-18", "FTAG": 1, "FTHG": 0, "FTR": "A", "HC": 4, "HF": 14, "HR": 0, "HS": 9, "HST": 4, "HTAG": 0, "HTHG": 0, "HTR": "D", "HY": 1, "HomeTeam": "Lorient"},{"AC": 5, "AF": 28, "AR": 0, "AS": 4, "AST": 3, "AY": 3, "AwayTeam": "Valenciennes", "Date": "2012-02-18", "FTAG": 1, "FTHG": 1, "FTR": "D", "HC": 7, "HF": 14, "HR": 0, "HS": 21, "HST": 7, "HTAG": 0, "HTHG": 1, "HTR": "H", "HY": 1, "HomeTeam": "Marseille"},{"AC": 7, "AF": 14, "AR": 0, "AS": 17, "AST": 5, "AY": 0, "AwayTeam": "Toulouse", "Date": "2012-02-18", "FTAG": 3, "FTHG": 0, "FTR": "A", "HC": 0, "HF": 17, "HR": 0, "HS": 9, "HST": 3, "HTAG": 2, "HTHG": 0, "HTR": "A", "HY": 0, "HomeTeam": "Nancy"},{"AC": 7, "AF": 16, "AR": 0, "AS": 7, "AST": 2, "AY": 1, "AwayTeam": "Auxerre", "Date": "2012-02-18", "FTAG": 0, "FTHG": 0, "FTR": "D", "HC": 4, "HF": 9, "HR": 0, "HS": 12, "HST": 2, "HTAG": 0, "HTHG": 0, "HTR": "D", "HY": 1, "HomeTeam": "Sochaux"},{"AC": 0, "AF": 18, "AR": 0, "AS": 6, "AST": 3, "AY": 2, "AwayTeam": "Lyon", "Date": "2012-02-19", "FTAG": 0, "FTHG": 1, "FTR": "H", "HC": 2, "HF": 11, "HR": 0, "HS": 9, "HST": 2, "HTAG": 0, "HTHG": 1, "HTR": "H", "HY": 2, "HomeTeam": "Bordeaux"},{"AC": 6, "AF": 17, "AR": 0, "AS": 15, "AST": 7, "AY": 2, "AwayTeam": "Montpellier", "Date": "2012-02-19", "FTAG": 2, "FTHG": 2, "FTR": "D", "HC": 4, "HF": 14, "HR": 0, "HS": 14, "HST": 4, "HTAG": 1, "HTHG": 1, "HTR": "D", "HY": 3, "HomeTeam": "Paris SG"},{"AC": 8, "AF": 11, "AR": 0, "AS": 14, "AST": 3, "AY": 1, "AwayTeam": "Rennes", "Date": "2012-02-19", "FTAG": 0, "FTHG": 4, "FTR": "H", "HC": 3, "HF": 14, "HR": 0, "HS": 14, "HST": 6, "HTAG": 0, "HTHG": 1, "HTR": "H", "HY": 1, "HomeTeam": "St Etienne"},{"AC": 4, "AF": 17, "AR": 0, "AS": 13, "AST": 5, "AY": 1, "AwayTeam": "Auxerre", "Date": "2012-02-22", "FTAG": 1, "FTHG": 2, "FTR": "H", "HC": 6, "HF": 16, "HR": 0, "HS": 17, "HST": 6, "HTAG": 0, "HTHG": 0, "HTR": "D", "HY": 2, "HomeTeam": "Caen"},{"AC": 5, "AF": 14, "AR": 0, "AS": 16, "AST": 5, "AY": 1, "AwayTeam": "Lille", "Date": "2012-02-22", "FTAG": 1, "FTHG": 0, "FTR": "A", "HC": 5, "HF": 18, "HR": 0, "HS": 12, "HST": 4, "HTAG": 0, "HTHG": 0, "HTR": "D", "HY": 2, "HomeTeam": "Sochaux"},{"AC": 4, "AF": 9, "AR": 0, "AS": 7, "AST": 5, "AY": 2, "AwayTeam": "Lorient", "Date": "2012-02-22", "FTAG": 2, "FTHG": 4, "FTR": "H", "HC": 6, "HF": 15, "HR": 0, "HS": 16, "HST": 10, "HTAG": 0, "HTHG": 0, "HTR": "D", "HY": 3, "HomeTeam": "St Etienne"},{"AC": 4, "AF": 22, "AR": 0, "AS": 12, "AST": 5, "AY": 2, "AwayTeam": "Dijon", "Date": "2012-02-25", "FTAG": 1, "FTHG": 2, "FTR": "H", "HC": 6, "HF": 15, "HR": 0, "HS": 13, "HST": 4, "HTAG": 0, "HTHG": 0, "HTR": "D", "HY": 1, "HomeTeam": "Ajaccio"},{"AC": 6, "AF": 14, "AR": 0, "AS": 6, "AST": 1, "AY": 3, "AwayTeam": "St Etienne", "Date": "2012-02-25", "FTAG": 0, "FTHG": 0, "FTR": "D", "HC": 4, "HF": 13, "HR": 0, "HS": 9, "HST": 6, "HTAG": 0, "HTHG": 0, "HTR": "D", "HY": 0, "HomeTeam": "Auxerre"},{"AC": 8, "AF": 18, "AR": 0, "AS": 15, "AST": 4, "AY": 3, "AwayTeam": "Nancy", "Date": "2012-02-25", "FTAG": 0, "FTHG": 2, "FTR": "H", "HC": 8, "HF": 15, "HR": 0, "HS": 7, "HST": 6, "HTAG": 0, "HTHG": 2, "HTR": "H", "HY": 2, "HomeTeam": "Evian Thonon Gaillard"},{"AC": 9, "AF": 11, "AR": 0, "AS": 20, "AST": 8, "AY": 3, "AwayTeam": "Paris SG", "Date": "2012-02-25", "FTAG": 4, "FTHG": 4, "FTR": "D", "HC": 7, "HF": 17, "HR": 0, "HS": 15, "HST": 8, "HTAG": 2, "HTHG": 3, "HTR": "H", "HY": 3, "HomeTeam": "Lyon"},{"AC": 5, "AF": 10, "AR": 0, "AS": 7, "AST": 2, "AY": 0, "AwayTeam": "Bordeaux", "Date": "2012-02-25", "FTAG": 0, "FTHG": 1, "FTR": "H", "HC": 7, "HF": 16, "HR": 0, "HS": 15, "HST": 3, "HTAG": 0, "HTHG": 0, "HTR": "D", "HY": 2, "HomeTeam": "Montpellier"},{"AC": 4, "AF": 21, "AR": 1, "AS": 12, "AST": 1, "AY": 2, "AwayTeam": "Caen", "Date": "2012-02-25", "FTAG": 0, "FTHG": 1, "FTR": "H", "HC": 4, "HF": 18, "HR": 0, "HS": 9, "HST": 4, "HTAG": 0, "HTHG": 0, "HTR": "D", "HY": 1, "HomeTeam": "Nice"},{"AC": 2, "AF": 10, "AR": 0, "AS": 15, "AST": 4, "AY": 1, "AwayTeam": "Lorient", "Date": "2012-02-25", "FTAG": 0, "FTHG": 2, "FTR": "H", "HC": 6, "HF": 16, "HR": 0, "HS": 13, "HST": 5, "HTAG": 0, "HTHG": 0, "HTR": "D", "HY": 0, "HomeTeam": "Valenciennes"},{"AC": 13, "AF": 11, "AR": 0, "AS": 22, "AST": 5, "AY": 2, "AwayTeam": "Marseille", "Date": "2012-02-26", "FTAG": 0, "FTHG": 1, "FTR": "H", "HC": 8, "HF": 24, "HR": 0, "HS": 7, "HST": 4, "HTAG": 0, "HTHG": 1, "HTR": "H", "HY": 1, "HomeTeam": "Brest"},{"AC": 4, "AF": 11, "AR": 0, "AS": 18, "AST": 8, "AY": 3, "AwayTeam": "Lille", "Date": "2012-02-26", "FTAG": 1, "FTHG": 1, "FTR": "D", "HC": 4, "HF": 17, "HR": 1, "HS": 14, "HST": 6, "HTAG": 1, "HTHG": 0, "HTR": "A", "HY": 2, "HomeTeam": "Rennes"},{"AC": 5, "AF": 14, "AR": 0, "AS": 12, "AST": 6, "AY": 1, "AwayTeam": "Sochaux", "Date": "2012-02-26", "FTAG": 0, "FTHG": 2, "FTR": "H", "HC": 9, "HF": 31, "HR": 0, "HS": 21, "HST": 11, "HTAG": 0, "HTHG": 1, "HTR": "H", "HY": 3, "HomeTeam": "Toulouse"},{"AC": 1, "AF": 14, "AR": 0, "AS": 8, "AST": 6, "AY": 4, "AwayTeam": "Nice", "Date": "2012-03-03", "FTAG": 2, "FTHG": 1, "FTR": "A", "HC": 7, "HF": 13, "HR": 0, "HS": 13, "HST": 3, "HTAG": 2, "HTHG": 0, "HTR": "A", "HY": 1, "HomeTeam": "Bordeaux"},{"AC": 8, "AF": 13, "AR": 0, "AS": 13, "AST": 3, "AY": 1, "AwayTeam": "Montpellier", "Date": "2012-03-03", "FTAG": 1, "FTHG": 1, "FTR": "D", "HC": 1, "HF": 23, "HR": 0, "HS": 9, "HST": 2, "HTAG": 0, "HTHG": 0, "HTR": "D", "HY": 3, "HomeTeam": "Dijon"},{"AC": 3, "AF": 24, "AR": 1, "AS": 6, "AST": 3, "AY": 4, "AwayTeam": "Auxerre", "Date": "2012-03-03", "FTAG": 2, "FTHG": 2, "FTR": "D", "HC": 2, "HF": 9, "HR": 1, "HS": 12, "HST": 3, "HTAG": 0, "HTHG": 1, "HTR": "H", "HY": 1, "HomeTeam": "Lille"},{"AC": 5, "AF": 25, "AR": 0, "AS": 8, "AST": 2, "AY": 3, "AwayTeam": "Toulouse", "Date": "2012-03-03", "FTAG": 1, "FTHG": 0, "FTR": "A", "HC": 3, "HF": 15, "HR": 0, "HS": 13, "HST": 4, "HTAG": 0, "HTHG": 0, "HTR": "D", "HY": 1, "HomeTeam": "Marseille"},{"AC": 8, "AF": 14, "AR": 0, "AS": 8, "AST": 1, "AY": 0, "AwayTeam": "Lyon", "Date": "2012-03-03", "FTAG": 0, "FTHG": 2, "FTR": "H", "HC": 2, "HF": 15, "HR": 0, "HS": 14, "HST": 4, "HTAG": 0, "HTHG": 0, "HTR": "D", "HY": 0, "HomeTeam": "Nancy"},{"AC": 1, "AF": 20, "AR": 0, "AS": 8, "AST": 2, "AY": 1, "AwayTeam": "Valenciennes", "Date": "2012-03-03", "FTAG": 1, "FTHG": 1, "FTR": "D", "HC": 8, "HF": 11, "HR": 0, "HS": 18, "HST": 4, "HTAG": 0, "HTHG": 0, "HTR": "D", "HY": 0, "HomeTeam": "Sochaux"},{"AC": 8, "AF": 11, "AR": 0, "AS": 13, "AST": 4, "AY": 0, "AwayTeam": "Evian Thonon Gaillard", "Date": "2012-03-03", "FTAG": 2, "FTHG": 0, "FTR": "A", "HC": 6, "HF": 3, "HR": 0, "HS": 18, "HST": 5, "HTAG": 1, "HTHG": 0, "HTR": "A", "HY": 0, "HomeTeam": "St Etienne"},{"AC": 2, "AF": 13, "AR": 1, "AS": 13, "AST": 1, "AY": 2, "AwayTeam": "Brest", "Date": "2012-03-04", "FTAG": 0, "FTHG": 0, "FTR": "D", "HC": 6, "HF": 16, "HR": 0, "HS": 23, "HST": 6, "HTAG": 0, "HTHG": 0, "HTR": "D", "HY": 1, "HomeTeam": "Caen"},{"AC": 3, "AF": 16, "AR": 0, "AS": 9, "AST": 5, "AY": 0, "AwayTeam": "Rennes", "Date": "2012-03-04", "FTAG": 2, "FTHG": 0, "FTR": "A", "HC": 6, "HF": 13, "HR": 0, "HS": 13, "HST": 2, "HTAG": 1, "HTHG": 0, "HTR": "A", "HY": 2, "HomeTeam": "Lorient"},{"AC": 3, "AF": 22, "AR": 0, "AS": 9, "AST": 4, "AY": 3, "AwayTeam": "Ajaccio", "Date": "2012-03-04", "FTAG": 1, "FTHG": 4, "FTR": "H", "HC": 2, "HF": 11, "HR": 0, "HS": 18, "HST": 7, "HTAG": 1, "HTHG": 2, "HTR": "H", "HY": 1, "HomeTeam": "Paris SG"},{"AC": 2, "AF": 10, "AR": 0, "AS": 12, "AST": 5, "AY": 1, "AwayTeam": "Marseille", "Date": "2012-03-06", "FTAG": 0, "FTHG": 2, "FTR": "H", "HC": 5, "HF": 22, "HR": 0, "HS": 11, "HST": 4, "HTAG": 0, "HTHG": 2, "HTR": "H", "HY": 1, "HomeTeam": "Evian Thonon Gaillard"},{"AC": 4, "AF": 14, "AR": 0, "AS": 19, "AST": 4, "AY": 2, "AwayTeam": "Marseille", "Date": "2012-03-09", "FTAG": 0, "FTHG": 1, "FTR": "H", "HC": 2, "HF": 25, "HR": 0, "HS": 11, "HST": 5, "HTAG": 0, "HTHG": 0, "HTR": "D", "HY": 5, "HomeTeam": "Ajaccio"},{"AC": 3, "AF": 8, "AR": 0, "AS": 22, "AST": 5, "AY": 1, "AwayTeam": "Bordeaux", "Date": "2012-03-10", "FTAG": 2, "FTHG": 0, "FTR": "A", "HC": 0, "HF": 14, "HR": 0, "HS": 10, "HST": 2, "HTAG": 1, "HTHG": 0, "HTR": "A", "HY": 1, "HomeTeam": "Brest"},{"AC": 3, "AF": 10, "AR": 0, "AS": 7, "AST": 5, "AY": 2, "AwayTeam": "Sochaux", "Date": "2012-03-10", "FTAG": 3, "FTHG": 2, "FTR": "A", "HC": 7, "HF": 13, "HR": 0, "HS": 11, "HST": 4, "HTAG": 2, "HTHG": 1, "HTR": "A", "HY": 2, "HomeTeam": "Evian Thonon Gaillard"},{"AC": 8, "AF": 19, "AR": 0, "AS": 16, "AST": 4, "AY": 1, "AwayTeam": "Lille", "Date": "2012-03-10", "FTAG": 1, "FTHG": 2, "FTR": "H", "HC": 4, "HF": 18, "HR": 1, "HS": 6, "HST": 3, "HTAG": 1, "HTHG": 2, "HTR": "H", "HY": 1, "HomeTeam": "Lyon"},{"AC": 4, "AF": 13, "AR": 0, "AS": 12, "AST": 4, "AY": 3, "AwayTeam": "Nancy", "Date": "2012-03-10", "FTAG": 1, "FTHG": 1, "FTR": "D", "HC": 10, "HF": 19, "HR": 0, "HS": 14, "HST": 4, "HTAG": 1, "HTHG": 1, "HTR": "D", "HY": 1, "HomeTeam": "Nice"},{"AC": 7, "AF": 16, "AR": 0, "AS": 14, "AST": 7, "AY": 2, "AwayTeam": "Lorient", "Date": "2012-03-10", "FTAG": 1, "FTHG": 1, "FTR": "D", "HC": 11, "HF": 17, "HR": 0, "HS": 11, "HST": 6, "HTAG": 0, "HTHG": 0, "HTR": "D", "HY": 1, "HomeTeam": "Toulouse"},{"AC": 1, "AF": 13, "AR": 1, "AS": 9, "AST": 6, "AY": 0, "AwayTeam": "St Etienne", "Date": "2012-03-10", "FTAG": 2, "FTHG": 1, "FTR": "A", "HC": 7, "HF": 10, "HR": 1, "HS": 16, "HST": 9, "HTAG": 0, "HTHG": 0, "HTR": "D", "HY": 1, "HomeTeam": "Valenciennes"},{"AC": 5, "AF": 18, "AR": 1, "AS": 13, "AST": 5, "AY": 2, "AwayTeam": "Paris SG", "Date": "2012-03-11", "FTAG": 2, "FTHG": 1, "FTR": "A", "HC": 5, "HF": 16, "HR": 0, "HS": 10, "HST": 3, "HTAG": 0, "HTHG": 0, "HTR": "D", "HY": 2, "HomeTeam": "Dijon"},{"AC": 8, "AF": 20, "AR": 0, "AS": 9, "AST": 1, "AY": 2, "AwayTeam": "Caen", "Date": "2012-03-11", "FTAG": 0, "FTHG": 3, "FTR": "H", "HC": 9, "HF": 13, "HR": 0, "HS": 34, "HST": 14, "HTAG": 0, "HTHG": 0, "HTR": "D", "HY": 1, "HomeTeam": "Montpellier"},{"AC": 1, "AF": 17, "AR": 0, "AS": 5, "AST": 1, "AY": 5, "AwayTeam": "Auxerre", "Date": "2012-03-11", "FTAG": 1, "FTHG": 1, "FTR": "D", "HC": 9, "HF": 8, "HR": 0, "HS": 31, "HST": 7, "HTAG": 1, "HTHG": 0, "HTR": "A", "HY": 1, "HomeTeam": "Rennes"},{"AC": 2, "AF": 13, "AR": 0, "AS": 6, "AST": 2, "AY": 2, "AwayTeam": "Evian Thonon Gaillard", "Date": "2012-03-17", "FTAG": 2, "FTHG": 0, "FTR": "A", "HC": 6, "HF": 11, "HR": 0, "HS": 11, "HST": 4, "HTAG": 1, "HTHG": 0, "HTR": "A", "HY": 2, "HomeTeam": "Auxerre"},{"AC": 6, "AF": 13, "AR": 0, "AS": 6, "AST": 2, "AY": 1, "AwayTeam": "Ajaccio", "Date": "2012-03-17", "FTAG": 1, "FTHG": 1, "FTR": "D", "HC": 7, "HF": 12, "HR": 0, "HS": 18, "HST": 4, "HTAG": 0, "HTHG": 0, "HTR": "D", "HY": 3, "HomeTeam": "Bordeaux"},{"AC": 4, "AF": 19, "AR": 0, "AS": 11, "AST": 4, "AY": 6, "AwayTeam": "Paris SG", "Date": "2012-03-17", "FTAG": 2, "FTHG": 2, "FTR": "D", "HC": 8, "HF": 16, "HR": 0, "HS": 20, "HST": 8, "HTAG": 0, "HTHG": 0, "HTR": "D", "HY": 2, "HomeTeam": "Caen"},{"AC": 1, "AF": 17, "AR": 0, "AS": 8, "AST": 1, "AY": 1, "AwayTeam": "Brest", "Date": "2012-03-17", "FTAG": 1, "FTHG": 2, "FTR": "H", "HC": 3, "HF": 11, "HR": 0, "HS": 14, "HST": 4, "HTAG": 1, "HTHG": 0, "HTR": "A", "HY": 1, "HomeTeam": "Lorient"},{"AC": 5, "AF": 24, "AR": 0, "AS": 7, "AST": 5, "AY": 2, "AwayTeam": "Dijon", "Date": "2012-03-17", "FTAG": 2, "FTHG": 1, "FTR": "A", "HC": 7, "HF": 14, "HR": 1, "HS": 21, "HST": 4, "HTAG": 1, "HTHG": 1, "HTR": "D", "HY": 2, "HomeTeam": "Marseille"},{"AC": 3, "AF": 10, "AR": 2, "AS": 9, "AST": 0, "AY": 1, "AwayTeam": "Montpellier", "Date": "2012-03-17", "FTAG": 0, "FTHG": 1, "FTR": "H", "HC": 3, "HF": 11, "HR": 0, "HS": 16, "HST": 4, "HTAG": 0, "HTHG": 0, "HTR": "D", "HY": 0, "HomeTeam": "Nancy"},{"AC": 7, "AF": 12, "AR": 0, "AS": 18, "AST": 10, "AY": 3, "AwayTeam": "Lyon", "Date": "2012-03-17", "FTAG": 1, "FTHG": 0, "FTR": "A", "HC": 4, "HF": 14, "HR": 0, "HS": 4, "HST": 2, "HTAG": 0, "HTHG": 0, "HTR": "D", "HY": 3, "HomeTeam": "St Etienne"},{"AC": 4, "AF": 20, "AR": 0, "AS": 4, "AST": 2, "AY": 3, "AwayTeam": "Valenciennes", "Date": "2012-03-18", "FTAG": 0, "FTHG": 4, "FTR": "H", "HC": 6, "HF": 8, "HR": 0, "HS": 20, "HST": 7, "HTAG": 0, "HTHG": 1, "HTR": "H", "HY": 1, "HomeTeam": "Lille"},{"AC": 7, "AF": 20, "AR": 0, "AS": 15, "AST": 4, "AY": 4, "AwayTeam": "Toulouse", "Date": "2012-03-18", "FTAG": 1, "FTHG": 0, "FTR": "A", "HC": 8, "HF": 15, "HR": 0, "HS": 12, "HST": 5, "HTAG": 1, "HTHG": 0, "HTR": "A", "HY": 2, "HomeTeam": "Rennes"},{"AC": 5, "AF": 15, "AR": 0, "AS": 13, "AST": 4, "AY": 0, "AwayTeam": "Nice", "Date": "2012-03-18", "FTAG": 0, "FTHG": 2, "FTR": "H", "HC": 10, "HF": 11, "HR": 0, "HS": 15, "HST": 5, "HTAG": 0, "HTHG": 1, "HTR": "H", "HY": 1, "HomeTeam": "Sochaux"},{"AC": 6, "AF": 11, "AR": 0, "AS": 11, "AST": 3, "AY": 2, "AwayTeam": "Lorient", "Date": "2012-03-24", "FTAG": 1, "FTHG": 1, "FTR": "D", "HC": 5, "HF": 16, "HR": 0, "HS": 16, "HST": 7, "HTAG": 1, "HTHG": 0, "HTR": "A", "HY": 3, "HomeTeam": "Ajaccio"},{"AC": 3, "AF": 16, "AR": 0, "AS": 14, "AST": 3, "AY": 1, "AwayTeam": "Nancy", "Date": "2012-03-24", "FTAG": 1, "FTHG": 0, "FTR": "A", "HC": 8, "HF": 11, "HR": 0, "HS": 12, "HST": 1, "HTAG": 1, "HTHG": 0, "HTR": "A", "HY": 3, "HomeTeam": "Brest"},{"AC": 5, "AF": 14, "AR": 0, "AS": 11, "AST": 6, "AY": 4, "AwayTeam": "Lille", "Date": "2012-03-24", "FTAG": 3, "FTHG": 0, "FTR": "A", "HC": 1, "HF": 22, "HR": 0, "HS": 7, "HST": 2, "HTAG": 1, "HTHG": 0, "HTR": "A", "HY": 2, "HomeTeam": "Evian Thonon Gaillard"},{"AC": 5, "AF": 7, "AR": 0, "AS": 10, "AST": 6, "AY": 0, "AwayTeam": "Sochaux", "Date": "2012-03-24", "FTAG": 1, "FTHG": 2, "FTR": "H", "HC": 2, "HF": 14, "HR": 0, "HS": 12, "HST": 4, "HTAG": 0, "HTHG": 1, "HTR": "H", "HY": 1, "HomeTeam": "Lyon"},{"AC": 4, "AF": 12, "AR": 1, "AS": 14, "AST": 3, "AY": 1, "AwayTeam": "St Etienne", "Date": "2012-03-24", "FTAG": 0, "FTHG": 1, "FTR": "H", "HC": 15, "HF": 13, "HR": 0, "HS": 20, "HST": 7, "HTAG": 0, "HTHG": 0, "HTR": "D", "HY": 5, "HomeTeam": "Montpellier"},{"AC": 2, "AF": 19, "AR": 1, "AS": 2, "AST": 1, "AY": 3, "AwayTeam": "Marseille", "Date": "2012-03-24", "FTAG": 1, "FTHG": 1, "FTR": "D", "HC": 16, "HF": 21, "HR": 0, "HS": 24, "HST": 5, "HTAG": 0, "HTHG": 0, "HTR": "D", "HY": 3, "HomeTeam": "Nice"},{"AC": 7, "AF": 15, "AR": 0, "AS": 15, "AST": 1, "AY": 1, "AwayTeam": "Rennes", "Date": "2012-03-24", "FTAG": 0, "FTHG": 1, "FTR": "H", "HC": 6, "HF": 25, "HR": 0, "HS": 5, "HST": 2, "HTAG": 0, "HTHG": 1, "HTR": "H", "HY": 2, "HomeTeam": "Valenciennes"},{"AC": 2, "AF": 16, "AR": 0, "AS": 10, "AST": 2, "AY": 4, "AwayTeam": "Caen", "Date": "2012-03-25", "FTAG": 0, "FTHG": 2, "FTR": "H", "HC": 2, "HF": 18, "HR": 0, "HS": 10, "HST": 4, "HTAG": 0, "HTHG": 1, "HTR": "H", "HY": 1, "HomeTeam": "Dijon"},{"AC": 1, "AF": 17, "AR": 0, "AS": 16, "AST": 5, "AY": 2, "AwayTeam": "Bordeaux", "Date": "2012-03-25", "FTAG": 1, "FTHG": 1, "FTR": "D", "HC": 6, "HF": 17, "HR": 0, "HS": 18, "HST": 3, "HTAG": 0, "HTHG": 0, "HTR": "D", "HY": 1, "HomeTeam": "Paris SG"},{"AC": 1, "AF": 18, "AR": 0, "AS": 5, "AST": 1, "AY": 0, "AwayTeam": "Auxerre", "Date": "2012-03-25", "FTAG": 0, "FTHG": 1, "FTR": "H", "HC": 7, "HF": 11, "HR": 0, "HS": 12, "HST": 2, "HTAG": 0, "HTHG": 1, "HTR": "H", "HY": 0, "HomeTeam": "Toulouse"},{"AC": 5, "AF": 13, "AR": 0, "AS": 10, "AST": 2, "AY": 1, "AwayTeam": "Valenciennes", "Date": "2012-03-31", "FTAG": 0, "FTHG": 2, "FTR": "H", "HC": 5, "HF": 18, "HR": 0, "HS": 16, "HST": 3, "HTAG": 0, "HTHG": 1, "HTR": "H", "HY": 1, "HomeTeam": "Auxerre"},{"AC": 4, "AF": 17, "AR": 0, "AS": 11, "AST": 1, "AY": 2, "AwayTeam": "Dijon", "Date": "2012-03-31", "FTAG": 1, "FTHG": 1, "FTR": "D", "HC": 10, "HF": 19, "HR": 0, "HS": 15, "HST": 6, "HTAG": 0, "HTHG": 0, "HTR": "D", "HY": 1, "HomeTeam": "Bordeaux"},{"AC": 4, "AF": 17, "AR": 0, "AS": 6, "AST": 3, "AY": 2, "AwayTeam": "Evian Thonon Gaillard", "Date": "2012-03-31", "FTAG": 1, "FTHG": 0, "FTR": "A", "HC": 5, "HF": 14, "HR": 0, "HS": 7, "HST": 2, "HTAG": 1, "HTHG": 0, "HTR": "A", "HY": 2, "HomeTeam": "Lorient"},{"AC": 5, "AF": 19, "AR": 0, "AS": 15, "AST": 5, "AY": 3, "AwayTeam": "Paris SG", "Date": "2012-03-31", "FTAG": 1, "FTHG": 2, "FTR": "H", "HC": 3, "HF": 14, "HR": 0, "HS": 13, "HST": 6, "HTAG": 0, "HTHG": 1, "HTR": "H", "HY": 1, "HomeTeam": "Nancy"},{"AC": 0, "AF": 19, "AR": 0, "AS": 7, "AST": 3, "AY": 2, "AwayTeam": "Brest", "Date": "2012-03-31", "FTAG": 1, "FTHG": 2, "FTR": "H", "HC": 6, "HF": 13, "HR": 0, "HS": 17, "HST": 5, "HTAG": 1, "HTHG": 0, "HTR": "A", "HY": 1, "HomeTeam": "Sochaux"},{"AC": 5, "AF": 18, "AR": 0, "AS": 10, "AST": 4, "AY": 1, "AwayTeam": "Nice", "Date": "2012-03-31", "FTAG": 3, "FTHG": 2, "FTR": "A", "HC": 7, "HF": 10, "HR": 0, "HS": 13, "HST": 6, "HTAG": 1, "HTHG": 2, "HTR": "H", "HY": 1, "HomeTeam": "St Etienne"},{"AC": 5, "AF": 14, "AR": 0, "AS": 6, "AST": 4, "AY": 4, "AwayTeam": "Ajaccio", "Date": "2012-04-01", "FTAG": 0, "FTHG": 0, "FTR": "D", "HC": 6, "HF": 26, "HR": 0, "HS": 14, "HST": 2, "HTAG": 0, "HTHG": 0, "HTR": "D", "HY": 1, "HomeTeam": "Caen"},{"AC": 4, "AF": 23, "AR": 1, "AS": 12, "AST": 3, "AY": 3, "AwayTeam": "Toulouse", "Date": "2012-04-01", "FTAG": 1, "FTHG": 2, "FTR": "H", "HC": 6, "HF": 15, "HR": 0, "HS": 18, "HST": 5, "HTAG": 0, "HTHG": 2, "HTR": "H", "HY": 2, "HomeTeam": "Lille"},{"AC": 3, "AF": 14, "AR": 0, "AS": 7, "AST": 2, "AY": 1, "AwayTeam": "Lyon", "Date": "2012-04-01", "FTAG": 1, "FTHG": 1, "FTR": "D", "HC": 4, "HF": 13, "HR": 0, "HS": 19, "HST": 4, "HTAG": 0, "HTHG": 1, "HTR": "H", "HY": 1, "HomeTeam": "Rennes"},{"AC": 5, "AF": 23, "AR": 0, "AS": 8, "AST": 4, "AY": 3, "AwayTeam": "St Etienne", "Date": "2012-04-07", "FTAG": 1, "FTHG": 1, "FTR": "D", "HC": 8, "HF": 19, "HR": 0, "HS": 12, "HST": 4, "HTAG": 0, "HTHG": 0, "HTR": "D", "HY": 3, "HomeTeam": "Ajaccio"},{"AC": 8, "AF": 18, "AR": 1, "AS": 10, "AST": 2, "AY": 1, "AwayTeam": "Lille", "Date": "2012-04-07", "FTAG": 1, "FTHG": 3, "FTR": "H", "HC": 4, "HF": 23, "HR": 0, "HS": 7, "HST": 5, "HTAG": 1, "HTHG": 2, "HTR": "H", "HY": 2, "HomeTeam": "Brest"},{"AC": 4, "AF": 17, "AR": 0, "AS": 18, "AST": 4, "AY": 1, "AwayTeam": "Nancy", "Date": "2012-04-07", "FTAG": 2, "FTHG": 0, "FTR": "A", "HC": 3, "HF": 22, "HR": 0, "HS": 11, "HST": 4, "HTAG": 1, "HTHG": 0, "HTR": "A", "HY": 3, "HomeTeam": "Dijon"},{"AC": 2, "AF": 15, "AR": 0, "AS": 16, "AST": 4, "AY": 2, "AwayTeam": "Rennes", "Date": "2012-04-07", "FTAG": 3, "FTHG": 1, "FTR": "A", "HC": 6, "HF": 16, "HR": 0, "HS": 12, "HST": 4, "HTAG": 0, "HTHG": 1, "HTR": "H", "HY": 2, "HomeTeam": "Evian Thonon Gaillard"},{"AC": 5, "AF": 16, "AR": 0, "AS": 10, "AST": 4, "AY": 4, "AwayTeam": "Auxerre", "Date": "2012-04-07", "FTAG": 1, "FTHG": 2, "FTR": "H", "HC": 5, "HF": 10, "HR": 0, "HS": 17, "HST": 5, "HTAG": 1, "HTHG": 1, "HTR": "D", "HY": 0, "HomeTeam": "Lyon"},{"AC": 6, "AF": 16, "AR": 0, "AS": 4, "AST": 1, "AY": 2, "AwayTeam": "Sochaux", "Date": "2012-04-07", "FTAG": 1, "FTHG": 2, "FTR": "H", "HC": 2, "HF": 16, "HR": 0, "HS": 17, "HST": 11, "HTAG": 1, "HTHG": 1, "HTR": "D", "HY": 2, "HomeTeam": "Montpellier"},{"AC": 6, "AF": 20, "AR": 1, "AS": 15, "AST": 2, "AY": 4, "AwayTeam": "Toulouse", "Date": "2012-04-07", "FTAG": 0, "FTHG": 2, "FTR": "H", "HC": 5, "HF": 24, "HR": 0, "HS": 13, "HST": 5, "HTAG": 0, "HTHG": 0, "HTR": "D", "HY": 3, "HomeTeam": "Valenciennes"},{"AC": 6, "AF": 13, "AR": 0, "AS": 12, "AST": 4, "AY": 3, "AwayTeam": "Bordeaux", "Date": "2012-04-08", "FTAG": 0, "FTHG": 1, "FTR": "H", "HC": 2, "HF": 18, "HR": 0, "HS": 7, "HST": 4, "HTAG": 0, "HTHG": 1, "HTR": "H", "HY": 1, "HomeTeam": "Caen"},{"AC": 4, "AF": 16, "AR": 1, "AS": 9, "AST": 2, "AY": 1, "AwayTeam": "Lorient", "Date": "2012-04-08", "FTAG": 0, "FTHG": 2, "FTR": "H", "HC": 6, "HF": 20, "HR": 0, "HS": 13, "HST": 3, "HTAG": 0, "HTHG": 0, "HTR": "D", "HY": 3, "HomeTeam": "Nice"},{"AC": 6, "AF": 17, "AR": 0, "AS": 16, "AST": 3, "AY": 2, "AwayTeam": "Marseille", "Date": "2012-04-08", "FTAG": 1, "FTHG": 2, "FTR": "H", "HC": 3, "HF": 18, "HR": 1, "HS": 7, "HST": 2, "HTAG": 0, "HTHG": 1, "HTR": "H", "HY": 1, "HomeTeam": "Paris SG"},{"AC": 1, "AF": 16, "AR": 0, "AS": 15, "AST": 7, "AY": 1, "AwayTeam": "Montpellier", "Date": "2012-04-11", "FTAG": 3, "FTHG": 1, "FTR": "A", "HC": 5, "HF": 18, "HR": 0, "HS": 12, "HST": 4, "HTAG": 1, "HTHG": 1, "HTR": "D", "HY": 3, "HomeTeam": "Marseille"},{"AC": 1, "AF": 12, "AR": 0, "AS": 9, "AST": 3, "AY": 2, "AwayTeam": "Paris SG", "Date": "2012-04-15", "FTAG": 1, "FTHG": 1, "FTR": "D", "HC": 5, "HF": 18, "HR": 0, "HS": 21, "HST": 6, "HTAG": 1, "HTHG": 0, "HTR": "A", "HY": 3, "HomeTeam": "Auxerre"},{"AC": 1, "AF": 6, "AR": 0, "AS": 11, "AST": 5, "AY": 2, "AwayTeam": "Ajaccio", "Date": "2012-04-15", "FTAG": 1, "FTHG": 4, "FTR": "H", "HC": 9, "HF": 17, "HR": 0, "HS": 27, "HST": 12, "HTAG": 0, "HTHG": 2, "HTR": "H", "HY": 3, "HomeTeam": "Lille"},{"AC": 9, "AF": 22, "AR": 0, "AS": 13, "AST": 5, "AY": 1, "AwayTeam": "Montpellier", "Date": "2012-04-15", "FTAG": 1, "FTHG": 2, "FTR": "H", "HC": 5, "HF": 14, "HR": 0, "HS": 18, "HST": 5, "HTAG": 0, "HTHG": 0, "HTR": "D", "HY": 1, "HomeTeam": "Lorient"},{"AC": 4, "AF": 13, "AR": 0, "AS": 19, "AST": 4, "AY": 3, "AwayTeam": "Bordeaux", "Date": "2012-04-15", "FTAG": 2, "FTHG": 2, "FTR": "D", "HC": 7, "HF": 21, "HR": 0, "HS": 11, "HST": 3, "HTAG": 1, "HTHG": 0, "HTR": "A", "HY": 2, "HomeTeam": "Nancy"},{"AC": 1, "AF": 19, "AR": 0, "AS": 11, "AST": 1, "AY": 3, "AwayTeam": "Dijon", "Date": "2012-04-15", "FTAG": 0, "FTHG": 1, "FTR": "H", "HC": 4, "HF": 14, "HR": 0, "HS": 16, "HST": 6, "HTAG": 0, "HTHG": 0, "HTR": "D", "HY": 1, "HomeTeam": "Sochaux"},{"AC": 0, "AF": 17, "AR": 0, "AS": 5, "AST": 2, "AY": 1, "AwayTeam": "Brest", "Date": "2012-04-15", "FTAG": 1, "FTHG": 2, "FTR": "H", "HC": 12, "HF": 12, "HR": 0, "HS": 19, "HST": 8, "HTAG": 0, "HTHG": 0, "HTR": "D", "HY": 1, "HomeTeam": "St Etienne"},{"AC": 5, "AF": 9, "AR": 0, "AS": 8, "AST": 6, "AY": 1, "AwayTeam": "Evian Thonon Gaillard", "Date": "2012-04-15", "FTAG": 3, "FTHG": 0, "FTR": "A", "HC": 10, "HF": 16, "HR": 0, "HS": 22, "HST": 4, "HTAG": 3, "HTHG": 0, "HTR": "A", "HY": 1, "HomeTeam": "Valenciennes"},{"AC": 4, "AF": 13, "AR": 0, "AS": 3, "AST": 1, "AY": 2, "AwayTeam": "Nice", "Date": "2012-04-16", "FTAG": 1, "FTHG": 3, "FTR": "H", "HC": 4, "HF": 17, "HR": 0, "HS": 15, "HST": 7, "HTAG": 1, "HTHG": 1, "HTR": "D", "HY": 1, "HomeTeam": "Rennes"},{"AC": 0, "AF": 25, "AR": 0, "AS": 5, "AST": 3, "AY": 2, "AwayTeam": "Caen", "Date": "2012-04-18", "FTAG": 1, "FTHG": 1, "FTR": "D", "HC": 9, "HF": 17, "HR": 0, "HS": 16, "HST": 4, "HTAG": 1, "HTHG": 1, "HTR": "D", "HY": 1, "HomeTeam": "Marseille"},{"AC": 7, "AF": 12, "AR": 0, "AS": 16, "AST": 5, "AY": 1, "AwayTeam": "Lyon", "Date": "2012-04-18", "FTAG": 0, "FTHG": 3, "FTR": "H", "HC": 3, "HF": 22, "HR": 0, "HS": 11, "HST": 5, "HTAG": 0, "HTHG": 2, "HTR": "H", "HY": 1, "HomeTeam": "Toulouse"},{"AC": 7, "AF": 22, "AR": 0, "AS": 16, "AST": 7, "AY": 3, "AwayTeam": "Marseille", "Date": "2012-04-21", "FTAG": 1, "FTHG": 2, "FTR": "H", "HC": 2, "HF": 18, "HR": 0, "HS": 7, "HST": 4, "HTAG": 0, "HTHG": 2, "HTR": "H", "HY": 3, "HomeTeam": "Bordeaux"},{"AC": 5, "AF": 23, "AR": 0, "AS": 9, "AST": 4, "AY": 4, "AwayTeam": "Rennes", "Date": "2012-04-21", "FTAG": 1, "FTHG": 0, "FTR": "A", "HC": 2, "HF": 20, "HR": 0, "HS": 9, "HST": 3, "HTAG": 1, "HTHG": 0, "HTR": "A", "HY": 2, "HomeTeam": "Brest"},{"AC": 5, "AF": 9, "AR": 0, "AS": 11, "AST": 5, "AY": 0, "AwayTeam": "St Etienne", "Date": "2012-04-21", "FTAG": 4, "FTHG": 1, "FTR": "A", "HC": 4, "HF": 11, "HR": 0, "HS": 12, "HST": 5, "HTAG": 1, "HTHG": 0, "HTR": "A", "HY": 1, "HomeTeam": "Caen"},{"AC": 2, "AF": 18, "AR": 1, "AS": 17, "AST": 5, "AY": 4, "AwayTeam": "Lille", "Date": "2012-04-21", "FTAG": 2, "FTHG": 0, "FTR": "A", "HC": 0, "HF": 15, "HR": 2, "HS": 10, "HST": 4, "HTAG": 2, "HTHG": 0, "HTR": "A", "HY": 2, "HomeTeam": "Dijon"},{"AC": 7, "AF": 20, "AR": 0, "AS": 18, "AST": 5, "AY": 5, "AwayTeam": "Toulouse", "Date": "2012-04-21", "FTAG": 1, "FTHG": 2, "FTR": "H", "HC": 3, "HF": 13, "HR": 0, "HS": 10, "HST": 2, "HTAG": 0, "HTHG": 1, "HTR": "H", "HY": 2, "HomeTeam": "Evian Thonon Gaillard"},{"AC": 2, "AF": 21, "AR": 0, "AS": 7, "AST": 0, "AY": 2, "AwayTeam": "Valenciennes", "Date": "2012-04-21", "FTAG": 0, "FTHG": 1, "FTR": "H", "HC": 6, "HF": 26, "HR": 0, "HS": 12, "HST": 6, "HTAG": 0, "HTHG": 1, "HTR": "H", "HY": 2, "HomeTeam": "Montpellier"},{"AC": 2, "AF": 15, "AR": 2, "AS": 5, "AST": 0, "AY": 2, "AwayTeam": "Auxerre", "Date": "2012-04-21", "FTAG": 0, "FTHG": 1, "FTR": "H", "HC": 3, "HF": 13, "HR": 0, "HS": 10, "HST": 3, "HTAG": 0, "HTHG": 1, "HTR": "H", "HY": 0, "HomeTeam": "Nice"},{"AC": 1, "AF": 16, "AR": 0, "AS": 11, "AST": 4, "AY": 0, "AwayTeam": "Nancy", "Date": "2012-04-22", "FTAG": 0, "FTHG": 0, "FTR": "D", "HC": 7, "HF": 9, "HR": 0, "HS": 14, "HST": 2, "HTAG": 0, "HTHG": 0, "HTR": "D", "HY": 0, "HomeTeam": "Ajaccio"},{"AC": 8, "AF": 22, "AR": 0, "AS": 14, "AST": 7, "AY": 3, "AwayTeam": "Lorient", "Date": "2012-04-22", "FTAG": 2, "FTHG": 3, "FTR": "H", "HC": 7, "HF": 12, "HR": 0, "HS": 14, "HST": 8, "HTAG": 2, "HTHG": 1, "HTR": "A", "HY": 0, "HomeTeam": "Lyon"},{"AC": 2, "AF": 14, "AR": 0, "AS": 8, "AST": 4, "AY": 0, "AwayTeam": "Sochaux", "Date": "2012-04-22", "FTAG": 1, "FTHG": 6, "FTR": "H", "HC": 3, "HF": 15, "HR": 0, "HS": 20, "HST": 11, "HTAG": 1, "HTHG": 3, "HTR": "H", "HY": 0, "HomeTeam": "Paris SG"},{"AC": 6, "AF": 17, "AR": 0, "AS": 8, "AST": 3, "AY": 3, "AwayTeam": "Marseille", "Date": "2012-04-27", "FTAG": 1, "FTHG": 2, "FTR": "H", "HC": 3, "HF": 13, "HR": 0, "HS": 10, "HST": 3, "HTAG": 0, "HTHG": 1, "HTR": "H", "HY": 1, "HomeTeam": "Lorient"},{"AC": 8, "AF": 15, "AR": 0, "AS": 14, "AST": 7, "AY": 2, "AwayTeam": "Montpellier", "Date": "2012-04-27", "FTAG": 1, "FTHG": 0, "FTR": "A", "HC": 1, "HF": 22, "HR": 0, "HS": 15, "HST": 5, "HTAG": 1, "HTHG": 0, "HTR": "A", "HY": 2, "HomeTeam": "Toulouse"},{"AC": 6, "AF": 23, "AR": 0, "AS": 8, "AST": 1, "AY": 5, "AwayTeam": "Brest", "Date": "2012-04-29", "FTAG": 0, "FTHG": 4, "FTR": "H", "HC": 6, "HF": 16, "HR": 0, "HS": 14, "HST": 7, "HTAG": 0, "HTHG": 4, "HTR": "H", "HY": 3, "HomeTeam": "Auxerre"},{"AC": 9, "AF": 21, "AR": 1, "AS": 9, "AST": 2, "AY": 3, "AwayTeam": "Paris SG", "Date": "2012-04-29", "FTAG": 1, "FTHG": 2, "FTR": "H", "HC": 3, "HF": 16, "HR": 0, "HS": 14, "HST": 6, "HTAG": 0, "HTHG": 0, "HTR": "D", "HY": 2, "HomeTeam": "Lille"},{"AC": 1, "AF": 19, "AR": 0, "AS": 10, "AST": 3, "AY": 2, "AwayTeam": "Caen", "Date": "2012-04-29", "FTAG": 1, "FTHG": 1, "FTR": "D", "HC": 1, "HF": 12, "HR": 0, "HS": 20, "HST": 5, "HTAG": 0, "HTHG": 0, "HTR": "D", "HY": 0, "HomeTeam": "Nancy"},{"AC": 2, "AF": 8, "AR": 1, "AS": 7, "AST": 3, "AY": 2, "AwayTeam": "Ajaccio", "Date": "2012-04-29", "FTAG": 1, "FTHG": 3, "FTR": "H", "HC": 12, "HF": 10, "HR": 0, "HS": 33, "HST": 13, "HTAG": 0, "HTHG": 1, "HTR": "H", "HY": 1, "HomeTeam": "Rennes"},{"AC": 6, "AF": 15, "AR": 0, "AS": 15, "AST": 7, "AY": 1, "AwayTeam": "Bordeaux", "Date": "2012-04-29", "FTAG": 3, "FTHG": 0, "FTR": "A", "HC": 5, "HF": 12, "HR": 2, "HS": 4, "HST": 2, "HTAG": 1, "HTHG": 0, "HTR": "A", "HY": 1, "HomeTeam": "Sochaux"},{"AC": 2, "AF": 9, "AR": 0, "AS": 9, "AST": 1, "AY": 2, "AwayTeam": "Dijon", "Date": "2012-04-29", "FTAG": 0, "FTHG": 1, "FTR": "H", "HC": 6, "HF": 17, "HR": 0, "HS": 14, "HST": 5, "HTAG": 0, "HTHG": 1, "HTR": "H", "HY": 4, "HomeTeam": "St Etienne"},{"AC": 3, "AF": 11, "AR": 1, "AS": 8, "AST": 3, "AY": 1, "AwayTeam": "Nice", "Date": "2012-04-29", "FTAG": 0, "FTHG": 2, "FTR": "H", "HC": 6, "HF": 17, "HR": 0, "HS": 16, "HST": 5, "HTAG": 0, "HTHG": 1, "HTR": "H", "HY": 5, "HomeTeam": "Valenciennes"},{"AC": 2, "AF": 17, "AR": 2, "AS": 7, "AST": 2, "AY": 3, "AwayTeam": "Evian Thonon Gaillard", "Date": "2012-05-01", "FTAG": 2, "FTHG": 2, "FTR": "D", "HC": 11, "HF": 12, "HR": 2, "HS": 25, "HST": 9, "HTAG": 1, "HTHG": 1, "HTR": "D", "HY": 1, "HomeTeam": "Montpellier"},{"AC": 4, "AF": 21, "AR": 2, "AS": 8, "AST": 3, "AY": 1, "AwayTeam": "Sochaux", "Date": "2012-05-02", "FTAG": 1, "FTHG": 2, "FTR": "H", "HC": 7, "HF": 13, "HR": 0, "HS": 15, "HST": 6, "HTAG": 0, "HTHG": 0, "HTR": "D", "HY": 2, "HomeTeam": "Ajaccio"},{"AC": 5, "AF": 13, "AR": 0, "AS": 9, "AST": 1, "AY": 0, "AwayTeam": "Rennes", "Date": "2012-05-02", "FTAG": 0, "FTHG": 2, "FTR": "H", "HC": 10, "HF": 11, "HR": 0, "HS": 11, "HST": 4, "HTAG": 0, "HTHG": 0, "HTR": "D", "HY": 0, "HomeTeam": "Bordeaux"},{"AC": 9, "AF": 13, "AR": 0, "AS": 10, "AST": 4, "AY": 0, "AwayTeam": "Toulouse", "Date": "2012-05-02", "FTAG": 0, "FTHG": 0, "FTR": "D", "HC": 3, "HF": 19, "HR": 0, "HS": 10, "HST": 3, "HTAG": 0, "HTHG": 0, "HTR": "D", "HY": 0, "HomeTeam": "Brest"},{"AC": 4, "AF": 7, "AR": 0, "AS": 12, "AST": 1, "AY": 0, "AwayTeam": "Lorient", "Date": "2012-05-02", "FTAG": 0, "FTHG": 1, "FTR": "H", "HC": 6, "HF": 19, "HR": 0, "HS": 11, "HST": 5, "HTAG": 0, "HTHG": 0, "HTR": "D", "HY": 2, "HomeTeam": "Caen"},{"AC": 5, "AF": 16, "AR": 0, "AS": 13, "AST": 3, "AY": 2, "AwayTeam": "Valenciennes", "Date": "2012-05-02", "FTAG": 1, "FTHG": 4, "FTR": "H", "HC": 2, "HF": 21, "HR": 0, "HS": 9, "HST": 6, "HTAG": 1, "HTHG": 1, "HTR": "D", "HY": 2, "HomeTeam": "Lyon"},{"AC": 3, "AF": 16, "AR": 0, "AS": 13, "AST": 3, "AY": 1, "AwayTeam": "Nancy", "Date": "2012-05-02", "FTAG": 0, "FTHG": 1, "FTR": "H", "HC": 5, "HF": 14, "HR": 0, "HS": 16, "HST": 8, "HTAG": 0, "HTHG": 1, "HTR": "H", "HY": 0, "HomeTeam": "Marseille"},{"AC": 0, "AF": 9, "AR": 0, "AS": 9, "AST": 6, "AY": 3, "AwayTeam": "Lille", "Date": "2012-05-02", "FTAG": 1, "FTHG": 0, "FTR": "A", "HC": 6, "HF": 21, "HR": 0, "HS": 8, "HST": 1, "HTAG": 1, "HTHG": 0, "HTR": "A", "HY": 2, "HomeTeam": "Nice"},{"AC": 8, "AF": 15, "AR": 0, "AS": 9, "AST": 2, "AY": 3, "AwayTeam": "St Etienne", "Date": "2012-05-02", "FTAG": 0, "FTHG": 2, "FTR": "H", "HC": 1, "HF": 13, "HR": 0, "HS": 10, "HST": 4, "HTAG": 0, "HTHG": 1, "HTR": "H", "HY": 2, "HomeTeam": "Paris SG"},{"AC": 6, "AF": 14, "AR": 0, "AS": 8, "AST": 3, "AY": 3, "AwayTeam": "Auxerre", "Date": "2012-05-03", "FTAG": 2, "FTHG": 0, "FTR": "A", "HC": 5, "HF": 13, "HR": 0, "HS": 10, "HST": 1, "HTAG": 1, "HTHG": 0, "HTR": "A", "HY": 2, "HomeTeam": "Dijon"},{"AC": 3, "AF": 18, "AR": 1, "AS": 8, "AST": 2, "AY": 1, "AwayTeam": "Ajaccio", "Date": "2012-05-06", "FTAG": 1, "FTHG": 2, "FTR": "H", "HC": 6, "HF": 8, "HR": 0, "HS": 17, "HST": 10, "HTAG": 1, "HTHG": 1, "HTR": "D", "HY": 0, "HomeTeam": "Evian Thonon Gaillard"},{"AC": 4, "AF": 15, "AR": 0, "AS": 10, "AST": 2, "AY": 3, "AwayTeam": "Brest", "Date": "2012-05-06", "FTAG": 1, "FTHG": 1, "FTR": "D", "HC": 5, "HF": 10, "HR": 0, "HS": 21, "HST": 6, "HTAG": 0, "HTHG": 1, "HTR": "H", "HY": 1, "HomeTeam": "Lyon"},{"AC": 2, "AF": 12, "AR": 0, "AS": 15, "AST": 8, "AY": 2, "AwayTeam": "Paris SG", "Date": "2012-05-06", "FTAG": 4, "FTHG": 3, "FTR": "A", "HC": 3, "HF": 17, "HR": 0, "HS": 13, "HST": 6, "HTAG": 3, "HTHG": 2, "HTR": "A", "HY": 1, "HomeTeam": "Valenciennes"},{"AC": 2, "AF": 12, "AR": 0, "AS": 10, "AST": 4, "AY": 3, "AwayTeam": "Bordeaux", "Date": "2012-05-07", "FTAG": 4, "FTHG": 2, "FTR": "A", "HC": 7, "HF": 14, "HR": 0, "HS": 19, "HST": 7, "HTAG": 3, "HTHG": 0, "HTR": "A", "HY": 2, "HomeTeam": "Auxerre"},{"AC": 1, "AF": 19, "AR": 0, "AS": 3, "AST": 0, "AY": 4, "AwayTeam": "Caen", "Date": "2012-05-07", "FTAG": 0, "FTHG": 3, "FTR": "H", "HC": 7, "HF": 11, "HR": 0, "HS": 23, "HST": 8, "HTAG": 0, "HTHG": 2, "HTR": "H", "HY": 0, "HomeTeam": "Lille"},{"AC": 4, "AF": 17, "AR": 0, "AS": 7, "AST": 2, "AY": 3, "AwayTeam": "Dijon", "Date": "2012-05-07", "FTAG": 0, "FTHG": 0, "FTR": "D", "HC": 6, "HF": 10, "HR": 0, "HS": 4, "HST": 0, "HTAG": 0, "HTHG": 0, "HTR": "D", "HY": 1, "HomeTeam": "Lorient"},{"AC": 9, "AF": 12, "AR": 0, "AS": 8, "AST": 2, "AY": 1, "AwayTeam": "Montpellier", "Date": "2012-05-07", "FTAG": 2, "FTHG": 0, "FTR": "A", "HC": 3, "HF": 14, "HR": 0, "HS": 21, "HST": 7, "HTAG": 1, "HTHG": 0, "HTR": "A", "HY": 2, "HomeTeam": "Rennes"},{"AC": 4, "AF": 10, "AR": 0, "AS": 10, "AST": 1, "AY": 2, "AwayTeam": "Nancy", "Date": "2012-05-07", "FTAG": 0, "FTHG": 1, "FTR": "H", "HC": 9, "HF": 14, "HR": 0, "HS": 15, "HST": 4, "HTAG": 0, "HTHG": 0, "HTR": "D", "HY": 2, "HomeTeam": "Sochaux"},{"AC": 4, "AF": 16, "AR": 0, "AS": 6, "AST": 0, "AY": 0, "AwayTeam": "Marseille", "Date": "2012-05-07", "FTAG": 0, "FTHG": 0, "FTR": "D", "HC": 5, "HF": 11, "HR": 0, "HS": 11, "HST": 2, "HTAG": 0, "HTHG": 0, "HTR": "D", "HY": 0, "HomeTeam": "St Etienne"},{"AC": 4, "AF": 17, "AR": 0, "AS": 16, "AST": 4, "AY": 1, "AwayTeam": "Nice", "Date": "2012-05-07", "FTAG": 0, "FTHG": 0, "FTR": "D", "HC": 3, "HF": 16, "HR": 0, "HS": 11, "HST": 6, "HTAG": 0, "HTHG": 0, "HTR": "D", "HY": 2, "HomeTeam": "Toulouse"},{"AC": 5, "AF": 11, "AR": 0, "AS": 16, "AST": 8, "AY": 1, "AwayTeam": "Lyon", "Date": "2012-05-10", "FTAG": 3, "FTHG": 1, "FTR": "A", "HC": 3, "HF": 16, "HR": 0, "HS": 10, "HST": 3, "HTAG": 1, "HTHG": 1, "HTR": "D", "HY": 2, "HomeTeam": "Evian Thonon Gaillard"},{"AC": 5, "AF": 23, "AR": 1, "AS": 14, "AST": 4, "AY": 2, "AwayTeam": "Lyon", "Date": "2012-05-13", "FTAG": 1, "FTHG": 1, "FTR": "D", "HC": 4, "HF": 18, "HR": 1, "HS": 14, "HST": 6, "HTAG": 0, "HTHG": 0, "HTR": "D", "HY": 3, "HomeTeam": "Ajaccio"},{"AC": 3, "AF": 15, "AR": 0, "AS": 10, "AST": 3, "AY": 3, "AwayTeam": "Lorient", "Date": "2012-05-13", "FTAG": 0, "FTHG": 1, "FTR": "H", "HC": 6, "HF": 14, "HR": 1, "HS": 9, "HST": 6, "HTAG": 0, "HTHG": 0, "HTR": "D", "HY": 0, "HomeTeam": "Bordeaux"},{"AC": 2, "AF": 16, "AR": 0, "AS": 9, "AST": 3, "AY": 1, "AwayTeam": "Valenciennes", "Date": "2012-05-13", "FTAG": 0, "FTHG": 1, "FTR": "H", "HC": 7, "HF": 17, "HR": 0, "HS": 12, "HST": 5, "HTAG": 0, "HTHG": 1, "HTR": "H", "HY": 1, "HomeTeam": "Brest"},{"AC": 1, "AF": 19, "AR": 0, "AS": 11, "AST": 7, "AY": 2, "AwayTeam": "Sochaux", "Date": "2012-05-13", "FTAG": 3, "FTHG": 1, "FTR": "A", "HC": 7, "HF": 14, "HR": 0, "HS": 19, "HST": 4, "HTAG": 2, "HTHG": 0, "HTR": "A", "HY": 2, "HomeTeam": "Caen"},{"AC": 6, "AF": 18, "AR": 0, "AS": 17, "AST": 8, "AY": 2, "AwayTeam": "Toulouse", "Date": "2012-05-13", "FTAG": 1, "FTHG": 1, "FTR": "D", "HC": 9, "HF": 9, "HR": 0, "HS": 11, "HST": 3, "HTAG": 1, "HTHG": 1, "HTR": "D", "HY": 2, "HomeTeam": "Dijon"},{"AC": 5, "AF": 19, "AR": 0, "AS": 10, "AST": 4, "AY": 0, "AwayTeam": "Auxerre", "Date": "2012-05-13", "FTAG": 0, "FTHG": 3, "FTR": "H", "HC": 6, "HF": 23, "HR": 0, "HS": 11, "HST": 7, "HTAG": 0, "HTHG": 1, "HTR": "H", "HY": 0, "HomeTeam": "Marseille"},{"AC": 2, "AF": 17, "AR": 0, "AS": 8, "AST": 3, "AY": 0, "AwayTeam": "Lille", "Date": "2012-05-13", "FTAG": 0, "FTHG": 1, "FTR": "H", "HC": 7, "HF": 22, "HR": 0, "HS": 19, "HST": 5, "HTAG": 0, "HTHG": 0, "HTR": "D", "HY": 3, "HomeTeam": "Montpellier"},{"AC": 6, "AF": 18, "AR": 0, "AS": 20, "AST": 6, "AY": 3, "AwayTeam": "St Etienne", "Date": "2012-05-13", "FTAG": 2, "FTHG": 3, "FTR": "H", "HC": 4, "HF": 14, "HR": 0, "HS": 12, "HST": 7, "HTAG": 1, "HTHG": 3, "HTR": "H", "HY": 3, "HomeTeam": "Nancy"},{"AC": 7, "AF": 22, "AR": 0, "AS": 10, "AST": 3, "AY": 2, "AwayTeam": "Evian Thonon Gaillard", "Date": "2012-05-13", "FTAG": 1, "FTHG": 1, "FTR": "D", "HC": 5, "HF": 10, "HR": 0, "HS": 23, "HST": 5, "HTAG": 1, "HTHG": 1, "HTR": "D", "HY": 2, "HomeTeam": "Nice"},{"AC": 2, "AF": 15, "AR": 0, "AS": 12, "AST": 2, "AY": 2, "AwayTeam": "Rennes", "Date": "2012-05-13", "FTAG": 0, "FTHG": 3, "FTR": "H", "HC": 4, "HF": 13, "HR": 0, "HS": 11, "HST": 4, "HTAG": 0, "HTHG": 0, "HTR": "D", "HY": 3, "HomeTeam": "Paris SG"},{"AC": 10, "AF": 10, "AR": 0, "AS": 17, "AST": 6, "AY": 0, "AwayTeam": "Montpellier", "Date": "2012-05-20", "FTAG": 2, "FTHG": 1, "FTR": "A", "HC": 3, "HF": 14, "HR": 0, "HS": 6, "HST": 3, "HTAG": 1, "HTHG": 1, "HTR": "D", "HY": 1, "HomeTeam": "Auxerre"},{"AC": 1, "AF": 16, "AR": 0, "AS": 8, "AST": 2, "AY": 2, "AwayTeam": "Brest", "Date": "2012-05-20", "FTAG": 1, "FTHG": 0, "FTR": "A", "HC": 6, "HF": 15, "HR": 0, "HS": 9, "HST": 3, "HTAG": 0, "HTHG": 0, "HTR": "D", "HY": 3, "HomeTeam": "Evian Thonon Gaillard"},{"AC": 4, "AF": 13, "AR": 0, "AS": 15, "AST": 3, "AY": 0, "AwayTeam": "Nancy", "Date": "2012-05-20", "FTAG": 1, "FTHG": 4, "FTR": "H", "HC": 5, "HF": 6, "HR": 0, "HS": 13, "HST": 6, "HTAG": 1, "HTHG": 4, "HTR": "H", "HY": 0, "HomeTeam": "Lille"},{"AC": 3, "AF": 16, "AR": 0, "AS": 10, "AST": 3, "AY": 2, "AwayTeam": "Paris SG", "Date": "2012-05-20", "FTAG": 2, "FTHG": 1, "FTR": "A", "HC": 3, "HF": 10, "HR": 0, "HS": 12, "HST": 4, "HTAG": 0, "HTHG": 1, "HTR": "H", "HY": 1, "HomeTeam": "Lorient"},{"AC": 3, "AF": 8, "AR": 0, "AS": 10, "AST": 4, "AY": 1, "AwayTeam": "Nice", "Date": "2012-05-20", "FTAG": 4, "FTHG": 3, "FTR": "A", "HC": 6, "HF": 9, "HR": 0, "HS": 21, "HST": 7, "HTAG": 2, "HTHG": 2, "HTR": "D", "HY": 1, "HomeTeam": "Lyon"},{"AC": 4, "AF": 11, "AR": 2, "AS": 10, "AST": 0, "AY": 1, "AwayTeam": "Dijon", "Date": "2012-05-20", "FTAG": 0, "FTHG": 5, "FTR": "H", "HC": 2, "HF": 22, "HR": 0, "HS": 22, "HST": 10, "HTAG": 0, "HTHG": 1, "HTR": "H", "HY": 2, "HomeTeam": "Rennes"},{"AC": 0, "AF": 14, "AR": 1, "AS": 15, "AST": 4, "AY": 0, "AwayTeam": "Marseille", "Date": "2012-05-20", "FTAG": 0, "FTHG": 1, "FTR": "H", "HC": 6, "HF": 11, "HR": 0, "HS": 12, "HST": 5, "HTAG": 0, "HTHG": 0, "HTR": "D", "HY": 0, "HomeTeam": "Sochaux"},{"AC": 2, "AF": 10, "AR": 0, "AS": 9, "AST": 6, "AY": 2, "AwayTeam": "Bordeaux", "Date": "2012-05-20", "FTAG": 3, "FTHG": 2, "FTR": "A", "HC": 5, "HF": 16, "HR": 0, "HS": 16, "HST": 6, "HTAG": 2, "HTHG": 1, "HTR": "A", "HY": 2, "HomeTeam": "St Etienne"},{"AC": 4, "AF": 13, "AR": 0, "AS": 6, "AST": 2, "AY": 1, "AwayTeam": "Ajaccio", "Date": "2012-05-20", "FTAG": 2, "FTHG": 0, "FTR": "A", "HC": 4, "HF": 18, "HR": 0, "HS": 8, "HST": 4, "HTAG": 2, "HTHG": 0, "HTR": "A", "HY": 2, "HomeTeam": "Toulouse"},{"AC": 5, "AF": 19, "AR": 0, "AS": 8, "AST": 2, "AY": 3, "AwayTeam": "Caen", "Date": "2012-05-20", "FTAG": 1, "FTHG": 3, "FTR": "H", "HC": 4, "HF": 11, "HR": 0, "HS": 16, "HST": 8, "HTAG": 0, "HTHG": 1, "HTR": "H", "HY": 1, "HomeTeam": "Valenciennes"}]