[{"AC": 1, "AF": 20, "AR": 0, "AS": 5, "AST": 1, "AY": 3, "AwayTeam": "Toulouse", "Date": "2018-08-10", "FTAG": 0, "FTHG": 4, "FTR": "H", "HC": 5, "HF": 7, "HR": 0, "HS": 23, "HST": 10, "HTAG": 0, "HTHG": 1, "HTR": "H", "HY": 1, "HomeTeam": "Marseille"},{"AC": 1, "AF": 12, "AR": 1, "AS": 14, "AST": 5, "AY": 2, "AwayTeam": "Nimes", "Date": "2018-08-11", "FTAG": 4, "FTHG": 3, "FTR": "A", "HC": 5, "HF": 20, "HR": 0, "HS": 21, "HST": 7, "HTAG": 1, "HTHG": 1, "HTR": "D", "HY": 2, "HomeTeam": "Angers"},{"AC": 6, "AF": 13, "AR": 0, "AS": 8, "AST": 2, "AY": 0, "AwayTeam": "Rennes", "Date": "2018-08-11", "FTAG": 1, "FTHG": 3, "FTR": "H", "HC": 2, "HF": 12, "HR": 0, "HS": 15, "HST": 6, "HTAG": 1, "HTHG": 1, "HTR": "D", "HY": 1, "HomeTeam": "Lille"},{"AC": 2, "AF": 21, "AR": 0, "AS": 9, "AST": 4, "AY": 2, "AwayTeam": "Dijon", "Date": "2018-08-11", "FTAG": 2, "FTHG": 1, "FTR": "A", "HC": 4, "HF": 15, "HR": 0, "HS": 16, "HST": 7, "HTAG": 0, "HTHG": 1, "HTR": "H", "HY": 2, "HomeTeam": "Montpellier"},{"AC": 2, "AF": 15, "AR": 0, "AS": 11, "AST": 6, "AY": 0, "AwayTeam": "Monaco", "Date": "2018-08-11", "FTAG": 3, "FTHG": 1, "FTR": "A", "HC": 7, "HF": 8, "HR": 0, "HS": 16, "HST": 4, "HTAG": 0, "HTHG": 0, "HTR": "D", "HY": 1, "HomeTeam": "Nantes"},{"AC": 2, "AF": 14, "AR": 0, "AS": 5, "AST": 3, "AY": 2, "AwayTeam": "Reims", "Date": "2018-08-11", "FTAG": 1, "FTHG": 0, "FTR": "A", "HC": 10, "HF": 13, "HR": 0, "HS": 19, "HST": 1, "HTAG": 1, "HTHG": 0, "HTR": "A", "HY": 1, "HomeTeam": "Nice"},{"AC": 9, "AF": 11, "AR": 0, "AS": 11, "AST": 5, "AY": 1, "AwayTeam": "Guingamp", "Date": "2018-08-11", "FTAG": 1, "FTHG": 2, "FTR": "H", "HC": 6, "HF": 14, "HR": 0, "HS": 11, "HST": 6, "HTAG": 0, "HTHG": 1, "HTR": "H", "HY": 3, "HomeTeam": "St Etienne"},{"AC": 10, "AF": 12, "AR": 0, "AS": 17, "AST": 6, "AY": 0, "AwayTeam": "Strasbourg", "Date": "2018-08-12", "FTAG": 2, "FTHG": 0, "FTR": "A", "HC": 3, "HF": 6, "HR": 1, "HS": 5, "HST": 2, "HTAG": 0, "HTHG": 0, "HTR": "D", "HY": 1, "HomeTeam": "Bordeaux"},{"AC": 1, "AF": 17, "AR": 0, "AS": 10, "AST": 1, "AY": 2, "AwayTeam": "Amiens", "Date": "2018-08-12", "FTAG": 0, "FTHG": 2, "FTR": "H", "HC": 10, "HF": 9, "HR": 0, "HS": 15, "HST": 7, "HTAG": 0, "HTHG": 1, "HTR": "H", "HY": 0, "HomeTeam": "Lyon"},{"AC": 3, "AF": 7, "AR": 0, "AS": 5, "AST": 1, "AY": 0, "AwayTeam": "Caen", "Date": "2018-08-12", "FTAG": 0, "FTHG": 3, "FTR": "H", "HC": 6, "HF": 13, "HR": 0, "HS": 11, "HST": 8, "HTAG": 0, "HTHG": 2, "HTR": "H", "HY": 1, "HomeTeam": "Paris SG"},{"AC": 4, "AF": 10, "AR": 0, "AS": 19, "AST": 5, "AY": 0, "AwayTeam": "Lyon", "Date": "2018-08-17", "FTAG": 0, "FTHG": 1, "FTR": "H", "HC": 0, "HF": 11, "HR": 0, "HS": 7, "HST": 2, "HTAG": 0, "HTHG": 1, "HTR": "H", "HY": 2, "HomeTeam": "Reims"},{"AC": 2, "AF": 15, "AR": 0, "AS": 7, "AST": 3, "AY": 3, "AwayTeam": "Montpellier", "Date": "2018-08-18", "FTAG": 2, "FTHG": 1, "FTR": "A", "HC": 6, "HF": 15, "HR": 0, "HS": 11, "HST": 2, "HTAG": 0, "HTHG": 0, "HTR": "D", "HY": 1, "HomeTeam": "Amiens"},{"AC": 10, "AF": 11, "AR": 0, "AS": 16, "AST": 5, "AY": 2, "AwayTeam": "Nice", "Date": "2018-08-18", "FTAG": 1, "FTHG": 1, "FTR": "D", "HC": 5, "HF": 22, "HR": 0, "HS": 13, "HST": 4, "HTAG": 0, "HTHG": 0, "HTR": "D", "HY": 2, "HomeTeam": "Caen"},{"AC": 4, "AF": 13, "AR": 1, "AS": 7, "AST": 0, "AY": 1, "AwayTeam": "Nantes", "Date": "2018-08-18", "FTAG": 0, "FTHG": 2, "FTR": "H", "HC": 3, "HF": 18, "HR": 0, "HS": 14, "HST": 7, "HTAG": 0, "HTHG": 1, "HTR": "H", "HY": 0, "HomeTeam": "Dijon"},{"AC": 7, "AF": 16, "AR": 0, "AS": 17, "AST": 7, "AY": 1, "AwayTeam": "Paris SG", "Date": "2018-08-18", "FTAG": 3, "FTHG": 1, "FTR": "A", "HC": 4, "HF": 15, "HR": 0, "HS": 11, "HST": 3, "HTAG": 0, "HTHG": 1, "HTR": "H", "HY": 0, "HomeTeam": "Guingamp"},{"AC": 4, "AF": 14, "AR": 0, "AS": 13, "AST": 4, "AY": 0, "AwayTeam": "Lille", "Date": "2018-08-18", "FTAG": 0, "FTHG": 0, "FTR": "D", "HC": 8, "HF": 10, "HR": 0, "HS": 10, "HST": 1, "HTAG": 0, "HTHG": 0, "HTR": "D", "HY": 0, "HomeTeam": "Monaco"},{"AC": 0, "AF": 11, "AR": 0, "AS": 7, "AST": 0, "AY": 2, "AwayTeam": "Angers", "Date": "2018-08-18", "FTAG": 0, "FTHG": 1, "FTR": "H", "HC": 3, "HF": 8, "HR": 0, "HS": 5, "HST": 2, "HTAG": 0, "HTHG": 0, "HTR": "D", "HY": 1, "HomeTeam": "Rennes"},{"AC": 7, "AF": 11, "AR": 0, "AS": 10, "AST": 5, "AY": 1, "AwayTeam": "Marseille", "Date": "2018-08-19", "FTAG": 1, "FTHG": 3, "FTR": "H", "HC": 6, "HF": 11, "HR": 0, "HS": 14, "HST": 7, "HTAG": 0, "HTHG": 1, "HTR": "H", "HY": 3, "HomeTeam": "Nimes"},{"AC": 2, "AF": 7, "AR": 1, "AS": 9, "AST": 2, "AY": 2, "AwayTeam": "St Etienne", "Date": "2018-08-19", "FTAG": 1, "FTHG": 1, "FTR": "D", "HC": 7, "HF": 11, "HR": 0, "HS": 11, "HST": 5, "HTAG": 0, "HTHG": 0, "HTR": "D", "HY": 1, "HomeTeam": "Strasbourg"},{"AC": 2, "AF": 11, "AR": 0, "AS": 15, "AST": 8, "AY": 1, "AwayTeam": "Bordeaux", "Date": "2018-08-19", "FTAG": 1, "FTHG": 2, "FTR": "H", "HC": 1, "HF": 10, "HR": 0, "HS": 13, "HST": 5, "HTAG": 0, "HTHG": 1, "HTR": "H", "HY": 1, "HomeTeam": "Toulouse"},{"AC": 4, "AF": 13, "AR": 0, "AS": 9, "AST": 1, "AY": 2, "AwayTeam": "Strasbourg", "Date": "2018-08-24", "FTAG": 0, "FTHG": 2, "FTR": "H", "HC": 5, "HF": 13, "HR": 0, "HS": 22, "HST": 10, "HTAG": 0, "HTHG": 1, "HTR": "H", "HY": 1, "HomeTeam": "Lyon"},{"AC": 2, "AF": 17, "AR": 1, "AS": 7, "AST": 3, "AY": 1, "AwayTeam": "Reims", "Date": "2018-08-25", "FTAG": 1, "FTHG": 4, "FTR": "H", "HC": 4, "HF": 18, "HR": 0, "HS": 14, "HST": 8, "HTAG": 0, "HTHG": 1, "HTR": "H", "HY": 1, "HomeTeam": "Amiens"},{"AC": 3, "AF": 14, "AR": 0, "AS": 9, "AST": 2, "AY": 0, "AwayTeam": "St Etienne", "Date": "2018-08-25", "FTAG": 0, "FTHG": 0, "FTR": "D", "HC": 6, "HF": 12, "HR": 0, "HS": 14, "HST": 1, "HTAG": 0, "HTHG": 0, "HTR": "D", "HY": 3, "HomeTeam": "Montpellier"},{"AC": 1, "AF": 16, "AR": 1, "AS": 3, "AST": 2, "AY": 3, "AwayTeam": "Caen", "Date": "2018-08-25", "FTAG": 1, "FTHG": 1, "FTR": "D", "HC": 3, "HF": 16, "HR": 0, "HS": 16, "HST": 3, "HTAG": 1, "HTHG": 0, "HTR": "A", "HY": 2, "HomeTeam": "Nantes"},{"AC": 3, "AF": 19, "AR": 0, "AS": 9, "AST": 5, "AY": 3, "AwayTeam": "Dijon", "Date": "2018-08-25", "FTAG": 4, "FTHG": 0, "FTR": "A", "HC": 5, "HF": 11, "HR": 0, "HS": 16, "HST": 3, "HTAG": 0, "HTHG": 0, "HTR": "D", "HY": 2, "HomeTeam": "Nice"},{"AC": 1, "AF": 2, "AR": 0, "AS": 11, "AST": 6, "AY": 0, "AwayTeam": "Angers", "Date": "2018-08-25", "FTAG": 1, "FTHG": 3, "FTR": "H", "HC": 9, "HF": 10, "HR": 0, "HS": 13, "HST": 5, "HTAG": 1, "HTHG": 1, "HTR": "D", "HY": 2, "HomeTeam": "Paris SG"},{"AC": 3, "AF": 21, "AR": 0, "AS": 9, "AST": 0, "AY": 3, "AwayTeam": "Nimes", "Date": "2018-08-25", "FTAG": 0, "FTHG": 1, "FTR": "H", "HC": 3, "HF": 17, "HR": 0, "HS": 10, "HST": 5, "HTAG": 0, "HTHG": 0, "HTR": "D", "HY": 1, "HomeTeam": "Toulouse"},{"AC": 8, "AF": 14, "AR": 0, "AS": 15, "AST": 5, "AY": 2, "AwayTeam": "Monaco", "Date": "2018-08-26", "FTAG": 1, "FTHG": 2, "FTR": "H", "HC": 5, "HF": 10, "HR": 0, "HS": 14, "HST": 6, "HTAG": 0, "HTHG": 0, "HTR": "D", "HY": 1, "HomeTeam": "Bordeaux"},{"AC": 4, "AF": 13, "AR": 1, "AS": 13, "AST": 4, "AY": 1, "AwayTeam": "Guingamp", "Date": "2018-08-26", "FTAG": 0, "FTHG": 3, "FTR": "H", "HC": 4, "HF": 13, "HR": 0, "HS": 13, "HST": 7, "HTAG": 0, "HTHG": 2, "HTR": "H", "HY": 2, "HomeTeam": "Lille"},{"AC": 4, "AF": 15, "AR": 0, "AS": 7, "AST": 2, "AY": 1, "AwayTeam": "Rennes", "Date": "2018-08-26", "FTAG": 2, "FTHG": 2, "FTR": "D", "HC": 8, "HF": 16, "HR": 0, "HS": 8, "HST": 3, "HTAG": 2, "HTHG": 0, "HTR": "A", "HY": 1, "HomeTeam": "Marseille"},{"AC": 5, "AF": 14, "AR": 0, "AS": 8, "AST": 1, "AY": 2, "AwayTeam": "Nice", "Date": "2018-08-31", "FTAG": 1, "FTHG": 0, "FTR": "A", "HC": 10, "HF": 6, "HR": 0, "HS": 29, "HST": 9, "HTAG": 0, "HTHG": 0, "HTR": "D", "HY": 0, "HomeTeam": "Lyon"},{"AC": 5, "AF": 8, "AR": 0, "AS": 17, "AST": 4, "AY": 1, "AwayTeam": "Lille", "Date": "2018-09-01", "FTAG": 0, "FTHG": 1, "FTR": "H", "HC": 4, "HF": 14, "HR": 1, "HS": 6, "HST": 3, "HTAG": 0, "HTHG": 0, "HTR": "D", "HY": 0, "HomeTeam": "Angers"},{"AC": 5, "AF": 13, "AR": 0, "AS": 9, "AST": 4, "AY": 3, "AwayTeam": "Caen", "Date": "2018-09-01", "FTAG": 2, "FTHG": 0, "FTR": "A", "HC": 9, "HF": 11, "HR": 0, "HS": 15, "HST": 2, "HTAG": 1, "HTHG": 0, "HTR": "A", "HY": 0, "HomeTeam": "Dijon"},{"AC": 4, "AF": 13, "AR": 1, "AS": 5, "AST": 4, "AY": 2, "AwayTeam": "Toulouse", "Date": "2018-09-01", "FTAG": 2, "FTHG": 1, "FTR": "A", "HC": 11, "HF": 12, "HR": 0, "HS": 23, "HST": 5, "HTAG": 2, "HTHG": 1, "HTR": "A", "HY": 3, "HomeTeam": "Guingamp"},{"AC": 4, "AF": 11, "AR": 1, "AS": 7, "AST": 5, "AY": 3, "AwayTeam": "Paris SG", "Date": "2018-09-01", "FTAG": 4, "FTHG": 2, "FTR": "A", "HC": 3, "HF": 12, "HR": 1, "HS": 14, "HST": 6, "HTAG": 2, "HTHG": 0, "HTR": "A", "HY": 1, "HomeTeam": "Nimes"},{"AC": 5, "AF": 11, "AR": 0, "AS": 9, "AST": 3, "AY": 0, "AwayTeam": "Montpellier", "Date": "2018-09-01", "FTAG": 1, "FTHG": 0, "FTR": "A", "HC": 5, "HF": 11, "HR": 0, "HS": 21, "HST": 6, "HTAG": 0, "HTHG": 0, "HTR": "D", "HY": 0, "HomeTeam": "Reims"},{"AC": 3, "AF": 12, "AR": 0, "AS": 14, "AST": 5, "AY": 2, "AwayTeam": "Nantes", "Date": "2018-09-01", "FTAG": 3, "FTHG": 2, "FTR": "A", "HC": 1, "HF": 12, "HR": 0, "HS": 10, "HST": 5, "HTAG": 2, "HTHG": 1, "HTR": "A", "HY": 1, "HomeTeam": "Strasbourg"},{"AC": 5, "AF": 16, "AR": 0, "AS": 15, "AST": 5, "AY": 1, "AwayTeam": "Marseille", "Date": "2018-09-02", "FTAG": 3, "FTHG": 2, "FTR": "A", "HC": 1, "HF": 11, "HR": 0, "HS": 8, "HST": 4, "HTAG": 1, "HTHG": 0, "HTR": "A", "HY": 1, "HomeTeam": "Monaco"},{"AC": 5, "AF": 14, "AR": 0, "AS": 8, "AST": 1, "AY": 3, "AwayTeam": "Bordeaux", "Date": "2018-09-02", "FTAG": 0, "FTHG": 2, "FTR": "H", "HC": 6, "HF": 12, "HR": 0, "HS": 16, "HST": 8, "HTAG": 0, "HTHG": 2, "HTR": "H", "HY": 0, "HomeTeam": "Rennes"},{"AC": 1, "AF": 12, "AR": 0, "AS": 9, "AST": 2, "AY": 2, "AwayTeam": "Amiens", "Date": "2018-09-02", "FTAG": 0, "FTHG": 0, "FTR": "D", "HC": 14, "HF": 11, "HR": 0, "HS": 19, "HST": 5, "HTAG": 0, "HTHG": 0, "HTR": "D", "HY": 3, "HomeTeam": "St Etienne"},{"AC": 2, "AF": 19, "AR": 0, "AS": 10, "AST": 3, "AY": 1, "AwayTeam": "Rennes", "Date": "2018-09-14", "FTAG": 1, "FTHG": 2, "FTR": "H", "HC": 3, "HF": 10, "HR": 0, "HS": 13, "HST": 4, "HTAG": 0, "HTHG": 0, "HTR": "D", "HY": 4, "HomeTeam": "Nice"},{"AC": 4, "AF": 13, "AR": 0, "AS": 11, "AST": 2, "AY": 1, "AwayTeam": "St Etienne", "Date": "2018-09-14", "FTAG": 0, "FTHG": 4, "FTR": "H", "HC": 7, "HF": 12, "HR": 0, "HS": 16, "HST": 9, "HTAG": 0, "HTHG": 1, "HTR": "H", "HY": 1, "HomeTeam": "Paris SG"},{"AC": 3, "AF": 21, "AR": 0, "AS": 18, "AST": 9, "AY": 2, "AwayTeam": "Lille", "Date": "2018-09-15", "FTAG": 3, "FTHG": 2, "FTR": "A", "HC": 3, "HF": 12, "HR": 0, "HS": 8, "HST": 4, "HTAG": 1, "HTHG": 0, "HTR": "A", "HY": 1, "HomeTeam": "Amiens"},{"AC": 4, "AF": 13, "AR": 0, "AS": 17, "AST": 6, "AY": 2, "AwayTeam": "Lyon", "Date": "2018-09-15", "FTAG": 2, "FTHG": 2, "FTR": "D", "HC": 2, "HF": 15, "HR": 2, "HS": 18, "HST": 4, "HTAG": 1, "HTHG": 0, "HTR": "A", "HY": 1, "HomeTeam": "Caen"},{"AC": 6, "AF": 13, "AR": 0, "AS": 13, "AST": 6, "AY": 2, "AwayTeam": "Angers", "Date": "2018-09-15", "FTAG": 3, "FTHG": 1, "FTR": "A", "HC": 4, "HF": 11, "HR": 0, "HS": 11, "HST": 3, "HTAG": 3, "HTHG": 1, "HTR": "A", "HY": 2, "HomeTeam": "Dijon"},{"AC": 5, "AF": 14, "AR": 0, "AS": 7, "AST": 1, "AY": 2, "AwayTeam": "Strasbourg", "Date": "2018-09-15", "FTAG": 1, "FTHG": 1, "FTR": "D", "HC": 5, "HF": 15, "HR": 0, "HS": 10, "HST": 3, "HTAG": 0, "HTHG": 0, "HTR": "D", "HY": 1, "HomeTeam": "Montpellier"},{"AC": 3, "AF": 17, "AR": 0, "AS": 12, "AST": 2, "AY": 3, "AwayTeam": "Monaco", "Date": "2018-09-15", "FTAG": 1, "FTHG": 1, "FTR": "D", "HC": 6, "HF": 17, "HR": 0, "HS": 13, "HST": 6, "HTAG": 0, "HTHG": 0, "HTR": "D", "HY": 2, "HomeTeam": "Toulouse"},{"AC": 3, "AF": 9, "AR": 0, "AS": 14, "AST": 5, "AY": 0, "AwayTeam": "Nimes", "Date": "2018-09-16", "FTAG": 3, "FTHG": 3, "FTR": "D", "HC": 8, "HF": 12, "HR": 0, "HS": 15, "HST": 4, "HTAG": 2, "HTHG": 1, "HTR": "A", "HY": 2, "HomeTeam": "Bordeaux"},{"AC": 1, "AF": 9, "AR": 0, "AS": 2, "AST": 0, "AY": 1, "AwayTeam": "Guingamp", "Date": "2018-09-16", "FTAG": 0, "FTHG": 4, "FTR": "H", "HC": 8, "HF": 7, "HR": 0, "HS": 17, "HST": 6, "HTAG": 0, "HTHG": 0, "HTR": "D", "HY": 1, "HomeTeam": "Marseille"},{"AC": 7, "AF": 12, "AR": 0, "AS": 7, "AST": 0, "AY": 4, "AwayTeam": "Reims", "Date": "2018-09-16", "FTAG": 0, "FTHG": 0, "FTR": "D", "HC": 7, "HF": 13, "HR": 0, "HS": 12, "HST": 6, "HTAG": 0, "HTHG": 0, "HTR": "D", "HY": 3, "HomeTeam": "Nantes"},{"AC": 5, "AF": 15, "AR": 0, "AS": 9, "AST": 2, "AY": 2, "AwayTeam": "Nimes", "Date": "2018-09-21", "FTAG": 1, "FTHG": 1, "FTR": "D", "HC": 5, "HF": 15, "HR": 0, "HS": 15, "HST": 4, "HTAG": 1, "HTHG": 1, "HTR": "D", "HY": 1, "HomeTeam": "Monaco"},{"AC": 4, "AF": 14, "AR": 0, "AS": 7, "AST": 0, "AY": 2, "AwayTeam": "Toulouse", "Date": "2018-09-22", "FTAG": 0, "FTHG": 0, "FTR": "D", "HC": 4, "HF": 14, "HR": 0, "HS": 16, "HST": 4, "HTAG": 0, "HTHG": 0, "HTR": "D", "HY": 1, "HomeTeam": "Angers"},{"AC": 1, "AF": 12, "AR": 0, "AS": 11, "AST": 4, "AY": 4, "AwayTeam": "Nantes", "Date": "2018-09-22", "FTAG": 1, "FTHG": 2, "FTR": "H", "HC": 4, "HF": 15, "HR": 0, "HS": 11, "HST": 8, "HTAG": 0, "HTHG": 1, "HTR": "H", "HY": 3, "HomeTeam": "Lille"},{"AC": 5, "AF": 11, "AR": 0, "AS": 9, "AST": 2, "AY": 2, "AwayTeam": "Nice", "Date": "2018-09-22", "FTAG": 0, "FTHG": 1, "FTR": "H", "HC": 6, "HF": 14, "HR": 0, "HS": 12, "HST": 5, "HTAG": 0, "HTHG": 1, "HTR": "H", "HY": 3, "HomeTeam": "Montpellier"},{"AC": 3, "AF": 14, "AR": 0, "AS": 6, "AST": 0, "AY": 1, "AwayTeam": "Dijon", "Date": "2018-09-22", "FTAG": 0, "FTHG": 0, "FTR": "D", "HC": 9, "HF": 15, "HR": 0, "HS": 11, "HST": 2, "HTAG": 0, "HTHG": 0, "HTR": "D", "HY": 1, "HomeTeam": "Reims"},{"AC": 6, "AF": 20, "AR": 0, "AS": 9, "AST": 2, "AY": 3, "AwayTeam": "Caen", "Date": "2018-09-22", "FTAG": 1, "FTHG": 2, "FTR": "H", "HC": 9, "HF": 3, "HR": 0, "HS": 23, "HST": 7, "HTAG": 1, "HTHG": 0, "HTR": "A", "HY": 2, "HomeTeam": "St Etienne"},{"AC": 1, "AF": 13, "AR": 0, "AS": 8, "AST": 3, "AY": 4, "AwayTeam": "Amiens", "Date": "2018-09-22", "FTAG": 1, "FTHG": 3, "FTR": "H", "HC": 1, "HF": 16, "HR": 0, "HS": 13, "HST": 6, "HTAG": 1, "HTHG": 0, "HTR": "A", "HY": 1, "HomeTeam": "Strasbourg"},{"AC": 4, "AF": 17, "AR": 0, "AS": 11, "AST": 6, "AY": 4, "AwayTeam": "Bordeaux", "Date": "2018-09-23", "FTAG": 3, "FTHG": 1, "FTR": "A", "HC": 6, "HF": 14, "HR": 0, "HS": 18, "HST": 5, "HTAG": 0, "HTHG": 0, "HTR": "D", "HY": 1, "HomeTeam": "Guingamp"},{"AC": 7, "AF": 12, "AR": 1, "AS": 9, "AST": 3, "AY": 2, "AwayTeam": "Marseille", "Date": "2018-09-23", "FTAG": 2, "FTHG": 4, "FTR": "H", "HC": 3, "HF": 7, "HR": 0, "HS": 17, "HST": 5, "HTAG": 1, "HTHG": 1, "HTR": "D", "HY": 1, "HomeTeam": "Lyon"},{"AC": 4, "AF": 17, "AR": 0, "AS": 15, "AST": 6, "AY": 3, "AwayTeam": "Paris SG", "Date": "2018-09-23", "FTAG": 3, "FTHG": 1, "FTR": "A", "HC": 9, "HF": 11, "HR": 0, "HS": 14, "HST": 4, "HTAG": 1, "HTHG": 1, "HTR": "D", "HY": 2, "HomeTeam": "Rennes"},{"AC": 4, "AF": 12, "AR": 0, "AS": 6, "AST": 3, "AY": 2, "AwayTeam": "Angers", "Date": "2018-09-25", "FTAG": 1, "FTHG": 0, "FTR": "A", "HC": 5, "HF": 13, "HR": 0, "HS": 7, "HST": 0, "HTAG": 1, "HTHG": 0, "HTR": "A", "HY": 1, "HomeTeam": "Monaco"},{"AC": 8, "AF": 15, "AR": 0, "AS": 12, "AST": 5, "AY": 2, "AwayTeam": "Nice", "Date": "2018-09-25", "FTAG": 2, "FTHG": 1, "FTR": "A", "HC": 8, "HF": 12, "HR": 0, "HS": 10, "HST": 3, "HTAG": 1, "HTHG": 0, "HTR": "A", "HY": 1, "HomeTeam": "Nantes"},{"AC": 2, "AF": 14, "AR": 0, "AS": 14, "AST": 8, "AY": 2, "AwayTeam": "St Etienne", "Date": "2018-09-25", "FTAG": 3, "FTHG": 2, "FTR": "A", "HC": 4, "HF": 13, "HR": 0, "HS": 20, "HST": 6, "HTAG": 1, "HTHG": 0, "HTR": "A", "HY": 1, "HomeTeam": "Toulouse"},{"AC": 6, "AF": 18, "AR": 1, "AS": 15, "AST": 2, "AY": 2, "AwayTeam": "Rennes", "Date": "2018-09-26", "FTAG": 1, "FTHG": 2, "FTR": "H", "HC": 9, "HF": 11, "HR": 0, "HS": 12, "HST": 3, "HTAG": 0, "HTHG": 0, "HTR": "D", "HY": 0, "HomeTeam": "Amiens"},{"AC": 4, "AF": 19, "AR": 1, "AS": 15, "AST": 6, "AY": 3, "AwayTeam": "Lille", "Date": "2018-09-26", "FTAG": 0, "FTHG": 1, "FTR": "H", "HC": 3, "HF": 13, "HR": 0, "HS": 7, "HST": 3, "HTAG": 0, "HTHG": 1, "HTR": "H", "HY": 1, "HomeTeam": "Bordeaux"},{"AC": 6, "AF": 14, "AR": 1, "AS": 16, "AST": 6, "AY": 2, "AwayTeam": "Montpellier", "Date": "2018-09-26", "FTAG": 2, "FTHG": 2, "FTR": "D", "HC": 4, "HF": 10, "HR": 0, "HS": 11, "HST": 3, "HTAG": 1, "HTHG": 1, "HTR": "D", "HY": 2, "HomeTeam": "Caen"},{"AC": 2, "AF": 11, "AR": 1, "AS": 16, "AST": 5, "AY": 2, "AwayTeam": "Lyon", "Date": "2018-09-26", "FTAG": 3, "FTHG": 0, "FTR": "A", "HC": 8, "HF": 12, "HR": 1, "HS": 30, "HST": 6, "HTAG": 3, "HTHG": 0, "HTR": "A", "HY": 2, "HomeTeam": "Dijon"},{"AC": 2, "AF": 13, "AR": 0, "AS": 9, "AST": 5, "AY": 3, "AwayTeam": "Strasbourg", "Date": "2018-09-26", "FTAG": 2, "FTHG": 3, "FTR": "H", "HC": 3, "HF": 12, "HR": 1, "HS": 13, "HST": 5, "HTAG": 1, "HTHG": 2, "HTR": "H", "HY": 3, "HomeTeam": "Marseille"},{"AC": 3, "AF": 12, "AR": 0, "AS": 9, "AST": 3, "AY": 3, "AwayTeam": "Guingamp", "Date": "2018-09-26", "FTAG": 0, "FTHG": 0, "FTR": "D", "HC": 4, "HF": 11, "HR": 0, "HS": 7, "HST": 2, "HTAG": 0, "HTHG": 0, "HTR": "D", "HY": 3, "HomeTeam": "Nimes"},{"AC": 4, "AF": 13, "AR": 0, "AS": 9, "AST": 3, "AY": 1, "AwayTeam": "Reims", "Date": "2018-09-26", "FTAG": 1, "FTHG": 4, "FTR": "H", "HC": 8, "HF": 12, "HR": 0, "HS": 15, "HST": 7, "HTAG": 1, "HTHG": 3, "HTR": "H", "HY": 0, "HomeTeam": "Paris SG"},{"AC": 3, "AF": 9, "AR": 0, "AS": 20, "AST": 7, "AY": 1, "AwayTeam": "Monaco", "Date": "2018-09-28", "FTAG": 0, "FTHG": 2, "FTR": "H", "HC": 6, "HF": 8, "HR": 0, "HS": 16, "HST": 5, "HTAG": 0, "HTHG": 1, "HTR": "H", "HY": 0, "HomeTeam": "St Etienne"},{"AC": 4, "AF": 13, "AR": 0, "AS": 11, "AST": 5, "AY": 3, "AwayTeam": "Guingamp", "Date": "2018-09-29", "FTAG": 1, "FTHG": 0, "FTR": "A", "HC": 1, "HF": 15, "HR": 0, "HS": 11, "HST": 4, "HTAG": 1, "HTHG": 0, "HTR": "A", "HY": 3, "HomeTeam": "Angers"},{"AC": 4, "AF": 11, "AR": 1, "AS": 7, "AST": 2, "AY": 2, "AwayTeam": "Amiens", "Date": "2018-09-29", "FTAG": 0, "FTHG": 1, "FTR": "H", "HC": 7, "HF": 15, "HR": 0, "HS": 12, "HST": 4, "HTAG": 0, "HTHG": 1, "HTR": "H", "HY": 2, "HomeTeam": "Caen"},{"AC": 10, "AF": 12, "AR": 0, "AS": 19, "AST": 4, "AY": 4, "AwayTeam": "Nantes", "Date": "2018-09-29", "FTAG": 1, "FTHG": 1, "FTR": "D", "HC": 10, "HF": 15, "HR": 0, "HS": 20, "HST": 7, "HTAG": 0, "HTHG": 1, "HTR": "H", "HY": 3, "HomeTeam": "Lyon"},{"AC": 7, "AF": 12, "AR": 0, "AS": 21, "AST": 8, "AY": 2, "AwayTeam": "Paris SG", "Date": "2018-09-29", "FTAG": 3, "FTHG": 0, "FTR": "A", "HC": 3, "HF": 13, "HR": 1, "HS": 9, "HST": 1, "HTAG": 1, "HTHG": 0, "HTR": "A", "HY": 3, "HomeTeam": "Nice"},{"AC": 1, "AF": 23, "AR": 0, "AS": 7, "AST": 3, "AY": 3, "AwayTeam": "Bordeaux", "Date": "2018-09-29", "FTAG": 0, "FTHG": 0, "FTR": "D", "HC": 7, "HF": 16, "HR": 0, "HS": 9, "HST": 0, "HTAG": 0, "HTHG": 0, "HTR": "D", "HY": 2, "HomeTeam": "Reims"},{"AC": 5, "AF": 17, "AR": 0, "AS": 14, "AST": 1, "AY": 3, "AwayTeam": "Dijon", "Date": "2018-09-29", "FTAG": 0, "FTHG": 3, "FTR": "H", "HC": 0, "HF": 11, "HR": 0, "HS": 7, "HST": 5, "HTAG": 0, "HTHG": 1, "HTR": "H", "HY": 1, "HomeTeam": "Strasbourg"},{"AC": 2, "AF": 14, "AR": 0, "AS": 8, "AST": 3, "AY": 3, "AwayTeam": "Marseille", "Date": "2018-09-30", "FTAG": 0, "FTHG": 3, "FTR": "H", "HC": 5, "HF": 8, "HR": 0, "HS": 16, "HST": 4, "HTAG": 0, "HTHG": 0, "HTR": "D", "HY": 1, "HomeTeam": "Lille"},{"AC": 1, "AF": 18, "AR": 0, "AS": 11, "AST": 3, "AY": 3, "AwayTeam": "Nimes", "Date": "2018-09-30", "FTAG": 0, "FTHG": 3, "FTR": "H", "HC": 4, "HF": 15, "HR": 0, "HS": 19, "HST": 6, "HTAG": 0, "HTHG": 2, "HTR": "H", "HY": 2, "HomeTeam": "Montpellier"},{"AC": 3, "AF": 14, "AR": 1, "AS": 5, "AST": 2, "AY": 4, "AwayTeam": "Toulouse", "Date": "2018-09-30", "FTAG": 1, "FTHG": 1, "FTR": "D", "HC": 7, "HF": 17, "HR": 0, "HS": 22, "HST": 7, "HTAG": 0, "HTHG": 0, "HTR": "D", "HY": 1, "HomeTeam": "Rennes"},{"AC": 2, "AF": 14, "AR": 0, "AS": 11, "AST": 2, "AY": 2, "AwayTeam": "Nice", "Date": "2018-10-05", "FTAG": 1, "FTHG": 1, "FTR": "D", "HC": 3, "HF": 17, "HR": 0, "HS": 13, "HST": 2, "HTAG": 1, "HTHG": 0, "HTR": "A", "HY": 1, "HomeTeam": "Toulouse"},{"AC": 2, "AF": 18, "AR": 0, "AS": 10, "AST": 3, "AY": 0, "AwayTeam": "Dijon", "Date": "2018-10-06", "FTAG": 0, "FTHG": 1, "FTR": "H", "HC": 6, "HF": 19, "HR": 0, "HS": 8, "HST": 2, "HTAG": 0, "HTHG": 1, "HTR": "H", "HY": 0, "HomeTeam": "Amiens"},{"AC": 1, "AF": 13, "AR": 0, "AS": 9, "AST": 4, "AY": 5, "AwayTeam": "Strasbourg", "Date": "2018-10-06", "FTAG": 2, "FTHG": 2, "FTR": "D", "HC": 6, "HF": 11, "HR": 0, "HS": 24, "HST": 6, "HTAG": 2, "HTHG": 0, "HTR": "A", "HY": 1, "HomeTeam": "Angers"},{"AC": 4, "AF": 17, "AR": 1, "AS": 11, "AST": 5, "AY": 3, "AwayTeam": "Montpellier", "Date": "2018-10-06", "FTAG": 1, "FTHG": 1, "FTR": "D", "HC": 3, "HF": 11, "HR": 1, "HS": 7, "HST": 2, "HTAG": 1, "HTHG": 0, "HTR": "A", "HY": 0, "HomeTeam": "Guingamp"},{"AC": 4, "AF": 10, "AR": 0, "AS": 6, "AST": 2, "AY": 1, "AwayTeam": "St Etienne", "Date": "2018-10-06", "FTAG": 1, "FTHG": 3, "FTR": "H", "HC": 1, "HF": 8, "HR": 0, "HS": 12, "HST": 5, "HTAG": 1, "HTHG": 1, "HTR": "D", "HY": 2, "HomeTeam": "Lille"},{"AC": 1, "AF": 11, "AR": 0, "AS": 9, "AST": 2, "AY": 1, "AwayTeam": "Reims", "Date": "2018-10-06", "FTAG": 0, "FTHG": 0, "FTR": "D", "HC": 9, "HF": 13, "HR": 0, "HS": 17, "HST": 5, "HTAG": 0, "HTHG": 0, "HTR": "D", "HY": 1, "HomeTeam": "Nimes"},{"AC": 6, "AF": 15, "AR": 0, "AS": 12, "AST": 2, "AY": 1, "AwayTeam": "Nantes", "Date": "2018-10-07", "FTAG": 0, "FTHG": 3, "FTR": "H", "HC": 4, "HF": 19, "HR": 0, "HS": 16, "HST": 7, "HTAG": 0, "HTHG": 3, "HTR": "H", "HY": 1, "HomeTeam": "Bordeaux"},{"AC": 2, "AF": 14, "AR": 0, "AS": 7, "AST": 2, "AY": 5, "AwayTeam": "Caen", "Date": "2018-10-07", "FTAG": 0, "FTHG": 2, "FTR": "H", "HC": 4, "HF": 14, "HR": 0, "HS": 17, "HST": 6, "HTAG": 0, "HTHG": 2, "HTR": "H", "HY": 3, "HomeTeam": "Marseille"},{"AC": 3, "AF": 16, "AR": 0, "AS": 11, "AST": 4, "AY": 1, "AwayTeam": "Rennes", "Date": "2018-10-07", "FTAG": 2, "FTHG": 1, "FTR": "A", "HC": 2, "HF": 18, "HR": 1, "HS": 8, "HST": 2, "HTAG": 1, "HTHG": 0, "HTR": "A", "HY": 5, "HomeTeam": "Monaco"},{"AC": 10, "AF": 16, "AR": 1, "AS": 16, "AST": 6, "AY": 4, "AwayTeam": "Lyon", "Date": "2018-10-07", "FTAG": 0, "FTHG": 5, "FTR": "H", "HC": 2, "HF": 11, "HR": 1, "HS": 14, "HST": 8, "HTAG": 0, "HTHG": 1, "HTR": "H", "HY": 2, "HomeTeam": "Paris SG"},{"AC": 7, "AF": 11, "AR": 0, "AS": 23, "AST": 6, "AY": 2, "AwayTeam": "Nimes", "Date": "2018-10-19", "FTAG": 0, "FTHG": 2, "FTR": "H", "HC": 7, "HF": 10, "HR": 0, "HS": 13, "HST": 5, "HTAG": 0, "HTHG": 1, "HTR": "H", "HY": 1, "HomeTeam": "Lyon"},{"AC": 2, "AF": 5, "AR": 0, "AS": 7, "AST": 2, "AY": 0, "AwayTeam": "Guingamp", "Date": "2018-10-20", "FTAG": 0, "FTHG": 0, "FTR": "D", "HC": 3, "HF": 17, "HR": 0, "HS": 4, "HST": 2, "HTAG": 0, "HTHG": 0, "HTR": "D", "HY": 0, "HomeTeam": "Caen"},{"AC": 5, "AF": 13, "AR": 0, "AS": 8, "AST": 3, "AY": 2, "AwayTeam": "Lille", "Date": "2018-10-20", "FTAG": 2, "FTHG": 1, "FTR": "A", "HC": 10, "HF": 20, "HR": 0, "HS": 17, "HST": 7, "HTAG": 2, "HTHG": 0, "HTR": "A", "HY": 2, "HomeTeam": "Dijon"},{"AC": 3, "AF": 13, "AR": 0, "AS": 5, "AST": 2, "AY": 1, "AwayTeam": "Toulouse", "Date": "2018-10-20", "FTAG": 0, "FTHG": 4, "FTR": "H", "HC": 4, "HF": 12, "HR": 0, "HS": 18, "HST": 9, "HTAG": 0, "HTHG": 2, "HTR": "H", "HY": 3, "HomeTeam": "Nantes"},{"AC": 5, "AF": 10, "AR": 0, "AS": 8, "AST": 2, "AY": 0, "AwayTeam": "Amiens", "Date": "2018-10-20", "FTAG": 0, "FTHG": 5, "FTR": "H", "HC": 10, "HF": 12, "HR": 0, "HS": 16, "HST": 8, "HTAG": 0, "HTHG": 2, "HTR": "H", "HY": 0, "HomeTeam": "Paris SG"},{"AC": 6, "AF": 7, "AR": 0, "AS": 16, "AST": 6, "AY": 0, "AwayTeam": "Angers", "Date": "2018-10-20", "FTAG": 1, "FTHG": 1, "FTR": "D", "HC": 8, "HF": 13, "HR": 0, "HS": 12, "HST": 5, "HTAG": 1, "HTHG": 0, "HTR": "A", "HY": 1, "HomeTeam": "Reims"},{"AC": 6, "AF": 11, "AR": 1, "AS": 12, "AST": 5, "AY": 3, "AwayTeam": "Monaco", "Date": "2018-10-20", "FTAG": 1, "FTHG": 2, "FTR": "H", "HC": 4, "HF": 13, "HR": 0, "HS": 8, "HST": 5, "HTAG": 0, "HTHG": 1, "HTR": "H", "HY": 2, "HomeTeam": "Strasbourg"},{"AC": 3, "AF": 11, "AR": 0, "AS": 12, "AST": 3, "AY": 3, "AwayTeam": "Bordeaux", "Date": "2018-10-21", "FTAG": 0, "FTHG": 2, "FTR": "H", "HC": 2, "HF": 13, "HR": 0, "HS": 13, "HST": 4, "HTAG": 0, "HTHG": 1, "HTR": "H", "HY": 2, "HomeTeam": "Montpellier"},{"AC": 7, "AF": 9, "AR": 0, "AS": 9, "AST": 1, "AY": 1, "AwayTeam": "Marseille", "Date": "2018-10-21", "FTAG": 1, "FTHG": 0, "FTR": "A", "HC": 5, "HF": 12, "HR": 0, "HS": 14, "HST": 3, "HTAG": 1, "HTHG": 0, "HTR": "A", "HY": 3, "HomeTeam": "Nice"},{"AC": 4, "AF": 11, "AR": 0, "AS": 15, "AST": 5, "AY": 1, "AwayTeam": "Rennes", "Date": "2018-10-21", "FTAG": 1, "FTHG": 1, "FTR": "D", "HC": 2, "HF": 13, "HR": 0, "HS": 8, "HST": 2, "HTAG": 1, "HTHG": 1, "HTR": "D", "HY": 1, "HomeTeam": "St Etienne"},{"AC": 4, "AF": 15, "AR": 0, "AS": 13, "AST": 5, "AY": 3, "AwayTeam": "St Etienne", "Date": "2018-10-26", "FTAG": 1, "FTHG": 1, "FTR": "D", "HC": 7, "HF": 6, "HR": 0, "HS": 13, "HST": 6, "HTAG": 1, "HTHG": 0, "HTR": "A", "HY": 1, "HomeTeam": "Nimes"},{"AC": 2, "AF": 10, "AR": 0, "AS": 12, "AST": 5, "AY": 2, "AwayTeam": "Nantes", "Date": "2018-10-27", "FTAG": 2, "FTHG": 1, "FTR": "A", "HC": 10, "HF": 16, "HR": 0, "HS": 18, "HST": 8, "HTAG": 1, "HTHG": 0, "HTR": "A", "HY": 1, "HomeTeam": "Amiens"},{"AC": 0, "AF": 10, "AR": 0, "AS": 9, "AST": 5, "AY": 5, "AwayTeam": "Lyon", "Date": "2018-10-27", "FTAG": 2, "FTHG": 1, "FTR": "A", "HC": 7, "HF": 9, "HR": 1, "HS": 14, "HST": 4, "HTAG": 0, "HTHG": 0, "HTR": "D", "HY": 2, "HomeTeam": "Angers"},{"AC": 5, "AF": 14, "AR": 0, "AS": 12, "AST": 5, "AY": 1, "AwayTeam": "Strasbourg", "Date": "2018-10-27", "FTAG": 1, "FTHG": 1, "FTR": "D", "HC": 6, "HF": 10, "HR": 0, "HS": 10, "HST": 4, "HTAG": 0, "HTHG": 1, "HTR": "H", "HY": 1, "HomeTeam": "Guingamp"},{"AC": 4, "AF": 20, "AR": 0, "AS": 5, "AST": 1, "AY": 2, "AwayTeam": "Caen", "Date": "2018-10-27", "FTAG": 0, "FTHG": 1, "FTR": "H", "HC": 9, "HF": 13, "HR": 0, "HS": 11, "HST": 4, "HTAG": 0, "HTHG": 0, "HTR": "D", "HY": 0, "HomeTeam": "Lille"},{"AC": 4, "AF": 14, "AR": 0, "AS": 11, "AST": 3, "AY": 3, "AwayTeam": "Dijon", "Date": "2018-10-27", "FTAG": 2, "FTHG": 2, "FTR": "D", "HC": 6, "HF": 15, "HR": 0, "HS": 12, "HST": 5, "HTAG": 1, "HTHG": 1, "HTR": "D", "HY": 2, "HomeTeam": "Monaco"},{"AC": 7, "AF": 13, "AR": 0, "AS": 22, "AST": 8, "AY": 1, "AwayTeam": "Montpellier", "Date": "2018-10-27", "FTAG": 3, "FTHG": 0, "FTR": "A", "HC": 5, "HF": 13, "HR": 0, "HS": 15, "HST": 4, "HTAG": 2, "HTHG": 0, "HTR": "A", "HY": 2, "HomeTeam": "Toulouse"},{"AC": 2, "AF": 13, "AR": 0, "AS": 13, "AST": 2, "AY": 3, "AwayTeam": "Nice", "Date": "2018-10-28", "FTAG": 1, "FTHG": 0, "FTR": "A", "HC": 5, "HF": 13, "HR": 0, "HS": 23, "HST": 7, "HTAG": 0, "HTHG": 0, "HTR": "D", "HY": 2, "HomeTeam": "Bordeaux"},{"AC": 7, "AF": 11, "AR": 0, "AS": 11, "AST": 5, "AY": 2, "AwayTeam": "Paris SG", "Date": "2018-10-28", "FTAG": 2, "FTHG": 0, "FTR": "A", "HC": 5, "HF": 8, "HR": 0, "HS": 12, "HST": 2, "HTAG": 0, "HTHG": 0, "HTR": "D", "HY": 4, "HomeTeam": "Marseille"},{"AC": 2, "AF": 17, "AR": 0, "AS": 6, "AST": 3, "AY": 2, "AwayTeam": "Reims", "Date": "2018-10-28", "FTAG": 2, "FTHG": 0, "FTR": "A", "HC": 11, "HF": 16, "HR": 0, "HS": 11, "HST": 5, "HTAG": 1, "HTHG": 0, "HTR": "A", "HY": 3, "HomeTeam": "Rennes"},{"AC": 0, "AF": 12, "AR": 0, "AS": 6, "AST": 2, "AY": 3, "AwayTeam": "Lille", "Date": "2018-11-02", "FTAG": 1, "FTHG": 2, "FTR": "H", "HC": 8, "HF": 16, "HR": 0, "HS": 19, "HST": 5, "HTAG": 0, "HTHG": 0, "HTR": "D", "HY": 2, "HomeTeam": "Paris SG"},{"AC": 4, "AF": 11, "AR": 0, "AS": 22, "AST": 10, "AY": 2, "AwayTeam": "Rennes", "Date": "2018-11-03", "FTAG": 2, "FTHG": 1, "FTR": "A", "HC": 2, "HF": 13, "HR": 0, "HS": 12, "HST": 3, "HTAG": 0, "HTHG": 0, "HTR": "D", "HY": 1, "HomeTeam": "Caen"},{"AC": 3, "AF": 13, "AR": 0, "AS": 11, "AST": 6, "AY": 0, "AwayTeam": "Nimes", "Date": "2018-11-03", "FTAG": 4, "FTHG": 0, "FTR": "A", "HC": 7, "HF": 12, "HR": 0, "HS": 23, "HST": 7, "HTAG": 2, "HTHG": 0, "HTR": "A", "HY": 1, "HomeTeam": "Dijon"},{"AC": 5, "AF": 16, "AR": 0, "AS": 17, "AST": 3, "AY": 1, "AwayTeam": "Bordeaux", "Date": "2018-11-03", "FTAG": 1, "FTHG": 1, "FTR": "D", "HC": 5, "HF": 18, "HR": 0, "HS": 6, "HST": 2, "HTAG": 0, "HTHG": 1, "HTR": "H", "HY": 1, "HomeTeam": "Lyon"},{"AC": 4, "AF": 9, "AR": 0, "AS": 13, "AST": 7, "AY": 0, "AwayTeam": "Amiens", "Date": "2018-11-03", "FTAG": 0, "FTHG": 1, "FTR": "H", "HC": 1, "HF": 8, "HR": 0, "HS": 7, "HST": 4, "HTAG": 0, "HTHG": 1, "HTR": "H", "HY": 1, "HomeTeam": "Nice"},{"AC": 4, "AF": 16, "AR": 1, "AS": 5, "AST": 1, "AY": 3, "AwayTeam": "Monaco", "Date": "2018-11-03", "FTAG": 0, "FTHG": 1, "FTR": "H", "HC": 2, "HF": 12, "HR": 1, "HS": 8, "HST": 4, "HTAG": 0, "HTHG": 1, "HTR": "H", "HY": 0, "HomeTeam": "Reims"},{"AC": 3, "AF": 4, "AR": 0, "AS": 5, "AST": 2, "AY": 1, "AwayTeam": "Toulouse", "Date": "2018-11-03", "FTAG": 1, "FTHG": 1, "FTR": "D", "HC": 10, "HF": 8, "HR": 0, "HS": 18, "HST": 2, "HTAG": 0, "HTHG": 0, "HTR": "D", "HY": 2, "HomeTeam": "Strasbourg"},{"AC": 6, "AF": 14, "AR": 0, "AS": 11, "AST": 2, "AY": 3, "AwayTeam": "Marseille", "Date": "2018-11-04", "FTAG": 0, "FTHG": 3, "FTR": "H", "HC": 2, "HF": 12, "HR": 0, "HS": 14, "HST": 6, "HTAG": 0, "HTHG": 0, "HTR": "D", "HY": 0, "HomeTeam": "Montpellier"},{"AC": 5, "AF": 13, "AR": 0, "AS": 4, "AST": 0, "AY": 2, "AwayTeam": "Guingamp", "Date": "2018-11-04", "FTAG": 0, "FTHG": 5, "FTR": "H", "HC": 8, "HF": 10, "HR": 0, "HS": 19, "HST": 10, "HTAG": 0, "HTHG": 1, "HTR": "H", "HY": 0, "HomeTeam": "Nantes"},{"AC": 5, "AF": 10, "AR": 0, "AS": 10, "AST": 6, "AY": 1, "AwayTeam": "Angers", "Date": "2018-11-04", "FTAG": 3, "FTHG": 4, "FTR": "H", "HC": 9, "HF": 8, "HR": 0, "HS": 18, "HST": 9, "HTAG": 2, "HTHG": 2, "HTR": "D", "HY": 1, "HomeTeam": "St Etienne"},{"AC": 0, "AF": 14, "AR": 0, "AS": 4, "AST": 1, "AY": 2, "AwayTeam": "Strasbourg", "Date": "2018-11-09", "FTAG": 0, "FTHG": 0, "FTR": "D", "HC": 7, "HF": 9, "HR": 0, "HS": 22, "HST": 8, "HTAG": 0, "HTHG": 0, "HTR": "D", "HY": 0, "HomeTeam": "Lille"},{"AC": 3, "AF": 13, "AR": 0, "AS": 10, "AST": 3, "AY": 2, "AwayTeam": "Montpellier", "Date": "2018-11-10", "FTAG": 0, "FTHG": 1, "FTR": "H", "HC": 5, "HF": 16, "HR": 0, "HS": 10, "HST": 3, "HTAG": 0, "HTHG": 0, "HTR": "D", "HY": 1, "HomeTeam": "Angers"},{"AC": 0, "AF": 18, "AR": 0, "AS": 19, "AST": 6, "AY": 2, "AwayTeam": "Lyon", "Date": "2018-11-10", "FTAG": 4, "FTHG": 2, "FTR": "A", "HC": 6, "HF": 13, "HR": 0, "HS": 9, "HST": 2, "HTAG": 0, "HTHG": 1, "HTR": "H", "HY": 1, "HomeTeam": "Guingamp"},{"AC": 6, "AF": 16, "AR": 0, "AS": 13, "AST": 8, "AY": 5, "AwayTeam": "Nice", "Date": "2018-11-10", "FTAG": 1, "FTHG": 0, "FTR": "A", "HC": 4, "HF": 11, "HR": 2, "HS": 8, "HST": 3, "HTAG": 0, "HTHG": 0, "HTR": "D", "HY": 4, "HomeTeam": "Nimes"},{"AC": 6, "AF": 21, "AR": 0, "AS": 14, "AST": 3, "AY": 1, "AwayTeam": "Reims", "Date": "2018-11-10", "FTAG": 0, "FTHG": 2, "FTR": "H", "HC": 5, "HF": 10, "HR": 0, "HS": 14, "HST": 5, "HTAG": 0, "HTHG": 2, "HTR": "H", "HY": 3, "HomeTeam": "St Etienne"},{"AC": 3, "AF": 15, "AR": 0, "AS": 7, "AST": 2, "AY": 1, "AwayTeam": "Amiens", "Date": "2018-11-10", "FTAG": 1, "FTHG": 0, "FTR": "A", "HC": 7, "HF": 11, "HR": 0, "HS": 23, "HST": 6, "HTAG": 1, "HTHG": 0, "HTR": "A", "HY": 3, "HomeTeam": "Toulouse"},{"AC": 6, "AF": 14, "AR": 0, "AS": 9, "AST": 1, "AY": 3, "AwayTeam": "Caen", "Date": "2018-11-11", "FTAG": 0, "FTHG": 0, "FTR": "D", "HC": 3, "HF": 12, "HR": 0, "HS": 16, "HST": 6, "HTAG": 0, "HTHG": 0, "HTR": "D", "HY": 4, "HomeTeam": "Bordeaux"},{"AC": 4, "AF": 17, "AR": 0, "AS": 9, "AST": 3, "AY": 2, "AwayTeam": "Dijon", "Date": "2018-11-11", "FTAG": 0, "FTHG": 2, "FTR": "H", "HC": 10, "HF": 9, "HR": 0, "HS": 16, "HST": 3, "HTAG": 0, "HTHG": 1, "HTR": "H", "HY": 0, "HomeTeam": "Marseille"},{"AC": 9, "AF": 10, "AR": 0, "AS": 14, "AST": 9, "AY": 0, "AwayTeam": "Paris SG", "Date": "2018-11-11", "FTAG": 4, "FTHG": 0, "FTR": "A", "HC": 6, "HF": 15, "HR": 0, "HS": 15, "HST": 2, "HTAG": 2, "HTHG": 0, "HTR": "A", "HY": 0, "HomeTeam": "Monaco"},{"AC": 4, "AF": 17, "AR": 0, "AS": 7, "AST": 3, "AY": 3, "AwayTeam": "Nantes", "Date": "2018-11-11", "FTAG": 1, "FTHG": 1, "FTR": "D", "HC": 8, "HF": 15, "HR": 0, "HS": 14, "HST": 4, "HTAG": 1, "HTHG": 1, "HTR": "D", "HY": 4, "HomeTeam": "Rennes"},{"AC": 8, "AF": 16, "AR": 0, "AS": 16, "AST": 3, "AY": 2, "AwayTeam": "St Etienne", "Date": "2018-11-23", "FTAG": 0, "FTHG": 1, "FTR": "H", "HC": 6, "HF": 10, "HR": 1, "HS": 13, "HST": 1, "HTAG": 0, "HTHG": 0, "HTR": "D", "HY": 1, "HomeTeam": "Lyon"},{"AC": 4, "AF": 20, "AR": 0, "AS": 10, "AST": 4, "AY": 3, "AwayTeam": "Monaco", "Date": "2018-11-24", "FTAG": 1, "FTHG": 0, "FTR": "A", "HC": 7, "HF": 16, "HR": 0, "HS": 9, "HST": 1, "HTAG": 0, "HTHG": 0, "HTR": "D", "HY": 2, "HomeTeam": "Caen"},{"AC": 6, "AF": 12, "AR": 0, "AS": 11, "AST": 0, "AY": 1, "AwayTeam": "Bordeaux", "Date": "2018-11-24", "FTAG": 0, "FTHG": 0, "FTR": "D", "HC": 6, "HF": 18, "HR": 0, "HS": 14, "HST": 4, "HTAG": 0, "HTHG": 0, "HTR": "D", "HY": 2, "HomeTeam": "Dijon"},{"AC": 2, "AF": 12, "AR": 0, "AS": 7, "AST": 1, "AY": 3, "AwayTeam": "Angers", "Date": "2018-11-24", "FTAG": 1, "FTHG": 1, "FTR": "D", "HC": 8, "HF": 13, "HR": 0, "HS": 24, "HST": 8, "HTAG": 1, "HTHG": 0, "HTR": "A", "HY": 2, "HomeTeam": "Nantes"},{"AC": 6, "AF": 9, "AR": 0, "AS": 11, "AST": 3, "AY": 0, "AwayTeam": "Toulouse", "Date": "2018-11-24", "FTAG": 0, "FTHG": 1, "FTR": "H", "HC": 7, "HF": 12, "HR": 0, "HS": 9, "HST": 2, "HTAG": 0, "HTHG": 1, "HTR": "H", "HY": 0, "HomeTeam": "Paris SG"},{"AC": 2, "AF": 10, "AR": 0, "AS": 6, "AST": 4, "AY": 4, "AwayTeam": "Guingamp", "Date": "2018-11-24", "FTAG": 1, "FTHG": 2, "FTR": "H", "HC": 5, "HF": 12, "HR": 0, "HS": 10, "HST": 3, "HTAG": 0, "HTHG": 1, "HTR": "H", "HY": 1, "HomeTeam": "Reims"},{"AC": 8, "AF": 8, "AR": 0, "AS": 14, "AST": 3, "AY": 1, "AwayTeam": "Nimes", "Date": "2018-11-24", "FTAG": 1, "FTHG": 0, "FTR": "A", "HC": 7, "HF": 12, "HR": 1, "HS": 12, "HST": 4, "HTAG": 0, "HTHG": 0, "HTR": "D", "HY": 3, "HomeTeam": "Strasbourg"},{"AC": 8, "AF": 11, "AR": 0, "AS": 21, "AST": 9, "AY": 2, "AwayTeam": "Marseille", "Date": "2018-11-25", "FTAG": 3, "FTHG": 1, "FTR": "A", "HC": 5, "HF": 14, "HR": 0, "HS": 9, "HST": 3, "HTAG": 1, "HTHG": 1, "HTR": "D", "HY": 2, "HomeTeam": "Amiens"},{"AC": 5, "AF": 16, "AR": 0, "AS": 16, "AST": 7, "AY": 1, "AwayTeam": "Rennes", "Date": "2018-11-25", "FTAG": 2, "FTHG": 2, "FTR": "D", "HC": 2, "HF": 13, "HR": 0, "HS": 15, "HST": 4, "HTAG": 1, "HTHG": 1, "HTR": "D", "HY": 3, "HomeTeam": "Montpellier"},{"AC": 12, "AF": 18, "AR": 0, "AS": 9, "AST": 2, "AY": 4, "AwayTeam": "Lille", "Date": "2018-11-25", "FTAG": 0, "FTHG": 2, "FTR": "H", "HC": 4, "HF": 10, "HR": 0, "HS": 11, "HST": 4, "HTAG": 0, "HTHG": 1, "HTR": "H", "HY": 1, "HomeTeam": "Nice"},{"AC": 1, "AF": 17, "AR": 0, "AS": 7, "AST": 1, "AY": 2, "AwayTeam": "Nantes", "Date": "2018-11-30", "FTAG": 0, "FTHG": 3, "FTR": "H", "HC": 8, "HF": 16, "HR": 0, "HS": 16, "HST": 4, "HTAG": 0, "HTHG": 0, "HTR": "D", "HY": 1, "HomeTeam": "St Etienne"},{"AC": 2, "AF": 8, "AR": 0, "AS": 8, "AST": 3, "AY": 2, "AwayTeam": "Caen", "Date": "2018-12-01", "FTAG": 1, "FTHG": 1, "FTR": "D", "HC": 6, "HF": 15, "HR": 0, "HS": 11, "HST": 4, "HTAG": 0, "HTHG": 0, "HTR": "D", "HY": 1, "HomeTeam": "Angers"},{"AC": 1, "AF": 11, "AR": 0, "AS": 10, "AST": 1, "AY": 1, "AwayTeam": "Nice", "Date": "2018-12-01", "FTAG": 0, "FTHG": 0, "FTR": "D", "HC": 4, "HF": 6, "HR": 0, "HS": 12, "HST": 2, "HTAG": 0, "HTHG": 0, "HTR": "D", "HY": 1, "HomeTeam": "Guingamp"},{"AC": 6, "AF": 8, "AR": 0, "AS": 18, "AST": 5, "AY": 1, "AwayTeam": "Lyon", "Date": "2018-12-01", "FTAG": 2, "FTHG": 2, "FTR": "D", "HC": 4, "HF": 14, "HR": 0, "HS": 13, "HST": 6, "HTAG": 0, "HTHG": 2, "HTR": "H", "HY": 2, "HomeTeam": "Lille"},{"AC": 3, "AF": 20, "AR": 0, "AS": 15, "AST": 3, "AY": 0, "AwayTeam": "Montpellier", "Date": "2018-12-01", "FTAG": 2, "FTHG": 1, "FTR": "A", "HC": 4, "HF": 6, "HR": 0, "HS": 13, "HST": 2, "HTAG": 0, "HTHG": 1, "HTR": "H", "HY": 0, "HomeTeam": "Monaco"},{"AC": 2, "AF": 12, "AR": 0, "AS": 9, "AST": 2, "AY": 4, "AwayTeam": "Amiens", "Date": "2018-12-01", "FTAG": 0, "FTHG": 3, "FTR": "H", "HC": 5, "HF": 10, "HR": 0, "HS": 13, "HST": 7, "HTAG": 0, "HTHG": 1, "HTR": "H", "HY": 1, "HomeTeam": "Nimes"},{"AC": 4, "AF": 12, "AR": 0, "AS": 9, "AST": 2, "AY": 2, "AwayTeam": "Paris SG", "Date": "2018-12-02", "FTAG": 2, "FTHG": 2, "FTR": "D", "HC": 4, "HF": 12, "HR": 0, "HS": 18, "HST": 4, "HTAG": 1, "HTHG": 0, "HTR": "A", "HY": 1, "HomeTeam": "Bordeaux"},{"AC": 1, "AF": 12, "AR": 0, "AS": 12, "AST": 4, "AY": 1, "AwayTeam": "Reims", "Date": "2018-12-02", "FTAG": 0, "FTHG": 0, "FTR": "D", "HC": 13, "HF": 16, "HR": 0, "HS": 16, "HST": 5, "HTAG": 0, "HTHG": 0, "HTR": "D", "HY": 2, "HomeTeam": "Marseille"},{"AC": 3, "AF": 10, "AR": 0, "AS": 14, "AST": 8, "AY": 1, "AwayTeam": "Strasbourg", "Date": "2018-12-02", "FTAG": 4, "FTHG": 1, "FTR": "A", "HC": 10, "HF": 8, "HR": 0, "HS": 12, "HST": 2, "HTAG": 2, "HTHG": 1, "HTR": "A", "HY": 3, "HomeTeam": "Rennes"},{"AC": 5, "AF": 17, "AR": 0, "AS": 14, "AST": 5, "AY": 3, "AwayTeam": "Dijon", "Date": "2018-12-02", "FTAG": 2, "FTHG": 2, "FTR": "D", "HC": 2, "HF": 12, "HR": 1, "HS": 12, "HST": 3, "HTAG": 1, "HTHG": 0, "HTR": "A", "HY": 1, "HomeTeam": "Toulouse"},{"AC": 2, "AF": 17, "AR": 0, "AS": 6, "AST": 4, "AY": 3, "AwayTeam": "Monaco", "Date": "2018-12-04", "FTAG": 2, "FTHG": 0, "FTR": "A", "HC": 5, "HF": 21, "HR": 1, "HS": 15, "HST": 2, "HTAG": 1, "HTHG": 0, "HTR": "A", "HY": 2, "HomeTeam": "Amiens"},{"AC": 8, "AF": 10, "AR": 0, "AS": 13, "AST": 6, "AY": 2, "AwayTeam": "Lille", "Date": "2018-12-04", "FTAG": 1, "FTHG": 0, "FTR": "A", "HC": 8, "HF": 15, "HR": 0, "HS": 16, "HST": 4, "HTAG": 1, "HTHG": 0, "HTR": "A", "HY": 2, "HomeTeam": "Montpellier"},{"AC": 2, "AF": 17, "AR": 1, "AS": 8, "AST": 2, "AY": 1, "AwayTeam": "Angers", "Date": "2018-12-04", "FTAG": 0, "FTHG": 0, "FTR": "D", "HC": 7, "HF": 10, "HR": 0, "HS": 16, "HST": 5, "HTAG": 0, "HTHG": 0, "HTR": "D", "HY": 3, "HomeTeam": "Nice"},{"AC": 7, "AF": 12, "AR": 0, "AS": 14, "AST": 4, "AY": 3, "AwayTeam": "St Etienne", "Date": "2018-12-05", "FTAG": 2, "FTHG": 3, "FTR": "H", "HC": 3, "HF": 13, "HR": 0, "HS": 13, "HST": 5, "HTAG": 1, "HTHG": 1, "HTR": "D", "HY": 2, "HomeTeam": "Bordeaux"},{"AC": 6, "AF": 14, "AR": 0, "AS": 23, "AST": 7, "AY": 3, "AwayTeam": "Nimes", "Date": "2018-12-05", "FTAG": 2, "FTHG": 1, "FTR": "A", "HC": 0, "HF": 19, "HR": 0, "HS": 11, "HST": 3, "HTAG": 1, "HTHG": 0, "HTR": "A", "HY": 1, "HomeTeam": "Caen"},{"AC": 9, "AF": 17, "AR": 0, "AS": 21, "AST": 9, "AY": 1, "AwayTeam": "Guingamp", "Date": "2018-12-05", "FTAG": 1, "FTHG": 2, "FTR": "H", "HC": 2, "HF": 19, "HR": 1, "HS": 9, "HST": 3, "HTAG": 0, "HTHG": 1, "HTR": "H", "HY": 6, "HomeTeam": "Dijon"},{"AC": 2, "AF": 12, "AR": 0, "AS": 10, "AST": 2, "AY": 0, "AwayTeam": "Rennes", "Date": "2018-12-05", "FTAG": 2, "FTHG": 0, "FTR": "A", "HC": 5, "HF": 14, "HR": 0, "HS": 15, "HST": 8, "HTAG": 2, "HTHG": 0, "HTR": "A", "HY": 1, "HomeTeam": "Lyon"},{"AC": 7, "AF": 11, "AR": 0, "AS": 8, "AST": 3, "AY": 1, "AwayTeam": "Marseille", "Date": "2018-12-05", "FTAG": 2, "FTHG": 3, "FTR": "H", "HC": 8, "HF": 16, "HR": 0, "HS": 11, "HST": 4, "HTAG": 2, "HTHG": 2, "HTR": "D", "HY": 0, "HomeTeam": "Nantes"},{"AC": 3, "AF": 22, "AR": 1, "AS": 7, "AST": 3, "AY": 6, "AwayTeam": "Toulouse", "Date": "2018-12-05", "FTAG": 1, "FTHG": 0, "FTR": "A", "HC": 10, "HF": 15, "HR": 0, "HS": 22, "HST": 7, "HTAG": 1, "HTHG": 0, "HTR": "A", "HY": 3, "HomeTeam": "Reims"},{"AC": 11, "AF": 14, "AR": 0, "AS": 20, "AST": 5, "AY": 3, "AwayTeam": "Paris SG", "Date": "2018-12-05", "FTAG": 1, "FTHG": 1, "FTR": "D", "HC": 3, "HF": 12, "HR": 0, "HS": 4, "HST": 2, "HTAG": 0, "HTHG": 1, "HTR": "H", "HY": 2, "HomeTeam": "Strasbourg"},{"AC": 0, "AF": 15, "AR": 0, "AS": 11, "AST": 3, "AY": 4, "AwayTeam": "Amiens", "Date": "2018-12-08", "FTAG": 2, "FTHG": 1, "FTR": "A", "HC": 12, "HF": 16, "HR": 1, "HS": 16, "HST": 2, "HTAG": 0, "HTHG": 0, "HTR": "D", "HY": 1, "HomeTeam": "Guingamp"},{"AC": 4, "AF": 16, "AR": 0, "AS": 7, "AST": 3, "AY": 2, "AwayTeam": "Dijon", "Date": "2018-12-08", "FTAG": 0, "FTHG": 2, "FTR": "H", "HC": 8, "HF": 10, "HR": 0, "HS": 21, "HST": 10, "HTAG": 0, "HTHG": 0, "HTR": "D", "HY": 1, "HomeTeam": "Rennes"},{"AC": 4, "AF": 24, "AR": 0, "AS": 8, "AST": 3, "AY": 3, "AwayTeam": "Reims", "Date": "2018-12-09", "FTAG": 1, "FTHG": 1, "FTR": "D", "HC": 5, "HF": 14, "HR": 0, "HS": 12, "HST": 3, "HTAG": 0, "HTHG": 0, "HTR": "D", "HY": 1, "HomeTeam": "Lille"},{"AC": 4, "AF": 13, "AR": 0, "AS": 5, "AST": 3, "AY": 1, "AwayTeam": "Caen", "Date": "2018-12-09", "FTAG": 2, "FTHG": 2, "FTR": "D", "HC": 8, "HF": 11, "HR": 0, "HS": 10, "HST": 4, "HTAG": 1, "HTHG": 2, "HTR": "H", "HY": 1, "HomeTeam": "Strasbourg"},{"AC": 3, "AF": 16, "AR": 0, "AS": 5, "AST": 3, "AY": 1, "AwayTeam": "Strasbourg", "Date": "2018-12-15", "FTAG": 1, "FTHG": 2, "FTR": "H", "HC": 6, "HF": 19, "HR": 0, "HS": 12, "HST": 5, "HTAG": 0, "HTHG": 1, "HTR": "H", "HY": 1, "HomeTeam": "Reims"},{"AC": 1, "AF": 9, "AR": 1, "AS": 4, "AST": 1, "AY": 2, "AwayTeam": "Monaco", "Date": "2018-12-16", "FTAG": 0, "FTHG": 3, "FTR": "H", "HC": 7, "HF": 14, "HR": 0, "HS": 21, "HST": 11, "HTAG": 0, "HTHG": 2, "HTR": "H", "HY": 1, "HomeTeam": "Lyon"},{"AC": 6, "AF": 20, "AR": 1, "AS": 11, "AST": 4, "AY": 3, "AwayTeam": "St Etienne", "Date": "2018-12-16", "FTAG": 1, "FTHG": 1, "FTR": "D", "HC": 7, "HF": 6, "HR": 1, "HS": 23, "HST": 7, "HTAG": 0, "HTHG": 0, "HTR": "D", "HY": 2, "HomeTeam": "Nice"},{"AC": 2, "AF": 12, "AR": 1, "AS": 7, "AST": 6, "AY": 3, "AwayTeam": "Lille", "Date": "2018-12-16", "FTAG": 3, "FTHG": 2, "FTR": "A", "HC": 6, "HF": 21, "HR": 0, "HS": 17, "HST": 6, "HTAG": 2, "HTHG": 0, "HTR": "A", "HY": 3, "HomeTeam": "Nimes"},{"AC": 3, "AF": 27, "AR": 0, "AS": 7, "AST": 2, "AY": 2, "AwayTeam": "Toulouse", "Date": "2018-12-18", "FTAG": 1, "FTHG": 2, "FTR": "H", "HC": 2, "HF": 15, "HR": 0, "HS": 13, "HST": 7, "HTAG": 1, "HTHG": 1, "HTR": "D", "HY": 2, "HomeTeam": "Caen"},{"AC": 4, "AF": 14, "AR": 0, "AS": 14, "AST": 2, "AY": 3, "AwayTeam": "Marseille", "Date": "2018-12-22", "FTAG": 1, "FTHG": 1, "FTR": "D", "HC": 6, "HF": 9, "HR": 0, "HS": 15, "HST": 4, "HTAG": 0, "HTHG": 1, "HTR": "H", "HY": 1, "HomeTeam": "Angers"},{"AC": 7, "AF": 18, "AR": 0, "AS": 6, "AST": 3, "AY": 4, "AwayTeam": "Toulouse", "Date": "2018-12-22", "FTAG": 2, "FTHG": 1, "FTR": "A", "HC": 6, "HF": 11, "HR": 0, "HS": 17, "HST": 5, "HTAG": 0, "HTHG": 1, "HTR": "H", "HY": 3, "HomeTeam": "Lille"},{"AC": 6, "AF": 15, "AR": 0, "AS": 9, "AST": 3, "AY": 4, "AwayTeam": "Guingamp", "Date": "2018-12-22", "FTAG": 2, "FTHG": 0, "FTR": "A", "HC": 8, "HF": 19, "HR": 0, "HS": 5, "HST": 2, "HTAG": 0, "HTHG": 0, "HTR": "D", "HY": 2, "HomeTeam": "Monaco"},{"AC": 2, "AF": 11, "AR": 0, "AS": 10, "AST": 3, "AY": 1, "AwayTeam": "Lyon", "Date": "2018-12-22", "FTAG": 1, "FTHG": 1, "FTR": "D", "HC": 6, "HF": 20, "HR": 0, "HS": 13, "HST": 4, "HTAG": 0, "HTHG": 0, "HTR": "D", "HY": 2, "HomeTeam": "Montpellier"},{"AC": 1, "AF": 11, "AR": 0, "AS": 11, "AST": 2, "AY": 0, "AwayTeam": "Nantes", "Date": "2018-12-22", "FTAG": 0, "FTHG": 1, "FTR": "H", "HC": 9, "HF": 7, "HR": 0, "HS": 23, "HST": 3, "HTAG": 0, "HTHG": 0, "HTR": "D", "HY": 2, "HomeTeam": "Paris SG"},{"AC": 2, "AF": 16, "AR": 0, "AS": 7, "AST": 2, "AY": 3, "AwayTeam": "Caen", "Date": "2018-12-22", "FTAG": 2, "FTHG": 2, "FTR": "D", "HC": 10, "HF": 9, "HR": 0, "HS": 19, "HST": 11, "HTAG": 2, "HTHG": 1, "HTR": "A", "HY": 3, "HomeTeam": "Reims"},{"AC": 7, "AF": 13, "AR": 0, "AS": 18, "AST": 6, "AY": 2, "AwayTeam": "Nimes", "Date": "2018-12-22", "FTAG": 0, "FTHG": 4, "FTR": "H", "HC": 2, "HF": 11, "HR": 0, "HS": 13, "HST": 7, "HTAG": 0, "HTHG": 2, "HTR": "H", "HY": 1, "HomeTeam": "Rennes"},{"AC": 3, "AF": 17, "AR": 0, "AS": 7, "AST": 2, "AY": 3, "AwayTeam": "Dijon", "Date": "2018-12-22", "FTAG": 0, "FTHG": 3, "FTR": "H", "HC": 5, "HF": 13, "HR": 0, "HS": 18, "HST": 9, "HTAG": 0, "HTHG": 1, "HTR": "H", "HY": 4, "HomeTeam": "St Etienne"},{"AC": 4, "AF": 12, "AR": 0, "AS": 9, "AST": 4, "AY": 0, "AwayTeam": "Nice", "Date": "2018-12-22", "FTAG": 0, "FTHG": 2, "FTR": "H", "HC": 2, "HF": 15, "HR": 0, "HS": 11, "HST": 5, "HTAG": 0, "HTHG": 2, "HTR": "H", "HY": 2, "HomeTeam": "Strasbourg"},{"AC": 6, "AF": 10, "AR": 0, "AS": 8, "AST": 4, "AY": 2, "AwayTeam": "Amiens", "Date": "2018-12-23", "FTAG": 1, "FTHG": 1, "FTR": "D", "HC": 6, "HF": 10, "HR": 0, "HS": 9, "HST": 4, "HTAG": 0, "HTHG": 1, "HTR": "H", "HY": 0, "HomeTeam": "Bordeaux"},{"AC": 7, "AF": 7, "AR": 0, "AS": 7, "AST": 2, "AY": 1, "AwayTeam": "Angers", "Date": "2019-01-08", "FTAG": 0, "FTHG": 0, "FTR": "D", "HC": 4, "HF": 13, "HR": 0, "HS": 21, "HST": 5, "HTAG": 0, "HTHG": 0, "HTR": "D", "HY": 0, "HomeTeam": "Amiens"},{"AC": 3, "AF": 9, "AR": 1, "AS": 9, "AST": 2, "AY": 2, "AwayTeam": "Montpellier", "Date": "2019-01-08", "FTAG": 0, "FTHG": 2, "FTR": "H", "HC": 4, "HF": 17, "HR": 0, "HS": 16, "HST": 5, "HTAG": 0, "HTHG": 0, "HTR": "D", "HY": 1, "HomeTeam": "Nantes"},{"AC": 2, "AF": 18, "AR": 1, "AS": 12, "AST": 7, "AY": 1, "AwayTeam": "Lille", "Date": "2019-01-11", "FTAG": 3, "FTHG": 1, "FTR": "A", "HC": 4, "HF": 14, "HR": 0, "HS": 9, "HST": 3, "HTAG": 2, "HTHG": 0, "HTR": "A", "HY": 3, "HomeTeam": "Caen"},{"AC": 0, "AF": 7, "AR": 0, "AS": 9, "AST": 5, "AY": 1, "AwayTeam": "Reims", "Date": "2019-01-11", "FTAG": 1, "FTHG": 1, "FTR": "D", "HC": 8, "HF": 14, "HR": 0, "HS": 15, "HST": 5, "HTAG": 1, "HTHG": 0, "HTR": "A", "HY": 0, "HomeTeam": "Lyon"},{"AC": 8, "AF": 16, "AR": 0, "AS": 20, "AST": 9, "AY": 0, "AwayTeam": "Paris SG", "Date": "2019-01-12", "FTAG": 3, "FTHG": 0, "FTR": "A", "HC": 1, "HF": 16, "HR": 1, "HS": 4, "HST": 1, "HTAG": 0, "HTHG": 0, "HTR": "D", "HY": 3, "HomeTeam": "Amiens"},{"AC": 4, "AF": 12, "AR": 0, "AS": 4, "AST": 2, "AY": 1, "AwayTeam": "St Etienne", "Date": "2019-01-12", "FTAG": 1, "FTHG": 0, "FTR": "A", "HC": 9, "HF": 10, "HR": 0, "HS": 11, "HST": 2, "HTAG": 1, "HTHG": 0, "HTR": "A", "HY": 0, "HomeTeam": "Guingamp"},{"AC": 5, "AF": 17, "AR": 0, "AS": 18, "AST": 4, "AY": 3, "AwayTeam": "Bordeaux", "Date": "2019-01-12", "FTAG": 0, "FTHG": 1, "FTR": "H", "HC": 5, "HF": 17, "HR": 0, "HS": 9, "HST": 3, "HTAG": 0, "HTHG": 1, "HTR": "H", "HY": 2, "HomeTeam": "Nice"},{"AC": 7, "AF": 14, "AR": 0, "AS": 13, "AST": 6, "AY": 0, "AwayTeam": "Montpellier", "Date": "2019-01-13", "FTAG": 1, "FTHG": 1, "FTR": "D", "HC": 3, "HF": 21, "HR": 0, "HS": 13, "HST": 7, "HTAG": 0, "HTHG": 0, "HTR": "D", "HY": 2, "HomeTeam": "Dijon"},{"AC": 3, "AF": 10, "AR": 0, "AS": 8, "AST": 3, "AY": 1, "AwayTeam": "Monaco", "Date": "2019-01-13", "FTAG": 1, "FTHG": 1, "FTR": "D", "HC": 6, "HF": 12, "HR": 0, "HS": 14, "HST": 3, "HTAG": 1, "HTHG": 1, "HTR": "D", "HY": 2, "HomeTeam": "Marseille"},{"AC": 3, "AF": 16, "AR": 0, "AS": 6, "AST": 1, "AY": 3, "AwayTeam": "Rennes", "Date": "2019-01-13", "FTAG": 1, "FTHG": 0, "FTR": "A", "HC": 4, "HF": 13, "HR": 0, "HS": 24, "HST": 3, "HTAG": 1, "HTHG": 0, "HTR": "A", "HY": 5, "HomeTeam": "Nantes"},{"AC": 4, "AF": 8, "AR": 0, "AS": 12, "AST": 5, "AY": 1, "AwayTeam": "Strasbourg", "Date": "2019-01-13", "FTAG": 2, "FTHG": 1, "FTR": "A", "HC": 7, "HF": 9, "HR": 0, "HS": 17, "HST": 4, "HTAG": 1, "HTHG": 1, "HTR": "D", "HY": 1, "HomeTeam": "Toulouse"}]