[{"AC": 3, "AF": 9, "AR": 0, "AS": 10, "AST": 2, "AY": 3, "AwayTeam": "Lorient", "Date": "2010-08-07", "FTAG": 2, "FTHG": 2, "FTR": "D", "HC": 3, "HF": 14, "HR": 0, "HS": 11, "HST": 6, "HTAG": 1, "HTHG": 1, "HTR": "D", "HY": 3, "HomeTeam": "Auxerre"},{"AC": 4, "AF": 18, "AR": 1, "AS": 19, "AST": 6, "AY": 1, "AwayTeam": "Nancy", "Date": "2010-08-07", "FTAG": 2, "FTHG": 1, "FTR": "A", "HC": 2, "HF": 17, "HR": 0, "HS": 17, "HST": 6, "HTAG": 1, "HTHG": 0, "HTR": "A", "HY": 3, "HomeTeam": "Lens"},{"AC": 5, "AF": 24, "AR": 0, "AS": 9, "AST": 4, "AY": 3, "AwayTeam": "Monaco", "Date": "2010-08-07", "FTAG": 0, "FTHG": 0, "FTR": "D", "HC": 3, "HF": 14, "HR": 0, "HS": 16, "HST": 5, "HTAG": 0, "HTHG": 0, "HTR": "D", "HY": 2, "HomeTeam": "Lyon"},{"AC": 3, "AF": 23, "AR": 0, "AS": 12, "AST": 2, "AY": 3, "AwayTeam": "Caen", "Date": "2010-08-07", "FTAG": 2, "FTHG": 1, "FTR": "A", "HC": 6, "HF": 16, "HR": 0, "HS": 16, "HST": 3, "HTAG": 0, "HTHG": 0, "HTR": "D", "HY": 2, "HomeTeam": "Marseille"},{"AC": 6, "AF": 20, "AR": 0, "AS": 11, "AST": 1, "AY": 3, "AwayTeam": "Valenciennes", "Date": "2010-08-07", "FTAG": 0, "FTHG": 0, "FTR": "D", "HC": 4, "HF": 11, "HR": 0, "HS": 10, "HST": 2, "HTAG": 0, "HTHG": 0, "HTR": "D", "HY": 0, "HomeTeam": "Nice"},{"AC": 7, "AF": 12, "AR": 0, "AS": 14, "AST": 5, "AY": 1, "AwayTeam": "St Etienne", "Date": "2010-08-07", "FTAG": 1, "FTHG": 3, "FTR": "H", "HC": 6, "HF": 11, "HR": 0, "HS": 19, "HST": 6, "HTAG": 1, "HTHG": 2, "HTR": "H", "HY": 2, "HomeTeam": "Paris SG"},{"AC": 3, "AF": 21, "AR": 0, "AS": 14, "AST": 5, "AY": 3, "AwayTeam": "Lille", "Date": "2010-08-07", "FTAG": 1, "FTHG": 1, "FTR": "D", "HC": 6, "HF": 23, "HR": 0, "HS": 20, "HST": 5, "HTAG": 0, "HTHG": 1, "HTR": "H", "HY": 3, "HomeTeam": "Rennes"},{"AC": 3, "AF": 19, "AR": 0, "AS": 10, "AST": 1, "AY": 4, "AwayTeam": "Arles", "Date": "2010-08-07", "FTAG": 1, "FTHG": 2, "FTR": "H", "HC": 10, "HF": 16, "HR": 0, "HS": 14, "HST": 6, "HTAG": 1, "HTHG": 1, "HTR": "D", "HY": 2, "HomeTeam": "Sochaux"},{"AC": 3, "AF": 18, "AR": 0, "AS": 9, "AST": 1, "AY": 2, "AwayTeam": "Brest", "Date": "2010-08-07", "FTAG": 0, "FTHG": 2, "FTR": "H", "HC": 2, "HF": 21, "HR": 0, "HS": 9, "HST": 4, "HTAG": 0, "HTHG": 1, "HTR": "H", "HY": 3, "HomeTeam": "Toulouse"},{"AC": 1, "AF": 13, "AR": 0, "AS": 8, "AST": 1, "AY": 2, "AwayTeam": "Bordeaux", "Date": "2010-08-08", "FTAG": 0, "FTHG": 1, "FTR": "H", "HC": 5, "HF": 22, "HR": 0, "HS": 9, "HST": 3, "HTAG": 0, "HTHG": 0, "HTR": "D", "HY": 5, "HomeTeam": "Montpellier"},{"AC": 4, "AF": 17, "AR": 0, "AS": 10, "AST": 4, "AY": 0, "AwayTeam": "Lens", "Date": "2010-08-14", "FTAG": 1, "FTHG": 0, "FTR": "A", "HC": 4, "HF": 13, "HR": 0, "HS": 11, "HST": 3, "HTAG": 0, "HTHG": 0, "HTR": "D", "HY": 1, "HomeTeam": "Arles"},{"AC": 1, "AF": 22, "AR": 0, "AS": 6, "AST": 3, "AY": 4, "AwayTeam": "Toulouse", "Date": "2010-08-15", "FTAG": 2, "FTHG": 1, "FTR": "A", "HC": 4, "HF": 17, "HR": 0, "HS": 10, "HST": 3, "HTAG": 1, "HTHG": 0, "HTR": "A", "HY": 2, "HomeTeam": "Bordeaux"},{"AC": 7, "AF": 16, "AR": 0, "AS": 12, "AST": 4, "AY": 3, "AwayTeam": "Auxerre", "Date": "2010-08-14", "FTAG": 1, "FTHG": 1, "FTR": "D", "HC": 8, "HF": 29, "HR": 0, "HS": 11, "HST": 3, "HTAG": 0, "HTHG": 1, "HTR": "H", "HY": 2, "HomeTeam": "Brest"},{"AC": 2, "AF": 17, "AR": 1, "AS": 16, "AST": 2, "AY": 1, "AwayTeam": "Lyon", "Date": "2010-08-15", "FTAG": 2, "FTHG": 3, "FTR": "H", "HC": 4, "HF": 16, "HR": 0, "HS": 12, "HST": 7, "HTAG": 2, "HTHG": 2, "HTR": "D", "HY": 2, "HomeTeam": "Caen"},{"AC": 1, "AF": 14, "AR": 0, "AS": 10, "AST": 4, "AY": 4, "AwayTeam": "Paris SG", "Date": "2010-08-15", "FTAG": 0, "FTHG": 0, "FTR": "D", "HC": 5, "HF": 16, "HR": 0, "HS": 11, "HST": 1, "HTAG": 0, "HTHG": 0, "HTR": "D", "HY": 1, "HomeTeam": "Lille"},{"AC": 5, "AF": 15, "AR": 0, "AS": 14, "AST": 5, "AY": 2, "AwayTeam": "Nice", "Date": "2010-08-14", "FTAG": 2, "FTHG": 1, "FTR": "A", "HC": 5, "HF": 11, "HR": 0, "HS": 11, "HST": 2, "HTAG": 1, "HTHG": 1, "HTR": "D", "HY": 1, "HomeTeam": "Lorient"},{"AC": 2, "AF": 13, "AR": 0, "AS": 15, "AST": 6, "AY": 0, "AwayTeam": "Rennes", "Date": "2010-08-14", "FTAG": 3, "FTHG": 0, "FTR": "A", "HC": 5, "HF": 13, "HR": 1, "HS": 9, "HST": 2, "HTAG": 0, "HTHG": 0, "HTR": "D", "HY": 0, "HomeTeam": "Nancy"},{"AC": 10, "AF": 14, "AR": 0, "AS": 16, "AST": 6, "AY": 1, "AwayTeam": "Sochaux", "Date": "2010-08-14", "FTAG": 2, "FTHG": 3, "FTR": "H", "HC": 7, "HF": 20, "HR": 0, "HS": 17, "HST": 7, "HTAG": 0, "HTHG": 1, "HTR": "H", "HY": 2, "HomeTeam": "St Etienne"},{"AC": 6, "AF": 10, "AR": 0, "AS": 14, "AST": 3, "AY": 4, "AwayTeam": "Marseille", "Date": "2010-08-14", "FTAG": 2, "FTHG": 3, "FTR": "H", "HC": 2, "HF": 20, "HR": 0, "HS": 13, "HST": 6, "HTAG": 0, "HTHG": 0, "HTR": "D", "HY": 3, "HomeTeam": "Valenciennes"},{"AC": 1, "AF": 12, "AR": 0, "AS": 19, "AST": 4, "AY": 3, "AwayTeam": "Montpellier", "Date": "2010-08-17", "FTAG": 0, "FTHG": 0, "FTR": "D", "HC": 1, "HF": 17, "HR": 0, "HS": 10, "HST": 2, "HTAG": 0, "HTHG": 0, "HTR": "D", "HY": 1, "HomeTeam": "Monaco"},{"AC": 4, "AF": 11, "AR": 0, "AS": 7, "AST": 2, "AY": 2, "AwayTeam": "Valenciennes", "Date": "2010-08-21", "FTAG": 1, "FTHG": 1, "FTR": "D", "HC": 7, "HF": 19, "HR": 0, "HS": 9, "HST": 2, "HTAG": 0, "HTHG": 0, "HTR": "D", "HY": 3, "HomeTeam": "Auxerre"},{"AC": 0, "AF": 20, "AR": 0, "AS": 7, "AST": 2, "AY": 5, "AwayTeam": "Monaco", "Date": "2010-08-21", "FTAG": 2, "FTHG": 2, "FTR": "D", "HC": 7, "HF": 3, "HR": 0, "HS": 23, "HST": 6, "HTAG": 1, "HTHG": 0, "HTR": "A", "HY": 1, "HomeTeam": "Lens"},{"AC": 6, "AF": 19, "AR": 0, "AS": 18, "AST": 3, "AY": 3, "AwayTeam": "Brest", "Date": "2010-08-21", "FTAG": 0, "FTHG": 1, "FTR": "H", "HC": 6, "HF": 15, "HR": 0, "HS": 13, "HST": 7, "HTAG": 0, "HTHG": 1, "HTR": "H", "HY": 1, "HomeTeam": "Lyon"},{"AC": 3, "AF": 15, "AR": 0, "AS": 12, "AST": 5, "AY": 3, "AwayTeam": "Lorient", "Date": "2010-08-21", "FTAG": 0, "FTHG": 2, "FTR": "H", "HC": 5, "HF": 19, "HR": 0, "HS": 16, "HST": 6, "HTAG": 0, "HTHG": 1, "HTR": "H", "HY": 2, "HomeTeam": "Marseille"},{"AC": 3, "AF": 17, "AR": 1, "AS": 13, "AST": 6, "AY": 3, "AwayTeam": "Nancy", "Date": "2010-08-21", "FTAG": 1, "FTHG": 1, "FTR": "D", "HC": 3, "HF": 12, "HR": 0, "HS": 9, "HST": 4, "HTAG": 0, "HTHG": 1, "HTR": "H", "HY": 1, "HomeTeam": "Nice"},{"AC": 0, "AF": 19, "AR": 0, "AS": 9, "AST": 2, "AY": 2, "AwayTeam": "St Etienne", "Date": "2010-08-21", "FTAG": 0, "FTHG": 0, "FTR": "D", "HC": 5, "HF": 18, "HR": 0, "HS": 19, "HST": 2, "HTAG": 0, "HTHG": 0, "HTR": "D", "HY": 2, "HomeTeam": "Rennes"},{"AC": 1, "AF": 15, "AR": 0, "AS": 8, "AST": 3, "AY": 2, "AwayTeam": "Arles", "Date": "2010-08-21", "FTAG": 1, "FTHG": 2, "FTR": "H", "HC": 5, "HF": 22, "HR": 0, "HS": 8, "HST": 3, "HTAG": 0, "HTHG": 1, "HTR": "H", "HY": 3, "HomeTeam": "Toulouse"},{"AC": 1, "AF": 23, "AR": 0, "AS": 2, "AST": 0, "AY": 2, "AwayTeam": "Caen", "Date": "2010-08-22", "FTAG": 0, "FTHG": 0, "FTR": "D", "HC": 4, "HF": 17, "HR": 0, "HS": 19, "HST": 5, "HTAG": 0, "HTHG": 0, "HTR": "D", "HY": 2, "HomeTeam": "Montpellier"},{"AC": 5, "AF": 16, "AR": 0, "AS": 10, "AST": 4, "AY": 5, "AwayTeam": "Bordeaux", "Date": "2010-08-22", "FTAG": 2, "FTHG": 1, "FTR": "A", "HC": 6, "HF": 11, "HR": 0, "HS": 15, "HST": 6, "HTAG": 0, "HTHG": 0, "HTR": "D", "HY": 1, "HomeTeam": "Paris SG"},{"AC": 6, "AF": 11, "AR": 0, "AS": 17, "AST": 7, "AY": 2, "AwayTeam": "Lille", "Date": "2010-08-22", "FTAG": 0, "FTHG": 0, "FTR": "D", "HC": 3, "HF": 12, "HR": 0, "HS": 9, "HST": 1, "HTAG": 0, "HTHG": 0, "HTR": "D", "HY": 1, "HomeTeam": "Sochaux"},{"AC": 1, "AF": 16, "AR": 0, "AS": 7, "AST": 1, "AY": 1, "AwayTeam": "Rennes", "Date": "2010-08-28", "FTAG": 1, "FTHG": 0, "FTR": "A", "HC": 6, "HF": 11, "HR": 0, "HS": 12, "HST": 4, "HTAG": 1, "HTHG": 0, "HTR": "A", "HY": 1, "HomeTeam": "Arles"},{"AC": 6, "AF": 17, "AR": 0, "AS": 16, "AST": 4, "AY": 2, "AwayTeam": "Brest", "Date": "2010-08-28", "FTAG": 2, "FTHG": 0, "FTR": "A", "HC": 6, "HF": 22, "HR": 1, "HS": 7, "HST": 1, "HTAG": 0, "HTHG": 0, "HTR": "D", "HY": 4, "HomeTeam": "Caen"},{"AC": 8, "AF": 12, "AR": 0, "AS": 14, "AST": 4, "AY": 0, "AwayTeam": "Lyon", "Date": "2010-08-28", "FTAG": 0, "FTHG": 2, "FTR": "H", "HC": 3, "HF": 17, "HR": 0, "HS": 15, "HST": 7, "HTAG": 0, "HTHG": 1, "HTR": "H", "HY": 0, "HomeTeam": "Lorient"},{"AC": 3, "AF": 17, "AR": 0, "AS": 13, "AST": 6, "AY": 2, "AwayTeam": "Toulouse", "Date": "2010-08-28", "FTAG": 2, "FTHG": 0, "FTR": "A", "HC": 5, "HF": 22, "HR": 0, "HS": 16, "HST": 5, "HTAG": 0, "HTHG": 0, "HTR": "D", "HY": 4, "HomeTeam": "Nancy"},{"AC": 6, "AF": 18, "AR": 0, "AS": 13, "AST": 6, "AY": 1, "AwayTeam": "Lens", "Date": "2010-08-28", "FTAG": 1, "FTHG": 3, "FTR": "H", "HC": 3, "HF": 19, "HR": 1, "HS": 14, "HST": 6, "HTAG": 0, "HTHG": 1, "HTR": "H", "HY": 1, "HomeTeam": "St Etienne"},{"AC": 1, "AF": 16, "AR": 0, "AS": 15, "AST": 5, "AY": 1, "AwayTeam": "Montpellier", "Date": "2010-08-28", "FTAG": 1, "FTHG": 0, "FTR": "A", "HC": 5, "HF": 19, "HR": 0, "HS": 9, "HST": 2, "HTAG": 1, "HTHG": 0, "HTR": "A", "HY": 3, "HomeTeam": "Valenciennes"},{"AC": 4, "AF": 20, "AR": 1, "AS": 8, "AST": 5, "AY": 2, "AwayTeam": "Marseille", "Date": "2010-08-29", "FTAG": 1, "FTHG": 1, "FTR": "D", "HC": 9, "HF": 14, "HR": 0, "HS": 14, "HST": 4, "HTAG": 1, "HTHG": 0, "HTR": "A", "HY": 1, "HomeTeam": "Bordeaux"},{"AC": 3, "AF": 25, "AR": 0, "AS": 7, "AST": 3, "AY": 5, "AwayTeam": "Nice", "Date": "2010-08-29", "FTAG": 1, "FTHG": 1, "FTR": "D", "HC": 18, "HF": 13, "HR": 0, "HS": 17, "HST": 5, "HTAG": 1, "HTHG": 0, "HTR": "A", "HY": 0, "HomeTeam": "Lille"},{"AC": 5, "AF": 11, "AR": 0, "AS": 11, "AST": 1, "AY": 0, "AwayTeam": "Auxerre", "Date": "2010-08-29", "FTAG": 0, "FTHG": 2, "FTR": "H", "HC": 10, "HF": 16, "HR": 0, "HS": 20, "HST": 5, "HTAG": 0, "HTHG": 0, "HTR": "D", "HY": 0, "HomeTeam": "Monaco"},{"AC": 10, "AF": 15, "AR": 1, "AS": 19, "AST": 8, "AY": 1, "AwayTeam": "Paris SG", "Date": "2010-08-29", "FTAG": 1, "FTHG": 3, "FTR": "H", "HC": 7, "HF": 14, "HR": 0, "HS": 15, "HST": 7, "HTAG": 0, "HTHG": 3, "HTR": "H", "HY": 2, "HomeTeam": "Sochaux"},{"AC": 5, "AF": 16, "AR": 0, "AS": 12, "AST": 2, "AY": 3, "AwayTeam": "Caen", "Date": "2010-09-11", "FTAG": 1, "FTHG": 1, "FTR": "D", "HC": 1, "HF": 18, "HR": 0, "HS": 11, "HST": 5, "HTAG": 0, "HTHG": 1, "HTR": "H", "HY": 0, "HomeTeam": "Auxerre"},{"AC": 9, "AF": 19, "AR": 0, "AS": 19, "AST": 6, "AY": 3, "AwayTeam": "Lille", "Date": "2010-09-11", "FTAG": 4, "FTHG": 1, "FTR": "A", "HC": 2, "HF": 16, "HR": 2, "HS": 8, "HST": 5, "HTAG": 1, "HTHG": 0, "HTR": "A", "HY": 0, "HomeTeam": "Lens"},{"AC": 4, "AF": 19, "AR": 0, "AS": 11, "AST": 5, "AY": 0, "AwayTeam": "Valenciennes", "Date": "2010-09-11", "FTAG": 1, "FTHG": 1, "FTR": "D", "HC": 9, "HF": 9, "HR": 0, "HS": 17, "HST": 2, "HTAG": 0, "HTHG": 1, "HTR": "H", "HY": 0, "HomeTeam": "Lyon"},{"AC": 2, "AF": 11, "AR": 1, "AS": 15, "AST": 5, "AY": 2, "AwayTeam": "Nancy", "Date": "2010-09-11", "FTAG": 2, "FTHG": 1, "FTR": "A", "HC": 9, "HF": 12, "HR": 0, "HS": 17, "HST": 4, "HTAG": 2, "HTHG": 0, "HTR": "A", "HY": 2, "HomeTeam": "Montpellier"},{"AC": 5, "AF": 16, "AR": 0, "AS": 11, "AST": 5, "AY": 0, "AwayTeam": "Arles", "Date": "2010-09-11", "FTAG": 0, "FTHG": 4, "FTR": "H", "HC": 10, "HF": 8, "HR": 0, "HS": 22, "HST": 7, "HTAG": 0, "HTHG": 2, "HTR": "H", "HY": 0, "HomeTeam": "Paris SG"},{"AC": 3, "AF": 17, "AR": 0, "AS": 15, "AST": 9, "AY": 1, "AwayTeam": "Sochaux", "Date": "2010-09-11", "FTAG": 1, "FTHG": 2, "FTR": "H", "HC": 9, "HF": 17, "HR": 0, "HS": 17, "HST": 5, "HTAG": 1, "HTHG": 1, "HTR": "D", "HY": 3, "HomeTeam": "Rennes"},{"AC": 3, "AF": 13, "AR": 0, "AS": 9, "AST": 3, "AY": 2, "AwayTeam": "St Etienne", "Date": "2010-09-11", "FTAG": 1, "FTHG": 0, "FTR": "A", "HC": 3, "HF": 16, "HR": 0, "HS": 11, "HST": 0, "HTAG": 1, "HTHG": 0, "HTR": "A", "HY": 2, "HomeTeam": "Toulouse"},{"AC": 5, "AF": 18, "AR": 0, "AS": 9, "AST": 1, "AY": 1, "AwayTeam": "Lorient", "Date": "2010-09-12", "FTAG": 0, "FTHG": 0, "FTR": "D", "HC": 5, "HF": 23, "HR": 0, "HS": 17, "HST": 2, "HTAG": 0, "HTHG": 0, "HTR": "D", "HY": 0, "HomeTeam": "Brest"},{"AC": 2, "AF": 23, "AR": 0, "AS": 8, "AST": 4, "AY": 3, "AwayTeam": "Monaco", "Date": "2010-09-12", "FTAG": 2, "FTHG": 2, "FTR": "D", "HC": 3, "HF": 14, "HR": 0, "HS": 26, "HST": 10, "HTAG": 1, "HTHG": 1, "HTR": "D", "HY": 1, "HomeTeam": "Marseille"},{"AC": 1, "AF": 21, "AR": 0, "AS": 13, "AST": 4, "AY": 2, "AwayTeam": "Bordeaux", "Date": "2010-09-12", "FTAG": 1, "FTHG": 2, "FTR": "H", "HC": 6, "HF": 18, "HR": 0, "HS": 12, "HST": 6, "HTAG": 0, "HTHG": 1, "HTR": "H", "HY": 4, "HomeTeam": "Nice"},{"AC": 3, "AF": 12, "AR": 0, "AS": 15, "AST": 8, "AY": 1, "AwayTeam": "Marseille", "Date": "2010-09-18", "FTAG": 3, "FTHG": 0, "FTR": "A", "HC": 9, "HF": 14, "HR": 0, "HS": 16, "HST": 6, "HTAG": 2, "HTHG": 0, "HTR": "A", "HY": 2, "HomeTeam": "Arles"},{"AC": 1, "AF": 17, "AR": 0, "AS": 13, "AST": 4, "AY": 2, "AwayTeam": "Caen", "Date": "2010-09-18", "FTAG": 1, "FTHG": 0, "FTR": "A", "HC": 4, "HF": 12, "HR": 0, "HS": 18, "HST": 4, "HTAG": 1, "HTHG": 0, "HTR": "A", "HY": 1, "HomeTeam": "Lorient"},{"AC": 5, "AF": 14, "AR": 0, "AS": 10, "AST": 5, "AY": 2, "AwayTeam": "Toulouse", "Date": "2010-09-18", "FTAG": 0, "FTHG": 0, "FTR": "D", "HC": 2, "HF": 13, "HR": 0, "HS": 9, "HST": 2, "HTAG": 0, "HTHG": 0, "HTR": "D", "HY": 4, "HomeTeam": "Monaco"},{"AC": 1, "AF": 11, "AR": 0, "AS": 9, "AST": 5, "AY": 1, "AwayTeam": "Brest", "Date": "2010-09-18", "FTAG": 2, "FTHG": 0, "FTR": "A", "HC": 6, "HF": 14, "HR": 0, "HS": 16, "HST": 3, "HTAG": 0, "HTHG": 0, "HTR": "D", "HY": 0, "HomeTeam": "Nancy"},{"AC": 4, "AF": 14, "AR": 0, "AS": 11, "AST": 7, "AY": 2, "AwayTeam": "Nice", "Date": "2010-09-18", "FTAG": 0, "FTHG": 4, "FTR": "H", "HC": 9, "HF": 17, "HR": 0, "HS": 24, "HST": 12, "HTAG": 0, "HTHG": 1, "HTR": "H", "HY": 2, "HomeTeam": "Sochaux"},{"AC": 2, "AF": 21, "AR": 0, "AS": 13, "AST": 1, "AY": 1, "AwayTeam": "Montpellier", "Date": "2010-09-18", "FTAG": 0, "FTHG": 3, "FTR": "H", "HC": 3, "HF": 17, "HR": 0, "HS": 10, "HST": 4, "HTAG": 0, "HTHG": 2, "HTR": "H", "HY": 0, "HomeTeam": "St Etienne"},{"AC": 7, "AF": 10, "AR": 0, "AS": 12, "AST": 3, "AY": 3, "AwayTeam": "Lens", "Date": "2010-09-18", "FTAG": 1, "FTHG": 1, "FTR": "D", "HC": 1, "HF": 18, "HR": 0, "HS": 10, "HST": 2, "HTAG": 0, "HTHG": 0, "HTR": "D", "HY": 2, "HomeTeam": "Valenciennes"},{"AC": 4, "AF": 23, "AR": 0, "AS": 10, "AST": 1, "AY": 3, "AwayTeam": "Lyon", "Date": "2010-09-19", "FTAG": 0, "FTHG": 2, "FTR": "H", "HC": 7, "HF": 15, "HR": 0, "HS": 19, "HST": 5, "HTAG": 0, "HTHG": 0, "HTR": "D", "HY": 3, "HomeTeam": "Bordeaux"},{"AC": 3, "AF": 15, "AR": 0, "AS": 8, "AST": 2, "AY": 2, "AwayTeam": "Auxerre", "Date": "2010-09-19", "FTAG": 0, "FTHG": 1, "FTR": "H", "HC": 6, "HF": 13, "HR": 0, "HS": 11, "HST": 1, "HTAG": 0, "HTHG": 0, "HTR": "D", "HY": 2, "HomeTeam": "Lille"},{"AC": 0, "AF": 15, "AR": 0, "AS": 10, "AST": 2, "AY": 1, "AwayTeam": "Rennes", "Date": "2010-09-19", "FTAG": 0, "FTHG": 0, "FTR": "D", "HC": 5, "HF": 19, "HR": 0, "HS": 11, "HST": 2, "HTAG": 0, "HTHG": 0, "HTR": "D", "HY": 0, "HomeTeam": "Paris SG"},{"AC": 1, "AF": 18, "AR": 0, "AS": 7, "AST": 3, "AY": 2, "AwayTeam": "Nancy", "Date": "2010-09-25", "FTAG": 2, "FTHG": 2, "FTR": "D", "HC": 3, "HF": 9, "HR": 0, "HS": 17, "HST": 5, "HTAG": 2, "HTHG": 2, "HTR": "D", "HY": 3, "HomeTeam": "Auxerre"},{"AC": 2, "AF": 13, "AR": 0, "AS": 14, "AST": 4, "AY": 2, "AwayTeam": "Bordeaux", "Date": "2010-09-25", "FTAG": 0, "FTHG": 0, "FTR": "D", "HC": 3, "HF": 23, "HR": 0, "HS": 3, "HST": 1, "HTAG": 0, "HTHG": 0, "HTR": "D", "HY": 2, "HomeTeam": "Caen"},{"AC": 0, "AF": 20, "AR": 1, "AS": 2, "AST": 1, "AY": 4, "AwayTeam": "Monaco", "Date": "2010-09-25", "FTAG": 1, "FTHG": 2, "FTR": "H", "HC": 8, "HF": 8, "HR": 0, "HS": 24, "HST": 6, "HTAG": 1, "HTHG": 1, "HTR": "D", "HY": 1, "HomeTeam": "Lorient"},{"AC": 2, "AF": 21, "AR": 0, "AS": 5, "AST": 2, "AY": 4, "AwayTeam": "St Etienne", "Date": "2010-09-25", "FTAG": 1, "FTHG": 0, "FTR": "A", "HC": 12, "HF": 11, "HR": 1, "HS": 28, "HST": 4, "HTAG": 0, "HTHG": 0, "HTR": "D", "HY": 3, "HomeTeam": "Lyon"},{"AC": 2, "AF": 17, "AR": 0, "AS": 8, "AST": 2, "AY": 2, "AwayTeam": "Sochaux", "Date": "2010-09-25", "FTAG": 1, "FTHG": 2, "FTR": "H", "HC": 9, "HF": 15, "HR": 0, "HS": 25, "HST": 5, "HTAG": 0, "HTHG": 1, "HTR": "H", "HY": 0, "HomeTeam": "Marseille"},{"AC": 4, "AF": 24, "AR": 0, "AS": 15, "AST": 4, "AY": 5, "AwayTeam": "Arles", "Date": "2010-09-25", "FTAG": 1, "FTHG": 3, "FTR": "H", "HC": 5, "HF": 22, "HR": 1, "HS": 13, "HST": 4, "HTAG": 0, "HTHG": 1, "HTR": "H", "HY": 2, "HomeTeam": "Montpellier"},{"AC": 4, "AF": 20, "AR": 0, "AS": 10, "AST": 5, "AY": 3, "AwayTeam": "Rennes", "Date": "2010-09-25", "FTAG": 2, "FTHG": 1, "FTR": "A", "HC": 2, "HF": 15, "HR": 0, "HS": 8, "HST": 3, "HTAG": 1, "HTHG": 1, "HTR": "D", "HY": 2, "HomeTeam": "Nice"},{"AC": 4, "AF": 20, "AR": 0, "AS": 6, "AST": 3, "AY": 3, "AwayTeam": "Valenciennes", "Date": "2010-09-26", "FTAG": 0, "FTHG": 1, "FTR": "H", "HC": 7, "HF": 13, "HR": 0, "HS": 13, "HST": 5, "HTAG": 0, "HTHG": 0, "HTR": "D", "HY": 0, "HomeTeam": "Brest"},{"AC": 7, "AF": 19, "AR": 0, "AS": 20, "AST": 6, "AY": 3, "AwayTeam": "Paris SG", "Date": "2010-09-26", "FTAG": 2, "FTHG": 0, "FTR": "A", "HC": 4, "HF": 18, "HR": 0, "HS": 14, "HST": 3, "HTAG": 0, "HTHG": 0, "HTR": "D", "HY": 0, "HomeTeam": "Lens"},{"AC": 0, "AF": 10, "AR": 0, "AS": 6, "AST": 2, "AY": 3, "AwayTeam": "Lille", "Date": "2010-09-26", "FTAG": 1, "FTHG": 1, "FTR": "D", "HC": 3, "HF": 22, "HR": 0, "HS": 14, "HST": 6, "HTAG": 1, "HTHG": 0, "HTR": "A", "HY": 3, "HomeTeam": "Toulouse"},{"AC": 0, "AF": 18, "AR": 0, "AS": 14, "AST": 8, "AY": 0, "AwayTeam": "Auxerre", "Date": "2010-10-02", "FTAG": 4, "FTHG": 0, "FTR": "A", "HC": 5, "HF": 16, "HR": 0, "HS": 8, "HST": 0, "HTAG": 2, "HTHG": 0, "HTR": "A", "HY": 1, "HomeTeam": "Arles"},{"AC": 8, "AF": 15, "AR": 0, "AS": 7, "AST": 3, "AY": 3, "AwayTeam": "Lorient", "Date": "2010-10-02", "FTAG": 0, "FTHG": 1, "FTR": "H", "HC": 6, "HF": 22, "HR": 0, "HS": 10, "HST": 2, "HTAG": 0, "HTHG": 1, "HTR": "H", "HY": 1, "HomeTeam": "Bordeaux"},{"AC": 5, "AF": 10, "AR": 0, "AS": 10, "AST": 2, "AY": 1, "AwayTeam": "Brest", "Date": "2010-10-02", "FTAG": 1, "FTHG": 0, "FTR": "A", "HC": 8, "HF": 18, "HR": 0, "HS": 13, "HST": 7, "HTAG": 0, "HTHG": 0, "HTR": "D", "HY": 2, "HomeTeam": "Monaco"},{"AC": 3, "AF": 21, "AR": 0, "AS": 8, "AST": 3, "AY": 3, "AwayTeam": "Lyon", "Date": "2010-10-02", "FTAG": 3, "FTHG": 2, "FTR": "A", "HC": 6, "HF": 20, "HR": 0, "HS": 19, "HST": 6, "HTAG": 1, "HTHG": 0, "HTR": "A", "HY": 1, "HomeTeam": "Nancy"},{"AC": 5, "AF": 13, "AR": 0, "AS": 12, "AST": 5, "AY": 3, "AwayTeam": "Lens", "Date": "2010-10-02", "FTAG": 0, "FTHG": 3, "FTR": "H", "HC": 3, "HF": 16, "HR": 0, "HS": 11, "HST": 7, "HTAG": 0, "HTHG": 2, "HTR": "H", "HY": 1, "HomeTeam": "Sochaux"},{"AC": 4, "AF": 10, "AR": 0, "AS": 13, "AST": 3, "AY": 1, "AwayTeam": "Marseille", "Date": "2010-10-02", "FTAG": 1, "FTHG": 1, "FTR": "D", "HC": 9, "HF": 12, "HR": 0, "HS": 18, "HST": 8, "HTAG": 1, "HTHG": 0, "HTR": "A", "HY": 1, "HomeTeam": "St Etienne"},{"AC": 3, "AF": 10, "AR": 0, "AS": 7, "AST": 1, "AY": 3, "AwayTeam": "Caen", "Date": "2010-10-02", "FTAG": 1, "FTHG": 2, "FTR": "H", "HC": 5, "HF": 22, "HR": 0, "HS": 14, "HST": 4, "HTAG": 0, "HTHG": 2, "HTR": "H", "HY": 2, "HomeTeam": "Valenciennes"},{"AC": 3, "AF": 18, "AR": 0, "AS": 15, "AST": 6, "AY": 0, "AwayTeam": "Montpellier", "Date": "2010-10-03", "FTAG": 1, "FTHG": 3, "FTR": "H", "HC": 3, "HF": 14, "HR": 0, "HS": 11, "HST": 6, "HTAG": 1, "HTHG": 2, "HTR": "H", "HY": 1, "HomeTeam": "Lille"},{"AC": 3, "AF": 10, "AR": 0, "AS": 11, "AST": 2, "AY": 4, "AwayTeam": "Nice", "Date": "2010-10-03", "FTAG": 0, "FTHG": 0, "FTR": "D", "HC": 12, "HF": 10, "HR": 0, "HS": 19, "HST": 6, "HTAG": 0, "HTHG": 0, "HTR": "D", "HY": 1, "HomeTeam": "Paris SG"},{"AC": 4, "AF": 15, "AR": 0, "AS": 15, "AST": 2, "AY": 1, "AwayTeam": "Toulouse", "Date": "2010-10-03", "FTAG": 1, "FTHG": 3, "FTR": "H", "HC": 3, "HF": 9, "HR": 0, "HS": 14, "HST": 7, "HTAG": 0, "HTHG": 1, "HTR": "H", "HY": 0, "HomeTeam": "Rennes"},{"AC": 8, "AF": 18, "AR": 1, "AS": 9, "AST": 4, "AY": 2, "AwayTeam": "Bordeaux", "Date": "2010-10-16", "FTAG": 1, "FTHG": 0, "FTR": "A", "HC": 8, "HF": 16, "HR": 0, "HS": 15, "HST": 2, "HTAG": 1, "HTHG": 0, "HTR": "A", "HY": 1, "HomeTeam": "Auxerre"},{"AC": 1, "AF": 19, "AR": 0, "AS": 8, "AST": 1, "AY": 0, "AwayTeam": "Arles", "Date": "2010-10-16", "FTAG": 0, "FTHG": 0, "FTR": "D", "HC": 5, "HF": 17, "HR": 0, "HS": 11, "HST": 1, "HTAG": 0, "HTHG": 0, "HTR": "D", "HY": 0, "HomeTeam": "Brest"},{"AC": 7, "AF": 17, "AR": 0, "AS": 15, "AST": 6, "AY": 2, "AwayTeam": "Monaco", "Date": "2010-10-16", "FTAG": 0, "FTHG": 0, "FTR": "D", "HC": 7, "HF": 14, "HR": 0, "HS": 10, "HST": 2, "HTAG": 0, "HTHG": 0, "HTR": "D", "HY": 2, "HomeTeam": "Caen"},{"AC": 3, "AF": 17, "AR": 0, "AS": 7, "AST": 2, "AY": 1, "AwayTeam": "Nancy", "Date": "2010-10-16", "FTAG": 0, "FTHG": 1, "FTR": "H", "HC": 13, "HF": 17, "HR": 0, "HS": 14, "HST": 4, "HTAG": 0, "HTHG": 1, "HTR": "H", "HY": 1, "HomeTeam": "Marseille"},{"AC": 3, "AF": 16, "AR": 0, "AS": 5, "AST": 1, "AY": 4, "AwayTeam": "Sochaux", "Date": "2010-10-16", "FTAG": 0, "FTHG": 2, "FTR": "H", "HC": 5, "HF": 18, "HR": 0, "HS": 14, "HST": 6, "HTAG": 0, "HTHG": 2, "HTR": "H", "HY": 0, "HomeTeam": "Montpellier"},{"AC": 4, "AF": 14, "AR": 0, "AS": 13, "AST": 7, "AY": 1, "AwayTeam": "Paris SG", "Date": "2010-10-16", "FTAG": 2, "FTHG": 0, "FTR": "A", "HC": 6, "HF": 19, "HR": 0, "HS": 6, "HST": 4, "HTAG": 1, "HTHG": 0, "HTR": "A", "HY": 2, "HomeTeam": "Toulouse"},{"AC": 3, "AF": 24, "AR": 1, "AS": 10, "AST": 4, "AY": 1, "AwayTeam": "Rennes", "Date": "2010-10-17", "FTAG": 0, "FTHG": 0, "FTR": "D", "HC": 2, "HF": 21, "HR": 0, "HS": 12, "HST": 4, "HTAG": 0, "HTHG": 0, "HTR": "D", "HY": 2, "HomeTeam": "Lens"},{"AC": 4, "AF": 18, "AR": 0, "AS": 14, "AST": 5, "AY": 3, "AwayTeam": "Valenciennes", "Date": "2010-10-17", "FTAG": 1, "FTHG": 2, "FTR": "H", "HC": 3, "HF": 14, "HR": 0, "HS": 15, "HST": 6, "HTAG": 1, "HTHG": 2, "HTR": "H", "HY": 1, "HomeTeam": "Lorient"},{"AC": 3, "AF": 11, "AR": 0, "AS": 20, "AST": 9, "AY": 2, "AwayTeam": "Lille", "Date": "2010-10-17", "FTAG": 1, "FTHG": 3, "FTR": "H", "HC": 4, "HF": 19, "HR": 1, "HS": 16, "HST": 9, "HTAG": 0, "HTHG": 2, "HTR": "H", "HY": 0, "HomeTeam": "Lyon"},{"AC": 2, "AF": 15, "AR": 1, "AS": 8, "AST": 2, "AY": 5, "AwayTeam": "St Etienne", "Date": "2010-10-17", "FTAG": 1, "FTHG": 2, "FTR": "H", "HC": 8, "HF": 8, "HR": 0, "HS": 18, "HST": 7, "HTAG": 1, "HTHG": 0, "HTR": "A", "HY": 2, "HomeTeam": "Nice"},{"AC": 8, "AF": 15, "AR": 0, "AS": 11, "AST": 6, "AY": 2, "AwayTeam": "Brest", "Date": "2010-10-23", "FTAG": 2, "FTHG": 0, "FTR": "A", "HC": 11, "HF": 10, "HR": 0, "HS": 20, "HST": 7, "HTAG": 1, "HTHG": 0, "HTR": "A", "HY": 2, "HomeTeam": "Bordeaux"},{"AC": 4, "AF": 13, "AR": 0, "AS": 10, "AST": 3, "AY": 2, "AwayTeam": "Nice", "Date": "2010-10-23", "FTAG": 0, "FTHG": 1, "FTR": "H", "HC": 4, "HF": 9, "HR": 0, "HS": 21, "HST": 2, "HTAG": 0, "HTHG": 0, "HTR": "D", "HY": 2, "HomeTeam": "Lens"},{"AC": 4, "AF": 17, "AR": 0, "AS": 13, "AST": 4, "AY": 2, "AwayTeam": "Valenciennes", "Date": "2010-10-23", "FTAG": 2, "FTHG": 0, "FTR": "A", "HC": 7, "HF": 25, "HR": 0, "HS": 12, "HST": 3, "HTAG": 1, "HTHG": 0, "HTR": "A", "HY": 2, "HomeTeam": "Monaco"},{"AC": 5, "AF": 20, "AR": 1, "AS": 13, "AST": 4, "AY": 2, "AwayTeam": "Lorient", "Date": "2010-10-23", "FTAG": 0, "FTHG": 1, "FTR": "H", "HC": 11, "HF": 20, "HR": 0, "HS": 16, "HST": 5, "HTAG": 0, "HTHG": 1, "HTR": "H", "HY": 1, "HomeTeam": "Nancy"},{"AC": 1, "AF": 18, "AR": 1, "AS": 11, "AST": 2, "AY": 3, "AwayTeam": "Montpellier", "Date": "2010-10-23", "FTAG": 1, "FTHG": 0, "FTR": "A", "HC": 6, "HF": 17, "HR": 1, "HS": 12, "HST": 5, "HTAG": 1, "HTHG": 0, "HTR": "A", "HY": 2, "HomeTeam": "Rennes"},{"AC": 9, "AF": 14, "AR": 0, "AS": 12, "AST": 8, "AY": 1, "AwayTeam": "Toulouse", "Date": "2010-10-23", "FTAG": 3, "FTHG": 1, "FTR": "A", "HC": 1, "HF": 15, "HR": 0, "HS": 8, "HST": 4, "HTAG": 0, "HTHG": 0, "HTR": "D", "HY": 1, "HomeTeam": "Sochaux"},{"AC": 6, "AF": 16, "AR": 0, "AS": 7, "AST": 2, "AY": 3, "AwayTeam": "Caen", "Date": "2010-10-23", "FTAG": 1, "FTHG": 1, "FTR": "D", "HC": 5, "HF": 14, "HR": 0, "HS": 26, "HST": 5, "HTAG": 1, "HTHG": 0, "HTR": "A", "HY": 1, "HomeTeam": "St Etienne"},{"AC": 6, "AF": 14, "AR": 0, "AS": 10, "AST": 5, "AY": 2, "AwayTeam": "Lyon", "Date": "2010-10-24", "FTAG": 1, "FTHG": 1, "FTR": "D", "HC": 2, "HF": 13, "HR": 0, "HS": 8, "HST": 2, "HTAG": 0, "HTHG": 1, "HTR": "H", "HY": 1, "HomeTeam": "Arles"},{"AC": 4, "AF": 19, "AR": 0, "AS": 9, "AST": 7, "AY": 3, "AwayTeam": "Marseille", "Date": "2010-10-24", "FTAG": 3, "FTHG": 1, "FTR": "A", "HC": 7, "HF": 15, "HR": 0, "HS": 14, "HST": 7, "HTAG": 0, "HTHG": 1, "HTR": "H", "HY": 2, "HomeTeam": "Lille"},{"AC": 3, "AF": 14, "AR": 0, "AS": 8, "AST": 4, "AY": 2, "AwayTeam": "Auxerre", "Date": "2010-10-24", "FTAG": 3, "FTHG": 2, "FTR": "A", "HC": 5, "HF": 19, "HR": 0, "HS": 14, "HST": 7, "HTAG": 3, "HTHG": 1, "HTR": "A", "HY": 1, "HomeTeam": "Paris SG"},{"AC": 4, "AF": 12, "AR": 0, "AS": 19, "AST": 4, "AY": 2, "AwayTeam": "Nice", "Date": "2010-10-30", "FTAG": 0, "FTHG": 2, "FTR": "H", "HC": 0, "HF": 9, "HR": 0, "HS": 16, "HST": 7, "HTAG": 0, "HTHG": 1, "HTR": "H", "HY": 1, "HomeTeam": "Auxerre"},{"AC": 4, "AF": 9, "AR": 0, "AS": 14, "AST": 1, "AY": 0, "AwayTeam": "St Etienne", "Date": "2010-10-30", "FTAG": 0, "FTHG": 2, "FTR": "H", "HC": 1, "HF": 16, "HR": 0, "HS": 14, "HST": 5, "HTAG": 0, "HTHG": 0, "HTR": "D", "HY": 1, "HomeTeam": "Brest"},{"AC": 3, "AF": 20, "AR": 0, "AS": 14, "AST": 6, "AY": 4, "AwayTeam": "Nancy", "Date": "2010-10-30", "FTAG": 3, "FTHG": 2, "FTR": "A", "HC": 5, "HF": 28, "HR": 0, "HS": 13, "HST": 3, "HTAG": 2, "HTHG": 1, "HTR": "A", "HY": 3, "HomeTeam": "Caen"},{"AC": 1, "AF": 16, "AR": 0, "AS": 7, "AST": 1, "AY": 1, "AwayTeam": "Arles", "Date": "2010-10-30", "FTAG": 0, "FTHG": 2, "FTR": "H", "HC": 7, "HF": 13, "HR": 0, "HS": 16, "HST": 5, "HTAG": 0, "HTHG": 0, "HTR": "D", "HY": 1, "HomeTeam": "Lorient"},{"AC": 3, "AF": 17, "AR": 0, "AS": 7, "AST": 4, "AY": 2, "AwayTeam": "Sochaux", "Date": "2010-10-30", "FTAG": 1, "FTHG": 2, "FTR": "H", "HC": 8, "HF": 10, "HR": 0, "HS": 16, "HST": 3, "HTAG": 0, "HTHG": 1, "HTR": "H", "HY": 1, "HomeTeam": "Lyon"},{"AC": 2, "AF": 17, "AR": 0, "AS": 9, "AST": 2, "AY": 1, "AwayTeam": "Lens", "Date": "2010-10-30", "FTAG": 1, "FTHG": 1, "FTR": "D", "HC": 4, "HF": 19, "HR": 0, "HS": 5, "HST": 2, "HTAG": 1, "HTHG": 1, "HTR": "D", "HY": 1, "HomeTeam": "Toulouse"},{"AC": 4, "AF": 17, "AR": 0, "AS": 15, "AST": 3, "AY": 2, "AwayTeam": "Paris SG", "Date": "2010-10-31", "FTAG": 1, "FTHG": 1, "FTR": "D", "HC": 2, "HF": 23, "HR": 0, "HS": 17, "HST": 5, "HTAG": 1, "HTHG": 1, "HTR": "D", "HY": 2, "HomeTeam": "Montpellier"},{"AC": 7, "AF": 15, "AR": 0, "AS": 18, "AST": 3, "AY": 1, "AwayTeam": "Lille", "Date": "2010-10-31", "FTAG": 1, "FTHG": 1, "FTR": "D", "HC": 4, "HF": 16, "HR": 0, "HS": 10, "HST": 3, "HTAG": 0, "HTHG": 0, "HTR": "D", "HY": 3, "HomeTeam": "Valenciennes"},{"AC": 5, "AF": 15, "AR": 0, "AS": 12, "AST": 4, "AY": 3, "AwayTeam": "Bordeaux", "Date": "2010-11-02", "FTAG": 2, "FTHG": 2, "FTR": "D", "HC": 4, "HF": 16, "HR": 1, "HS": 16, "HST": 7, "HTAG": 1, "HTHG": 0, "HTR": "A", "HY": 2, "HomeTeam": "Monaco"},{"AC": 8, "AF": 15, "AR": 0, "AS": 13, "AST": 5, "AY": 2, "AwayTeam": "Caen", "Date": "2010-11-06", "FTAG": 2, "FTHG": 3, "FTR": "H", "HC": 5, "HF": 21, "HR": 0, "HS": 14, "HST": 9, "HTAG": 1, "HTHG": 2, "HTR": "H", "HY": 1, "HomeTeam": "Arles"},{"AC": 3, "AF": 16, "AR": 0, "AS": 7, "AST": 4, "AY": 4, "AwayTeam": "Valenciennes", "Date": "2010-11-06", "FTAG": 1, "FTHG": 1, "FTR": "D", "HC": 7, "HF": 9, "HR": 0, "HS": 28, "HST": 8, "HTAG": 1, "HTHG": 0, "HTR": "A", "HY": 3, "HomeTeam": "Bordeaux"},{"AC": 5, "AF": 20, "AR": 0, "AS": 12, "AST": 5, "AY": 2, "AwayTeam": "Lyon", "Date": "2010-11-06", "FTAG": 1, "FTHG": 1, "FTR": "D", "HC": 5, "HF": 20, "HR": 0, "HS": 10, "HST": 5, "HTAG": 0, "HTHG": 1, "HTR": "H", "HY": 0, "HomeTeam": "Rennes"},{"AC": 5, "AF": 14, "AR": 0, "AS": 14, "AST": 5, "AY": 1, "AwayTeam": "Auxerre", "Date": "2010-11-06", "FTAG": 1, "FTHG": 1, "FTR": "D", "HC": 10, "HF": 15, "HR": 0, "HS": 24, "HST": 7, "HTAG": 1, "HTHG": 0, "HTR": "A", "HY": 2, "HomeTeam": "Sochaux"},{"AC": 8, "AF": 6, "AR": 0, "AS": 21, "AST": 7, "AY": 0, "AwayTeam": "Lorient", "Date": "2010-11-06", "FTAG": 2, "FTHG": 1, "FTR": "A", "HC": 4, "HF": 20, "HR": 0, "HS": 11, "HST": 5, "HTAG": 1, "HTHG": 0, "HTR": "A", "HY": 3, "HomeTeam": "St Etienne"},{"AC": 5, "AF": 19, "AR": 0, "AS": 16, "AST": 3, "AY": 2, "AwayTeam": "Montpellier", "Date": "2010-11-07", "FTAG": 0, "FTHG": 2, "FTR": "H", "HC": 2, "HF": 26, "HR": 0, "HS": 8, "HST": 5, "HTAG": 0, "HTHG": 2, "HTR": "H", "HY": 2, "HomeTeam": "Lens"},{"AC": 2, "AF": 13, "AR": 0, "AS": 15, "AST": 4, "AY": 2, "AwayTeam": "Brest", "Date": "2010-11-07", "FTAG": 1, "FTHG": 3, "FTR": "H", "HC": 4, "HF": 13, "HR": 0, "HS": 20, "HST": 7, "HTAG": 0, "HTHG": 1, "HTR": "H", "HY": 1, "HomeTeam": "Lille"},{"AC": 5, "AF": 16, "AR": 0, "AS": 11, "AST": 4, "AY": 2, "AwayTeam": "Monaco", "Date": "2010-11-07", "FTAG": 4, "FTHG": 0, "FTR": "A", "HC": 4, "HF": 15, "HR": 0, "HS": 16, "HST": 5, "HTAG": 0, "HTHG": 0, "HTR": "D", "HY": 0, "HomeTeam": "Nancy"},{"AC": 5, "AF": 25, "AR": 1, "AS": 12, "AST": 3, "AY": 2, "AwayTeam": "Toulouse", "Date": "2010-11-07", "FTAG": 0, "FTHG": 2, "FTR": "H", "HC": 3, "HF": 13, "HR": 0, "HS": 6, "HST": 3, "HTAG": 0, "HTHG": 1, "HTR": "H", "HY": 2, "HomeTeam": "Nice"},{"AC": 4, "AF": 16, "AR": 0, "AS": 15, "AST": 5, "AY": 3, "AwayTeam": "Marseille", "Date": "2010-11-07", "FTAG": 1, "FTHG": 2, "FTR": "H", "HC": 5, "HF": 18, "HR": 0, "HS": 11, "HST": 6, "HTAG": 1, "HTHG": 2, "HTR": "H", "HY": 3, "HomeTeam": "Paris SG"},{"AC": 3, "AF": 15, "AR": 0, "AS": 8, "AST": 2, "AY": 3, "AwayTeam": "Nancy", "Date": "2010-11-13", "FTAG": 1, "FTHG": 2, "FTR": "H", "HC": 5, "HF": 22, "HR": 0, "HS": 10, "HST": 4, "HTAG": 0, "HTHG": 1, "HTR": "H", "HY": 2, "HomeTeam": "Bordeaux"},{"AC": 3, "AF": 15, "AR": 0, "AS": 10, "AST": 3, "AY": 2, "AwayTeam": "Sochaux", "Date": "2010-11-13", "FTAG": 1, "FTHG": 1, "FTR": "D", "HC": 12, "HF": 11, "HR": 0, "HS": 18, "HST": 5, "HTAG": 1, "HTHG": 1, "HTR": "D", "HY": 1, "HomeTeam": "Brest"},{"AC": 0, "AF": 18, "AR": 0, "AS": 22, "AST": 8, "AY": 1, "AwayTeam": "Lille", "Date": "2010-11-13", "FTAG": 5, "FTHG": 2, "FTR": "A", "HC": 1, "HF": 15, "HR": 0, "HS": 11, "HST": 5, "HTAG": 3, "HTHG": 1, "HTR": "A", "HY": 3, "HomeTeam": "Caen"},{"AC": 5, "AF": 13, "AR": 0, "AS": 7, "AST": 2, "AY": 2, "AwayTeam": "Lens", "Date": "2010-11-13", "FTAG": 1, "FTHG": 1, "FTR": "D", "HC": 4, "HF": 22, "HR": 0, "HS": 19, "HST": 5, "HTAG": 0, "HTHG": 1, "HTR": "H", "HY": 1, "HomeTeam": "Marseille"},{"AC": 5, "AF": 19, "AR": 0, "AS": 9, "AST": 4, "AY": 1, "AwayTeam": "Arles", "Date": "2010-11-13", "FTAG": 0, "FTHG": 0, "FTR": "D", "HC": 9, "HF": 10, "HR": 0, "HS": 16, "HST": 4, "HTAG": 0, "HTHG": 0, "HTR": "D", "HY": 0, "HomeTeam": "Monaco"},{"AC": 4, "AF": 27, "AR": 0, "AS": 6, "AST": 3, "AY": 1, "AwayTeam": "Toulouse", "Date": "2010-11-13", "FTAG": 0, "FTHG": 1, "FTR": "H", "HC": 4, "HF": 14, "HR": 0, "HS": 13, "HST": 5, "HTAG": 0, "HTHG": 1, "HTR": "H", "HY": 1, "HomeTeam": "Montpellier"},{"AC": 2, "AF": 11, "AR": 0, "AS": 12, "AST": 5, "AY": 1, "AwayTeam": "Rennes", "Date": "2010-11-14", "FTAG": 1, "FTHG": 2, "FTR": "H", "HC": 5, "HF": 18, "HR": 0, "HS": 12, "HST": 5, "HTAG": 0, "HTHG": 0, "HTR": "D", "HY": 4, "HomeTeam": "Auxerre"},{"AC": 9, "AF": 21, "AR": 0, "AS": 19, "AST": 8, "AY": 2, "AwayTeam": "Paris SG", "Date": "2010-11-14", "FTAG": 1, "FTHG": 1, "FTR": "D", "HC": 7, "HF": 8, "HR": 0, "HS": 13, "HST": 4, "HTAG": 0, "HTHG": 1, "HTR": "H", "HY": 2, "HomeTeam": "Lorient"},{"AC": 1, "AF": 17, "AR": 0, "AS": 1, "AST": 0, "AY": 3, "AwayTeam": "Nice", "Date": "2010-11-14", "FTAG": 0, "FTHG": 1, "FTR": "H", "HC": 7, "HF": 12, "HR": 0, "HS": 19, "HST": 6, "HTAG": 0, "HTHG": 1, "HTR": "H", "HY": 1, "HomeTeam": "Lyon"},{"AC": 3, "AF": 18, "AR": 0, "AS": 7, "AST": 0, "AY": 4, "AwayTeam": "Valenciennes", "Date": "2010-11-20", "FTAG": 0, "FTHG": 2, "FTR": "H", "HC": 10, "HF": 15, "HR": 0, "HS": 25, "HST": 10, "HTAG": 0, "HTHG": 1, "HTR": "H", "HY": 2, "HomeTeam": "Nancy"},{"AC": 5, "AF": 17, "AR": 0, "AS": 14, "AST": 10, "AY": 3, "AwayTeam": "Montpellier", "Date": "2010-11-20", "FTAG": 1, "FTHG": 0, "FTR": "A", "HC": 3, "HF": 12, "HR": 0, "HS": 9, "HST": 3, "HTAG": 0, "HTHG": 0, "HTR": "D", "HY": 2, "HomeTeam": "Nice"},{"AC": 5, "AF": 13, "AR": 0, "AS": 13, "AST": 1, "AY": 2, "AwayTeam": "Caen", "Date": "2010-11-20", "FTAG": 1, "FTHG": 2, "FTR": "H", "HC": 6, "HF": 14, "HR": 0, "HS": 11, "HST": 3, "HTAG": 0, "HTHG": 1, "HTR": "H", "HY": 2, "HomeTeam": "Paris SG"},{"AC": 5, "AF": 12, "AR": 0, "AS": 7, "AST": 2, "AY": 2, "AwayTeam": "Brest", "Date": "2010-11-20", "FTAG": 1, "FTHG": 2, "FTR": "H", "HC": 3, "HF": 14, "HR": 0, "HS": 17, "HST": 6, "HTAG": 0, "HTHG": 1, "HTR": "H", "HY": 1, "HomeTeam": "Rennes"},{"AC": 5, "AF": 10, "AR": 0, "AS": 6, "AST": 2, "AY": 0, "AwayTeam": "Lorient", "Date": "2010-11-20", "FTAG": 0, "FTHG": 2, "FTR": "H", "HC": 4, "HF": 14, "HR": 0, "HS": 11, "HST": 4, "HTAG": 0, "HTHG": 1, "HTR": "H", "HY": 0, "HomeTeam": "Sochaux"},{"AC": 3, "AF": 17, "AR": 0, "AS": 13, "AST": 4, "AY": 1, "AwayTeam": "Auxerre", "Date": "2010-11-20", "FTAG": 1, "FTHG": 1, "FTR": "D", "HC": 6, "HF": 20, "HR": 0, "HS": 13, "HST": 1, "HTAG": 1, "HTHG": 0, "HTR": "A", "HY": 1, "HomeTeam": "St Etienne"},{"AC": 3, "AF": 18, "AR": 0, "AS": 20, "AST": 4, "AY": 1, "AwayTeam": "Marseille", "Date": "2010-11-20", "FTAG": 1, "FTHG": 0, "FTR": "A", "HC": 3, "HF": 19, "HR": 0, "HS": 11, "HST": 1, "HTAG": 0, "HTHG": 0, "HTR": "D", "HY": 0, "HomeTeam": "Toulouse"},{"AC": 8, "AF": 11, "AR": 0, "AS": 30, "AST": 9, "AY": 1, "AwayTeam": "Bordeaux", "Date": "2010-11-21", "FTAG": 4, "FTHG": 2, "FTR": "A", "HC": 6, "HF": 19, "HR": 1, "HS": 9, "HST": 5, "HTAG": 2, "HTHG": 1, "HTR": "A", "HY": 3, "HomeTeam": "Arles"},{"AC": 2, "AF": 15, "AR": 0, "AS": 11, "AST": 5, "AY": 1, "AwayTeam": "Lyon", "Date": "2010-11-21", "FTAG": 3, "FTHG": 1, "FTR": "A", "HC": 4, "HF": 12, "HR": 0, "HS": 3, "HST": 1, "HTAG": 0, "HTHG": 1, "HTR": "H", "HY": 2, "HomeTeam": "Lens"},{"AC": 3, "AF": 13, "AR": 0, "AS": 3, "AST": 2, "AY": 2, "AwayTeam": "Monaco", "Date": "2010-11-21", "FTAG": 1, "FTHG": 2, "FTR": "H", "HC": 12, "HF": 9, "HR": 0, "HS": 23, "HST": 8, "HTAG": 0, "HTHG": 1, "HTR": "H", "HY": 0, "HomeTeam": "Lille"},{"AC": 8, "AF": 15, "AR": 0, "AS": 8, "AST": 2, "AY": 1, "AwayTeam": "Lille", "Date": "2010-11-27", "FTAG": 1, "FTHG": 1, "FTR": "D", "HC": 3, "HF": 20, "HR": 0, "HS": 7, "HST": 1, "HTAG": 1, "HTHG": 0, "HTR": "A", "HY": 1, "HomeTeam": "Bordeaux"},{"AC": 2, "AF": 18, "AR": 0, "AS": 4, "AST": 1, "AY": 1, "AwayTeam": "Rennes", "Date": "2010-11-27", "FTAG": 0, "FTHG": 2, "FTR": "H", "HC": 6, "HF": 15, "HR": 0, "HS": 15, "HST": 8, "HTAG": 0, "HTHG": 0, "HTR": "D", "HY": 2, "HomeTeam": "Lorient"},{"AC": 7, "AF": 15, "AR": 0, "AS": 16, "AST": 3, "AY": 2, "AwayTeam": "Montpellier", "Date": "2010-11-27", "FTAG": 0, "FTHG": 4, "FTR": "H", "HC": 1, "HF": 15, "HR": 0, "HS": 10, "HST": 6, "HTAG": 0, "HTHG": 2, "HTR": "H", "HY": 1, "HomeTeam": "Marseille"},{"AC": 1, "AF": 12, "AR": 1, "AS": 8, "AST": 2, "AY": 3, "AwayTeam": "Nice", "Date": "2010-11-27", "FTAG": 1, "FTHG": 1, "FTR": "D", "HC": 6, "HF": 29, "HR": 0, "HS": 14, "HST": 2, "HTAG": 0, "HTHG": 0, "HTR": "D", "HY": 0, "HomeTeam": "Monaco"},{"AC": 3, "AF": 20, "AR": 0, "AS": 15, "AST": 6, "AY": 2, "AwayTeam": "St Etienne", "Date": "2010-11-27", "FTAG": 1, "FTHG": 1, "FTR": "D", "HC": 5, "HF": 16, "HR": 0, "HS": 18, "HST": 4, "HTAG": 0, "HTHG": 0, "HTR": "D", "HY": 0, "HomeTeam": "Nancy"},{"AC": 9, "AF": 21, "AR": 0, "AS": 10, "AST": 1, "AY": 3, "AwayTeam": "Arles", "Date": "2010-11-27", "FTAG": 0, "FTHG": 3, "FTR": "H", "HC": 6, "HF": 24, "HR": 0, "HS": 20, "HST": 8, "HTAG": 0, "HTHG": 1, "HTR": "H", "HY": 3, "HomeTeam": "Valenciennes"},{"AC": 2, "AF": 16, "AR": 0, "AS": 9, "AST": 5, "AY": 2, "AwayTeam": "Toulouse", "Date": "2010-11-28", "FTAG": 2, "FTHG": 1, "FTR": "A", "HC": 3, "HF": 18, "HR": 0, "HS": 13, "HST": 3, "HTAG": 2, "HTHG": 0, "HTR": "A", "HY": 3, "HomeTeam": "Auxerre"},{"AC": 5, "AF": 12, "AR": 0, "AS": 9, "AST": 4, "AY": 2, "AwayTeam": "Sochaux", "Date": "2010-11-28", "FTAG": 3, "FTHG": 0, "FTR": "A", "HC": 8, "HF": 15, "HR": 0, "HS": 19, "HST": 4, "HTAG": 1, "HTHG": 0, "HTR": "A", "HY": 1, "HomeTeam": "Caen"},{"AC": 4, "AF": 8, "AR": 0, "AS": 11, "AST": 4, "AY": 1, "AwayTeam": "Paris SG", "Date": "2010-11-28", "FTAG": 2, "FTHG": 2, "FTR": "D", "HC": 11, "HF": 15, "HR": 1, "HS": 27, "HST": 5, "HTAG": 0, "HTHG": 0, "HTR": "D", "HY": 2, "HomeTeam": "Lyon"},{"AC": 11, "AF": 14, "AR": 0, "AS": 13, "AST": 5, "AY": 1, "AwayTeam": "Lens", "Date": "2010-11-30", "FTAG": 1, "FTHG": 4, "FTR": "H", "HC": 3, "HF": 19, "HR": 0, "HS": 14, "HST": 6, "HTAG": 1, "HTHG": 2, "HTR": "H", "HY": 1, "HomeTeam": "Brest"},{"AC": 6, "AF": 16, "AR": 0, "AS": 12, "AST": 4, "AY": 1, "AwayTeam": "Rennes", "Date": "2010-12-01", "FTAG": 0, "FTHG": 0, "FTR": "D", "HC": 5, "HF": 13, "HR": 0, "HS": 19, "HST": 5, "HTAG": 0, "HTHG": 0, "HTR": "D", "HY": 2, "HomeTeam": "Marseille"},{"AC": 3, "AF": 16, "AR": 0, "AS": 6, "AST": 4, "AY": 1, "AwayTeam": "St Etienne", "Date": "2010-12-01", "FTAG": 1, "FTHG": 1, "FTR": "D", "HC": 8, "HF": 11, "HR": 0, "HS": 25, "HST": 8, "HTAG": 1, "HTHG": 0, "HTR": "A", "HY": 1, "HomeTeam": "Valenciennes"},{"AC": 6, "AF": 27, "AR": 0, "AS": 7, "AST": 1, "AY": 4, "AwayTeam": "Nancy", "Date": "2010-12-04", "FTAG": 1, "FTHG": 1, "FTR": "D", "HC": 3, "HF": 23, "HR": 0, "HS": 14, "HST": 2, "HTAG": 1, "HTHG": 1, "HTR": "D", "HY": 2, "HomeTeam": "Arles"},{"AC": 8, "AF": 14, "AR": 0, "AS": 13, "AST": 3, "AY": 1, "AwayTeam": "Auxerre", "Date": "2010-12-04", "FTAG": 1, "FTHG": 1, "FTR": "D", "HC": 8, "HF": 13, "HR": 0, "HS": 17, "HST": 2, "HTAG": 0, "HTHG": 1, "HTR": "H", "HY": 1, "HomeTeam": "Lens"},{"AC": 4, "AF": 7, "AR": 1, "AS": 7, "AST": 4, "AY": 2, "AwayTeam": "Lorient", "Date": "2010-12-04", "FTAG": 3, "FTHG": 6, "FTR": "H", "HC": 4, "HF": 14, "HR": 0, "HS": 22, "HST": 11, "HTAG": 2, "HTHG": 2, "HTR": "D", "HY": 2, "HomeTeam": "Lille"},{"AC": 1, "AF": 19, "AR": 0, "AS": 8, "AST": 5, "AY": 2, "AwayTeam": "Lyon", "Date": "2010-12-04", "FTAG": 2, "FTHG": 1, "FTR": "A", "HC": 7, "HF": 16, "HR": 0, "HS": 17, "HST": 6, "HTAG": 1, "HTHG": 0, "HTR": "A", "HY": 3, "HomeTeam": "Montpellier"},{"AC": 1, "AF": 12, "AR": 0, "AS": 10, "AST": 3, "AY": 3, "AwayTeam": "Monaco", "Date": "2010-12-04", "FTAG": 0, "FTHG": 1, "FTR": "H", "HC": 4, "HF": 17, "HR": 0, "HS": 9, "HST": 2, "HTAG": 0, "HTHG": 0, "HTR": "D", "HY": 2, "HomeTeam": "Rennes"},{"AC": 3, "AF": 11, "AR": 0, "AS": 13, "AST": 6, "AY": 1, "AwayTeam": "Valenciennes", "Date": "2010-12-04", "FTAG": 1, "FTHG": 2, "FTR": "H", "HC": 5, "HF": 14, "HR": 0, "HS": 18, "HST": 8, "HTAG": 0, "HTHG": 1, "HTR": "H", "HY": 1, "HomeTeam": "Sochaux"},{"AC": 5, "AF": 21, "AR": 0, "AS": 10, "AST": 4, "AY": 3, "AwayTeam": "Caen", "Date": "2010-12-04", "FTAG": 0, "FTHG": 1, "FTR": "H", "HC": 3, "HF": 13, "HR": 0, "HS": 12, "HST": 4, "HTAG": 0, "HTHG": 0, "HTR": "D", "HY": 0, "HomeTeam": "Toulouse"},{"AC": 6, "AF": 23, "AR": 0, "AS": 14, "AST": 6, "AY": 3, "AwayTeam": "Marseille", "Date": "2010-12-05", "FTAG": 0, "FTHG": 1, "FTR": "H", "HC": 5, "HF": 14, "HR": 0, "HS": 7, "HST": 1, "HTAG": 0, "HTHG": 0, "HTR": "D", "HY": 3, "HomeTeam": "Nice"},{"AC": 6, "AF": 13, "AR": 0, "AS": 16, "AST": 6, "AY": 0, "AwayTeam": "Brest", "Date": "2010-12-05", "FTAG": 1, "FTHG": 3, "FTR": "H", "HC": 6, "HF": 17, "HR": 0, "HS": 14, "HST": 5, "HTAG": 0, "HTHG": 1, "HTR": "H", "HY": 2, "HomeTeam": "Paris SG"},{"AC": 2, "AF": 19, "AR": 0, "AS": 7, "AST": 4, "AY": 2, "AwayTeam": "Bordeaux", "Date": "2010-12-05", "FTAG": 2, "FTHG": 2, "FTR": "D", "HC": 6, "HF": 16, "HR": 0, "HS": 14, "HST": 9, "HTAG": 1, "HTHG": 0, "HTR": "A", "HY": 0, "HomeTeam": "St Etienne"},{"AC": 4, "AF": 15, "AR": 0, "AS": 10, "AST": 4, "AY": 2, "AwayTeam": "Lille", "Date": "2010-12-11", "FTAG": 1, "FTHG": 0, "FTR": "A", "HC": 3, "HF": 14, "HR": 1, "HS": 9, "HST": 2, "HTAG": 0, "HTHG": 0, "HTR": "D", "HY": 2, "HomeTeam": "Arles"},{"AC": 10, "AF": 12, "AR": 1, "AS": 13, "AST": 3, "AY": 1, "AwayTeam": "Marseille", "Date": "2010-12-11", "FTAG": 1, "FTHG": 1, "FTR": "D", "HC": 0, "HF": 12, "HR": 0, "HS": 14, "HST": 3, "HTAG": 1, "HTHG": 1, "HTR": "D", "HY": 3, "HomeTeam": "Auxerre"},{"AC": 4, "AF": 19, "AR": 0, "AS": 12, "AST": 3, "AY": 2, "AwayTeam": "Montpellier", "Date": "2010-12-11", "FTAG": 0, "FTHG": 0, "FTR": "D", "HC": 6, "HF": 11, "HR": 0, "HS": 8, "HST": 3, "HTAG": 0, "HTHG": 0, "HTR": "D", "HY": 0, "HomeTeam": "Brest"},{"AC": 5, "AF": 15, "AR": 0, "AS": 13, "AST": 2, "AY": 3, "AwayTeam": "Nice", "Date": "2010-12-11", "FTAG": 0, "FTHG": 0, "FTR": "D", "HC": 7, "HF": 19, "HR": 0, "HS": 9, "HST": 1, "HTAG": 0, "HTHG": 0, "HTR": "D", "HY": 2, "HomeTeam": "Caen"},{"AC": 7, "AF": 18, "AR": 0, "AS": 14, "AST": 5, "AY": 1, "AwayTeam": "Lens", "Date": "2010-12-11", "FTAG": 0, "FTHG": 3, "FTR": "H", "HC": 1, "HF": 17, "HR": 0, "HS": 12, "HST": 8, "HTAG": 0, "HTHG": 0, "HTR": "D", "HY": 0, "HomeTeam": "Lorient"},{"AC": 7, "AF": 23, "AR": 0, "AS": 15, "AST": 4, "AY": 1, "AwayTeam": "Sochaux", "Date": "2010-12-11", "FTAG": 0, "FTHG": 1, "FTR": "H", "HC": 3, "HF": 20, "HR": 0, "HS": 16, "HST": 6, "HTAG": 0, "HTHG": 0, "HTR": "D", "HY": 2, "HomeTeam": "Nancy"},{"AC": 8, "AF": 17, "AR": 0, "AS": 22, "AST": 12, "AY": 1, "AwayTeam": "Paris SG", "Date": "2010-12-11", "FTAG": 2, "FTHG": 1, "FTR": "A", "HC": 3, "HF": 10, "HR": 0, "HS": 11, "HST": 5, "HTAG": 0, "HTHG": 0, "HTR": "D", "HY": 1, "HomeTeam": "Valenciennes"},{"AC": 4, "AF": 13, "AR": 0, "AS": 3, "AST": 1, "AY": 2, "AwayTeam": "Rennes", "Date": "2010-12-12", "FTAG": 0, "FTHG": 0, "FTR": "D", "HC": 6, "HF": 9, "HR": 0, "HS": 12, "HST": 3, "HTAG": 0, "HTHG": 0, "HTR": "D", "HY": 0, "HomeTeam": "Bordeaux"},{"AC": 2, "AF": 14, "AR": 0, "AS": 8, "AST": 4, "AY": 1, "AwayTeam": "Toulouse", "Date": "2010-12-12", "FTAG": 0, "FTHG": 2, "FTR": "H", "HC": 2, "HF": 12, "HR": 0, "HS": 12, "HST": 6, "HTAG": 0, "HTHG": 2, "HTR": "H", "HY": 0, "HomeTeam": "Lyon"},{"AC": 3, "AF": 14, "AR": 0, "AS": 9, "AST": 3, "AY": 1, "AwayTeam": "St Etienne", "Date": "2010-12-12", "FTAG": 2, "FTHG": 0, "FTR": "A", "HC": 2, "HF": 15, "HR": 0, "HS": 13, "HST": 3, "HTAG": 1, "HTHG": 0, "HTR": "A", "HY": 2, "HomeTeam": "Monaco"},{"AC": 1, "AF": 21, "AR": 0, "AS": 9, "AST": 3, "AY": 1, "AwayTeam": "Auxerre", "Date": "2010-12-18", "FTAG": 1, "FTHG": 1, "FTR": "D", "HC": 2, "HF": 16, "HR": 0, "HS": 12, "HST": 4, "HTAG": 0, "HTHG": 0, "HTR": "D", "HY": 3, "HomeTeam": "Montpellier"},{"AC": 3, "AF": 13, "AR": 0, "AS": 13, "AST": 3, "AY": 3, "AwayTeam": "Brest", "Date": "2010-12-18", "FTAG": 1, "FTHG": 1, "FTR": "D", "HC": 5, "HF": 13, "HR": 0, "HS": 13, "HST": 5, "HTAG": 1, "HTHG": 1, "HTR": "D", "HY": 1, "HomeTeam": "Nice"},{"AC": 5, "AF": 11, "AR": 0, "AS": 13, "AST": 4, "AY": 3, "AwayTeam": "Monaco", "Date": "2010-12-18", "FTAG": 2, "FTHG": 2, "FTR": "D", "HC": 11, "HF": 18, "HR": 0, "HS": 17, "HST": 8, "HTAG": 1, "HTHG": 1, "HTR": "D", "HY": 1, "HomeTeam": "Paris SG"},{"AC": 1, "AF": 12, "AR": 0, "AS": 7, "AST": 3, "AY": 2, "AwayTeam": "Valenciennes", "Date": "2010-12-18", "FTAG": 0, "FTHG": 1, "FTR": "H", "HC": 6, "HF": 13, "HR": 0, "HS": 14, "HST": 3, "HTAG": 0, "HTHG": 0, "HTR": "D", "HY": 1, "HomeTeam": "Rennes"},{"AC": 1, "AF": 16, "AR": 1, "AS": 6, "AST": 2, "AY": 3, "AwayTeam": "Arles", "Date": "2010-12-18", "FTAG": 0, "FTHG": 2, "FTR": "H", "HC": 8, "HF": 17, "HR": 0, "HS": 22, "HST": 6, "HTAG": 0, "HTHG": 0, "HTR": "D", "HY": 0, "HomeTeam": "St Etienne"},{"AC": 5, "AF": 13, "AR": 0, "AS": 9, "AST": 3, "AY": 0, "AwayTeam": "Lorient", "Date": "2010-12-18", "FTAG": 0, "FTHG": 3, "FTR": "H", "HC": 3, "HF": 17, "HR": 0, "HS": 7, "HST": 4, "HTAG": 0, "HTHG": 1, "HTR": "H", "HY": 1, "HomeTeam": "Toulouse"},{"AC": 1, "AF": 16, "AR": 0, "AS": 11, "AST": 3, "AY": 1, "AwayTeam": "Lyon", "Date": "2010-12-19", "FTAG": 1, "FTHG": 1, "FTR": "D", "HC": 5, "HF": 17, "HR": 0, "HS": 13, "HST": 3, "HTAG": 1, "HTHG": 0, "HTR": "A", "HY": 2, "HomeTeam": "Marseille"},{"AC": 7, "AF": 13, "AR": 0, "AS": 14, "AST": 7, "AY": 2, "AwayTeam": "Bordeaux", "Date": "2010-12-19", "FTAG": 1, "FTHG": 1, "FTR": "D", "HC": 1, "HF": 15, "HR": 0, "HS": 15, "HST": 5, "HTAG": 1, "HTHG": 1, "HTR": "D", "HY": 0, "HomeTeam": "Sochaux"},{"AC": 0, "AF": 26, "AR": 1, "AS": 7, "AST": 2, "AY": 2, "AwayTeam": "Montpellier", "Date": "2010-12-21", "FTAG": 0, "FTHG": 0, "FTR": "D", "HC": 3, "HF": 18, "HR": 0, "HS": 14, "HST": 4, "HTAG": 0, "HTHG": 0, "HTR": "D", "HY": 1, "HomeTeam": "Lorient"},{"AC": 6, "AF": 14, "AR": 0, "AS": 11, "AST": 1, "AY": 2, "AwayTeam": "Nice", "Date": "2010-12-22", "FTAG": 0, "FTHG": 0, "FTR": "D", "HC": 4, "HF": 12, "HR": 0, "HS": 10, "HST": 2, "HTAG": 0, "HTHG": 0, "HTR": "D", "HY": 1, "HomeTeam": "Arles"},{"AC": 3, "AF": 19, "AR": 0, "AS": 7, "AST": 3, "AY": 4, "AwayTeam": "Lens", "Date": "2010-12-22", "FTAG": 2, "FTHG": 2, "FTR": "D", "HC": 13, "HF": 17, "HR": 1, "HS": 18, "HST": 9, "HTAG": 2, "HTHG": 0, "HTR": "A", "HY": 2, "HomeTeam": "Bordeaux"},{"AC": 5, "AF": 21, "AR": 1, "AS": 13, "AST": 2, "AY": 3, "AwayTeam": "Marseille", "Date": "2010-12-22", "FTAG": 0, "FTHG": 0, "FTR": "D", "HC": 5, "HF": 10, "HR": 0, "HS": 5, "HST": 1, "HTAG": 0, "HTHG": 0, "HTR": "D", "HY": 0, "HomeTeam": "Brest"},{"AC": 5, "AF": 13, "AR": 0, "AS": 15, "AST": 4, "AY": 1, "AwayTeam": "Rennes", "Date": "2010-12-22", "FTAG": 0, "FTHG": 1, "FTR": "H", "HC": 2, "HF": 18, "HR": 0, "HS": 8, "HST": 3, "HTAG": 0, "HTHG": 1, "HTR": "H", "HY": 1, "HomeTeam": "Caen"},{"AC": 0, "AF": 16, "AR": 0, "AS": 7, "AST": 4, "AY": 1, "AwayTeam": "St Etienne", "Date": "2010-12-22", "FTAG": 1, "FTHG": 1, "FTR": "D", "HC": 5, "HF": 11, "HR": 0, "HS": 14, "HST": 2, "HTAG": 0, "HTHG": 0, "HTR": "D", "HY": 1, "HomeTeam": "Lille"},{"AC": 2, "AF": 19, "AR": 0, "AS": 10, "AST": 4, "AY": 4, "AwayTeam": "Auxerre", "Date": "2010-12-22", "FTAG": 1, "FTHG": 1, "FTR": "D", "HC": 5, "HF": 15, "HR": 0, "HS": 19, "HST": 3, "HTAG": 0, "HTHG": 1, "HTR": "H", "HY": 2, "HomeTeam": "Lyon"},{"AC": 6, "AF": 17, "AR": 1, "AS": 11, "AST": 3, "AY": 0, "AwayTeam": "Sochaux", "Date": "2010-12-22", "FTAG": 1, "FTHG": 2, "FTR": "H", "HC": 1, "HF": 17, "HR": 0, "HS": 16, "HST": 2, "HTAG": 0, "HTHG": 1, "HTR": "H", "HY": 2, "HomeTeam": "Monaco"},{"AC": 10, "AF": 13, "AR": 1, "AS": 16, "AST": 3, "AY": 3, "AwayTeam": "Paris SG", "Date": "2010-12-22", "FTAG": 0, "FTHG": 2, "FTR": "H", "HC": 12, "HF": 14, "HR": 0, "HS": 23, "HST": 8, "HTAG": 0, "HTHG": 0, "HTR": "D", "HY": 3, "HomeTeam": "Nancy"},{"AC": 5, "AF": 20, "AR": 0, "AS": 11, "AST": 3, "AY": 2, "AwayTeam": "Toulouse", "Date": "2010-12-22", "FTAG": 1, "FTHG": 2, "FTR": "H", "HC": 2, "HF": 19, "HR": 0, "HS": 10, "HST": 4, "HTAG": 1, "HTHG": 2, "HTR": "H", "HY": 1, "HomeTeam": "Valenciennes"},{"AC": 5, "AF": 10, "AR": 0, "AS": 16, "AST": 3, "AY": 1, "AwayTeam": "Monaco", "Date": "2011-01-15", "FTAG": 1, "FTHG": 1, "FTR": "D", "HC": 4, "HF": 16, "HR": 0, "HS": 10, "HST": 6, "HTAG": 0, "HTHG": 1, "HTR": "H", "HY": 1, "HomeTeam": "Auxerre"},{"AC": 2, "AF": 17, "AR": 1, "AS": 15, "AST": 7, "AY": 3, "AwayTeam": "Caen", "Date": "2011-01-15", "FTAG": 3, "FTHG": 1, "FTR": "A", "HC": 4, "HF": 18, "HR": 0, "HS": 24, "HST": 9, "HTAG": 1, "HTHG": 1, "HTR": "D", "HY": 2, "HomeTeam": "Brest"},{"AC": 3, "AF": 20, "AR": 0, "AS": 9, "AST": 3, "AY": 0, "AwayTeam": "St Etienne", "Date": "2011-01-15", "FTAG": 1, "FTHG": 2, "FTR": "H", "HC": 5, "HF": 15, "HR": 0, "HS": 10, "HST": 3, "HTAG": 0, "HTHG": 0, "HTR": "D", "HY": 3, "HomeTeam": "Lens"},{"AC": 2, "AF": 13, "AR": 0, "AS": 8, "AST": 2, "AY": 3, "AwayTeam": "Lorient", "Date": "2011-01-15", "FTAG": 0, "FTHG": 3, "FTR": "H", "HC": 5, "HF": 23, "HR": 0, "HS": 20, "HST": 11, "HTAG": 0, "HTHG": 1, "HTR": "H", "HY": 1, "HomeTeam": "Lyon"},{"AC": 5, "AF": 17, "AR": 1, "AS": 10, "AST": 6, "AY": 0, "AwayTeam": "Valenciennes", "Date": "2011-01-15", "FTAG": 1, "FTHG": 2, "FTR": "H", "HC": 3, "HF": 17, "HR": 1, "HS": 15, "HST": 6, "HTAG": 0, "HTHG": 0, "HTR": "D", "HY": 1, "HomeTeam": "Montpellier"},{"AC": 10, "AF": 14, "AR": 0, "AS": 24, "AST": 10, "AY": 2, "AwayTeam": "Lille", "Date": "2011-01-15", "FTAG": 2, "FTHG": 0, "FTR": "A", "HC": 2, "HF": 10, "HR": 0, "HS": 6, "HST": 2, "HTAG": 1, "HTHG": 0, "HTR": "A", "HY": 2, "HomeTeam": "Nice"},{"AC": 2, "AF": 21, "AR": 0, "AS": 7, "AST": 4, "AY": 3, "AwayTeam": "Sochaux", "Date": "2011-01-15", "FTAG": 1, "FTHG": 2, "FTR": "H", "HC": 7, "HF": 16, "HR": 0, "HS": 10, "HST": 3, "HTAG": 1, "HTHG": 2, "HTR": "H", "HY": 2, "HomeTeam": "Paris SG"},{"AC": 4, "AF": 20, "AR": 1, "AS": 7, "AST": 1, "AY": 2, "AwayTeam": "Arles", "Date": "2011-01-15", "FTAG": 0, "FTHG": 4, "FTR": "H", "HC": 8, "HF": 9, "HR": 0, "HS": 13, "HST": 8, "HTAG": 0, "HTHG": 2, "HTR": "H", "HY": 1, "HomeTeam": "Rennes"},{"AC": 5, "AF": 18, "AR": 0, "AS": 14, "AST": 3, "AY": 3, "AwayTeam": "Nancy", "Date": "2011-01-15", "FTAG": 0, "FTHG": 1, "FTR": "H", "HC": 3, "HF": 21, "HR": 0, "HS": 10, "HST": 4, "HTAG": 0, "HTHG": 1, "HTR": "H", "HY": 0, "HomeTeam": "Toulouse"},{"AC": 2, "AF": 18, "AR": 0, "AS": 5, "AST": 2, "AY": 1, "AwayTeam": "Bordeaux", "Date": "2011-01-16", "FTAG": 1, "FTHG": 2, "FTR": "H", "HC": 6, "HF": 22, "HR": 0, "HS": 9, "HST": 4, "HTAG": 0, "HTHG": 2, "HTR": "H", "HY": 2, "HomeTeam": "Marseille"},{"AC": 3, "AF": 21, "AR": 1, "AS": 7, "AST": 1, "AY": 1, "AwayTeam": "Nancy", "Date": "2011-01-19", "FTAG": 0, "FTHG": 3, "FTR": "H", "HC": 6, "HF": 15, "HR": 0, "HS": 22, "HST": 9, "HTAG": 0, "HTHG": 0, "HTR": "D", "HY": 3, "HomeTeam": "Lille"},{"AC": 1, "AF": 16, "AR": 0, "AS": 7, "AST": 3, "AY": 0, "AwayTeam": "Caen", "Date": "2011-01-22", "FTAG": 0, "FTHG": 2, "FTR": "H", "HC": 1, "HF": 18, "HR": 0, "HS": 12, "HST": 6, "HTAG": 0, "HTHG": 1, "HTR": "H", "HY": 0, "HomeTeam": "Lens"},{"AC": 2, "AF": 10, "AR": 0, "AS": 12, "AST": 7, "AY": 3, "AwayTeam": "Paris SG", "Date": "2011-01-29", "FTAG": 2, "FTHG": 1, "FTR": "A", "HC": 2, "HF": 11, "HR": 0, "HS": 11, "HST": 3, "HTAG": 1, "HTHG": 0, "HTR": "A", "HY": 1, "HomeTeam": "Arles"},{"AC": 2, "AF": 18, "AR": 0, "AS": 12, "AST": 4, "AY": 3, "AwayTeam": "Auxerre", "Date": "2011-01-29", "FTAG": 0, "FTHG": 2, "FTR": "H", "HC": 6, "HF": 12, "HR": 0, "HS": 16, "HST": 6, "HTAG": 0, "HTHG": 0, "HTR": "D", "HY": 1, "HomeTeam": "Caen"},{"AC": 1, "AF": 19, "AR": 0, "AS": 5, "AST": 0, "AY": 2, "AwayTeam": "Lens", "Date": "2011-01-29", "FTAG": 0, "FTHG": 1, "FTR": "H", "HC": 7, "HF": 15, "HR": 0, "HS": 9, "HST": 2, "HTAG": 0, "HTHG": 0, "HTR": "D", "HY": 1, "HomeTeam": "Lille"},{"AC": 3, "AF": 21, "AR": 0, "AS": 5, "AST": 0, "AY": 1, "AwayTeam": "Brest", "Date": "2011-01-29", "FTAG": 0, "FTHG": 2, "FTR": "H", "HC": 5, "HF": 9, "HR": 0, "HS": 9, "HST": 3, "HTAG": 0, "HTHG": 0, "HTR": "D", "HY": 1, "HomeTeam": "Lorient"},{"AC": 3, "AF": 12, "AR": 1, "AS": 14, "AST": 3, "AY": 1, "AwayTeam": "Rennes", "Date": "2011-01-29", "FTAG": 1, "FTHG": 5, "FTR": "H", "HC": 4, "HF": 15, "HR": 0, "HS": 15, "HST": 10, "HTAG": 0, "HTHG": 2, "HTR": "H", "HY": 0, "HomeTeam": "Sochaux"},{"AC": 6, "AF": 18, "AR": 0, "AS": 9, "AST": 5, "AY": 2, "AwayTeam": "Toulouse", "Date": "2011-01-29", "FTAG": 1, "FTHG": 2, "FTR": "H", "HC": 1, "HF": 22, "HR": 0, "HS": 9, "HST": 5, "HTAG": 0, "HTHG": 2, "HTR": "H", "HY": 3, "HomeTeam": "St Etienne"},{"AC": 7, "AF": 17, "AR": 0, "AS": 20, "AST": 5, "AY": 2, "AwayTeam": "Lyon", "Date": "2011-01-29", "FTAG": 1, "FTHG": 2, "FTR": "H", "HC": 3, "HF": 16, "HR": 0, "HS": 17, "HST": 3, "HTAG": 0, "HTHG": 0, "HTR": "D", "HY": 1, "HomeTeam": "Valenciennes"},{"AC": 3, "AF": 25, "AR": 0, "AS": 3, "AST": 1, "AY": 4, "AwayTeam": "Nice", "Date": "2011-01-30", "FTAG": 0, "FTHG": 2, "FTR": "H", "HC": 6, "HF": 15, "HR": 0, "HS": 16, "HST": 5, "HTAG": 0, "HTHG": 1, "HTR": "H", "HY": 2, "HomeTeam": "Bordeaux"},{"AC": 9, "AF": 17, "AR": 0, "AS": 10, "AST": 1, "AY": 2, "AwayTeam": "Marseille", "Date": "2011-01-30", "FTAG": 0, "FTHG": 0, "FTR": "D", "HC": 4, "HF": 12, "HR": 0, "HS": 11, "HST": 4, "HTAG": 0, "HTHG": 0, "HTR": "D", "HY": 2, "HomeTeam": "Monaco"},{"AC": 5, "AF": 20, "AR": 0, "AS": 14, "AST": 5, "AY": 2, "AwayTeam": "Montpellier", "Date": "2011-01-30", "FTAG": 2, "FTHG": 1, "FTR": "A", "HC": 7, "HF": 15, "HR": 0, "HS": 16, "HST": 11, "HTAG": 1, "HTHG": 1, "HTR": "D", "HY": 0, "HomeTeam": "Nancy"},{"AC": 5, "AF": 14, "AR": 0, "AS": 10, "AST": 4, "AY": 2, "AwayTeam": "Nancy", "Date": "2011-02-05", "FTAG": 1, "FTHG": 2, "FTR": "H", "HC": 6, "HF": 23, "HR": 0, "HS": 14, "HST": 5, "HTAG": 0, "HTHG": 1, "HTR": "H", "HY": 1, "HomeTeam": "Brest"},{"AC": 6, "AF": 14, "AR": 0, "AS": 12, "AST": 8, "AY": 2, "AwayTeam": "Lorient", "Date": "2011-02-05", "FTAG": 2, "FTHG": 0, "FTR": "A", "HC": 8, "HF": 16, "HR": 0, "HS": 12, "HST": 4, "HTAG": 1, "HTHG": 0, "HTR": "A", "HY": 1, "HomeTeam": "Caen"},{"AC": 3, "AF": 15, "AR": 0, "AS": 8, "AST": 2, "AY": 5, "AwayTeam": "Valenciennes", "Date": "2011-02-05", "FTAG": 1, "FTHG": 1, "FTR": "D", "HC": 5, "HF": 17, "HR": 0, "HS": 13, "HST": 4, "HTAG": 1, "HTHG": 1, "HTR": "D", "HY": 2, "HomeTeam": "Lens"},{"AC": 7, "AF": 25, "AR": 0, "AS": 13, "AST": 2, "AY": 1, "AwayTeam": "Arles", "Date": "2011-02-05", "FTAG": 0, "FTHG": 1, "FTR": "H", "HC": 5, "HF": 12, "HR": 0, "HS": 13, "HST": 5, "HTAG": 0, "HTHG": 0, "HTR": "D", "HY": 0, "HomeTeam": "Marseille"},{"AC": 3, "AF": 22, "AR": 0, "AS": 7, "AST": 5, "AY": 3, "AwayTeam": "St Etienne", "Date": "2011-02-05", "FTAG": 2, "FTHG": 1, "FTR": "A", "HC": 2, "HF": 16, "HR": 0, "HS": 14, "HST": 4, "HTAG": 2, "HTHG": 0, "HTR": "A", "HY": 3, "HomeTeam": "Montpellier"},{"AC": 5, "AF": 28, "AR": 1, "AS": 10, "AST": 1, "AY": 2, "AwayTeam": "Sochaux", "Date": "2011-02-05", "FTAG": 0, "FTHG": 1, "FTR": "H", "HC": 7, "HF": 17, "HR": 0, "HS": 15, "HST": 8, "HTAG": 0, "HTHG": 1, "HTR": "H", "HY": 3, "HomeTeam": "Nice"},{"AC": 7, "AF": 20, "AR": 0, "AS": 13, "AST": 5, "AY": 2, "AwayTeam": "Paris SG", "Date": "2011-02-05", "FTAG": 0, "FTHG": 1, "FTR": "H", "HC": 4, "HF": 11, "HR": 0, "HS": 17, "HST": 5, "HTAG": 0, "HTHG": 1, "HTR": "H", "HY": 0, "HomeTeam": "Rennes"},{"AC": 3, "AF": 14, "AR": 0, "AS": 8, "AST": 1, "AY": 2, "AwayTeam": "Lille", "Date": "2011-02-06", "FTAG": 1, "FTHG": 1, "FTR": "D", "HC": 7, "HF": 20, "HR": 0, "HS": 8, "HST": 3, "HTAG": 1, "HTHG": 0, "HTR": "A", "HY": 3, "HomeTeam": "Auxerre"},{"AC": 1, "AF": 17, "AR": 0, "AS": 10, "AST": 1, "AY": 2, "AwayTeam": "Bordeaux", "Date": "2011-02-06", "FTAG": 0, "FTHG": 0, "FTR": "D", "HC": 11, "HF": 18, "HR": 0, "HS": 15, "HST": 5, "HTAG": 0, "HTHG": 0, "HTR": "D", "HY": 1, "HomeTeam": "Lyon"},{"AC": 1, "AF": 13, "AR": 0, "AS": 10, "AST": 2, "AY": 1, "AwayTeam": "Monaco", "Date": "2011-02-06", "FTAG": 0, "FTHG": 2, "FTR": "H", "HC": 4, "HF": 23, "HR": 0, "HS": 12, "HST": 5, "HTAG": 0, "HTHG": 0, "HTR": "D", "HY": 1, "HomeTeam": "Toulouse"},{"AC": 6, "AF": 20, "AR": 0, "AS": 14, "AST": 4, "AY": 1, "AwayTeam": "Montpellier", "Date": "2011-02-12", "FTAG": 0, "FTHG": 0, "FTR": "D", "HC": 4, "HF": 16, "HR": 0, "HS": 7, "HST": 0, "HTAG": 0, "HTHG": 0, "HTR": "D", "HY": 2, "HomeTeam": "Arles"},{"AC": 3, "AF": 24, "AR": 0, "AS": 6, "AST": 4, "AY": 5, "AwayTeam": "Caen", "Date": "2011-02-12", "FTAG": 2, "FTHG": 1, "FTR": "A", "HC": 15, "HF": 17, "HR": 0, "HS": 19, "HST": 6, "HTAG": 1, "HTHG": 0, "HTR": "A", "HY": 0, "HomeTeam": "Bordeaux"},{"AC": 5, "AF": 22, "AR": 1, "AS": 9, "AST": 4, "AY": 2, "AwayTeam": "Lorient", "Date": "2011-02-12", "FTAG": 1, "FTHG": 3, "FTR": "H", "HC": 2, "HF": 16, "HR": 0, "HS": 13, "HST": 6, "HTAG": 1, "HTHG": 1, "HTR": "D", "HY": 2, "HomeTeam": "Monaco"},{"AC": 3, "AF": 20, "AR": 0, "AS": 8, "AST": 1, "AY": 2, "AwayTeam": "Auxerre", "Date": "2011-02-12", "FTAG": 1, "FTHG": 3, "FTR": "H", "HC": 9, "HF": 7, "HR": 0, "HS": 13, "HST": 3, "HTAG": 0, "HTHG": 2, "HTR": "H", "HY": 3, "HomeTeam": "Nancy"},{"AC": 2, "AF": 26, "AR": 0, "AS": 10, "AST": 0, "AY": 2, "AwayTeam": "Lens", "Date": "2011-02-12", "FTAG": 0, "FTHG": 0, "FTR": "D", "HC": 3, "HF": 12, "HR": 0, "HS": 17, "HST": 4, "HTAG": 0, "HTHG": 0, "HTR": "D", "HY": 1, "HomeTeam": "Paris SG"},{"AC": 7, "AF": 23, "AR": 0, "AS": 14, "AST": 7, "AY": 2, "AwayTeam": "Marseille", "Date": "2011-02-12", "FTAG": 2, "FTHG": 1, "FTR": "A", "HC": 5, "HF": 14, "HR": 0, "HS": 13, "HST": 2, "HTAG": 1, "HTHG": 1, "HTR": "D", "HY": 0, "HomeTeam": "Sochaux"},{"AC": 6, "AF": 19, "AR": 0, "AS": 9, "AST": 6, "AY": 3, "AwayTeam": "Lyon", "Date": "2011-02-12", "FTAG": 4, "FTHG": 1, "FTR": "A", "HC": 6, "HF": 16, "HR": 0, "HS": 17, "HST": 7, "HTAG": 2, "HTHG": 1, "HTR": "A", "HY": 2, "HomeTeam": "St Etienne"},{"AC": 1, "AF": 21, "AR": 0, "AS": 3, "AST": 0, "AY": 2, "AwayTeam": "Toulouse", "Date": "2011-02-13", "FTAG": 0, "FTHG": 2, "FTR": "H", "HC": 4, "HF": 15, "HR": 0, "HS": 14, "HST": 9, "HTAG": 0, "HTHG": 1, "HTR": "H", "HY": 0, "HomeTeam": "Lille"},{"AC": 2, "AF": 19, "AR": 0, "AS": 6, "AST": 4, "AY": 1, "AwayTeam": "Nice", "Date": "2011-02-13", "FTAG": 0, "FTHG": 2, "FTR": "H", "HC": 1, "HF": 14, "HR": 0, "HS": 12, "HST": 5, "HTAG": 0, "HTHG": 0, "HTR": "D", "HY": 1, "HomeTeam": "Rennes"},{"AC": 4, "AF": 18, "AR": 0, "AS": 9, "AST": 4, "AY": 2, "AwayTeam": "Brest", "Date": "2011-02-13", "FTAG": 0, "FTHG": 3, "FTR": "H", "HC": 5, "HF": 14, "HR": 0, "HS": 10, "HST": 6, "HTAG": 0, "HTHG": 2, "HTR": "H", "HY": 1, "HomeTeam": "Valenciennes"},{"AC": 1, "AF": 12, "AR": 0, "AS": 5, "AST": 2, "AY": 2, "AwayTeam": "Nancy", "Date": "2011-02-18", "FTAG": 0, "FTHG": 4, "FTR": "H", "HC": 6, "HF": 18, "HR": 0, "HS": 22, "HST": 8, "HTAG": 0, "HTHG": 1, "HTR": "H", "HY": 1, "HomeTeam": "Lyon"},{"AC": 3, "AF": 17, "AR": 0, "AS": 12, "AST": 3, "AY": 5, "AwayTeam": "Arles", "Date": "2011-02-19", "FTAG": 1, "FTHG": 1, "FTR": "D", "HC": 7, "HF": 14, "HR": 0, "HS": 17, "HST": 6, "HTAG": 0, "HTHG": 0, "HTR": "D", "HY": 2, "HomeTeam": "Auxerre"},{"AC": 2, "AF": 18, "AR": 1, "AS": 16, "AST": 5, "AY": 0, "AwayTeam": "Monaco", "Date": "2011-02-19", "FTAG": 0, "FTHG": 2, "FTR": "H", "HC": 4, "HF": 15, "HR": 0, "HS": 12, "HST": 5, "HTAG": 0, "HTHG": 1, "HTR": "H", "HY": 2, "HomeTeam": "Brest"},{"AC": 3, "AF": 7, "AR": 0, "AS": 9, "AST": 4, "AY": 2, "AwayTeam": "Valenciennes", "Date": "2011-02-19", "FTAG": 2, "FTHG": 2, "FTR": "D", "HC": 7, "HF": 21, "HR": 0, "HS": 16, "HST": 3, "HTAG": 0, "HTHG": 0, "HTR": "D", "HY": 3, "HomeTeam": "Caen"},{"AC": 3, "AF": 16, "AR": 1, "AS": 11, "AST": 5, "AY": 2, "AwayTeam": "Sochaux", "Date": "2011-02-19", "FTAG": 3, "FTHG": 2, "FTR": "A", "HC": 9, "HF": 12, "HR": 1, "HS": 16, "HST": 8, "HTAG": 2, "HTHG": 1, "HTR": "A", "HY": 3, "HomeTeam": "Lens"},{"AC": 7, "AF": 19, "AR": 1, "AS": 11, "AST": 3, "AY": 3, "AwayTeam": "Bordeaux", "Date": "2011-02-19", "FTAG": 1, "FTHG": 5, "FTR": "H", "HC": 7, "HF": 10, "HR": 1, "HS": 13, "HST": 8, "HTAG": 1, "HTHG": 3, "HTR": "H", "HY": 4, "HomeTeam": "Lorient"},{"AC": 3, "AF": 21, "AR": 0, "AS": 7, "AST": 2, "AY": 4, "AwayTeam": "St Etienne", "Date": "2011-02-19", "FTAG": 1, "FTHG": 2, "FTR": "H", "HC": 10, "HF": 19, "HR": 0, "HS": 22, "HST": 8, "HTAG": 0, "HTHG": 0, "HTR": "D", "HY": 2, "HomeTeam": "Marseille"},{"AC": 1, "AF": 24, "AR": 0, "AS": 6, "AST": 1, "AY": 1, "AwayTeam": "Lille", "Date": "2011-02-20", "FTAG": 0, "FTHG": 1, "FTR": "H", "HC": 3, "HF": 18, "HR": 0, "HS": 10, "HST": 3, "HTAG": 0, "HTHG": 0, "HTR": "D", "HY": 2, "HomeTeam": "Montpellier"},{"AC": 8, "AF": 15, "AR": 0, "AS": 19, "AST": 11, "AY": 1, "AwayTeam": "Paris SG", "Date": "2011-02-20", "FTAG": 3, "FTHG": 0, "FTR": "A", "HC": 2, "HF": 11, "HR": 1, "HS": 13, "HST": 2, "HTAG": 2, "HTHG": 0, "HTR": "A", "HY": 1, "HomeTeam": "Nice"},{"AC": 3, "AF": 13, "AR": 0, "AS": 10, "AST": 6, "AY": 1, "AwayTeam": "Rennes", "Date": "2011-02-20", "FTAG": 2, "FTHG": 1, "FTR": "A", "HC": 8, "HF": 18, "HR": 0, "HS": 13, "HST": 3, "HTAG": 1, "HTHG": 0, "HTR": "A", "HY": 1, "HomeTeam": "Toulouse"},{"AC": 9, "AF": 20, "AR": 0, "AS": 12, "AST": 6, "AY": 2, "AwayTeam": "Brest", "Date": "2011-02-26", "FTAG": 1, "FTHG": 1, "FTR": "D", "HC": 6, "HF": 16, "HR": 0, "HS": 17, "HST": 5, "HTAG": 0, "HTHG": 1, "HTR": "H", "HY": 2, "HomeTeam": "Arles"},{"AC": 4, "AF": 16, "AR": 0, "AS": 4, "AST": 0, "AY": 4, "AwayTeam": "Auxerre", "Date": "2011-02-26", "FTAG": 0, "FTHG": 3, "FTR": "H", "HC": 5, "HF": 15, "HR": 0, "HS": 11, "HST": 6, "HTAG": 0, "HTHG": 1, "HTR": "H", "HY": 4, "HomeTeam": "Bordeaux"},{"AC": 4, "AF": 24, "AR": 1, "AS": 10, "AST": 4, "AY": 3, "AwayTeam": "Caen", "Date": "2011-02-26", "FTAG": 2, "FTHG": 2, "FTR": "D", "HC": 8, "HF": 12, "HR": 0, "HS": 17, "HST": 3, "HTAG": 0, "HTHG": 1, "HTR": "H", "HY": 1, "HomeTeam": "Monaco"},{"AC": 4, "AF": 12, "AR": 0, "AS": 7, "AST": 2, "AY": 2, "AwayTeam": "Lens", "Date": "2011-02-26", "FTAG": 0, "FTHG": 2, "FTR": "H", "HC": 3, "HF": 16, "HR": 0, "HS": 13, "HST": 6, "HTAG": 0, "HTHG": 1, "HTR": "H", "HY": 1, "HomeTeam": "Rennes"},{"AC": 9, "AF": 19, "AR": 1, "AS": 19, "AST": 6, "AY": 3, "AwayTeam": "Montpellier", "Date": "2011-02-26", "FTAG": 0, "FTHG": 0, "FTR": "D", "HC": 2, "HF": 13, "HR": 1, "HS": 9, "HST": 4, "HTAG": 0, "HTHG": 0, "HTR": "D", "HY": 1, "HomeTeam": "Sochaux"},{"AC": 3, "AF": 6, "AR": 0, "AS": 11, "AST": 6, "AY": 1, "AwayTeam": "Nice", "Date": "2011-02-26", "FTAG": 2, "FTHG": 0, "FTR": "A", "HC": 7, "HF": 18, "HR": 0, "HS": 5, "HST": 0, "HTAG": 0, "HTHG": 0, "HTR": "D", "HY": 1, "HomeTeam": "St Etienne"},{"AC": 4, "AF": 10, "AR": 1, "AS": 8, "AST": 3, "AY": 0, "AwayTeam": "Lorient", "Date": "2011-02-26", "FTAG": 0, "FTHG": 0, "FTR": "D", "HC": 5, "HF": 14, "HR": 0, "HS": 15, "HST": 5, "HTAG": 0, "HTHG": 0, "HTR": "D", "HY": 3, "HomeTeam": "Valenciennes"},{"AC": 3, "AF": 22, "AR": 0, "AS": 8, "AST": 5, "AY": 3, "AwayTeam": "Lyon", "Date": "2011-02-27", "FTAG": 1, "FTHG": 1, "FTR": "D", "HC": 9, "HF": 11, "HR": 0, "HS": 12, "HST": 3, "HTAG": 1, "HTHG": 1, "HTR": "D", "HY": 1, "HomeTeam": "Lille"},{"AC": 5, "AF": 22, "AR": 0, "AS": 16, "AST": 8, "AY": 3, "AwayTeam": "Marseille", "Date": "2011-02-27", "FTAG": 2, "FTHG": 1, "FTR": "A", "HC": 3, "HF": 17, "HR": 0, "HS": 9, "HST": 5, "HTAG": 1, "HTHG": 1, "HTR": "D", "HY": 3, "HomeTeam": "Nancy"},{"AC": 2, "AF": 17, "AR": 0, "AS": 13, "AST": 3, "AY": 1, "AwayTeam": "Toulouse", "Date": "2011-02-27", "FTAG": 1, "FTHG": 2, "FTR": "H", "HC": 5, "HF": 13, "HR": 0, "HS": 14, "HST": 4, "HTAG": 0, "HTHG": 2, "HTR": "H", "HY": 1, "HomeTeam": "Paris SG"},{"AC": 8, "AF": 6, "AR": 0, "AS": 16, "AST": 3, "AY": 0, "AwayTeam": "Paris SG", "Date": "2011-03-05", "FTAG": 0, "FTHG": 1, "FTR": "H", "HC": 4, "HF": 11, "HR": 0, "HS": 12, "HST": 5, "HTAG": 0, "HTHG": 0, "HTR": "D", "HY": 2, "HomeTeam": "Auxerre"},{"AC": 3, "AF": 13, "AR": 0, "AS": 9, "AST": 2, "AY": 0, "AwayTeam": "St Etienne", "Date": "2011-03-05", "FTAG": 0, "FTHG": 1, "FTR": "H", "HC": 5, "HF": 18, "HR": 0, "HS": 10, "HST": 3, "HTAG": 0, "HTHG": 0, "HTR": "D", "HY": 1, "HomeTeam": "Caen"},{"AC": 7, "AF": 16, "AR": 0, "AS": 16, "AST": 5, "AY": 1, "AwayTeam": "Nancy", "Date": "2011-03-05", "FTAG": 0, "FTHG": 0, "FTR": "D", "HC": 10, "HF": 12, "HR": 0, "HS": 9, "HST": 3, "HTAG": 0, "HTHG": 0, "HTR": "D", "HY": 1, "HomeTeam": "Lorient"},{"AC": 1, "AF": 28, "AR": 0, "AS": 10, "AST": 4, "AY": 2, "AwayTeam": "Rennes", "Date": "2011-03-05", "FTAG": 1, "FTHG": 0, "FTR": "A", "HC": 4, "HF": 15, "HR": 0, "HS": 14, "HST": 3, "HTAG": 1, "HTHG": 0, "HTR": "A", "HY": 1, "HomeTeam": "Montpellier"},{"AC": 4, "AF": 16, "AR": 0, "AS": 10, "AST": 5, "AY": 2, "AwayTeam": "Lens", "Date": "2011-03-05", "FTAG": 0, "FTHG": 0, "FTR": "D", "HC": 2, "HF": 18, "HR": 0, "HS": 13, "HST": 3, "HTAG": 0, "HTHG": 0, "HTR": "D", "HY": 1, "HomeTeam": "Nice"},{"AC": 3, "AF": 16, "AR": 0, "AS": 9, "AST": 2, "AY": 0, "AwayTeam": "Sochaux", "Date": "2011-03-05", "FTAG": 1, "FTHG": 0, "FTR": "A", "HC": 5, "HF": 20, "HR": 1, "HS": 14, "HST": 6, "HTAG": 0, "HTHG": 0, "HTR": "D", "HY": 0, "HomeTeam": "Toulouse"},{"AC": 5, "AF": 14, "AR": 0, "AS": 12, "AST": 1, "AY": 1, "AwayTeam": "Monaco", "Date": "2011-03-05", "FTAG": 0, "FTHG": 0, "FTR": "D", "HC": 9, "HF": 20, "HR": 0, "HS": 17, "HST": 7, "HTAG": 0, "HTHG": 0, "HTR": "D", "HY": 0, "HomeTeam": "Valenciennes"},{"AC": 3, "AF": 20, "AR": 0, "AS": 8, "AST": 4, "AY": 1, "AwayTeam": "Bordeaux", "Date": "2011-03-06", "FTAG": 3, "FTHG": 1, "FTR": "A", "HC": 9, "HF": 20, "HR": 0, "HS": 13, "HST": 5, "HTAG": 0, "HTHG": 0, "HTR": "D", "HY": 0, "HomeTeam": "Brest"},{"AC": 4, "AF": 11, "AR": 0, "AS": 6, "AST": 0, "AY": 0, "AwayTeam": "Arles", "Date": "2011-03-06", "FTAG": 0, "FTHG": 5, "FTR": "H", "HC": 11, "HF": 9, "HR": 0, "HS": 15, "HST": 8, "HTAG": 0, "HTHG": 2, "HTR": "H", "HY": 0, "HomeTeam": "Lyon"},{"AC": 5, "AF": 16, "AR": 0, "AS": 13, "AST": 3, "AY": 1, "AwayTeam": "Lille", "Date": "2011-03-06", "FTAG": 2, "FTHG": 1, "FTR": "A", "HC": 4, "HF": 16, "HR": 0, "HS": 15, "HST": 3, "HTAG": 1, "HTHG": 0, "HTR": "A", "HY": 2, "HomeTeam": "Marseille"},{"AC": 4, "AF": 12, "AR": 0, "AS": 11, "AST": 5, "AY": 2, "AwayTeam": "Marseille", "Date": "2011-03-11", "FTAG": 2, "FTHG": 0, "FTR": "A", "HC": 4, "HF": 18, "HR": 0, "HS": 14, "HST": 4, "HTAG": 1, "HTHG": 0, "HTR": "A", "HY": 2, "HomeTeam": "Rennes"},{"AC": 3, "AF": 5, "AR": 0, "AS": 9, "AST": 5, "AY": 1, "AwayTeam": "Lorient", "Date": "2011-03-12", "FTAG": 3, "FTHG": 3, "FTR": "D", "HC": 6, "HF": 19, "HR": 0, "HS": 16, "HST": 7, "HTAG": 2, "HTHG": 1, "HTR": "A", "HY": 1, "HomeTeam": "Arles"},{"AC": 1, "AF": 29, "AR": 0, "AS": 13, "AST": 5, "AY": 1, "AwayTeam": "Toulouse", "Date": "2011-03-12", "FTAG": 1, "FTHG": 0, "FTR": "A", "HC": 4, "HF": 19, "HR": 0, "HS": 9, "HST": 4, "HTAG": 0, "HTHG": 0, "HTR": "D", "HY": 0, "HomeTeam": "Lens"},{"AC": 5, "AF": 26, "AR": 1, "AS": 4, "AST": 1, "AY": 0, "AwayTeam": "Caen", "Date": "2011-03-12", "FTAG": 0, "FTHG": 2, "FTR": "H", "HC": 4, "HF": 18, "HR": 0, "HS": 11, "HST": 4, "HTAG": 0, "HTHG": 1, "HTR": "H", "HY": 1, "HomeTeam": "Nancy"},{"AC": 5, "AF": 10, "AR": 0, "AS": 10, "AST": 1, "AY": 1, "AwayTeam": "Auxerre", "Date": "2011-03-12", "FTAG": 0, "FTHG": 1, "FTR": "H", "HC": 2, "HF": 10, "HR": 0, "HS": 14, "HST": 3, "HTAG": 0, "HTHG": 0, "HTR": "D", "HY": 0, "HomeTeam": "Nice"},{"AC": 2, "AF": 15, "AR": 0, "AS": 21, "AST": 9, "AY": 2, "AwayTeam": "Lyon", "Date": "2011-03-12", "FTAG": 2, "FTHG": 0, "FTR": "A", "HC": 5, "HF": 15, "HR": 0, "HS": 7, "HST": 2, "HTAG": 1, "HTHG": 0, "HTR": "A", "HY": 1, "HomeTeam": "Sochaux"},{"AC": 2, "AF": 13, "AR": 0, "AS": 10, "AST": 2, "AY": 3, "AwayTeam": "Brest", "Date": "2011-03-12", "FTAG": 0, "FTHG": 2, "FTR": "H", "HC": 5, "HF": 14, "HR": 0, "HS": 14, "HST": 7, "HTAG": 0, "HTHG": 1, "HTR": "H", "HY": 1, "HomeTeam": "St Etienne"},{"AC": 2, "AF": 18, "AR": 0, "AS": 2, "AST": 1, "AY": 3, "AwayTeam": "Monaco", "Date": "2011-03-13", "FTAG": 1, "FTHG": 0, "FTR": "A", "HC": 3, "HF": 10, "HR": 0, "HS": 14, "HST": 4, "HTAG": 1, "HTHG": 0, "HTR": "A", "HY": 0, "HomeTeam": "Bordeaux"},{"AC": 0, "AF": 16, "AR": 0, "AS": 9, "AST": 4, "AY": 2, "AwayTeam": "Valenciennes", "Date": "2011-03-13", "FTAG": 1, "FTHG": 2, "FTR": "H", "HC": 4, "HF": 10, "HR": 0, "HS": 13, "HST": 4, "HTAG": 0, "HTHG": 1, "HTR": "H", "HY": 2, "HomeTeam": "Lille"},{"AC": 2, "AF": 17, "AR": 1, "AS": 11, "AST": 5, "AY": 3, "AwayTeam": "Montpellier", "Date": "2011-03-13", "FTAG": 2, "FTHG": 2, "FTR": "D", "HC": 7, "HF": 26, "HR": 0, "HS": 11, "HST": 3, "HTAG": 0, "HTHG": 2, "HTR": "H", "HY": 4, "HomeTeam": "Paris SG"},{"AC": 7, "AF": 10, "AR": 0, "AS": 19, "AST": 3, "AY": 1, "AwayTeam": "Sochaux", "Date": "2011-03-19", "FTAG": 0, "FTHG": 2, "FTR": "H", "HC": 4, "HF": 16, "HR": 0, "HS": 13, "HST": 5, "HTAG": 0, "HTHG": 1, "HTR": "H", "HY": 1, "HomeTeam": "Auxerre"},{"AC": 4, "AF": 16, "AR": 0, "AS": 7, "AST": 4, "AY": 3, "AwayTeam": "Lille", "Date": "2011-03-19", "FTAG": 2, "FTHG": 1, "FTR": "A", "HC": 10, "HF": 14, "HR": 0, "HS": 20, "HST": 9, "HTAG": 1, "HTHG": 1, "HTR": "D", "HY": 1, "HomeTeam": "Brest"},{"AC": 6, "AF": 10, "AR": 0, "AS": 7, "AST": 4, "AY": 0, "AwayTeam": "St Etienne", "Date": "2011-03-19", "FTAG": 0, "FTHG": 0, "FTR": "D", "HC": 10, "HF": 6, "HR": 0, "HS": 18, "HST": 6, "HTAG": 0, "HTHG": 0, "HTR": "D", "HY": 0, "HomeTeam": "Lorient"},{"AC": 3, "AF": 13, "AR": 1, "AS": 3, "AST": 1, "AY": 3, "AwayTeam": "Rennes", "Date": "2011-03-19", "FTAG": 1, "FTHG": 1, "FTR": "D", "HC": 6, "HF": 12, "HR": 0, "HS": 17, "HST": 4, "HTAG": 0, "HTHG": 1, "HTR": "H", "HY": 2, "HomeTeam": "Lyon"},{"AC": 2, "AF": 14, "AR": 0, "AS": 15, "AST": 6, "AY": 0, "AwayTeam": "Lens", "Date": "2011-03-19", "FTAG": 4, "FTHG": 1, "FTR": "A", "HC": 13, "HF": 23, "HR": 0, "HS": 16, "HST": 8, "HTAG": 3, "HTHG": 0, "HTR": "A", "HY": 1, "HomeTeam": "Montpellier"},{"AC": 6, "AF": 7, "AR": 0, "AS": 10, "AST": 3, "AY": 1, "AwayTeam": "Nice", "Date": "2011-03-19", "FTAG": 1, "FTHG": 1, "FTR": "D", "HC": 5, "HF": 18, "HR": 0, "HS": 10, "HST": 3, "HTAG": 0, "HTHG": 1, "HTR": "H", "HY": 2, "HomeTeam": "Toulouse"},{"AC": 3, "AF": 13, "AR": 0, "AS": 15, "AST": 5, "AY": 1, "AwayTeam": "Bordeaux", "Date": "2011-03-19", "FTAG": 2, "FTHG": 2, "FTR": "D", "HC": 2, "HF": 17, "HR": 0, "HS": 11, "HST": 3, "HTAG": 0, "HTHG": 1, "HTR": "H", "HY": 2, "HomeTeam": "Valenciennes"},{"AC": 4, "AF": 27, "AR": 0, "AS": 10, "AST": 3, "AY": 3, "AwayTeam": "Arles", "Date": "2011-03-20", "FTAG": 0, "FTHG": 2, "FTR": "H", "HC": 9, "HF": 14, "HR": 0, "HS": 19, "HST": 5, "HTAG": 0, "HTHG": 0, "HTR": "D", "HY": 2, "HomeTeam": "Caen"},{"AC": 2, "AF": 17, "AR": 0, "AS": 8, "AST": 1, "AY": 3, "AwayTeam": "Paris SG", "Date": "2011-03-20", "FTAG": 1, "FTHG": 2, "FTR": "H", "HC": 1, "HF": 15, "HR": 0, "HS": 12, "HST": 3, "HTAG": 1, "HTHG": 2, "HTR": "H", "HY": 1, "HomeTeam": "Marseille"},{"AC": 2, "AF": 24, "AR": 0, "AS": 10, "AST": 3, "AY": 3, "AwayTeam": "Nancy", "Date": "2011-03-20", "FTAG": 1, "FTHG": 0, "FTR": "A", "HC": 12, "HF": 18, "HR": 0, "HS": 19, "HST": 5, "HTAG": 1, "HTHG": 0, "HTR": "A", "HY": 3, "HomeTeam": "Monaco"},{"AC": 3, "AF": 15, "AR": 0, "AS": 16, "AST": 8, "AY": 2, "AwayTeam": "Monaco", "Date": "2011-04-02", "FTAG": 2, "FTHG": 0, "FTR": "A", "HC": 2, "HF": 16, "HR": 1, "HS": 10, "HST": 2, "HTAG": 1, "HTHG": 0, "HTR": "A", "HY": 1, "HomeTeam": "Arles"},{"AC": 3, "AF": 17, "AR": 0, "AS": 13, "AST": 5, "AY": 2, "AwayTeam": "Caen", "Date": "2011-04-02", "FTAG": 1, "FTHG": 3, "FTR": "H", "HC": 8, "HF": 12, "HR": 0, "HS": 28, "HST": 12, "HTAG": 0, "HTHG": 1, "HTR": "H", "HY": 1, "HomeTeam": "Lille"},{"AC": 2, "AF": 16, "AR": 0, "AS": 14, "AST": 7, "AY": 4, "AwayTeam": "Bordeaux", "Date": "2011-04-02", "FTAG": 0, "FTHG": 0, "FTR": "D", "HC": 0, "HF": 24, "HR": 0, "HS": 10, "HST": 3, "HTAG": 0, "HTHG": 0, "HTR": "D", "HY": 2, "HomeTeam": "Nancy"},{"AC": 8, "AF": 9, "AR": 0, "AS": 9, "AST": 1, "AY": 1, "AwayTeam": "Lorient", "Date": "2011-04-02", "FTAG": 0, "FTHG": 0, "FTR": "D", "HC": 9, "HF": 12, "HR": 0, "HS": 9, "HST": 2, "HTAG": 0, "HTHG": 0, "HTR": "D", "HY": 1, "HomeTeam": "Paris SG"},{"AC": 3, "AF": 11, "AR": 0, "AS": 4, "AST": 2, "AY": 3, "AwayTeam": "Auxerre", "Date": "2011-04-02", "FTAG": 0, "FTHG": 0, "FTR": "D", "HC": 2, "HF": 13, "HR": 0, "HS": 8, "HST": 0, "HTAG": 0, "HTHG": 0, "HTR": "D", "HY": 3, "HomeTeam": "Rennes"},{"AC": 4, "AF": 21, "AR": 0, "AS": 12, "AST": 4, "AY": 1, "AwayTeam": "Brest", "Date": "2011-04-02", "FTAG": 1, "FTHG": 2, "FTR": "H", "HC": 9, "HF": 14, "HR": 0, "HS": 15, "HST": 7, "HTAG": 0, "HTHG": 1, "HTR": "H", "HY": 2, "HomeTeam": "Sochaux"},{"AC": 1, "AF": 19, "AR": 0, "AS": 8, "AST": 2, "AY": 2, "AwayTeam": "Montpellier", "Date": "2011-04-02", "FTAG": 1, "FTHG": 0, "FTR": "A", "HC": 4, "HF": 21, "HR": 0, "HS": 8, "HST": 2, "HTAG": 0, "HTHG": 0, "HTR": "D", "HY": 2, "HomeTeam": "Toulouse"},{"AC": 4, "AF": 22, "AR": 0, "AS": 9, "AST": 3, "AY": 1, "AwayTeam": "Marseille", "Date": "2011-04-03", "FTAG": 1, "FTHG": 0, "FTR": "A", "HC": 7, "HF": 19, "HR": 0, "HS": 14, "HST": 3, "HTAG": 0, "HTHG": 0, "HTR": "D", "HY": 3, "HomeTeam": "Lens"},{"AC": 0, "AF": 16, "AR": 1, "AS": 11, "AST": 4, "AY": 1, "AwayTeam": "Lyon", "Date": "2011-04-03", "FTAG": 2, "FTHG": 2, "FTR": "D", "HC": 4, "HF": 16, "HR": 0, "HS": 14, "HST": 6, "HTAG": 2, "HTHG": 0, "HTR": "A", "HY": 3, "HomeTeam": "Nice"},{"AC": 8, "AF": 12, "AR": 0, "AS": 14, "AST": 6, "AY": 0, "AwayTeam": "Valenciennes", "Date": "2011-04-03", "FTAG": 1, "FTHG": 1, "FTR": "D", "HC": 8, "HF": 6, "HR": 0, "HS": 22, "HST": 6, "HTAG": 0, "HTHG": 0, "HTR": "D", "HY": 0, "HomeTeam": "St Etienne"},{"AC": 5, "AF": 7, "AR": 0, "AS": 12, "AST": 8, "AY": 3, "AwayTeam": "St Etienne", "Date": "2011-04-09", "FTAG": 2, "FTHG": 2, "FTR": "D", "HC": 5, "HF": 9, "HR": 0, "HS": 16, "HST": 5, "HTAG": 1, "HTHG": 1, "HTR": "D", "HY": 2, "HomeTeam": "Auxerre"},{"AC": 2, "AF": 21, "AR": 0, "AS": 6, "AST": 2, "AY": 3, "AwayTeam": "Arles", "Date": "2011-04-09", "FTAG": 0, "FTHG": 0, "FTR": "D", "HC": 10, "HF": 13, "HR": 0, "HS": 19, "HST": 3, "HTAG": 0, "HTHG": 0, "HTR": "D", "HY": 3, "HomeTeam": "Bordeaux"},{"AC": 2, "AF": 21, "AR": 0, "AS": 4, "AST": 1, "AY": 2, "AwayTeam": "Rennes", "Date": "2011-04-09", "FTAG": 0, "FTHG": 2, "FTR": "H", "HC": 7, "HF": 24, "HR": 0, "HS": 10, "HST": 3, "HTAG": 0, "HTHG": 1, "HTR": "H", "HY": 0, "HomeTeam": "Brest"},{"AC": 2, "AF": 13, "AR": 0, "AS": 10, "AST": 6, "AY": 1, "AwayTeam": "Paris SG", "Date": "2011-04-09", "FTAG": 2, "FTHG": 1, "FTR": "A", "HC": 10, "HF": 14, "HR": 0, "HS": 14, "HST": 4, "HTAG": 1, "HTHG": 0, "HTR": "A", "HY": 1, "HomeTeam": "Caen"},{"AC": 5, "AF": 17, "AR": 0, "AS": 9, "AST": 5, "AY": 0, "AwayTeam": "Sochaux", "Date": "2011-04-09", "FTAG": 1, "FTHG": 1, "FTR": "D", "HC": 8, "HF": 6, "HR": 0, "HS": 13, "HST": 3, "HTAG": 1, "HTHG": 1, "HTR": "D", "HY": 1, "HomeTeam": "Lorient"},{"AC": 3, "AF": 14, "AR": 1, "AS": 12, "AST": 3, "AY": 1, "AwayTeam": "Lille", "Date": "2011-04-09", "FTAG": 0, "FTHG": 1, "FTR": "H", "HC": 4, "HF": 25, "HR": 0, "HS": 7, "HST": 3, "HTAG": 0, "HTHG": 1, "HTR": "H", "HY": 6, "HomeTeam": "Monaco"},{"AC": 4, "AF": 16, "AR": 1, "AS": 18, "AST": 6, "AY": 2, "AwayTeam": "Nancy", "Date": "2011-04-09", "FTAG": 1, "FTHG": 1, "FTR": "D", "HC": 5, "HF": 17, "HR": 1, "HS": 10, "HST": 4, "HTAG": 0, "HTHG": 1, "HTR": "H", "HY": 1, "HomeTeam": "Valenciennes"},{"AC": 6, "AF": 18, "AR": 0, "AS": 4, "AST": 2, "AY": 1, "AwayTeam": "Lens", "Date": "2011-04-10", "FTAG": 0, "FTHG": 3, "FTR": "H", "HC": 11, "HF": 14, "HR": 0, "HS": 24, "HST": 8, "HTAG": 0, "HTHG": 0, "HTR": "D", "HY": 0, "HomeTeam": "Lyon"},{"AC": 3, "AF": 19, "AR": 0, "AS": 10, "AST": 4, "AY": 1, "AwayTeam": "Toulouse", "Date": "2011-04-10", "FTAG": 2, "FTHG": 2, "FTR": "D", "HC": 6, "HF": 13, "HR": 0, "HS": 15, "HST": 7, "HTAG": 1, "HTHG": 1, "HTR": "D", "HY": 0, "HomeTeam": "Marseille"},{"AC": 3, "AF": 14, "AR": 0, "AS": 8, "AST": 3, "AY": 3, "AwayTeam": "Nice", "Date": "2011-04-10", "FTAG": 1, "FTHG": 1, "FTR": "D", "HC": 2, "HF": 17, "HR": 0, "HS": 11, "HST": 3, "HTAG": 0, "HTHG": 1, "HTR": "H", "HY": 2, "HomeTeam": "Montpellier"},{"AC": 2, "AF": 18, "AR": 0, "AS": 11, "AST": 5, "AY": 1, "AwayTeam": "Brest", "Date": "2011-04-16", "FTAG": 1, "FTHG": 1, "FTR": "D", "HC": 6, "HF": 18, "HR": 0, "HS": 16, "HST": 1, "HTAG": 0, "HTHG": 1, "HTR": "H", "HY": 0, "HomeTeam": "Lens"},{"AC": 3, "AF": 21, "AR": 0, "AS": 9, "AST": 4, "AY": 3, "AwayTeam": "Bordeaux", "Date": "2011-04-16", "FTAG": 1, "FTHG": 1, "FTR": "D", "HC": 5, "HF": 16, "HR": 0, "HS": 11, "HST": 4, "HTAG": 0, "HTHG": 0, "HTR": "D", "HY": 1, "HomeTeam": "Lille"},{"AC": 3, "AF": 21, "AR": 0, "AS": 6, "AST": 4, "AY": 3, "AwayTeam": "Monaco", "Date": "2011-04-16", "FTAG": 2, "FTHG": 3, "FTR": "H", "HC": 7, "HF": 11, "HR": 0, "HS": 21, "HST": 8, "HTAG": 1, "HTHG": 1, "HTR": "D", "HY": 2, "HomeTeam": "Nice"},{"AC": 9, "AF": 13, "AR": 0, "AS": 17, "AST": 7, "AY": 3, "AwayTeam": "Lorient", "Date": "2011-04-16", "FTAG": 2, "FTHG": 1, "FTR": "A", "HC": 4, "HF": 19, "HR": 2, "HS": 9, "HST": 3, "HTAG": 0, "HTHG": 1, "HTR": "H", "HY": 1, "HomeTeam": "Rennes"},{"AC": 7, "AF": 19, "AR": 0, "AS": 12, "AST": 4, "AY": 2, "AwayTeam": "Caen", "Date": "2011-04-16", "FTAG": 2, "FTHG": 3, "FTR": "H", "HC": 5, "HF": 13, "HR": 0, "HS": 11, "HST": 9, "HTAG": 1, "HTHG": 1, "HTR": "D", "HY": 0, "HomeTeam": "Sochaux"},{"AC": 10, "AF": 13, "AR": 0, "AS": 22, "AST": 6, "AY": 1, "AwayTeam": "Nancy", "Date": "2011-04-16", "FTAG": 1, "FTHG": 2, "FTR": "H", "HC": 7, "HF": 13, "HR": 0, "HS": 11, "HST": 6, "HTAG": 1, "HTHG": 0, "HTR": "A", "HY": 1, "HomeTeam": "St Etienne"},{"AC": 2, "AF": 12, "AR": 0, "AS": 2, "AST": 2, "AY": 1, "AwayTeam": "Auxerre", "Date": "2011-04-16", "FTAG": 1, "FTHG": 0, "FTR": "A", "HC": 5, "HF": 15, "HR": 0, "HS": 8, "HST": 3, "HTAG": 0, "HTHG": 0, "HTR": "D", "HY": 0, "HomeTeam": "Toulouse"},{"AC": 8, "AF": 17, "AR": 0, "AS": 14, "AST": 5, "AY": 1, "AwayTeam": "Valenciennes", "Date": "2011-04-17", "FTAG": 1, "FTHG": 0, "FTR": "A", "HC": 5, "HF": 23, "HR": 0, "HS": 7, "HST": 1, "HTAG": 0, "HTHG": 0, "HTR": "D", "HY": 2, "HomeTeam": "Arles"},{"AC": 3, "AF": 22, "AR": 1, "AS": 10, "AST": 5, "AY": 2, "AwayTeam": "Marseille", "Date": "2011-04-17", "FTAG": 2, "FTHG": 1, "FTR": "A", "HC": 4, "HF": 20, "HR": 1, "HS": 8, "HST": 3, "HTAG": 0, "HTHG": 0, "HTR": "D", "HY": 1, "HomeTeam": "Montpellier"},{"AC": 6, "AF": 20, "AR": 0, "AS": 8, "AST": 2, "AY": 1, "AwayTeam": "Lyon", "Date": "2011-04-17", "FTAG": 0, "FTHG": 1, "FTR": "H", "HC": 4, "HF": 12, "HR": 0, "HS": 13, "HST": 5, "HTAG": 0, "HTHG": 0, "HTR": "D", "HY": 2, "HomeTeam": "Paris SG"},{"AC": 4, "AF": 16, "AR": 0, "AS": 21, "AST": 6, "AY": 0, "AwayTeam": "Lens", "Date": "2011-04-24", "FTAG": 1, "FTHG": 1, "FTR": "D", "HC": 5, "HF": 11, "HR": 0, "HS": 8, "HST": 3, "HTAG": 0, "HTHG": 1, "HTR": "H", "HY": 0, "HomeTeam": "Auxerre"},{"AC": 3, "AF": 19, "AR": 0, "AS": 8, "AST": 0, "AY": 2, "AwayTeam": "St Etienne", "Date": "2011-04-24", "FTAG": 0, "FTHG": 2, "FTR": "H", "HC": 4, "HF": 19, "HR": 0, "HS": 17, "HST": 8, "HTAG": 0, "HTHG": 1, "HTR": "H", "HY": 1, "HomeTeam": "Bordeaux"},{"AC": 6, "AF": 13, "AR": 0, "AS": 16, "AST": 8, "AY": 1, "AwayTeam": "Paris SG", "Date": "2011-04-24", "FTAG": 2, "FTHG": 2, "FTR": "D", "HC": 2, "HF": 23, "HR": 0, "HS": 10, "HST": 4, "HTAG": 1, "HTHG": 2, "HTR": "H", "HY": 1, "HomeTeam": "Brest"},{"AC": 3, "AF": 22, "AR": 0, "AS": 7, "AST": 3, "AY": 2, "AwayTeam": "Toulouse", "Date": "2011-04-24", "FTAG": 1, "FTHG": 1, "FTR": "D", "HC": 4, "HF": 28, "HR": 0, "HS": 16, "HST": 4, "HTAG": 1, "HTHG": 1, "HTR": "D", "HY": 4, "HomeTeam": "Caen"},{"AC": 5, "AF": 15, "AR": 0, "AS": 14, "AST": 2, "AY": 3, "AwayTeam": "Lille", "Date": "2011-04-24", "FTAG": 1, "FTHG": 1, "FTR": "D", "HC": 6, "HF": 15, "HR": 0, "HS": 16, "HST": 8, "HTAG": 1, "HTHG": 0, "HTR": "A", "HY": 1, "HomeTeam": "Lorient"},{"AC": 2, "AF": 16, "AR": 0, "AS": 12, "AST": 3, "AY": 2, "AwayTeam": "Rennes", "Date": "2011-04-24", "FTAG": 0, "FTHG": 1, "FTR": "H", "HC": 5, "HF": 12, "HR": 0, "HS": 12, "HST": 2, "HTAG": 0, "HTHG": 0, "HTR": "D", "HY": 1, "HomeTeam": "Monaco"},{"AC": 5, "AF": 16, "AR": 1, "AS": 5, "AST": 0, "AY": 0, "AwayTeam": "Arles", "Date": "2011-04-24", "FTAG": 0, "FTHG": 0, "FTR": "D", "HC": 5, "HF": 16, "HR": 0, "HS": 16, "HST": 6, "HTAG": 0, "HTHG": 0, "HTR": "D", "HY": 2, "HomeTeam": "Nancy"},{"AC": 2, "AF": 11, "AR": 0, "AS": 9, "AST": 3, "AY": 1, "AwayTeam": "Sochaux", "Date": "2011-04-24", "FTAG": 1, "FTHG": 1, "FTR": "D", "HC": 9, "HF": 12, "HR": 0, "HS": 12, "HST": 4, "HTAG": 1, "HTHG": 1, "HTR": "D", "HY": 0, "HomeTeam": "Valenciennes"},{"AC": 3, "AF": 23, "AR": 0, "AS": 14, "AST": 4, "AY": 3, "AwayTeam": "Montpellier", "Date": "2011-04-27", "FTAG": 2, "FTHG": 3, "FTR": "H", "HC": 7, "HF": 21, "HR": 0, "HS": 14, "HST": 8, "HTAG": 1, "HTHG": 1, "HTR": "D", "HY": 1, "HomeTeam": "Lyon"},{"AC": 1, "AF": 10, "AR": 0, "AS": 17, "AST": 5, "AY": 1, "AwayTeam": "Nice", "Date": "2011-04-27", "FTAG": 2, "FTHG": 4, "FTR": "H", "HC": 8, "HF": 16, "HR": 0, "HS": 17, "HST": 7, "HTAG": 1, "HTHG": 1, "HTR": "D", "HY": 1, "HomeTeam": "Marseille"},{"AC": 3, "AF": 10, "AR": 0, "AS": 8, "AST": 4, "AY": 1, "AwayTeam": "Lorient", "Date": "2011-04-30", "FTAG": 3, "FTHG": 2, "FTR": "A", "HC": 0, "HF": 20, "HR": 0, "HS": 11, "HST": 3, "HTAG": 1, "HTHG": 2, "HTR": "H", "HY": 1, "HomeTeam": "Lens"},{"AC": 5, "AF": 21, "AR": 1, "AS": 11, "AST": 3, "AY": 2, "AwayTeam": "Arles", "Date": "2011-04-30", "FTAG": 0, "FTHG": 5, "FTR": "H", "HC": 12, "HF": 10, "HR": 0, "HS": 21, "HST": 7, "HTAG": 0, "HTHG": 2, "HTR": "H", "HY": 2, "HomeTeam": "Lille"},{"AC": 2, "AF": 17, "AR": 0, "AS": 12, "AST": 2, "AY": 1, "AwayTeam": "Valenciennes", "Date": "2011-04-30", "FTAG": 1, "FTHG": 3, "FTR": "H", "HC": 10, "HF": 19, "HR": 0, "HS": 13, "HST": 4, "HTAG": 1, "HTHG": 2, "HTR": "H", "HY": 2, "HomeTeam": "Paris SG"},{"AC": 5, "AF": 11, "AR": 0, "AS": 7, "AST": 2, "AY": 2, "AwayTeam": "Bordeaux", "Date": "2011-04-30", "FTAG": 0, "FTHG": 0, "FTR": "D", "HC": 6, "HF": 16, "HR": 0, "HS": 4, "HST": 1, "HTAG": 0, "HTHG": 0, "HTR": "D", "HY": 2, "HomeTeam": "Rennes"},{"AC": 9, "AF": 18, "AR": 0, "AS": 21, "AST": 6, "AY": 4, "AwayTeam": "Nancy", "Date": "2011-04-30", "FTAG": 0, "FTHG": 1, "FTR": "H", "HC": 6, "HF": 17, "HR": 0, "HS": 11, "HST": 2, "HTAG": 0, "HTHG": 1, "HTR": "H", "HY": 1, "HomeTeam": "Sochaux"},{"AC": 2, "AF": 15, "AR": 0, "AS": 5, "AST": 2, "AY": 2, "AwayTeam": "Auxerre", "Date": "2011-05-01", "FTAG": 1, "FTHG": 1, "FTR": "D", "HC": 8, "HF": 12, "HR": 0, "HS": 20, "HST": 9, "HTAG": 0, "HTHG": 0, "HTR": "D", "HY": 0, "HomeTeam": "Marseille"},{"AC": 1, "AF": 18, "AR": 0, "AS": 11, "AST": 4, "AY": 2, "AwayTeam": "Brest", "Date": "2011-05-01", "FTAG": 0, "FTHG": 0, "FTR": "D", "HC": 2, "HF": 25, "HR": 0, "HS": 10, "HST": 3, "HTAG": 0, "HTHG": 0, "HTR": "D", "HY": 3, "HomeTeam": "Montpellier"},{"AC": 5, "AF": 17, "AR": 0, "AS": 11, "AST": 7, "AY": 2, "AwayTeam": "Caen", "Date": "2011-05-01", "FTAG": 4, "FTHG": 0, "FTR": "A", "HC": 4, "HF": 12, "HR": 1, "HS": 13, "HST": 4, "HTAG": 2, "HTHG": 0, "HTR": "A", "HY": 2, "HomeTeam": "Nice"},{"AC": 2, "AF": 17, "AR": 1, "AS": 10, "AST": 3, "AY": 1, "AwayTeam": "Monaco", "Date": "2011-05-01", "FTAG": 1, "FTHG": 1, "FTR": "D", "HC": 12, "HF": 20, "HR": 0, "HS": 22, "HST": 4, "HTAG": 1, "HTHG": 1, "HTR": "D", "HY": 3, "HomeTeam": "St Etienne"},{"AC": 7, "AF": 17, "AR": 2, "AS": 5, "AST": 2, "AY": 3, "AwayTeam": "Lyon", "Date": "2011-05-01", "FTAG": 0, "FTHG": 2, "FTR": "H", "HC": 6, "HF": 26, "HR": 0, "HS": 12, "HST": 5, "HTAG": 0, "HTHG": 1, "HTR": "H", "HY": 4, "HomeTeam": "Toulouse"},{"AC": 8, "AF": 13, "AR": 0, "AS": 22, "AST": 7, "AY": 3, "AwayTeam": "St Etienne", "Date": "2011-05-07", "FTAG": 1, "FTHG": 0, "FTR": "A", "HC": 4, "HF": 12, "HR": 1, "HS": 4, "HST": 0, "HTAG": 1, "HTHG": 0, "HTR": "A", "HY": 2, "HomeTeam": "Arles"},{"AC": 2, "AF": 14, "AR": 0, "AS": 10, "AST": 1, "AY": 3, "AwayTeam": "Montpellier", "Date": "2011-05-07", "FTAG": 0, "FTHG": 1, "FTR": "H", "HC": 6, "HF": 20, "HR": 0, "HS": 11, "HST": 1, "HTAG": 0, "HTHG": 0, "HTR": "D", "HY": 2, "HomeTeam": "Auxerre"},{"AC": 5, "AF": 11, "AR": 0, "AS": 14, "AST": 6, "AY": 0, "AwayTeam": "Sochaux", "Date": "2011-05-07", "FTAG": 4, "FTHG": 0, "FTR": "A", "HC": 8, "HF": 13, "HR": 0, "HS": 18, "HST": 4, "HTAG": 4, "HTHG": 0, "HTR": "A", "HY": 2, "HomeTeam": "Bordeaux"},{"AC": 3, "AF": 15, "AR": 0, "AS": 6, "AST": 2, "AY": 1, "AwayTeam": "Nice", "Date": "2011-05-07", "FTAG": 0, "FTHG": 0, "FTR": "D", "HC": 7, "HF": 22, "HR": 0, "HS": 11, "HST": 0, "HTAG": 0, "HTHG": 0, "HTR": "D", "HY": 0, "HomeTeam": "Brest"},{"AC": 6, "AF": 22, "AR": 0, "AS": 20, "AST": 3, "AY": 2, "AwayTeam": "Lens", "Date": "2011-05-07", "FTAG": 1, "FTHG": 1, "FTR": "D", "HC": 6, "HF": 19, "HR": 0, "HS": 16, "HST": 8, "HTAG": 1, "HTHG": 1, "HTR": "D", "HY": 3, "HomeTeam": "Caen"},{"AC": 2, "AF": 21, "AR": 0, "AS": 6, "AST": 1, "AY": 2, "AwayTeam": "Toulouse", "Date": "2011-05-07", "FTAG": 0, "FTHG": 0, "FTR": "D", "HC": 3, "HF": 9, "HR": 0, "HS": 6, "HST": 1, "HTAG": 0, "HTHG": 0, "HTR": "D", "HY": 1, "HomeTeam": "Lorient"},{"AC": 9, "AF": 24, "AR": 0, "AS": 19, "AST": 6, "AY": 2, "AwayTeam": "Paris SG", "Date": "2011-05-07", "FTAG": 1, "FTHG": 1, "FTR": "D", "HC": 2, "HF": 18, "HR": 0, "HS": 8, "HST": 4, "HTAG": 0, "HTHG": 1, "HTR": "H", "HY": 1, "HomeTeam": "Monaco"},{"AC": 6, "AF": 17, "AR": 0, "AS": 14, "AST": 3, "AY": 1, "AwayTeam": "Lille", "Date": "2011-05-07", "FTAG": 1, "FTHG": 0, "FTR": "A", "HC": 8, "HF": 18, "HR": 0, "HS": 13, "HST": 0, "HTAG": 1, "HTHG": 0, "HTR": "A", "HY": 1, "HomeTeam": "Nancy"},{"AC": 7, "AF": 16, "AR": 0, "AS": 12, "AST": 7, "AY": 4, "AwayTeam": "Marseille", "Date": "2011-05-08", "FTAG": 2, "FTHG": 3, "FTR": "H", "HC": 5, "HF": 14, "HR": 0, "HS": 12, "HST": 5, "HTAG": 0, "HTHG": 1, "HTR": "H", "HY": 3, "HomeTeam": "Lyon"},{"AC": 3, "AF": 9, "AR": 0, "AS": 11, "AST": 3, "AY": 1, "AwayTeam": "Rennes", "Date": "2011-05-08", "FTAG": 0, "FTHG": 2, "FTR": "H", "HC": 5, "HF": 10, "HR": 0, "HS": 11, "HST": 4, "HTAG": 0, "HTHG": 1, "HTR": "H", "HY": 2, "HomeTeam": "Valenciennes"},{"AC": 14, "AF": 24, "AR": 1, "AS": 19, "AST": 6, "AY": 0, "AwayTeam": "Nancy", "Date": "2011-05-10", "FTAG": 2, "FTHG": 2, "FTR": "D", "HC": 9, "HF": 10, "HR": 1, "HS": 12, "HST": 4, "HTAG": 1, "HTHG": 2, "HTR": "H", "HY": 1, "HomeTeam": "Paris SG"},{"AC": 4, "AF": 9, "AR": 0, "AS": 17, "AST": 8, "AY": 0, "AwayTeam": "Lille", "Date": "2011-05-10", "FTAG": 2, "FTHG": 1, "FTR": "A", "HC": 4, "HF": 17, "HR": 0, "HS": 14, "HST": 5, "HTAG": 1, "HTHG": 1, "HTR": "D", "HY": 2, "HomeTeam": "St Etienne"},{"AC": 1, "AF": 12, "AR": 1, "AS": 6, "AST": 2, "AY": 0, "AwayTeam": "Lyon", "Date": "2011-05-11", "FTAG": 0, "FTHG": 4, "FTR": "H", "HC": 4, "HF": 17, "HR": 0, "HS": 19, "HST": 7, "HTAG": 0, "HTHG": 2, "HTR": "H", "HY": 2, "HomeTeam": "Auxerre"},{"AC": 10, "AF": 17, "AR": 0, "AS": 15, "AST": 3, "AY": 2, "AwayTeam": "Bordeaux", "Date": "2011-05-11", "FTAG": 0, "FTHG": 1, "FTR": "H", "HC": 0, "HF": 24, "HR": 0, "HS": 8, "HST": 2, "HTAG": 0, "HTHG": 0, "HTR": "D", "HY": 1, "HomeTeam": "Lens"},{"AC": 5, "AF": 16, "AR": 0, "AS": 5, "AST": 3, "AY": 1, "AwayTeam": "Brest", "Date": "2011-05-11", "FTAG": 0, "FTHG": 3, "FTR": "H", "HC": 8, "HF": 9, "HR": 0, "HS": 14, "HST": 5, "HTAG": 0, "HTHG": 1, "HTR": "H", "HY": 0, "HomeTeam": "Marseille"},{"AC": 3, "AF": 15, "AR": 0, "AS": 9, "AST": 3, "AY": 2, "AwayTeam": "Lorient", "Date": "2011-05-11", "FTAG": 1, "FTHG": 3, "FTR": "H", "HC": 4, "HF": 19, "HR": 0, "HS": 13, "HST": 8, "HTAG": 1, "HTHG": 1, "HTR": "D", "HY": 2, "HomeTeam": "Montpellier"},{"AC": 2, "AF": 19, "AR": 0, "AS": 8, "AST": 2, "AY": 1, "AwayTeam": "Arles", "Date": "2011-05-11", "FTAG": 2, "FTHG": 3, "FTR": "H", "HC": 6, "HF": 12, "HR": 0, "HS": 17, "HST": 8, "HTAG": 1, "HTHG": 1, "HTR": "D", "HY": 1, "HomeTeam": "Nice"},{"AC": 5, "AF": 15, "AR": 0, "AS": 9, "AST": 3, "AY": 2, "AwayTeam": "Caen", "Date": "2011-05-11", "FTAG": 1, "FTHG": 1, "FTR": "D", "HC": 5, "HF": 19, "HR": 0, "HS": 19, "HST": 3, "HTAG": 0, "HTHG": 1, "HTR": "H", "HY": 1, "HomeTeam": "Rennes"},{"AC": 6, "AF": 15, "AR": 0, "AS": 18, "AST": 5, "AY": 2, "AwayTeam": "Monaco", "Date": "2011-05-11", "FTAG": 0, "FTHG": 3, "FTR": "H", "HC": 6, "HF": 16, "HR": 0, "HS": 12, "HST": 5, "HTAG": 0, "HTHG": 2, "HTR": "H", "HY": 1, "HomeTeam": "Sochaux"},{"AC": 2, "AF": 20, "AR": 0, "AS": 6, "AST": 2, "AY": 2, "AwayTeam": "Valenciennes", "Date": "2011-05-11", "FTAG": 0, "FTHG": 0, "FTR": "D", "HC": 4, "HF": 22, "HR": 0, "HS": 6, "HST": 1, "HTAG": 0, "HTHG": 0, "HTR": "D", "HY": 1, "HomeTeam": "Toulouse"},{"AC": 4, "AF": 18, "AR": 0, "AS": 9, "AST": 2, "AY": 2, "AwayTeam": "Toulouse", "Date": "2011-05-15", "FTAG": 0, "FTHG": 1, "FTR": "H", "HC": 3, "HF": 14, "HR": 0, "HS": 7, "HST": 3, "HTAG": 0, "HTHG": 1, "HTR": "H", "HY": 3, "HomeTeam": "Arles"},{"AC": 5, "AF": 20, "AR": 0, "AS": 15, "AST": 6, "AY": 0, "AwayTeam": "Montpellier", "Date": "2011-05-15", "FTAG": 0, "FTHG": 2, "FTR": "H", "HC": 3, "HF": 23, "HR": 0, "HS": 16, "HST": 8, "HTAG": 0, "HTHG": 1, "HTR": "H", "HY": 0, "HomeTeam": "Caen"},{"AC": 3, "AF": 16, "AR": 0, "AS": 21, "AST": 6, "AY": 0, "AwayTeam": "Marseille", "Date": "2011-05-15", "FTAG": 2, "FTHG": 2, "FTR": "D", "HC": 5, "HF": 9, "HR": 0, "HS": 8, "HST": 3, "HTAG": 1, "HTHG": 0, "HTR": "A", "HY": 0, "HomeTeam": "Lorient"},{"AC": 4, "AF": 20, "AR": 0, "AS": 17, "AST": 4, "AY": 0, "AwayTeam": "Lens", "Date": "2011-05-15", "FTAG": 1, "FTHG": 1, "FTR": "D", "HC": 1, "HF": 17, "HR": 0, "HS": 13, "HST": 2, "HTAG": 0, "HTHG": 1, "HTR": "H", "HY": 1, "HomeTeam": "Monaco"},{"AC": 1, "AF": 18, "AR": 1, "AS": 4, "AST": 0, "AY": 1, "AwayTeam": "Nice", "Date": "2011-05-15", "FTAG": 0, "FTHG": 3, "FTR": "H", "HC": 4, "HF": 11, "HR": 0, "HS": 15, "HST": 6, "HTAG": 0, "HTHG": 1, "HTR": "H", "HY": 1, "HomeTeam": "Nancy"},{"AC": 2, "AF": 23, "AR": 0, "AS": 7, "AST": 3, "AY": 2, "AwayTeam": "Rennes", "Date": "2011-05-15", "FTAG": 2, "FTHG": 1, "FTR": "A", "HC": 10, "HF": 16, "HR": 0, "HS": 16, "HST": 4, "HTAG": 2, "HTHG": 1, "HTR": "A", "HY": 3, "HomeTeam": "St Etienne"},{"AC": 6, "AF": 13, "AR": 0, "AS": 13, "AST": 5, "AY": 3, "AwayTeam": "Auxerre", "Date": "2011-05-15", "FTAG": 1, "FTHG": 1, "FTR": "D", "HC": 6, "HF": 9, "HR": 0, "HS": 17, "HST": 4, "HTAG": 0, "HTHG": 0, "HTR": "D", "HY": 0, "HomeTeam": "Valenciennes"},{"AC": 9, "AF": 18, "AR": 0, "AS": 15, "AST": 3, "AY": 1, "AwayTeam": "Lyon", "Date": "2011-05-16", "FTAG": 1, "FTHG": 1, "FTR": "D", "HC": 3, "HF": 19, "HR": 0, "HS": 6, "HST": 4, "HTAG": 1, "HTHG": 0, "HTR": "A", "HY": 3, "HomeTeam": "Brest"},{"AC": 13, "AF": 16, "AR": 0, "AS": 21, "AST": 8, "AY": 0, "AwayTeam": "Paris SG", "Date": "2011-05-18", "FTAG": 0, "FTHG": 1, "FTR": "H", "HC": 4, "HF": 23, "HR": 0, "HS": 20, "HST": 7, "HTAG": 0, "HTHG": 1, "HTR": "H", "HY": 1, "HomeTeam": "Bordeaux"},{"AC": 6, "AF": 8, "AR": 0, "AS": 7, "AST": 1, "AY": 2, "AwayTeam": "Sochaux", "Date": "2011-05-18", "FTAG": 0, "FTHG": 1, "FTR": "H", "HC": 6, "HF": 8, "HR": 0, "HS": 19, "HST": 10, "HTAG": 0, "HTHG": 0, "HTR": "D", "HY": 0, "HomeTeam": "Lille"},{"AC": 4, "AF": 13, "AR": 0, "AS": 11, "AST": 5, "AY": 2, "AwayTeam": "Brest", "Date": "2011-05-21", "FTAG": 1, "FTHG": 0, "FTR": "A", "HC": 10, "HF": 12, "HR": 0, "HS": 22, "HST": 7, "HTAG": 0, "HTHG": 0, "HTR": "D", "HY": 2, "HomeTeam": "Auxerre"},{"AC": 8, "AF": 19, "AR": 0, "AS": 12, "AST": 5, "AY": 0, "AwayTeam": "Arles", "Date": "2011-05-21", "FTAG": 1, "FTHG": 0, "FTR": "A", "HC": 11, "HF": 15, "HR": 0, "HS": 24, "HST": 7, "HTAG": 1, "HTHG": 0, "HTR": "A", "HY": 0, "HomeTeam": "Lens"},{"AC": 4, "AF": 19, "AR": 0, "AS": 6, "AST": 1, "AY": 3, "AwayTeam": "Caen", "Date": "2011-05-21", "FTAG": 0, "FTHG": 0, "FTR": "D", "HC": 10, "HF": 16, "HR": 0, "HS": 22, "HST": 6, "HTAG": 0, "HTHG": 0, "HTR": "D", "HY": 1, "HomeTeam": "Lyon"},{"AC": 4, "AF": 14, "AR": 0, "AS": 9, "AST": 3, "AY": 0, "AwayTeam": "Valenciennes", "Date": "2011-05-21", "FTAG": 2, "FTHG": 2, "FTR": "D", "HC": 3, "HF": 12, "HR": 0, "HS": 13, "HST": 5, "HTAG": 1, "HTHG": 2, "HTR": "H", "HY": 0, "HomeTeam": "Marseille"},{"AC": 4, "AF": 14, "AR": 0, "AS": 7, "AST": 3, "AY": 1, "AwayTeam": "Monaco", "Date": "2011-05-21", "FTAG": 1, "FTHG": 0, "FTR": "A", "HC": 10, "HF": 21, "HR": 0, "HS": 14, "HST": 4, "HTAG": 0, "HTHG": 0, "HTR": "D", "HY": 3, "HomeTeam": "Montpellier"},{"AC": 6, "AF": 13, "AR": 1, "AS": 15, "AST": 5, "AY": 1, "AwayTeam": "Lorient", "Date": "2011-05-21", "FTAG": 0, "FTHG": 2, "FTR": "H", "HC": 2, "HF": 8, "HR": 0, "HS": 11, "HST": 6, "HTAG": 0, "HTHG": 2, "HTR": "H", "HY": 1, "HomeTeam": "Nice"},{"AC": 3, "AF": 9, "AR": 0, "AS": 8, "AST": 2, "AY": 1, "AwayTeam": "Lille", "Date": "2011-05-21", "FTAG": 2, "FTHG": 2, "FTR": "D", "HC": 4, "HF": 19, "HR": 1, "HS": 14, "HST": 5, "HTAG": 1, "HTHG": 1, "HTR": "D", "HY": 2, "HomeTeam": "Paris SG"},{"AC": 2, "AF": 12, "AR": 0, "AS": 14, "AST": 5, "AY": 1, "AwayTeam": "Nancy", "Date": "2011-05-21", "FTAG": 2, "FTHG": 0, "FTR": "A", "HC": 4, "HF": 18, "HR": 0, "HS": 4, "HST": 2, "HTAG": 1, "HTHG": 0, "HTR": "A", "HY": 1, "HomeTeam": "Rennes"},{"AC": 4, "AF": 12, "AR": 0, "AS": 13, "AST": 4, "AY": 1, "AwayTeam": "St Etienne", "Date": "2011-05-21", "FTAG": 1, "FTHG": 2, "FTR": "H", "HC": 5, "HF": 12, "HR": 0, "HS": 7, "HST": 4, "HTAG": 1, "HTHG": 1, "HTR": "D", "HY": 0, "HomeTeam": "Sochaux"},{"AC": 4, "AF": 16, "AR": 0, "AS": 13, "AST": 2, "AY": 3, "AwayTeam": "Bordeaux", "Date": "2011-05-21", "FTAG": 0, "FTHG": 2, "FTR": "H", "HC": 8, "HF": 24, "HR": 0, "HS": 11, "HST": 6, "HTAG": 0, "HTHG": 1, "HTR": "H", "HY": 1, "HomeTeam": "Toulouse"},{"AC": 5, "AF": 12, "AR": 0, "AS": 10, "AST": 5, "AY": 2, "AwayTeam": "Sochaux", "Date": "2011-05-29", "FTAG": 3, "FTHG": 1, "FTR": "A", "HC": 6, "HF": 10, "HR": 0, "HS": 14, "HST": 3, "HTAG": 1, "HTHG": 1, "HTR": "D", "HY": 2, "HomeTeam": "Arles"},{"AC": 5, "AF": 22, "AR": 2, "AS": 12, "AST": 4, "AY": 1, "AwayTeam": "Montpellier", "Date": "2011-05-29", "FTAG": 0, "FTHG": 2, "FTR": "H", "HC": 3, "HF": 26, "HR": 0, "HS": 8, "HST": 5, "HTAG": 0, "HTHG": 2, "HTR": "H", "HY": 3, "HomeTeam": "Bordeaux"},{"AC": 4, "AF": 17, "AR": 0, "AS": 11, "AST": 4, "AY": 2, "AwayTeam": "Toulouse", "Date": "2011-05-29", "FTAG": 2, "FTHG": 0, "FTR": "A", "HC": 10, "HF": 17, "HR": 0, "HS": 14, "HST": 1, "HTAG": 1, "HTHG": 0, "HTR": "A", "HY": 1, "HomeTeam": "Brest"},{"AC": 7, "AF": 14, "AR": 0, "AS": 18, "AST": 9, "AY": 1, "AwayTeam": "Marseille", "Date": "2011-05-29", "FTAG": 2, "FTHG": 2, "FTR": "D", "HC": 1, "HF": 11, "HR": 0, "HS": 6, "HST": 3, "HTAG": 0, "HTHG": 2, "HTR": "H", "HY": 1, "HomeTeam": "Caen"},{"AC": 3, "AF": 13, "AR": 0, "AS": 16, "AST": 6, "AY": 1, "AwayTeam": "Rennes", "Date": "2011-05-29", "FTAG": 2, "FTHG": 3, "FTR": "H", "HC": 3, "HF": 8, "HR": 0, "HS": 13, "HST": 4, "HTAG": 1, "HTHG": 1, "HTR": "D", "HY": 0, "HomeTeam": "Lille"},{"AC": 4, "AF": 8, "AR": 0, "AS": 8, "AST": 3, "AY": 1, "AwayTeam": "Auxerre", "Date": "2011-05-29", "FTAG": 2, "FTHG": 1, "FTR": "A", "HC": 4, "HF": 5, "HR": 0, "HS": 12, "HST": 2, "HTAG": 1, "HTHG": 1, "HTR": "D", "HY": 0, "HomeTeam": "Lorient"},{"AC": 4, "AF": 18, "AR": 0, "AS": 12, "AST": 3, "AY": 1, "AwayTeam": "Lyon", "Date": "2011-05-29", "FTAG": 2, "FTHG": 0, "FTR": "A", "HC": 5, "HF": 13, "HR": 0, "HS": 8, "HST": 3, "HTAG": 0, "HTHG": 0, "HTR": "D", "HY": 0, "HomeTeam": "Monaco"},{"AC": 2, "AF": 11, "AR": 0, "AS": 6, "AST": 1, "AY": 1, "AwayTeam": "Lens", "Date": "2011-05-29", "FTAG": 0, "FTHG": 4, "FTR": "H", "HC": 6, "HF": 12, "HR": 0, "HS": 20, "HST": 7, "HTAG": 0, "HTHG": 2, "HTR": "H", "HY": 0, "HomeTeam": "Nancy"},{"AC": 6, "AF": 6, "AR": 0, "AS": 15, "AST": 4, "AY": 0, "AwayTeam": "Paris SG", "Date": "2011-05-29", "FTAG": 1, "FTHG": 1, "FTR": "D", "HC": 4, "HF": 10, "HR": 0, "HS": 19, "HST": 6, "HTAG": 0, "HTHG": 0, "HTR": "D", "HY": 0, "HomeTeam": "St Etienne"},{"AC": 2, "AF": 16, "AR": 0, "AS": 12, "AST": 4, "AY": 2, "AwayTeam": "Nice", "Date": "2011-05-29", "FTAG": 1, "FTHG": 2, "FTR": "H", "HC": 7, "HF": 12, "HR": 0, "HS": 11, "HST": 4, "HTAG": 0, "HTHG": 0, "HTR": "D", "HY": 0, "HomeTeam": "Valenciennes"}]