[{"AC": 11, "AF": 14, "AR": 0, "AS": 21, "AST": 3, "AY": 1, "AwayTeam": "Juventus", "Date": "2014-08-30", "FTAG": 1, "FTHG": 0, "FTR": "A", "HC": 4, "HF": 13, "HR": 0, "HS": 7, "HST": 2, "HTAG": 1, "HTHG": 0, "HTR": "A", "HY": 2, "HomeTeam": "Chievo"},{"AC": 0, "AF": 17, "AR": 0, "AS": 10, "AST": 4, "AY": 4, "AwayTeam": "Fiorentina", "Date": "2014-08-30", "FTAG": 0, "FTHG": 2, "FTR": "H", "HC": 2, "HF": 15, "HR": 0, "HS": 20, "HST": 5, "HTAG": 0, "HTHG": 1, "HTR": "H", "HY": 4, "HomeTeam": "Roma"},{"AC": 2, "AF": 16, "AR": 0, "AS": 9, "AST": 3, "AY": 3, "AwayTeam": "Verona", "Date": "2014-08-31", "FTAG": 0, "FTHG": 0, "FTR": "D", "HC": 6, "HF": 17, "HR": 0, "HS": 11, "HST": 1, "HTAG": 0, "HTHG": 0, "HTR": "D", "HY": 2, "HomeTeam": "Atalanta"},{"AC": 7, "AF": 19, "AR": 0, "AS": 12, "AST": 1, "AY": 1, "AwayTeam": "Parma", "Date": "2014-08-31", "FTAG": 0, "FTHG": 1, "FTR": "H", "HC": 4, "HF": 10, "HR": 0, "HS": 9, "HST": 5, "HTAG": 0, "HTHG": 1, "HTR": "H", "HY": 2, "HomeTeam": "Cesena"},{"AC": 5, "AF": 10, "AR": 0, "AS": 15, "AST": 5, "AY": 1, "AwayTeam": "Napoli", "Date": "2014-08-31", "FTAG": 2, "FTHG": 1, "FTR": "A", "HC": 7, "HF": 10, "HR": 0, "HS": 11, "HST": 5, "HTAG": 1, "HTHG": 1, "HTR": "D", "HY": 3, "HomeTeam": "Genoa"},{"AC": 10, "AF": 20, "AR": 0, "AS": 19, "AST": 4, "AY": 3, "AwayTeam": "Lazio", "Date": "2014-08-31", "FTAG": 1, "FTHG": 3, "FTR": "H", "HC": 0, "HF": 10, "HR": 0, "HS": 7, "HST": 4, "HTAG": 0, "HTHG": 1, "HTR": "H", "HY": 2, "HomeTeam": "Milan"},{"AC": 7, "AF": 18, "AR": 1, "AS": 10, "AST": 3, "AY": 2, "AwayTeam": "Sampdoria", "Date": "2014-08-31", "FTAG": 1, "FTHG": 1, "FTR": "D", "HC": 1, "HF": 15, "HR": 0, "HS": 8, "HST": 1, "HTAG": 0, "HTHG": 1, "HTR": "H", "HY": 1, "HomeTeam": "Palermo"},{"AC": 4, "AF": 26, "AR": 0, "AS": 10, "AST": 4, "AY": 2, "AwayTeam": "Cagliari", "Date": "2014-08-31", "FTAG": 1, "FTHG": 1, "FTR": "D", "HC": 4, "HF": 22, "HR": 0, "HS": 13, "HST": 5, "HTAG": 1, "HTHG": 1, "HTR": "D", "HY": 3, "HomeTeam": "Sassuolo"},{"AC": 10, "AF": 10, "AR": 1, "AS": 14, "AST": 2, "AY": 1, "AwayTeam": "Inter", "Date": "2014-08-31", "FTAG": 0, "FTHG": 0, "FTR": "D", "HC": 6, "HF": 9, "HR": 0, "HS": 11, "HST": 2, "HTAG": 0, "HTHG": 0, "HTR": "D", "HY": 1, "HomeTeam": "Torino"},{"AC": 9, "AF": 9, "AR": 0, "AS": 13, "AST": 2, "AY": 2, "AwayTeam": "Empoli", "Date": "2014-08-31", "FTAG": 0, "FTHG": 2, "FTR": "H", "HC": 3, "HF": 10, "HR": 0, "HS": 15, "HST": 5, "HTAG": 0, "HTHG": 0, "HTR": "D", "HY": 2, "HomeTeam": "Udinese"},{"AC": 0, "AF": 10, "AR": 0, "AS": 5, "AST": 2, "AY": 1, "AwayTeam": "Roma", "Date": "2014-09-13", "FTAG": 1, "FTHG": 0, "FTR": "A", "HC": 7, "HF": 4, "HR": 0, "HS": 17, "HST": 3, "HTAG": 1, "HTHG": 0, "HTR": "A", "HY": 0, "HomeTeam": "Empoli"},{"AC": 6, "AF": 14, "AR": 0, "AS": 9, "AST": 1, "AY": 1, "AwayTeam": "Udinese", "Date": "2014-09-13", "FTAG": 0, "FTHG": 2, "FTR": "H", "HC": 4, "HF": 13, "HR": 0, "HS": 18, "HST": 7, "HTAG": 0, "HTHG": 1, "HTR": "H", "HY": 0, "HomeTeam": "Juventus"},{"AC": 7, "AF": 21, "AR": 0, "AS": 7, "AST": 3, "AY": 4, "AwayTeam": "Atalanta", "Date": "2014-09-14", "FTAG": 2, "FTHG": 1, "FTR": "A", "HC": 7, "HF": 14, "HR": 0, "HS": 19, "HST": 9, "HTAG": 1, "HTHG": 0, "HTR": "A", "HY": 4, "HomeTeam": "Cagliari"},{"AC": 3, "AF": 18, "AR": 1, "AS": 6, "AST": 1, "AY": 3, "AwayTeam": "Genoa", "Date": "2014-09-14", "FTAG": 0, "FTHG": 0, "FTR": "D", "HC": 12, "HF": 13, "HR": 0, "HS": 22, "HST": 7, "HTAG": 0, "HTHG": 0, "HTR": "D", "HY": 1, "HomeTeam": "Fiorentina"},{"AC": 1, "AF": 12, "AR": 1, "AS": 14, "AST": 2, "AY": 1, "AwayTeam": "Sassuolo", "Date": "2014-09-14", "FTAG": 0, "FTHG": 7, "FTR": "H", "HC": 6, "HF": 16, "HR": 0, "HS": 22, "HST": 11, "HTAG": 0, "HTHG": 4, "HTR": "H", "HY": 0, "HomeTeam": "Inter"},{"AC": 1, "AF": 10, "AR": 0, "AS": 7, "AST": 1, "AY": 1, "AwayTeam": "Cesena", "Date": "2014-09-14", "FTAG": 0, "FTHG": 3, "FTR": "H", "HC": 7, "HF": 26, "HR": 0, "HS": 17, "HST": 6, "HTAG": 0, "HTHG": 1, "HTR": "H", "HY": 3, "HomeTeam": "Lazio"},{"AC": 2, "AF": 12, "AR": 0, "AS": 8, "AST": 1, "AY": 2, "AwayTeam": "Chievo", "Date": "2014-09-14", "FTAG": 1, "FTHG": 0, "FTR": "A", "HC": 15, "HF": 14, "HR": 0, "HS": 33, "HST": 9, "HTAG": 0, "HTHG": 0, "HTR": "D", "HY": 2, "HomeTeam": "Napoli"},{"AC": 4, "AF": 12, "AR": 1, "AS": 11, "AST": 7, "AY": 1, "AwayTeam": "Milan", "Date": "2014-09-14", "FTAG": 5, "FTHG": 4, "FTR": "A", "HC": 5, "HF": 24, "HR": 1, "HS": 11, "HST": 3, "HTAG": 3, "HTHG": 1, "HTR": "A", "HY": 3, "HomeTeam": "Parma"},{"AC": 5, "AF": 17, "AR": 0, "AS": 10, "AST": 0, "AY": 4, "AwayTeam": "Torino", "Date": "2014-09-14", "FTAG": 0, "FTHG": 2, "FTR": "H", "HC": 3, "HF": 18, "HR": 0, "HS": 8, "HST": 4, "HTAG": 0, "HTHG": 1, "HTR": "H", "HY": 3, "HomeTeam": "Sampdoria"},{"AC": 5, "AF": 12, "AR": 0, "AS": 18, "AST": 4, "AY": 2, "AwayTeam": "Palermo", "Date": "2014-09-15", "FTAG": 1, "FTHG": 2, "FTR": "H", "HC": 10, "HF": 9, "HR": 0, "HS": 14, "HST": 5, "HTAG": 1, "HTHG": 1, "HTR": "D", "HY": 4, "HomeTeam": "Verona"},{"AC": 7, "AF": 9, "AR": 0, "AS": 18, "AST": 6, "AY": 1, "AwayTeam": "Empoli", "Date": "2014-09-20", "FTAG": 2, "FTHG": 2, "FTR": "D", "HC": 3, "HF": 20, "HR": 0, "HS": 8, "HST": 5, "HTAG": 0, "HTHG": 2, "HTR": "H", "HY": 4, "HomeTeam": "Cesena"},{"AC": 4, "AF": 18, "AR": 0, "AS": 14, "AST": 4, "AY": 3, "AwayTeam": "Juventus", "Date": "2014-09-20", "FTAG": 1, "FTHG": 0, "FTR": "A", "HC": 3, "HF": 9, "HR": 0, "HS": 9, "HST": 3, "HTAG": 0, "HTHG": 0, "HTR": "D", "HY": 2, "HomeTeam": "Milan"},{"AC": 7, "AF": 23, "AR": 0, "AS": 16, "AST": 6, "AY": 4, "AwayTeam": "Fiorentina", "Date": "2014-09-21", "FTAG": 1, "FTHG": 0, "FTR": "A", "HC": 4, "HF": 10, "HR": 0, "HS": 23, "HST": 6, "HTAG": 0, "HTHG": 0, "HTR": "D", "HY": 1, "HomeTeam": "Atalanta"},{"AC": 5, "AF": 21, "AR": 0, "AS": 12, "AST": 4, "AY": 4, "AwayTeam": "Parma", "Date": "2014-09-21", "FTAG": 3, "FTHG": 2, "FTR": "A", "HC": 4, "HF": 17, "HR": 0, "HS": 11, "HST": 4, "HTAG": 0, "HTHG": 1, "HTR": "H", "HY": 1, "HomeTeam": "Chievo"},{"AC": 7, "AF": 19, "AR": 1, "AS": 17, "AST": 7, "AY": 1, "AwayTeam": "Lazio", "Date": "2014-09-21", "FTAG": 0, "FTHG": 1, "FTR": "H", "HC": 3, "HF": 11, "HR": 0, "HS": 9, "HST": 4, "HTAG": 0, "HTHG": 0, "HTR": "D", "HY": 2, "HomeTeam": "Genoa"},{"AC": 2, "AF": 9, "AR": 0, "AS": 13, "AST": 3, "AY": 4, "AwayTeam": "Inter", "Date": "2014-09-21", "FTAG": 1, "FTHG": 1, "FTR": "D", "HC": 5, "HF": 16, "HR": 0, "HS": 13, "HST": 2, "HTAG": 1, "HTHG": 1, "HTR": "D", "HY": 2, "HomeTeam": "Palermo"},{"AC": 6, "AF": 13, "AR": 0, "AS": 9, "AST": 2, "AY": 1, "AwayTeam": "Cagliari", "Date": "2014-09-21", "FTAG": 0, "FTHG": 2, "FTR": "H", "HC": 0, "HF": 16, "HR": 0, "HS": 7, "HST": 3, "HTAG": 0, "HTHG": 2, "HTR": "H", "HY": 1, "HomeTeam": "Roma"},{"AC": 7, "AF": 23, "AR": 0, "AS": 12, "AST": 3, "AY": 2, "AwayTeam": "Sampdoria", "Date": "2014-09-21", "FTAG": 0, "FTHG": 0, "FTR": "D", "HC": 3, "HF": 19, "HR": 0, "HS": 14, "HST": 5, "HTAG": 0, "HTHG": 0, "HTR": "D", "HY": 3, "HomeTeam": "Sassuolo"},{"AC": 1, "AF": 8, "AR": 0, "AS": 11, "AST": 2, "AY": 1, "AwayTeam": "Verona", "Date": "2014-09-21", "FTAG": 1, "FTHG": 0, "FTR": "A", "HC": 11, "HF": 15, "HR": 0, "HS": 22, "HST": 4, "HTAG": 0, "HTHG": 0, "HTR": "D", "HY": 3, "HomeTeam": "Torino"},{"AC": 9, "AF": 12, "AR": 0, "AS": 10, "AST": 3, "AY": 3, "AwayTeam": "Napoli", "Date": "2014-09-21", "FTAG": 0, "FTHG": 1, "FTR": "H", "HC": 0, "HF": 12, "HR": 0, "HS": 9, "HST": 3, "HTAG": 0, "HTHG": 0, "HTR": "D", "HY": 1, "HomeTeam": "Udinese"},{"AC": 5, "AF": 21, "AR": 0, "AS": 15, "AST": 6, "AY": 3, "AwayTeam": "Milan", "Date": "2014-09-23", "FTAG": 2, "FTHG": 2, "FTR": "D", "HC": 3, "HF": 13, "HR": 1, "HS": 13, "HST": 6, "HTAG": 1, "HTHG": 2, "HTR": "H", "HY": 2, "HomeTeam": "Empoli"},{"AC": 6, "AF": 11, "AR": 0, "AS": 12, "AST": 4, "AY": 2, "AwayTeam": "Torino", "Date": "2014-09-24", "FTAG": 2, "FTHG": 1, "FTR": "A", "HC": 3, "HF": 14, "HR": 0, "HS": 11, "HST": 5, "HTAG": 2, "HTHG": 1, "HTR": "A", "HY": 2, "HomeTeam": "Cagliari"},{"AC": 3, "AF": 12, "AR": 0, "AS": 5, "AST": 0, "AY": 2, "AwayTeam": "Sassuolo", "Date": "2014-09-24", "FTAG": 0, "FTHG": 0, "FTR": "D", "HC": 11, "HF": 13, "HR": 0, "HS": 18, "HST": 2, "HTAG": 0, "HTHG": 0, "HTR": "D", "HY": 2, "HomeTeam": "Fiorentina"},{"AC": 13, "AF": 14, "AR": 0, "AS": 14, "AST": 2, "AY": 3, "AwayTeam": "Atalanta", "Date": "2014-09-24", "FTAG": 0, "FTHG": 2, "FTR": "H", "HC": 6, "HF": 13, "HR": 0, "HS": 21, "HST": 6, "HTAG": 0, "HTHG": 1, "HTR": "H", "HY": 1, "HomeTeam": "Inter"},{"AC": 2, "AF": 14, "AR": 0, "AS": 1, "AST": 1, "AY": 3, "AwayTeam": "Cesena", "Date": "2014-09-24", "FTAG": 0, "FTHG": 3, "FTR": "H", "HC": 6, "HF": 10, "HR": 0, "HS": 29, "HST": 13, "HTAG": 0, "HTHG": 1, "HTR": "H", "HY": 0, "HomeTeam": "Juventus"},{"AC": 4, "AF": 10, "AR": 0, "AS": 10, "AST": 6, "AY": 4, "AwayTeam": "Palermo", "Date": "2014-09-24", "FTAG": 3, "FTHG": 3, "FTR": "D", "HC": 6, "HF": 11, "HR": 0, "HS": 16, "HST": 8, "HTAG": 2, "HTHG": 3, "HTR": "H", "HY": 1, "HomeTeam": "Napoli"},{"AC": 9, "AF": 12, "AR": 0, "AS": 13, "AST": 4, "AY": 3, "AwayTeam": "Roma", "Date": "2014-09-24", "FTAG": 2, "FTHG": 1, "FTR": "A", "HC": 6, "HF": 15, "HR": 0, "HS": 6, "HST": 4, "HTAG": 1, "HTHG": 0, "HTR": "A", "HY": 2, "HomeTeam": "Parma"},{"AC": 1, "AF": 27, "AR": 0, "AS": 5, "AST": 3, "AY": 3, "AwayTeam": "Chievo", "Date": "2014-09-24", "FTAG": 1, "FTHG": 2, "FTR": "H", "HC": 6, "HF": 25, "HR": 0, "HS": 16, "HST": 5, "HTAG": 0, "HTHG": 1, "HTR": "H", "HY": 1, "HomeTeam": "Sampdoria"},{"AC": 4, "AF": 15, "AR": 0, "AS": 16, "AST": 9, "AY": 2, "AwayTeam": "Genoa", "Date": "2014-09-24", "FTAG": 2, "FTHG": 2, "FTR": "D", "HC": 7, "HF": 13, "HR": 0, "HS": 16, "HST": 7, "HTAG": 1, "HTHG": 0, "HTR": "A", "HY": 2, "HomeTeam": "Verona"},{"AC": 3, "AF": 12, "AR": 0, "AS": 5, "AST": 2, "AY": 1, "AwayTeam": "Udinese", "Date": "2014-09-25", "FTAG": 1, "FTHG": 0, "FTR": "A", "HC": 7, "HF": 18, "HR": 0, "HS": 18, "HST": 8, "HTAG": 1, "HTHG": 0, "HTR": "A", "HY": 3, "HomeTeam": "Lazio"},{"AC": 3, "AF": 15, "AR": 0, "AS": 16, "AST": 7, "AY": 3, "AwayTeam": "Juventus", "Date": "2014-09-27", "FTAG": 3, "FTHG": 0, "FTR": "A", "HC": 2, "HF": 17, "HR": 0, "HS": 10, "HST": 1, "HTAG": 1, "HTHG": 0, "HTR": "A", "HY": 2, "HomeTeam": "Atalanta"},{"AC": 2, "AF": 4, "AR": 0, "AS": 9, "AST": 3, "AY": 1, "AwayTeam": "Verona", "Date": "2014-09-27", "FTAG": 0, "FTHG": 2, "FTR": "H", "HC": 10, "HF": 13, "HR": 0, "HS": 23, "HST": 6, "HTAG": 0, "HTHG": 0, "HTR": "D", "HY": 1, "HomeTeam": "Roma"},{"AC": 9, "AF": 12, "AR": 1, "AS": 11, "AST": 4, "AY": 2, "AwayTeam": "Milan", "Date": "2014-09-28", "FTAG": 1, "FTHG": 1, "FTR": "D", "HC": 4, "HF": 14, "HR": 0, "HS": 10, "HST": 2, "HTAG": 1, "HTHG": 1, "HTR": "D", "HY": 4, "HomeTeam": "Cesena"},{"AC": 1, "AF": 14, "AR": 0, "AS": 6, "AST": 3, "AY": 1, "AwayTeam": "Empoli", "Date": "2014-09-28", "FTAG": 1, "FTHG": 1, "FTR": "D", "HC": 11, "HF": 20, "HR": 0, "HS": 18, "HST": 5, "HTAG": 0, "HTHG": 0, "HTR": "D", "HY": 3, "HomeTeam": "Chievo"},{"AC": 5, "AF": 23, "AR": 0, "AS": 10, "AST": 1, "AY": 4, "AwayTeam": "Sampdoria", "Date": "2014-09-28", "FTAG": 1, "FTHG": 0, "FTR": "A", "HC": 3, "HF": 22, "HR": 0, "HS": 7, "HST": 4, "HTAG": 0, "HTHG": 0, "HTR": "D", "HY": 3, "HomeTeam": "Genoa"},{"AC": 3, "AF": 8, "AR": 0, "AS": 16, "AST": 7, "AY": 3, "AwayTeam": "Cagliari", "Date": "2014-09-28", "FTAG": 4, "FTHG": 1, "FTR": "A", "HC": 10, "HF": 23, "HR": 1, "HS": 15, "HST": 5, "HTAG": 4, "HTHG": 1, "HTR": "A", "HY": 1, "HomeTeam": "Inter"},{"AC": 6, "AF": 12, "AR": 0, "AS": 11, "AST": 3, "AY": 2, "AwayTeam": "Napoli", "Date": "2014-09-28", "FTAG": 1, "FTHG": 0, "FTR": "A", "HC": 6, "HF": 19, "HR": 0, "HS": 11, "HST": 1, "HTAG": 1, "HTHG": 0, "HTR": "A", "HY": 4, "HomeTeam": "Sassuolo"},{"AC": 4, "AF": 15, "AR": 0, "AS": 19, "AST": 7, "AY": 2, "AwayTeam": "Fiorentina", "Date": "2014-09-28", "FTAG": 1, "FTHG": 1, "FTR": "D", "HC": 6, "HF": 14, "HR": 0, "HS": 15, "HST": 3, "HTAG": 0, "HTHG": 0, "HTR": "D", "HY": 3, "HomeTeam": "Torino"},{"AC": 1, "AF": 16, "AR": 0, "AS": 15, "AST": 10, "AY": 4, "AwayTeam": "Lazio", "Date": "2014-09-29", "FTAG": 4, "FTHG": 0, "FTR": "A", "HC": 4, "HF": 12, "HR": 0, "HS": 17, "HST": 4, "HTAG": 1, "HTHG": 0, "HTR": "A", "HY": 2, "HomeTeam": "Palermo"},{"AC": 4, "AF": 11, "AR": 1, "AS": 18, "AST": 6, "AY": 0, "AwayTeam": "Parma", "Date": "2014-09-29", "FTAG": 2, "FTHG": 4, "FTR": "H", "HC": 6, "HF": 8, "HR": 0, "HS": 12, "HST": 5, "HTAG": 2, "HTHG": 2, "HTR": "D", "HY": 2, "HomeTeam": "Udinese"},{"AC": 2, "AF": 25, "AR": 0, "AS": 10, "AST": 2, "AY": 5, "AwayTeam": "Chievo", "Date": "2014-10-04", "FTAG": 0, "FTHG": 2, "FTR": "H", "HC": 9, "HF": 10, "HR": 0, "HS": 22, "HST": 4, "HTAG": 0, "HTHG": 0, "HTR": "D", "HY": 2, "HomeTeam": "Milan"},{"AC": 11, "AF": 17, "AR": 0, "AS": 19, "AST": 7, "AY": 3, "AwayTeam": "Cagliari", "Date": "2014-10-04", "FTAG": 0, "FTHG": 1, "FTR": "H", "HC": 5, "HF": 13, "HR": 0, "HS": 13, "HST": 5, "HTAG": 0, "HTHG": 0, "HTR": "D", "HY": 1, "HomeTeam": "Verona"},{"AC": 4, "AF": 25, "AR": 0, "AS": 7, "AST": 2, "AY": 4, "AwayTeam": "Palermo", "Date": "2014-10-05", "FTAG": 0, "FTHG": 3, "FTR": "H", "HC": 12, "HF": 18, "HR": 0, "HS": 20, "HST": 11, "HTAG": 0, "HTHG": 2, "HTR": "H", "HY": 0, "HomeTeam": "Empoli"},{"AC": 5, "AF": 17, "AR": 0, "AS": 14, "AST": 4, "AY": 3, "AwayTeam": "Inter", "Date": "2014-10-05", "FTAG": 0, "FTHG": 3, "FTR": "H", "HC": 2, "HF": 12, "HR": 0, "HS": 15, "HST": 8, "HTAG": 0, "HTHG": 2, "HTR": "H", "HY": 2, "HomeTeam": "Fiorentina"},{"AC": 5, "AF": 15, "AR": 1, "AS": 8, "AST": 2, "AY": 3, "AwayTeam": "Roma", "Date": "2014-10-05", "FTAG": 2, "FTHG": 3, "FTR": "H", "HC": 5, "HF": 14, "HR": 1, "HS": 20, "HST": 5, "HTAG": 2, "HTHG": 2, "HTR": "D", "HY": 4, "HomeTeam": "Juventus"},{"AC": 1, "AF": 12, "AR": 1, "AS": 12, "AST": 6, "AY": 1, "AwayTeam": "Sassuolo", "Date": "2014-10-05", "FTAG": 2, "FTHG": 3, "FTR": "H", "HC": 4, "HF": 22, "HR": 1, "HS": 13, "HST": 9, "HTAG": 1, "HTHG": 3, "HTR": "H", "HY": 2, "HomeTeam": "Lazio"},{"AC": 2, "AF": 16, "AR": 0, "AS": 5, "AST": 2, "AY": 3, "AwayTeam": "Torino", "Date": "2014-10-05", "FTAG": 1, "FTHG": 2, "FTR": "H", "HC": 9, "HF": 17, "HR": 0, "HS": 24, "HST": 9, "HTAG": 1, "HTHG": 0, "HTR": "A", "HY": 3, "HomeTeam": "Napoli"},{"AC": 3, "AF": 12, "AR": 1, "AS": 13, "AST": 5, "AY": 2, "AwayTeam": "Genoa", "Date": "2014-10-05", "FTAG": 2, "FTHG": 1, "FTR": "A", "HC": 6, "HF": 26, "HR": 0, "HS": 12, "HST": 3, "HTAG": 0, "HTHG": 0, "HTR": "D", "HY": 2, "HomeTeam": "Parma"},{"AC": 4, "AF": 14, "AR": 0, "AS": 8, "AST": 1, "AY": 3, "AwayTeam": "Atalanta", "Date": "2014-10-05", "FTAG": 0, "FTHG": 1, "FTR": "H", "HC": 3, "HF": 19, "HR": 0, "HS": 16, "HST": 3, "HTAG": 0, "HTHG": 1, "HTR": "H", "HY": 3, "HomeTeam": "Sampdoria"},{"AC": 1, "AF": 12, "AR": 0, "AS": 7, "AST": 5, "AY": 3, "AwayTeam": "Cesena", "Date": "2014-10-05", "FTAG": 1, "FTHG": 1, "FTR": "D", "HC": 7, "HF": 10, "HR": 0, "HS": 14, "HST": 3, "HTAG": 0, "HTHG": 0, "HTR": "D", "HY": 3, "HomeTeam": "Udinese"},{"AC": 2, "AF": 13, "AR": 0, "AS": 11, "AST": 3, "AY": 1, "AwayTeam": "Chievo", "Date": "2014-10-18", "FTAG": 0, "FTHG": 3, "FTR": "H", "HC": 6, "HF": 12, "HR": 0, "HS": 14, "HST": 8, "HTAG": 0, "HTHG": 3, "HTR": "H", "HY": 1, "HomeTeam": "Roma"},{"AC": 6, "AF": 15, "AR": 1, "AS": 19, "AST": 7, "AY": 2, "AwayTeam": "Juventus", "Date": "2014-10-18", "FTAG": 1, "FTHG": 1, "FTR": "D", "HC": 2, "HF": 14, "HR": 0, "HS": 7, "HST": 2, "HTAG": 1, "HTHG": 1, "HTR": "D", "HY": 2, "HomeTeam": "Sassuolo"},{"AC": 1, "AF": 18, "AR": 0, "AS": 6, "AST": 1, "AY": 3, "AwayTeam": "Parma", "Date": "2014-10-19", "FTAG": 0, "FTHG": 1, "FTR": "H", "HC": 3, "HF": 11, "HR": 0, "HS": 18, "HST": 3, "HTAG": 0, "HTHG": 0, "HTR": "D", "HY": 2, "HomeTeam": "Atalanta"},{"AC": 0, "AF": 15, "AR": 1, "AS": 13, "AST": 8, "AY": 5, "AwayTeam": "Sampdoria", "Date": "2014-10-19", "FTAG": 2, "FTHG": 2, "FTR": "D", "HC": 8, "HF": 19, "HR": 0, "HS": 13, "HST": 4, "HTAG": 2, "HTHG": 0, "HTR": "A", "HY": 3, "HomeTeam": "Cagliari"},{"AC": 4, "AF": 24, "AR": 0, "AS": 10, "AST": 5, "AY": 5, "AwayTeam": "Lazio", "Date": "2014-10-19", "FTAG": 2, "FTHG": 0, "FTR": "A", "HC": 6, "HF": 11, "HR": 0, "HS": 15, "HST": 2, "HTAG": 1, "HTHG": 0, "HTR": "A", "HY": 1, "HomeTeam": "Fiorentina"},{"AC": 4, "AF": 12, "AR": 0, "AS": 12, "AST": 4, "AY": 3, "AwayTeam": "Napoli", "Date": "2014-10-19", "FTAG": 2, "FTHG": 2, "FTR": "D", "HC": 6, "HF": 8, "HR": 0, "HS": 22, "HST": 5, "HTAG": 0, "HTHG": 0, "HTR": "D", "HY": 2, "HomeTeam": "Inter"},{"AC": 3, "AF": 16, "AR": 1, "AS": 4, "AST": 2, "AY": 3, "AwayTeam": "Cesena", "Date": "2014-10-19", "FTAG": 1, "FTHG": 2, "FTR": "H", "HC": 12, "HF": 16, "HR": 0, "HS": 12, "HST": 4, "HTAG": 0, "HTHG": 1, "HTR": "H", "HY": 5, "HomeTeam": "Palermo"},{"AC": 5, "AF": 8, "AR": 0, "AS": 11, "AST": 3, "AY": 2, "AwayTeam": "Udinese", "Date": "2014-10-19", "FTAG": 0, "FTHG": 1, "FTR": "H", "HC": 8, "HF": 16, "HR": 0, "HS": 23, "HST": 5, "HTAG": 0, "HTHG": 0, "HTR": "D", "HY": 3, "HomeTeam": "Torino"},{"AC": 5, "AF": 15, "AR": 0, "AS": 12, "AST": 5, "AY": 1, "AwayTeam": "Milan", "Date": "2014-10-19", "FTAG": 3, "FTHG": 1, "FTR": "A", "HC": 8, "HF": 10, "HR": 1, "HS": 22, "HST": 8, "HTAG": 2, "HTHG": 0, "HTR": "A", "HY": 2, "HomeTeam": "Verona"},{"AC": 4, "AF": 13, "AR": 0, "AS": 9, "AST": 4, "AY": 1, "AwayTeam": "Empoli", "Date": "2014-10-20", "FTAG": 1, "FTHG": 1, "FTR": "D", "HC": 10, "HF": 16, "HR": 0, "HS": 13, "HST": 3, "HTAG": 0, "HTHG": 1, "HTR": "H", "HY": 3, "HomeTeam": "Genoa"},{"AC": 6, "AF": 23, "AR": 0, "AS": 15, "AST": 6, "AY": 2, "AwayTeam": "Cagliari", "Date": "2014-10-25", "FTAG": 4, "FTHG": 0, "FTR": "A", "HC": 6, "HF": 10, "HR": 0, "HS": 9, "HST": 5, "HTAG": 4, "HTHG": 0, "HTR": "A", "HY": 2, "HomeTeam": "Empoli"},{"AC": 3, "AF": 16, "AR": 0, "AS": 8, "AST": 3, "AY": 2, "AwayTeam": "Sassuolo", "Date": "2014-10-25", "FTAG": 3, "FTHG": 1, "FTR": "A", "HC": 7, "HF": 19, "HR": 0, "HS": 11, "HST": 4, "HTAG": 2, "HTHG": 0, "HTR": "A", "HY": 4, "HomeTeam": "Parma"},{"AC": 14, "AF": 12, "AR": 0, "AS": 20, "AST": 4, "AY": 3, "AwayTeam": "Roma", "Date": "2014-10-25", "FTAG": 0, "FTHG": 0, "FTR": "D", "HC": 6, "HF": 14, "HR": 0, "HS": 9, "HST": 2, "HTAG": 0, "HTHG": 0, "HTR": "D", "HY": 2, "HomeTeam": "Sampdoria"},{"AC": 3, "AF": 15, "AR": 0, "AS": 18, "AST": 6, "AY": 1, "AwayTeam": "Inter", "Date": "2014-10-26", "FTAG": 1, "FTHG": 0, "FTR": "A", "HC": 2, "HF": 20, "HR": 1, "HS": 8, "HST": 2, "HTAG": 1, "HTHG": 0, "HTR": "A", "HY": 5, "HomeTeam": "Cesena"},{"AC": 7, "AF": 22, "AR": 0, "AS": 13, "AST": 4, "AY": 3, "AwayTeam": "Genoa", "Date": "2014-10-26", "FTAG": 2, "FTHG": 1, "FTR": "A", "HC": 4, "HF": 23, "HR": 1, "HS": 13, "HST": 5, "HTAG": 0, "HTHG": 1, "HTR": "H", "HY": 2, "HomeTeam": "Chievo"},{"AC": 1, "AF": 10, "AR": 0, "AS": 6, "AST": 1, "AY": 1, "AwayTeam": "Palermo", "Date": "2014-10-26", "FTAG": 0, "FTHG": 2, "FTR": "H", "HC": 6, "HF": 8, "HR": 0, "HS": 20, "HST": 5, "HTAG": 0, "HTHG": 1, "HTR": "H", "HY": 2, "HomeTeam": "Juventus"},{"AC": 6, "AF": 9, "AR": 0, "AS": 15, "AST": 4, "AY": 1, "AwayTeam": "Torino", "Date": "2014-10-26", "FTAG": 1, "FTHG": 2, "FTR": "H", "HC": 3, "HF": 13, "HR": 0, "HS": 12, "HST": 7, "HTAG": 0, "HTHG": 1, "HTR": "H", "HY": 2, "HomeTeam": "Lazio"},{"AC": 4, "AF": 13, "AR": 0, "AS": 12, "AST": 2, "AY": 2, "AwayTeam": "Fiorentina", "Date": "2014-10-26", "FTAG": 1, "FTHG": 1, "FTR": "D", "HC": 5, "HF": 13, "HR": 0, "HS": 15, "HST": 2, "HTAG": 0, "HTHG": 1, "HTR": "H", "HY": 2, "HomeTeam": "Milan"},{"AC": 3, "AF": 7, "AR": 0, "AS": 8, "AST": 6, "AY": 1, "AwayTeam": "Verona", "Date": "2014-10-26", "FTAG": 2, "FTHG": 6, "FTR": "H", "HC": 14, "HF": 11, "HR": 0, "HS": 26, "HST": 16, "HTAG": 1, "HTHG": 1, "HTR": "D", "HY": 1, "HomeTeam": "Napoli"},{"AC": 7, "AF": 15, "AR": 0, "AS": 14, "AST": 3, "AY": 1, "AwayTeam": "Atalanta", "Date": "2014-10-26", "FTAG": 0, "FTHG": 2, "FTR": "H", "HC": 5, "HF": 16, "HR": 0, "HS": 15, "HST": 4, "HTAG": 0, "HTHG": 2, "HTR": "H", "HY": 2, "HomeTeam": "Udinese"},{"AC": 3, "AF": 12, "AR": 0, "AS": 16, "AST": 6, "AY": 3, "AwayTeam": "Empoli", "Date": "2014-10-28", "FTAG": 1, "FTHG": 3, "FTR": "H", "HC": 6, "HF": 9, "HR": 0, "HS": 23, "HST": 6, "HTAG": 1, "HTHG": 0, "HTR": "A", "HY": 2, "HomeTeam": "Sassuolo"},{"AC": 5, "AF": 12, "AR": 0, "AS": 18, "AST": 6, "AY": 2, "AwayTeam": "Napoli", "Date": "2014-10-29", "FTAG": 1, "FTHG": 1, "FTR": "D", "HC": 4, "HF": 18, "HR": 1, "HS": 7, "HST": 2, "HTAG": 0, "HTHG": 0, "HTR": "D", "HY": 3, "HomeTeam": "Atalanta"},{"AC": 4, "AF": 13, "AR": 0, "AS": 13, "AST": 3, "AY": 2, "AwayTeam": "Milan", "Date": "2014-10-29", "FTAG": 1, "FTHG": 1, "FTR": "D", "HC": 6, "HF": 13, "HR": 0, "HS": 16, "HST": 5, "HTAG": 1, "HTHG": 1, "HTR": "D", "HY": 3, "HomeTeam": "Cagliari"},{"AC": 2, "AF": 14, "AR": 0, "AS": 5, "AST": 1, "AY": 3, "AwayTeam": "Udinese", "Date": "2014-10-29", "FTAG": 0, "FTHG": 3, "FTR": "H", "HC": 4, "HF": 15, "HR": 0, "HS": 27, "HST": 9, "HTAG": 0, "HTHG": 1, "HTR": "H", "HY": 2, "HomeTeam": "Fiorentina"},{"AC": 13, "AF": 17, "AR": 0, "AS": 16, "AST": 4, "AY": 4, "AwayTeam": "Juventus", "Date": "2014-10-29", "FTAG": 0, "FTHG": 1, "FTR": "H", "HC": 1, "HF": 22, "HR": 0, "HS": 4, "HST": 3, "HTAG": 0, "HTHG": 0, "HTR": "D", "HY": 2, "HomeTeam": "Genoa"},{"AC": 4, "AF": 19, "AR": 0, "AS": 10, "AST": 4, "AY": 2, "AwayTeam": "Sampdoria", "Date": "2014-10-29", "FTAG": 0, "FTHG": 1, "FTR": "H", "HC": 4, "HF": 11, "HR": 0, "HS": 17, "HST": 5, "HTAG": 0, "HTHG": 0, "HTR": "D", "HY": 2, "HomeTeam": "Inter"},{"AC": 3, "AF": 17, "AR": 0, "AS": 15, "AST": 3, "AY": 1, "AwayTeam": "Chievo", "Date": "2014-10-29", "FTAG": 0, "FTHG": 1, "FTR": "H", "HC": 4, "HF": 15, "HR": 0, "HS": 16, "HST": 6, "HTAG": 0, "HTHG": 0, "HTR": "D", "HY": 2, "HomeTeam": "Palermo"},{"AC": 3, "AF": 13, "AR": 0, "AS": 4, "AST": 1, "AY": 1, "AwayTeam": "Cesena", "Date": "2014-10-29", "FTAG": 0, "FTHG": 2, "FTR": "H", "HC": 7, "HF": 11, "HR": 0, "HS": 16, "HST": 6, "HTAG": 0, "HTHG": 1, "HTR": "H", "HY": 1, "HomeTeam": "Roma"},{"AC": 7, "AF": 17, "AR": 1, "AS": 10, "AST": 2, "AY": 3, "AwayTeam": "Parma", "Date": "2014-10-29", "FTAG": 0, "FTHG": 1, "FTR": "H", "HC": 4, "HF": 11, "HR": 0, "HS": 15, "HST": 5, "HTAG": 0, "HTHG": 1, "HTR": "H", "HY": 1, "HomeTeam": "Torino"},{"AC": 3, "AF": 14, "AR": 1, "AS": 10, "AST": 3, "AY": 2, "AwayTeam": "Lazio", "Date": "2014-10-30", "FTAG": 1, "FTHG": 1, "FTR": "D", "HC": 2, "HF": 13, "HR": 0, "HS": 11, "HST": 3, "HTAG": 1, "HTHG": 0, "HTR": "A", "HY": 2, "HomeTeam": "Verona"},{"AC": 6, "AF": 16, "AR": 0, "AS": 18, "AST": 7, "AY": 1, "AwayTeam": "Juventus", "Date": "2014-11-01", "FTAG": 2, "FTHG": 0, "FTR": "A", "HC": 6, "HF": 15, "HR": 1, "HS": 12, "HST": 4, "HTAG": 0, "HTHG": 0, "HTR": "D", "HY": 2, "HomeTeam": "Empoli"},{"AC": 5, "AF": 11, "AR": 0, "AS": 8, "AST": 2, "AY": 3, "AwayTeam": "Roma", "Date": "2014-11-01", "FTAG": 0, "FTHG": 2, "FTR": "H", "HC": 6, "HF": 13, "HR": 0, "HS": 15, "HST": 6, "HTAG": 0, "HTHG": 1, "HTR": "H", "HY": 2, "HomeTeam": "Napoli"},{"AC": 2, "AF": 19, "AR": 0, "AS": 14, "AST": 1, "AY": 1, "AwayTeam": "Inter", "Date": "2014-11-01", "FTAG": 0, "FTHG": 2, "FTR": "H", "HC": 5, "HF": 18, "HR": 0, "HS": 11, "HST": 4, "HTAG": 0, "HTHG": 1, "HTR": "H", "HY": 3, "HomeTeam": "Parma"},{"AC": 5, "AF": 16, "AR": 0, "AS": 9, "AST": 3, "AY": 6, "AwayTeam": "Sassuolo", "Date": "2014-11-02", "FTAG": 0, "FTHG": 0, "FTR": "D", "HC": 5, "HF": 20, "HR": 0, "HS": 12, "HST": 1, "HTAG": 0, "HTHG": 0, "HTR": "D", "HY": 1, "HomeTeam": "Chievo"},{"AC": 4, "AF": 15, "AR": 0, "AS": 13, "AST": 7, "AY": 3, "AwayTeam": "Palermo", "Date": "2014-11-02", "FTAG": 2, "FTHG": 0, "FTR": "A", "HC": 4, "HF": 10, "HR": 0, "HS": 14, "HST": 3, "HTAG": 2, "HTHG": 0, "HTR": "A", "HY": 3, "HomeTeam": "Milan"},{"AC": 10, "AF": 26, "AR": 0, "AS": 16, "AST": 5, "AY": 4, "AwayTeam": "Fiorentina", "Date": "2014-11-02", "FTAG": 1, "FTHG": 3, "FTR": "H", "HC": 3, "HF": 17, "HR": 0, "HS": 12, "HST": 6, "HTAG": 1, "HTHG": 2, "HTR": "H", "HY": 3, "HomeTeam": "Sampdoria"},{"AC": 6, "AF": 23, "AR": 0, "AS": 7, "AST": 1, "AY": 5, "AwayTeam": "Atalanta", "Date": "2014-11-02", "FTAG": 0, "FTHG": 0, "FTR": "D", "HC": 10, "HF": 12, "HR": 0, "HS": 20, "HST": 2, "HTAG": 0, "HTHG": 0, "HTR": "D", "HY": 0, "HomeTeam": "Torino"},{"AC": 5, "AF": 14, "AR": 0, "AS": 13, "AST": 6, "AY": 3, "AwayTeam": "Genoa", "Date": "2014-11-02", "FTAG": 4, "FTHG": 2, "FTR": "A", "HC": 7, "HF": 10, "HR": 0, "HS": 15, "HST": 2, "HTAG": 2, "HTHG": 2, "HTR": "D", "HY": 2, "HomeTeam": "Udinese"},{"AC": 4, "AF": 19, "AR": 0, "AS": 11, "AST": 2, "AY": 4, "AwayTeam": "Verona", "Date": "2014-11-03", "FTAG": 1, "FTHG": 1, "FTR": "D", "HC": 4, "HF": 14, "HR": 0, "HS": 8, "HST": 4, "HTAG": 0, "HTHG": 1, "HTR": "H", "HY": 1, "HomeTeam": "Cesena"},{"AC": 7, "AF": 15, "AR": 1, "AS": 9, "AST": 4, "AY": 3, "AwayTeam": "Cagliari", "Date": "2014-11-03", "FTAG": 2, "FTHG": 4, "FTR": "H", "HC": 4, "HF": 24, "HR": 0, "HS": 11, "HST": 5, "HTAG": 0, "HTHG": 3, "HTR": "H", "HY": 2, "HomeTeam": "Lazio"},{"AC": 5, "AF": 23, "AR": 1, "AS": 10, "AST": 3, "AY": 3, "AwayTeam": "Milan", "Date": "2014-11-08", "FTAG": 2, "FTHG": 2, "FTR": "D", "HC": 5, "HF": 13, "HR": 0, "HS": 19, "HST": 8, "HTAG": 1, "HTHG": 1, "HTR": "D", "HY": 1, "HomeTeam": "Sampdoria"},{"AC": 4, "AF": 22, "AR": 0, "AS": 10, "AST": 0, "AY": 1, "AwayTeam": "Atalanta", "Date": "2014-11-08", "FTAG": 0, "FTHG": 0, "FTR": "D", "HC": 8, "HF": 19, "HR": 0, "HS": 14, "HST": 5, "HTAG": 0, "HTHG": 0, "HTR": "D", "HY": 3, "HomeTeam": "Sassuolo"},{"AC": 2, "AF": 24, "AR": 1, "AS": 9, "AST": 5, "AY": 4, "AwayTeam": "Genoa", "Date": "2014-11-09", "FTAG": 1, "FTHG": 1, "FTR": "D", "HC": 6, "HF": 19, "HR": 0, "HS": 13, "HST": 5, "HTAG": 0, "HTHG": 1, "HTR": "H", "HY": 5, "HomeTeam": "Cagliari"},{"AC": 2, "AF": 18, "AR": 0, "AS": 9, "AST": 3, "AY": 4, "AwayTeam": "Cesena", "Date": "2014-11-09", "FTAG": 1, "FTHG": 2, "FTR": "H", "HC": 5, "HF": 16, "HR": 0, "HS": 19, "HST": 6, "HTAG": 0, "HTHG": 0, "HTR": "D", "HY": 4, "HomeTeam": "Chievo"},{"AC": 4, "AF": 24, "AR": 0, "AS": 7, "AST": 1, "AY": 2, "AwayTeam": "Lazio", "Date": "2014-11-09", "FTAG": 1, "FTHG": 2, "FTR": "H", "HC": 3, "HF": 13, "HR": 0, "HS": 7, "HST": 2, "HTAG": 0, "HTHG": 0, "HTR": "D", "HY": 1, "HomeTeam": "Empoli"},{"AC": 5, "AF": 13, "AR": 0, "AS": 19, "AST": 5, "AY": 3, "AwayTeam": "Napoli", "Date": "2014-11-09", "FTAG": 1, "FTHG": 0, "FTR": "A", "HC": 7, "HF": 9, "HR": 0, "HS": 14, "HST": 2, "HTAG": 0, "HTHG": 0, "HTR": "D", "HY": 3, "HomeTeam": "Fiorentina"},{"AC": 8, "AF": 13, "AR": 0, "AS": 17, "AST": 5, "AY": 2, "AwayTeam": "Verona", "Date": "2014-11-09", "FTAG": 2, "FTHG": 2, "FTR": "D", "HC": 5, "HF": 9, "HR": 1, "HS": 18, "HST": 4, "HTAG": 1, "HTHG": 1, "HTR": "D", "HY": 0, "HomeTeam": "Inter"},{"AC": 0, "AF": 11, "AR": 0, "AS": 4, "AST": 1, "AY": 1, "AwayTeam": "Parma", "Date": "2014-11-09", "FTAG": 0, "FTHG": 7, "FTR": "H", "HC": 5, "HF": 3, "HR": 0, "HS": 22, "HST": 11, "HTAG": 0, "HTHG": 3, "HTR": "H", "HY": 0, "HomeTeam": "Juventus"},{"AC": 5, "AF": 22, "AR": 0, "AS": 12, "AST": 6, "AY": 5, "AwayTeam": "Udinese", "Date": "2014-11-09", "FTAG": 1, "FTHG": 1, "FTR": "D", "HC": 7, "HF": 14, "HR": 0, "HS": 20, "HST": 4, "HTAG": 1, "HTHG": 1, "HTR": "D", "HY": 1, "HomeTeam": "Palermo"},{"AC": 5, "AF": 11, "AR": 0, "AS": 12, "AST": 4, "AY": 2, "AwayTeam": "Torino", "Date": "2014-11-09", "FTAG": 0, "FTHG": 3, "FTR": "H", "HC": 2, "HF": 12, "HR": 0, "HS": 14, "HST": 8, "HTAG": 0, "HTHG": 2, "HTR": "H", "HY": 1, "HomeTeam": "Roma"},{"AC": 3, "AF": 16, "AR": 0, "AS": 6, "AST": 2, "AY": 5, "AwayTeam": "Roma", "Date": "2014-11-22", "FTAG": 2, "FTHG": 1, "FTR": "A", "HC": 3, "HF": 27, "HR": 1, "HS": 9, "HST": 1, "HTAG": 2, "HTHG": 1, "HTR": "A", "HY": 2, "HomeTeam": "Atalanta"},{"AC": 4, "AF": 13, "AR": 1, "AS": 10, "AST": 4, "AY": 2, "AwayTeam": "Juventus", "Date": "2014-11-22", "FTAG": 3, "FTHG": 0, "FTR": "A", "HC": 6, "HF": 23, "HR": 0, "HS": 14, "HST": 4, "HTAG": 1, "HTHG": 0, "HTR": "A", "HY": 2, "HomeTeam": "Lazio"},{"AC": 4, "AF": 14, "AR": 0, "AS": 19, "AST": 6, "AY": 0, "AwayTeam": "Sampdoria", "Date": "2014-11-23", "FTAG": 1, "FTHG": 1, "FTR": "D", "HC": 4, "HF": 21, "HR": 0, "HS": 8, "HST": 3, "HTAG": 0, "HTHG": 0, "HTR": "D", "HY": 2, "HomeTeam": "Cesena"},{"AC": 4, "AF": 12, "AR": 0, "AS": 8, "AST": 3, "AY": 2, "AwayTeam": "Inter", "Date": "2014-11-23", "FTAG": 1, "FTHG": 1, "FTR": "D", "HC": 7, "HF": 17, "HR": 0, "HS": 10, "HST": 2, "HTAG": 0, "HTHG": 1, "HTR": "H", "HY": 2, "HomeTeam": "Milan"},{"AC": 4, "AF": 9, "AR": 0, "AS": 11, "AST": 8, "AY": 2, "AwayTeam": "Cagliari", "Date": "2014-11-23", "FTAG": 3, "FTHG": 3, "FTR": "D", "HC": 6, "HF": 17, "HR": 0, "HS": 14, "HST": 6, "HTAG": 1, "HTHG": 2, "HTR": "H", "HY": 1, "HomeTeam": "Napoli"},{"AC": 10, "AF": 17, "AR": 0, "AS": 6, "AST": 5, "AY": 1, "AwayTeam": "Empoli", "Date": "2014-11-23", "FTAG": 2, "FTHG": 0, "FTR": "A", "HC": 6, "HF": 19, "HR": 0, "HS": 10, "HST": 2, "HTAG": 1, "HTHG": 0, "HTR": "A", "HY": 4, "HomeTeam": "Parma"},{"AC": 4, "AF": 13, "AR": 0, "AS": 14, "AST": 6, "AY": 3, "AwayTeam": "Sassuolo", "Date": "2014-11-23", "FTAG": 1, "FTHG": 0, "FTR": "A", "HC": 6, "HF": 16, "HR": 0, "HS": 12, "HST": 5, "HTAG": 0, "HTHG": 0, "HTR": "D", "HY": 2, "HomeTeam": "Torino"},{"AC": 5, "AF": 11, "AR": 0, "AS": 14, "AST": 5, "AY": 2, "AwayTeam": "Chievo", "Date": "2014-11-23", "FTAG": 1, "FTHG": 1, "FTR": "D", "HC": 3, "HF": 8, "HR": 0, "HS": 9, "HST": 3, "HTAG": 0, "HTHG": 1, "HTR": "H", "HY": 3, "HomeTeam": "Udinese"},{"AC": 10, "AF": 18, "AR": 0, "AS": 14, "AST": 6, "AY": 4, "AwayTeam": "Fiorentina", "Date": "2014-11-23", "FTAG": 2, "FTHG": 1, "FTR": "A", "HC": 6, "HF": 17, "HR": 0, "HS": 10, "HST": 3, "HTAG": 1, "HTHG": 1, "HTR": "D", "HY": 2, "HomeTeam": "Verona"},{"AC": 3, "AF": 11, "AR": 0, "AS": 11, "AST": 5, "AY": 0, "AwayTeam": "Palermo", "Date": "2014-11-24", "FTAG": 1, "FTHG": 1, "FTR": "D", "HC": 3, "HF": 10, "HR": 0, "HS": 15, "HST": 2, "HTAG": 1, "HTHG": 1, "HTR": "D", "HY": 2, "HomeTeam": "Genoa"},{"AC": 13, "AF": 8, "AR": 0, "AS": 12, "AST": 4, "AY": 0, "AwayTeam": "Lazio", "Date": "2014-11-29", "FTAG": 0, "FTHG": 0, "FTR": "D", "HC": 1, "HF": 9, "HR": 0, "HS": 8, "HST": 2, "HTAG": 0, "HTHG": 0, "HTR": "D", "HY": 1, "HomeTeam": "Chievo"},{"AC": 5, "AF": 18, "AR": 0, "AS": 11, "AST": 1, "AY": 3, "AwayTeam": "Verona", "Date": "2014-11-29", "FTAG": 1, "FTHG": 2, "FTR": "H", "HC": 9, "HF": 18, "HR": 0, "HS": 17, "HST": 4, "HTAG": 1, "HTHG": 0, "HTR": "A", "HY": 4, "HomeTeam": "Sassuolo"},{"AC": 6, "AF": 22, "AR": 0, "AS": 17, "AST": 7, "AY": 2, "AwayTeam": "Fiorentina", "Date": "2014-11-30", "FTAG": 4, "FTHG": 0, "FTR": "A", "HC": 6, "HF": 17, "HR": 0, "HS": 14, "HST": 5, "HTAG": 1, "HTHG": 0, "HTR": "A", "HY": 2, "HomeTeam": "Cagliari"},{"AC": 10, "AF": 18, "AR": 0, "AS": 15, "AST": 5, "AY": 2, "AwayTeam": "Genoa", "Date": "2014-11-30", "FTAG": 3, "FTHG": 0, "FTR": "A", "HC": 4, "HF": 14, "HR": 0, "HS": 11, "HST": 3, "HTAG": 3, "HTHG": 0, "HTR": "A", "HY": 3, "HomeTeam": "Cesena"},{"AC": 2, "AF": 23, "AR": 0, "AS": 6, "AST": 1, "AY": 3, "AwayTeam": "Atalanta", "Date": "2014-11-30", "FTAG": 0, "FTHG": 0, "FTR": "D", "HC": 11, "HF": 14, "HR": 0, "HS": 21, "HST": 4, "HTAG": 0, "HTHG": 0, "HTR": "D", "HY": 2, "HomeTeam": "Empoli"},{"AC": 4, "AF": 13, "AR": 0, "AS": 16, "AST": 5, "AY": 4, "AwayTeam": "Torino", "Date": "2014-11-30", "FTAG": 1, "FTHG": 2, "FTR": "H", "HC": 8, "HF": 17, "HR": 1, "HS": 16, "HST": 3, "HTAG": 1, "HTHG": 1, "HTR": "D", "HY": 1, "HomeTeam": "Juventus"},{"AC": 0, "AF": 10, "AR": 1, "AS": 6, "AST": 0, "AY": 2, "AwayTeam": "Udinese", "Date": "2014-11-30", "FTAG": 0, "FTHG": 2, "FTR": "H", "HC": 7, "HF": 8, "HR": 1, "HS": 18, "HST": 6, "HTAG": 0, "HTHG": 0, "HTR": "D", "HY": 0, "HomeTeam": "Milan"},{"AC": 2, "AF": 17, "AR": 1, "AS": 14, "AST": 5, "AY": 1, "AwayTeam": "Parma", "Date": "2014-11-30", "FTAG": 1, "FTHG": 2, "FTR": "H", "HC": 9, "HF": 18, "HR": 1, "HS": 15, "HST": 4, "HTAG": 1, "HTHG": 1, "HTR": "D", "HY": 1, "HomeTeam": "Palermo"},{"AC": 4, "AF": 14, "AR": 0, "AS": 10, "AST": 4, "AY": 3, "AwayTeam": "Inter", "Date": "2014-11-30", "FTAG": 2, "FTHG": 4, "FTR": "H", "HC": 7, "HF": 11, "HR": 0, "HS": 18, "HST": 6, "HTAG": 1, "HTHG": 1, "HTR": "D", "HY": 1, "HomeTeam": "Roma"},{"AC": 6, "AF": 20, "AR": 1, "AS": 14, "AST": 2, "AY": 2, "AwayTeam": "Napoli", "Date": "2014-12-01", "FTAG": 1, "FTHG": 1, "FTR": "D", "HC": 10, "HF": 18, "HR": 0, "HS": 14, "HST": 3, "HTAG": 0, "HTHG": 0, "HTR": "D", "HY": 3, "HomeTeam": "Sampdoria"},{"AC": 5, "AF": 17, "AR": 0, "AS": 10, "AST": 3, "AY": 3, "AwayTeam": "Juventus", "Date": "2014-12-05", "FTAG": 0, "FTHG": 0, "FTR": "D", "HC": 4, "HF": 11, "HR": 0, "HS": 9, "HST": 1, "HTAG": 0, "HTHG": 0, "HTR": "D", "HY": 2, "HomeTeam": "Fiorentina"},{"AC": 1, "AF": 15, "AR": 1, "AS": 6, "AST": 3, "AY": 2, "AwayTeam": "Sassuolo", "Date": "2014-12-06", "FTAG": 2, "FTHG": 2, "FTR": "D", "HC": 11, "HF": 17, "HR": 1, "HS": 21, "HST": 5, "HTAG": 2, "HTHG": 0, "HTR": "A", "HY": 2, "HomeTeam": "Roma"},{"AC": 1, "AF": 16, "AR": 0, "AS": 7, "AST": 3, "AY": 3, "AwayTeam": "Palermo", "Date": "2014-12-06", "FTAG": 2, "FTHG": 2, "FTR": "D", "HC": 6, "HF": 10, "HR": 0, "HS": 20, "HST": 6, "HTAG": 2, "HTHG": 1, "HTR": "A", "HY": 1, "HomeTeam": "Torino"},{"AC": 3, "AF": 27, "AR": 0, "AS": 8, "AST": 3, "AY": 5, "AwayTeam": "Cesena", "Date": "2014-12-07", "FTAG": 2, "FTHG": 3, "FTR": "H", "HC": 4, "HF": 23, "HR": 0, "HS": 20, "HST": 6, "HTAG": 2, "HTHG": 1, "HTR": "A", "HY": 3, "HomeTeam": "Atalanta"},{"AC": 10, "AF": 13, "AR": 0, "AS": 15, "AST": 6, "AY": 2, "AwayTeam": "Milan", "Date": "2014-12-07", "FTAG": 0, "FTHG": 1, "FTR": "H", "HC": 12, "HF": 16, "HR": 0, "HS": 13, "HST": 4, "HTAG": 0, "HTHG": 1, "HTR": "H", "HY": 3, "HomeTeam": "Genoa"},{"AC": 4, "AF": 8, "AR": 0, "AS": 16, "AST": 6, "AY": 1, "AwayTeam": "Udinese", "Date": "2014-12-07", "FTAG": 2, "FTHG": 1, "FTR": "A", "HC": 9, "HF": 11, "HR": 0, "HS": 16, "HST": 2, "HTAG": 0, "HTHG": 1, "HTR": "H", "HY": 2, "HomeTeam": "Inter"},{"AC": 2, "AF": 15, "AR": 0, "AS": 10, "AST": 4, "AY": 2, "AwayTeam": "Empoli", "Date": "2014-12-07", "FTAG": 2, "FTHG": 2, "FTR": "D", "HC": 9, "HF": 14, "HR": 0, "HS": 20, "HST": 10, "HTAG": 1, "HTHG": 0, "HTR": "A", "HY": 2, "HomeTeam": "Napoli"},{"AC": 3, "AF": 26, "AR": 0, "AS": 15, "AST": 5, "AY": 4, "AwayTeam": "Lazio", "Date": "2014-12-07", "FTAG": 2, "FTHG": 1, "FTR": "A", "HC": 1, "HF": 16, "HR": 0, "HS": 8, "HST": 1, "HTAG": 1, "HTHG": 1, "HTR": "D", "HY": 4, "HomeTeam": "Parma"},{"AC": 3, "AF": 26, "AR": 0, "AS": 10, "AST": 5, "AY": 3, "AwayTeam": "Chievo", "Date": "2014-12-08", "FTAG": 2, "FTHG": 0, "FTR": "A", "HC": 6, "HF": 20, "HR": 0, "HS": 10, "HST": 1, "HTAG": 2, "HTHG": 0, "HTR": "A", "HY": 6, "HomeTeam": "Cagliari"},{"AC": 4, "AF": 17, "AR": 0, "AS": 13, "AST": 7, "AY": 3, "AwayTeam": "Sampdoria", "Date": "2014-12-08", "FTAG": 3, "FTHG": 1, "FTR": "A", "HC": 10, "HF": 16, "HR": 1, "HS": 15, "HST": 6, "HTAG": 1, "HTHG": 1, "HTR": "D", "HY": 2, "HomeTeam": "Verona"},{"AC": 3, "AF": 13, "AR": 0, "AS": 6, "AST": 1, "AY": 2, "AwayTeam": "Atalanta", "Date": "2014-12-13", "FTAG": 0, "FTHG": 3, "FTR": "H", "HC": 10, "HF": 14, "HR": 0, "HS": 23, "HST": 9, "HTAG": 0, "HTHG": 0, "HTR": "D", "HY": 0, "HomeTeam": "Lazio"},{"AC": 4, "AF": 8, "AR": 2, "AS": 14, "AST": 7, "AY": 3, "AwayTeam": "Sassuolo", "Date": "2014-12-13", "FTAG": 1, "FTHG": 2, "FTR": "H", "HC": 5, "HF": 17, "HR": 0, "HS": 13, "HST": 4, "HTAG": 0, "HTHG": 1, "HTR": "H", "HY": 1, "HomeTeam": "Palermo"},{"AC": 5, "AF": 13, "AR": 0, "AS": 15, "AST": 6, "AY": 1, "AwayTeam": "Fiorentina", "Date": "2014-12-14", "FTAG": 4, "FTHG": 1, "FTR": "A", "HC": 3, "HF": 17, "HR": 1, "HS": 5, "HST": 0, "HTAG": 1, "HTHG": 0, "HTR": "A", "HY": 2, "HomeTeam": "Cesena"},{"AC": 6, "AF": 14, "AR": 0, "AS": 19, "AST": 6, "AY": 3, "AwayTeam": "Roma", "Date": "2014-12-14", "FTAG": 1, "FTHG": 0, "FTR": "A", "HC": 5, "HF": 7, "HR": 1, "HS": 7, "HST": 1, "HTAG": 1, "HTHG": 0, "HTR": "A", "HY": 2, "HomeTeam": "Genoa"},{"AC": 4, "AF": 11, "AR": 0, "AS": 10, "AST": 3, "AY": 5, "AwayTeam": "Sampdoria", "Date": "2014-12-14", "FTAG": 1, "FTHG": 1, "FTR": "D", "HC": 8, "HF": 18, "HR": 0, "HS": 19, "HST": 8, "HTAG": 0, "HTHG": 1, "HTR": "H", "HY": 2, "HomeTeam": "Juventus"},{"AC": 5, "AF": 17, "AR": 0, "AS": 14, "AST": 7, "AY": 2, "AwayTeam": "Napoli", "Date": "2014-12-14", "FTAG": 0, "FTHG": 2, "FTR": "H", "HC": 3, "HF": 12, "HR": 0, "HS": 11, "HST": 3, "HTAG": 0, "HTHG": 1, "HTR": "H", "HY": 3, "HomeTeam": "Milan"},{"AC": 3, "AF": 20, "AR": 0, "AS": 12, "AST": 3, "AY": 4, "AwayTeam": "Cagliari", "Date": "2014-12-14", "FTAG": 0, "FTHG": 0, "FTR": "D", "HC": 4, "HF": 22, "HR": 0, "HS": 6, "HST": 0, "HTAG": 0, "HTHG": 0, "HTR": "D", "HY": 4, "HomeTeam": "Parma"},{"AC": 6, "AF": 10, "AR": 0, "AS": 9, "AST": 4, "AY": 5, "AwayTeam": "Verona", "Date": "2014-12-14", "FTAG": 2, "FTHG": 1, "FTR": "A", "HC": 1, "HF": 13, "HR": 0, "HS": 13, "HST": 6, "HTAG": 1, "HTHG": 1, "HTR": "D", "HY": 2, "HomeTeam": "Udinese"},{"AC": 12, "AF": 23, "AR": 0, "AS": 18, "AST": 8, "AY": 1, "AwayTeam": "Inter", "Date": "2014-12-15", "FTAG": 2, "FTHG": 0, "FTR": "A", "HC": 7, "HF": 15, "HR": 1, "HS": 8, "HST": 3, "HTAG": 1, "HTHG": 0, "HTR": "A", "HY": 4, "HomeTeam": "Chievo"},{"AC": 2, "AF": 17, "AR": 1, "AS": 10, "AST": 3, "AY": 3, "AwayTeam": "Torino", "Date": "2014-12-15", "FTAG": 0, "FTHG": 0, "FTR": "D", "HC": 10, "HF": 13, "HR": 0, "HS": 17, "HST": 3, "HTAG": 0, "HTHG": 0, "HTR": "D", "HY": 2, "HomeTeam": "Empoli"},{"AC": 7, "AF": 7, "AR": 0, "AS": 13, "AST": 7, "AY": 0, "AwayTeam": "Juventus", "Date": "2014-12-18", "FTAG": 3, "FTHG": 1, "FTR": "A", "HC": 8, "HF": 16, "HR": 0, "HS": 16, "HST": 2, "HTAG": 2, "HTHG": 0, "HTR": "A", "HY": 4, "HomeTeam": "Cagliari"},{"AC": 2, "AF": 17, "AR": 0, "AS": 3, "AST": 0, "AY": 4, "AwayTeam": "Parma", "Date": "2014-12-18", "FTAG": 0, "FTHG": 2, "FTR": "H", "HC": 3, "HF": 11, "HR": 0, "HS": 18, "HST": 7, "HTAG": 0, "HTHG": 2, "HTR": "H", "HY": 1, "HomeTeam": "Napoli"},{"AC": 2, "AF": 21, "AR": 1, "AS": 9, "AST": 7, "AY": 2, "AwayTeam": "Milan", "Date": "2014-12-20", "FTAG": 0, "FTHG": 0, "FTR": "D", "HC": 10, "HF": 17, "HR": 0, "HS": 16, "HST": 5, "HTAG": 0, "HTHG": 0, "HTR": "D", "HY": 4, "HomeTeam": "Roma"},{"AC": 6, "AF": 17, "AR": 0, "AS": 6, "AST": 2, "AY": 1, "AwayTeam": "Cesena", "Date": "2014-12-20", "FTAG": 1, "FTHG": 1, "FTR": "D", "HC": 12, "HF": 15, "HR": 0, "HS": 17, "HST": 9, "HTAG": 0, "HTHG": 0, "HTR": "D", "HY": 4, "HomeTeam": "Sassuolo"},{"AC": 6, "AF": 17, "AR": 0, "AS": 15, "AST": 5, "AY": 2, "AwayTeam": "Palermo", "Date": "2014-12-21", "FTAG": 3, "FTHG": 3, "FTR": "D", "HC": 3, "HF": 20, "HR": 0, "HS": 13, "HST": 5, "HTAG": 3, "HTHG": 1, "HTR": "A", "HY": 5, "HomeTeam": "Atalanta"},{"AC": 3, "AF": 16, "AR": 0, "AS": 9, "AST": 4, "AY": 4, "AwayTeam": "Empoli", "Date": "2014-12-21", "FTAG": 1, "FTHG": 1, "FTR": "D", "HC": 11, "HF": 11, "HR": 0, "HS": 18, "HST": 6, "HTAG": 0, "HTHG": 1, "HTR": "H", "HY": 3, "HomeTeam": "Fiorentina"},{"AC": 0, "AF": 14, "AR": 0, "AS": 5, "AST": 2, "AY": 4, "AwayTeam": "Lazio", "Date": "2014-12-21", "FTAG": 2, "FTHG": 2, "FTR": "D", "HC": 9, "HF": 7, "HR": 0, "HS": 16, "HST": 6, "HTAG": 2, "HTHG": 0, "HTR": "A", "HY": 1, "HomeTeam": "Inter"},{"AC": 5, "AF": 23, "AR": 1, "AS": 8, "AST": 4, "AY": 4, "AwayTeam": "Udinese", "Date": "2014-12-21", "FTAG": 2, "FTHG": 2, "FTR": "D", "HC": 13, "HF": 14, "HR": 0, "HS": 20, "HST": 5, "HTAG": 2, "HTHG": 1, "HTR": "A", "HY": 3, "HomeTeam": "Sampdoria"},{"AC": 4, "AF": 19, "AR": 0, "AS": 12, "AST": 4, "AY": 4, "AwayTeam": "Genoa", "Date": "2014-12-21", "FTAG": 1, "FTHG": 2, "FTR": "H", "HC": 3, "HF": 24, "HR": 0, "HS": 10, "HST": 4, "HTAG": 1, "HTHG": 0, "HTR": "A", "HY": 1, "HomeTeam": "Torino"},{"AC": 4, "AF": 16, "AR": 0, "AS": 10, "AST": 4, "AY": 2, "AwayTeam": "Chievo", "Date": "2014-12-21", "FTAG": 1, "FTHG": 0, "FTR": "A", "HC": 6, "HF": 15, "HR": 0, "HS": 12, "HST": 1, "HTAG": 0, "HTHG": 0, "HTR": "D", "HY": 3, "HomeTeam": "Verona"},{"AC": 1, "AF": 9, "AR": 0, "AS": 2, "AST": 1, "AY": 2, "AwayTeam": "Sampdoria", "Date": "2015-01-05", "FTAG": 0, "FTHG": 3, "FTR": "H", "HC": 12, "HF": 20, "HR": 0, "HS": 21, "HST": 8, "HTAG": 0, "HTHG": 2, "HTR": "H", "HY": 2, "HomeTeam": "Lazio"},{"AC": 6, "AF": 14, "AR": 0, "AS": 16, "AST": 6, "AY": 2, "AwayTeam": "Napoli", "Date": "2015-01-06", "FTAG": 4, "FTHG": 1, "FTR": "A", "HC": 2, "HF": 7, "HR": 0, "HS": 10, "HST": 3, "HTAG": 2, "HTHG": 0, "HTR": "A", "HY": 2, "HomeTeam": "Cesena"},{"AC": 0, "AF": 17, "AR": 0, "AS": 8, "AST": 3, "AY": 3, "AwayTeam": "Torino", "Date": "2015-01-06", "FTAG": 0, "FTHG": 0, "FTR": "D", "HC": 9, "HF": 18, "HR": 0, "HS": 18, "HST": 6, "HTAG": 0, "HTHG": 0, "HTR": "D", "HY": 2, "HomeTeam": "Chievo"},{"AC": 1, "AF": 20, "AR": 1, "AS": 10, "AST": 5, "AY": 3, "AwayTeam": "Verona", "Date": "2015-01-06", "FTAG": 0, "FTHG": 0, "FTR": "D", "HC": 11, "HF": 17, "HR": 1, "HS": 19, "HST": 5, "HTAG": 0, "HTHG": 0, "HTR": "D", "HY": 0, "HomeTeam": "Empoli"},{"AC": 2, "AF": 14, "AR": 0, "AS": 7, "AST": 6, "AY": 4, "AwayTeam": "Atalanta", "Date": "2015-01-06", "FTAG": 2, "FTHG": 2, "FTR": "D", "HC": 12, "HF": 13, "HR": 0, "HS": 17, "HST": 7, "HTAG": 1, "HTHG": 0, "HTR": "A", "HY": 4, "HomeTeam": "Genoa"},{"AC": 3, "AF": 12, "AR": 1, "AS": 13, "AST": 2, "AY": 5, "AwayTeam": "Inter", "Date": "2015-01-06", "FTAG": 1, "FTHG": 1, "FTR": "D", "HC": 11, "HF": 10, "HR": 0, "HS": 11, "HST": 5, "HTAG": 0, "HTHG": 1, "HTR": "H", "HY": 2, "HomeTeam": "Juventus"},{"AC": 1, "AF": 17, "AR": 0, "AS": 8, "AST": 2, "AY": 3, "AwayTeam": "Sassuolo", "Date": "2015-01-06", "FTAG": 2, "FTHG": 1, "FTR": "A", "HC": 9, "HF": 19, "HR": 0, "HS": 13, "HST": 4, "HTAG": 1, "HTHG": 1, "HTR": "D", "HY": 3, "HomeTeam": "Milan"},{"AC": 1, "AF": 17, "AR": 1, "AS": 11, "AST": 2, "AY": 3, "AwayTeam": "Cagliari", "Date": "2015-01-06", "FTAG": 0, "FTHG": 5, "FTR": "H", "HC": 7, "HF": 16, "HR": 0, "HS": 16, "HST": 7, "HTAG": 0, "HTHG": 3, "HTR": "H", "HY": 3, "HomeTeam": "Palermo"},{"AC": 2, "AF": 15, "AR": 2, "AS": 17, "AST": 7, "AY": 1, "AwayTeam": "Fiorentina", "Date": "2015-01-06", "FTAG": 0, "FTHG": 1, "FTR": "H", "HC": 3, "HF": 20, "HR": 0, "HS": 6, "HST": 2, "HTAG": 0, "HTHG": 1, "HTR": "H", "HY": 6, "HomeTeam": "Parma"},{"AC": 4, "AF": 16, "AR": 0, "AS": 13, "AST": 7, "AY": 5, "AwayTeam": "Roma", "Date": "2015-01-06", "FTAG": 1, "FTHG": 0, "FTR": "A", "HC": 5, "HF": 12, "HR": 0, "HS": 8, "HST": 2, "HTAG": 1, "HTHG": 0, "HTR": "A", "HY": 1, "HomeTeam": "Udinese"},{"AC": 4, "AF": 22, "AR": 0, "AS": 6, "AST": 3, "AY": 2, "AwayTeam": "Udinese", "Date": "2015-01-10", "FTAG": 1, "FTHG": 1, "FTR": "D", "HC": 10, "HF": 13, "HR": 0, "HS": 18, "HST": 2, "HTAG": 1, "HTHG": 1, "HTR": "D", "HY": 3, "HomeTeam": "Sassuolo"},{"AC": 0, "AF": 15, "AR": 1, "AS": 8, "AST": 1, "AY": 3, "AwayTeam": "Milan", "Date": "2015-01-10", "FTAG": 1, "FTHG": 1, "FTR": "D", "HC": 9, "HF": 15, "HR": 0, "HS": 26, "HST": 5, "HTAG": 1, "HTHG": 0, "HTR": "A", "HY": 1, "HomeTeam": "Torino"},{"AC": 7, "AF": 20, "AR": 0, "AS": 11, "AST": 4, "AY": 0, "AwayTeam": "Chievo", "Date": "2015-01-11", "FTAG": 1, "FTHG": 1, "FTR": "D", "HC": 9, "HF": 13, "HR": 1, "HS": 16, "HST": 6, "HTAG": 0, "HTHG": 0, "HTR": "D", "HY": 3, "HomeTeam": "Atalanta"},{"AC": 11, "AF": 17, "AR": 0, "AS": 16, "AST": 5, "AY": 3, "AwayTeam": "Cesena", "Date": "2015-01-11", "FTAG": 1, "FTHG": 2, "FTR": "H", "HC": 4, "HF": 20, "HR": 0, "HS": 9, "HST": 6, "HTAG": 0, "HTHG": 2, "HTR": "H", "HY": 1, "HomeTeam": "Cagliari"},{"AC": 3, "AF": 12, "AR": 0, "AS": 7, "AST": 5, "AY": 2, "AwayTeam": "Palermo", "Date": "2015-01-11", "FTAG": 3, "FTHG": 4, "FTR": "H", "HC": 7, "HF": 10, "HR": 0, "HS": 22, "HST": 8, "HTAG": 0, "HTHG": 1, "HTR": "H", "HY": 4, "HomeTeam": "Fiorentina"},{"AC": 5, "AF": 13, "AR": 0, "AS": 13, "AST": 6, "AY": 2, "AwayTeam": "Genoa", "Date": "2015-01-11", "FTAG": 1, "FTHG": 3, "FTR": "H", "HC": 5, "HF": 18, "HR": 0, "HS": 16, "HST": 7, "HTAG": 0, "HTHG": 2, "HTR": "H", "HY": 1, "HomeTeam": "Inter"},{"AC": 2, "AF": 12, "AR": 0, "AS": 8, "AST": 5, "AY": 2, "AwayTeam": "Juventus", "Date": "2015-01-11", "FTAG": 3, "FTHG": 1, "FTR": "A", "HC": 9, "HF": 14, "HR": 0, "HS": 10, "HST": 2, "HTAG": 1, "HTHG": 0, "HTR": "A", "HY": 4, "HomeTeam": "Napoli"},{"AC": 5, "AF": 13, "AR": 0, "AS": 13, "AST": 7, "AY": 4, "AwayTeam": "Lazio", "Date": "2015-01-11", "FTAG": 2, "FTHG": 2, "FTR": "D", "HC": 3, "HF": 14, "HR": 0, "HS": 11, "HST": 4, "HTAG": 2, "HTHG": 0, "HTR": "A", "HY": 4, "HomeTeam": "Roma"},{"AC": 2, "AF": 15, "AR": 0, "AS": 7, "AST": 2, "AY": 2, "AwayTeam": "Empoli", "Date": "2015-01-11", "FTAG": 0, "FTHG": 1, "FTR": "H", "HC": 8, "HF": 19, "HR": 0, "HS": 17, "HST": 6, "HTAG": 0, "HTHG": 0, "HTR": "D", "HY": 1, "HomeTeam": "Sampdoria"},{"AC": 4, "AF": 12, "AR": 0, "AS": 9, "AST": 2, "AY": 0, "AwayTeam": "Parma", "Date": "2015-01-11", "FTAG": 1, "FTHG": 3, "FTR": "H", "HC": 2, "HF": 13, "HR": 0, "HS": 11, "HST": 6, "HTAG": 0, "HTHG": 1, "HTR": "H", "HY": 1, "HomeTeam": "Verona"},{"AC": 3, "AF": 15, "AR": 0, "AS": 8, "AST": 1, "AY": 2, "AwayTeam": "Inter", "Date": "2015-01-17", "FTAG": 0, "FTHG": 0, "FTR": "D", "HC": 10, "HF": 12, "HR": 0, "HS": 18, "HST": 5, "HTAG": 0, "HTHG": 0, "HTR": "D", "HY": 1, "HomeTeam": "Empoli"},{"AC": 3, "AF": 18, "AR": 0, "AS": 12, "AST": 3, "AY": 3, "AwayTeam": "Roma", "Date": "2015-01-17", "FTAG": 1, "FTHG": 1, "FTR": "D", "HC": 1, "HF": 15, "HR": 0, "HS": 6, "HST": 3, "HTAG": 0, "HTHG": 1, "HTR": "H", "HY": 2, "HomeTeam": "Palermo"},{"AC": 1, "AF": 17, "AR": 0, "AS": 8, "AST": 4, "AY": 5, "AwayTeam": "Torino", "Date": "2015-01-18", "FTAG": 3, "FTHG": 2, "FTR": "A", "HC": 1, "HF": 22, "HR": 0, "HS": 13, "HST": 4, "HTAG": 2, "HTHG": 1, "HTR": "A", "HY": 5, "HomeTeam": "Cesena"},{"AC": 10, "AF": 13, "AR": 0, "AS": 21, "AST": 6, "AY": 1, "AwayTeam": "Fiorentina", "Date": "2015-01-18", "FTAG": 2, "FTHG": 1, "FTR": "A", "HC": 4, "HF": 17, "HR": 0, "HS": 18, "HST": 7, "HTAG": 1, "HTHG": 0, "HTR": "A", "HY": 2, "HomeTeam": "Chievo"},{"AC": 5, "AF": 22, "AR": 0, "AS": 15, "AST": 9, "AY": 4, "AwayTeam": "Sassuolo", "Date": "2015-01-18", "FTAG": 3, "FTHG": 3, "FTR": "D", "HC": 4, "HF": 16, "HR": 0, "HS": 13, "HST": 7, "HTAG": 1, "HTHG": 1, "HTR": "D", "HY": 1, "HomeTeam": "Genoa"},{"AC": 0, "AF": 9, "AR": 0, "AS": 5, "AST": 1, "AY": 2, "AwayTeam": "Verona", "Date": "2015-01-18", "FTAG": 0, "FTHG": 4, "FTR": "H", "HC": 6, "HF": 11, "HR": 0, "HS": 18, "HST": 8, "HTAG": 0, "HTHG": 2, "HTR": "H", "HY": 0, "HomeTeam": "Juventus"},{"AC": 2, "AF": 15, "AR": 0, "AS": 9, "AST": 5, "AY": 3, "AwayTeam": "Napoli", "Date": "2015-01-18", "FTAG": 1, "FTHG": 0, "FTR": "A", "HC": 5, "HF": 10, "HR": 0, "HS": 21, "HST": 3, "HTAG": 1, "HTHG": 0, "HTR": "A", "HY": 3, "HomeTeam": "Lazio"},{"AC": 4, "AF": 17, "AR": 0, "AS": 15, "AST": 5, "AY": 5, "AwayTeam": "Atalanta", "Date": "2015-01-18", "FTAG": 1, "FTHG": 0, "FTR": "A", "HC": 11, "HF": 10, "HR": 0, "HS": 15, "HST": 4, "HTAG": 1, "HTHG": 0, "HTR": "A", "HY": 2, "HomeTeam": "Milan"},{"AC": 2, "AF": 12, "AR": 0, "AS": 14, "AST": 5, "AY": 1, "AwayTeam": "Sampdoria", "Date": "2015-01-18", "FTAG": 2, "FTHG": 0, "FTR": "A", "HC": 3, "HF": 15, "HR": 0, "HS": 8, "HST": 1, "HTAG": 0, "HTHG": 0, "HTR": "D", "HY": 2, "HomeTeam": "Parma"},{"AC": 7, "AF": 18, "AR": 0, "AS": 12, "AST": 6, "AY": 4, "AwayTeam": "Cagliari", "Date": "2015-01-18", "FTAG": 2, "FTHG": 2, "FTR": "D", "HC": 5, "HF": 18, "HR": 0, "HS": 12, "HST": 3, "HTAG": 1, "HTHG": 0, "HTR": "A", "HY": 1, "HomeTeam": "Udinese"},{"AC": 6, "AF": 13, "AR": 1, "AS": 13, "AST": 3, "AY": 2, "AwayTeam": "Sassuolo", "Date": "2015-01-24", "FTAG": 1, "FTHG": 2, "FTR": "H", "HC": 4, "HF": 21, "HR": 0, "HS": 10, "HST": 4, "HTAG": 0, "HTHG": 1, "HTR": "H", "HY": 4, "HomeTeam": "Cagliari"},{"AC": 1, "AF": 17, "AR": 1, "AS": 2, "AST": 2, "AY": 3, "AwayTeam": "Milan", "Date": "2015-01-24", "FTAG": 1, "FTHG": 3, "FTR": "H", "HC": 5, "HF": 19, "HR": 0, "HS": 18, "HST": 6, "HTAG": 1, "HTHG": 0, "HTR": "A", "HY": 4, "HomeTeam": "Lazio"},{"AC": 4, "AF": 17, "AR": 0, "AS": 15, "AST": 6, "AY": 2, "AwayTeam": "Roma", "Date": "2015-01-25", "FTAG": 1, "FTHG": 1, "FTR": "D", "HC": 6, "HF": 19, "HR": 0, "HS": 18, "HST": 3, "HTAG": 0, "HTHG": 1, "HTR": "H", "HY": 2, "HomeTeam": "Fiorentina"},{"AC": 5, "AF": 18, "AR": 0, "AS": 9, "AST": 2, "AY": 2, "AwayTeam": "Torino", "Date": "2015-01-25", "FTAG": 1, "FTHG": 0, "FTR": "A", "HC": 8, "HF": 16, "HR": 0, "HS": 14, "HST": 2, "HTAG": 0, "HTHG": 0, "HTR": "D", "HY": 2, "HomeTeam": "Inter"},{"AC": 1, "AF": 14, "AR": 0, "AS": 8, "AST": 1, "AY": 4, "AwayTeam": "Chievo", "Date": "2015-01-25", "FTAG": 0, "FTHG": 2, "FTR": "H", "HC": 9, "HF": 19, "HR": 0, "HS": 29, "HST": 8, "HTAG": 0, "HTHG": 0, "HTR": "D", "HY": 2, "HomeTeam": "Juventus"},{"AC": 3, "AF": 19, "AR": 0, "AS": 10, "AST": 5, "AY": 3, "AwayTeam": "Cesena", "Date": "2015-01-25", "FTAG": 2, "FTHG": 1, "FTR": "A", "HC": 5, "HF": 26, "HR": 0, "HS": 18, "HST": 2, "HTAG": 1, "HTHG": 0, "HTR": "A", "HY": 4, "HomeTeam": "Parma"},{"AC": 8, "AF": 17, "AR": 1, "AS": 16, "AST": 6, "AY": 3, "AwayTeam": "Palermo", "Date": "2015-01-25", "FTAG": 1, "FTHG": 1, "FTR": "D", "HC": 11, "HF": 20, "HR": 0, "HS": 14, "HST": 6, "HTAG": 0, "HTHG": 1, "HTR": "H", "HY": 3, "HomeTeam": "Sampdoria"},{"AC": 3, "AF": 14, "AR": 0, "AS": 16, "AST": 3, "AY": 2, "AwayTeam": "Atalanta", "Date": "2015-01-25", "FTAG": 0, "FTHG": 1, "FTR": "H", "HC": 0, "HF": 10, "HR": 0, "HS": 17, "HST": 6, "HTAG": 0, "HTHG": 0, "HTR": "D", "HY": 2, "HomeTeam": "Verona"},{"AC": 4, "AF": 17, "AR": 1, "AS": 10, "AST": 3, "AY": 2, "AwayTeam": "Udinese", "Date": "2015-01-26", "FTAG": 2, "FTHG": 1, "FTR": "A", "HC": 6, "HF": 14, "HR": 0, "HS": 17, "HST": 4, "HTAG": 1, "HTHG": 1, "HTR": "D", "HY": 2, "HomeTeam": "Empoli"},{"AC": 7, "AF": 17, "AR": 0, "AS": 12, "AST": 5, "AY": 4, "AwayTeam": "Genoa", "Date": "2015-01-26", "FTAG": 1, "FTHG": 2, "FTR": "H", "HC": 6, "HF": 14, "HR": 0, "HS": 16, "HST": 5, "HTAG": 0, "HTHG": 1, "HTR": "H", "HY": 3, "HomeTeam": "Napoli"},{"AC": 3, "AF": 17, "AR": 0, "AS": 9, "AST": 5, "AY": 1, "AwayTeam": "Fiorentina", "Date": "2015-01-31", "FTAG": 1, "FTHG": 1, "FTR": "D", "HC": 8, "HF": 19, "HR": 1, "HS": 14, "HST": 4, "HTAG": 0, "HTHG": 1, "HTR": "H", "HY": 1, "HomeTeam": "Genoa"},{"AC": 3, "AF": 10, "AR": 1, "AS": 7, "AST": 1, "AY": 2, "AwayTeam": "Empoli", "Date": "2015-01-31", "FTAG": 1, "FTHG": 1, "FTR": "D", "HC": 7, "HF": 18, "HR": 1, "HS": 20, "HST": 3, "HTAG": 1, "HTHG": 0, "HTR": "A", "HY": 3, "HomeTeam": "Roma"},{"AC": 4, "AF": 13, "AR": 0, "AS": 13, "AST": 6, "AY": 2, "AwayTeam": "Cagliari", "Date": "2015-02-01", "FTAG": 1, "FTHG": 2, "FTR": "H", "HC": 13, "HF": 10, "HR": 0, "HS": 14, "HST": 6, "HTAG": 1, "HTHG": 1, "HTR": "D", "HY": 2, "HomeTeam": "Atalanta"},{"AC": 5, "AF": 14, "AR": 0, "AS": 10, "AST": 6, "AY": 3, "AwayTeam": "Lazio", "Date": "2015-02-01", "FTAG": 1, "FTHG": 2, "FTR": "H", "HC": 2, "HF": 15, "HR": 0, "HS": 13, "HST": 4, "HTAG": 0, "HTHG": 0, "HTR": "D", "HY": 1, "HomeTeam": "Cesena"},{"AC": 6, "AF": 14, "AR": 0, "AS": 12, "AST": 4, "AY": 0, "AwayTeam": "Napoli", "Date": "2015-02-01", "FTAG": 2, "FTHG": 1, "FTR": "A", "HC": 2, "HF": 12, "HR": 0, "HS": 16, "HST": 3, "HTAG": 1, "HTHG": 1, "HTR": "D", "HY": 1, "HomeTeam": "Chievo"},{"AC": 6, "AF": 23, "AR": 0, "AS": 13, "AST": 5, "AY": 3, "AwayTeam": "Parma", "Date": "2015-02-01", "FTAG": 1, "FTHG": 3, "FTR": "H", "HC": 1, "HF": 19, "HR": 0, "HS": 17, "HST": 9, "HTAG": 1, "HTHG": 1, "HTR": "D", "HY": 2, "HomeTeam": "Milan"},{"AC": 4, "AF": 12, "AR": 0, "AS": 11, "AST": 4, "AY": 2, "AwayTeam": "Verona", "Date": "2015-02-01", "FTAG": 1, "FTHG": 2, "FTR": "H", "HC": 10, "HF": 16, "HR": 0, "HS": 14, "HST": 5, "HTAG": 1, "HTHG": 1, "HTR": "D", "HY": 1, "HomeTeam": "Palermo"},{"AC": 8, "AF": 14, "AR": 1, "AS": 15, "AST": 4, "AY": 4, "AwayTeam": "Inter", "Date": "2015-02-01", "FTAG": 1, "FTHG": 3, "FTR": "H", "HC": 5, "HF": 15, "HR": 1, "HS": 10, "HST": 4, "HTAG": 0, "HTHG": 2, "HTR": "H", "HY": 3, "HomeTeam": "Sassuolo"},{"AC": 7, "AF": 20, "AR": 0, "AS": 12, "AST": 1, "AY": 2, "AwayTeam": "Sampdoria", "Date": "2015-02-01", "FTAG": 1, "FTHG": 5, "FTR": "H", "HC": 4, "HF": 12, "HR": 0, "HS": 18, "HST": 9, "HTAG": 0, "HTHG": 2, "HTR": "H", "HY": 1, "HomeTeam": "Torino"},{"AC": 9, "AF": 16, "AR": 0, "AS": 13, "AST": 2, "AY": 1, "AwayTeam": "Juventus", "Date": "2015-02-01", "FTAG": 0, "FTHG": 0, "FTR": "D", "HC": 5, "HF": 13, "HR": 0, "HS": 11, "HST": 2, "HTAG": 0, "HTHG": 0, "HTR": "D", "HY": 2, "HomeTeam": "Udinese"},{"AC": 6, "AF": 14, "AR": 0, "AS": 11, "AST": 3, "AY": 1, "AwayTeam": "Milan", "Date": "2015-02-07", "FTAG": 1, "FTHG": 3, "FTR": "H", "HC": 7, "HF": 20, "HR": 0, "HS": 20, "HST": 8, "HTAG": 1, "HTHG": 2, "HTR": "H", "HY": 2, "HomeTeam": "Juventus"},{"AC": 4, "AF": 16, "AR": 0, "AS": 13, "AST": 5, "AY": 3, "AwayTeam": "Torino", "Date": "2015-02-07", "FTAG": 3, "FTHG": 1, "FTR": "A", "HC": 8, "HF": 15, "HR": 0, "HS": 17, "HST": 5, "HTAG": 1, "HTHG": 0, "HTR": "A", "HY": 1, "HomeTeam": "Verona"},{"AC": 6, "AF": 13, "AR": 0, "AS": 11, "AST": 6, "AY": 3, "AwayTeam": "Roma", "Date": "2015-02-08", "FTAG": 2, "FTHG": 1, "FTR": "A", "HC": 5, "HF": 10, "HR": 0, "HS": 17, "HST": 6, "HTAG": 1, "HTHG": 0, "HTR": "A", "HY": 2, "HomeTeam": "Cagliari"},{"AC": 3, "AF": 22, "AR": 0, "AS": 10, "AST": 2, "AY": 4, "AwayTeam": "Cesena", "Date": "2015-02-08", "FTAG": 0, "FTHG": 2, "FTR": "H", "HC": 4, "HF": 14, "HR": 0, "HS": 14, "HST": 5, "HTAG": 0, "HTHG": 1, "HTR": "H", "HY": 2, "HomeTeam": "Empoli"},{"AC": 7, "AF": 19, "AR": 0, "AS": 12, "AST": 4, "AY": 1, "AwayTeam": "Atalanta", "Date": "2015-02-08", "FTAG": 2, "FTHG": 3, "FTR": "H", "HC": 7, "HF": 11, "HR": 0, "HS": 18, "HST": 8, "HTAG": 1, "HTHG": 1, "HTR": "D", "HY": 1, "HomeTeam": "Fiorentina"},{"AC": 3, "AF": 16, "AR": 0, "AS": 8, "AST": 1, "AY": 3, "AwayTeam": "Palermo", "Date": "2015-02-08", "FTAG": 0, "FTHG": 3, "FTR": "H", "HC": 8, "HF": 19, "HR": 0, "HS": 17, "HST": 5, "HTAG": 0, "HTHG": 1, "HTR": "H", "HY": 2, "HomeTeam": "Inter"},{"AC": 7, "AF": 14, "AR": 0, "AS": 11, "AST": 3, "AY": 4, "AwayTeam": "Udinese", "Date": "2015-02-08", "FTAG": 1, "FTHG": 3, "FTR": "H", "HC": 1, "HF": 11, "HR": 0, "HS": 10, "HST": 4, "HTAG": 1, "HTHG": 2, "HTR": "H", "HY": 2, "HomeTeam": "Napoli"},{"AC": 5, "AF": 20, "AR": 0, "AS": 19, "AST": 4, "AY": 5, "AwayTeam": "Sassuolo", "Date": "2015-02-08", "FTAG": 1, "FTHG": 1, "FTR": "D", "HC": 4, "HF": 29, "HR": 0, "HS": 10, "HST": 5, "HTAG": 1, "HTHG": 1, "HTR": "D", "HY": 4, "HomeTeam": "Sampdoria"},{"AC": 1, "AF": 12, "AR": 0, "AS": 9, "AST": 5, "AY": 5, "AwayTeam": "Genoa", "Date": "2015-02-09", "FTAG": 1, "FTHG": 0, "FTR": "A", "HC": 4, "HF": 27, "HR": 1, "HS": 7, "HST": 1, "HTAG": 1, "HTHG": 0, "HTR": "A", "HY": 4, "HomeTeam": "Lazio"},{"AC": 5, "AF": 21, "AR": 0, "AS": 14, "AST": 3, "AY": 3, "AwayTeam": "Chievo", "Date": "2015-02-11", "FTAG": 1, "FTHG": 0, "FTR": "A", "HC": 3, "HF": 29, "HR": 1, "HS": 10, "HST": 2, "HTAG": 0, "HTHG": 0, "HTR": "D", "HY": 3, "HomeTeam": "Parma"},{"AC": 7, "AF": 18, "AR": 0, "AS": 8, "AST": 3, "AY": 2, "AwayTeam": "Napoli", "Date": "2015-02-14", "FTAG": 1, "FTHG": 3, "FTR": "H", "HC": 1, "HF": 18, "HR": 0, "HS": 7, "HST": 4, "HTAG": 0, "HTHG": 2, "HTR": "H", "HY": 3, "HomeTeam": "Palermo"},{"AC": 5, "AF": 21, "AR": 0, "AS": 15, "AST": 10, "AY": 2, "AwayTeam": "Fiorentina", "Date": "2015-02-14", "FTAG": 3, "FTHG": 1, "FTR": "A", "HC": 8, "HF": 17, "HR": 0, "HS": 15, "HST": 6, "HTAG": 2, "HTHG": 0, "HTR": "A", "HY": 3, "HomeTeam": "Sassuolo"},{"AC": 9, "AF": 13, "AR": 0, "AS": 18, "AST": 7, "AY": 2, "AwayTeam": "Inter", "Date": "2015-02-15", "FTAG": 4, "FTHG": 1, "FTR": "A", "HC": 6, "HF": 9, "HR": 1, "HS": 9, "HST": 2, "HTAG": 2, "HTHG": 1, "HTR": "A", "HY": 4, "HomeTeam": "Atalanta"},{"AC": 3, "AF": 18, "AR": 0, "AS": 15, "AST": 4, "AY": 2, "AwayTeam": "Juventus", "Date": "2015-02-15", "FTAG": 2, "FTHG": 2, "FTR": "D", "HC": 4, "HF": 11, "HR": 0, "HS": 12, "HST": 6, "HTAG": 2, "HTHG": 1, "HTR": "A", "HY": 2, "HomeTeam": "Cesena"},{"AC": 11, "AF": 14, "AR": 0, "AS": 13, "AST": 3, "AY": 3, "AwayTeam": "Sampdoria", "Date": "2015-02-15", "FTAG": 1, "FTHG": 2, "FTR": "H", "HC": 2, "HF": 17, "HR": 0, "HS": 8, "HST": 4, "HTAG": 0, "HTHG": 2, "HTR": "H", "HY": 3, "HomeTeam": "Chievo"},{"AC": 5, "AF": 30, "AR": 0, "AS": 12, "AST": 6, "AY": 4, "AwayTeam": "Verona", "Date": "2015-02-15", "FTAG": 2, "FTHG": 5, "FTR": "H", "HC": 4, "HF": 26, "HR": 0, "HS": 11, "HST": 6, "HTAG": 1, "HTHG": 3, "HTR": "H", "HY": 2, "HomeTeam": "Genoa"},{"AC": 3, "AF": 17, "AR": 0, "AS": 16, "AST": 3, "AY": 2, "AwayTeam": "Empoli", "Date": "2015-02-15", "FTAG": 1, "FTHG": 1, "FTR": "D", "HC": 2, "HF": 23, "HR": 1, "HS": 7, "HST": 2, "HTAG": 0, "HTHG": 1, "HTR": "H", "HY": 3, "HomeTeam": "Milan"},{"AC": 5, "AF": 14, "AR": 0, "AS": 5, "AST": 0, "AY": 4, "AwayTeam": "Parma", "Date": "2015-02-15", "FTAG": 0, "FTHG": 0, "FTR": "D", "HC": 10, "HF": 7, "HR": 0, "HS": 19, "HST": 4, "HTAG": 0, "HTHG": 0, "HTR": "D", "HY": 0, "HomeTeam": "Roma"},{"AC": 5, "AF": 15, "AR": 0, "AS": 11, "AST": 3, "AY": 3, "AwayTeam": "Cagliari", "Date": "2015-02-15", "FTAG": 1, "FTHG": 1, "FTR": "D", "HC": 4, "HF": 19, "HR": 0, "HS": 17, "HST": 7, "HTAG": 1, "HTHG": 1, "HTR": "D", "HY": 3, "HomeTeam": "Torino"},{"AC": 2, "AF": 20, "AR": 0, "AS": 12, "AST": 2, "AY": 5, "AwayTeam": "Lazio", "Date": "2015-02-15", "FTAG": 1, "FTHG": 0, "FTR": "A", "HC": 3, "HF": 15, "HR": 0, "HS": 12, "HST": 6, "HTAG": 1, "HTHG": 0, "HTR": "A", "HY": 2, "HomeTeam": "Udinese"},{"AC": 5, "AF": 15, "AR": 0, "AS": 11, "AST": 3, "AY": 3, "AwayTeam": "Atalanta", "Date": "2015-02-20", "FTAG": 1, "FTHG": 2, "FTR": "H", "HC": 6, "HF": 13, "HR": 0, "HS": 13, "HST": 6, "HTAG": 1, "HTHG": 2, "HTR": "H", "HY": 5, "HomeTeam": "Juventus"},{"AC": 3, "AF": 14, "AR": 0, "AS": 10, "AST": 3, "AY": 2, "AwayTeam": "Chievo", "Date": "2015-02-22", "FTAG": 0, "FTHG": 3, "FTR": "H", "HC": 9, "HF": 11, "HR": 0, "HS": 15, "HST": 5, "HTAG": 0, "HTHG": 1, "HTR": "H", "HY": 0, "HomeTeam": "Empoli"},{"AC": 1, "AF": 12, "AR": 0, "AS": 11, "AST": 5, "AY": 4, "AwayTeam": "Torino", "Date": "2015-02-22", "FTAG": 1, "FTHG": 1, "FTR": "D", "HC": 8, "HF": 19, "HR": 0, "HS": 23, "HST": 4, "HTAG": 0, "HTHG": 0, "HTR": "D", "HY": 1, "HomeTeam": "Fiorentina"},{"AC": 2, "AF": 19, "AR": 1, "AS": 9, "AST": 6, "AY": 3, "AwayTeam": "Palermo", "Date": "2015-02-22", "FTAG": 1, "FTHG": 2, "FTR": "H", "HC": 6, "HF": 19, "HR": 0, "HS": 16, "HST": 8, "HTAG": 1, "HTHG": 1, "HTR": "D", "HY": 3, "HomeTeam": "Lazio"},{"AC": 4, "AF": 26, "AR": 0, "AS": 10, "AST": 2, "AY": 5, "AwayTeam": "Cesena", "Date": "2015-02-22", "FTAG": 0, "FTHG": 2, "FTR": "H", "HC": 7, "HF": 13, "HR": 0, "HS": 14, "HST": 2, "HTAG": 0, "HTHG": 1, "HTR": "H", "HY": 1, "HomeTeam": "Milan"},{"AC": 8, "AF": 8, "AR": 0, "AS": 16, "AST": 7, "AY": 3, "AwayTeam": "Roma", "Date": "2015-02-22", "FTAG": 1, "FTHG": 1, "FTR": "D", "HC": 6, "HF": 11, "HR": 0, "HS": 8, "HST": 2, "HTAG": 1, "HTHG": 1, "HTR": "D", "HY": 2, "HomeTeam": "Verona"},{"AC": 7, "AF": 21, "AR": 0, "AS": 19, "AST": 9, "AY": 2, "AwayTeam": "Inter", "Date": "2015-02-23", "FTAG": 2, "FTHG": 1, "FTR": "A", "HC": 8, "HF": 18, "HR": 0, "HS": 13, "HST": 5, "HTAG": 0, "HTHG": 0, "HTR": "D", "HY": 2, "HomeTeam": "Cagliari"},{"AC": 3, "AF": 15, "AR": 0, "AS": 10, "AST": 1, "AY": 2, "AwayTeam": "Sassuolo", "Date": "2015-02-23", "FTAG": 0, "FTHG": 2, "FTR": "H", "HC": 7, "HF": 20, "HR": 1, "HS": 14, "HST": 3, "HTAG": 0, "HTHG": 0, "HTR": "D", "HY": 3, "HomeTeam": "Napoli"},{"AC": 8, "AF": 19, "AR": 0, "AS": 17, "AST": 4, "AY": 1, "AwayTeam": "Genoa", "Date": "2015-02-24", "FTAG": 1, "FTHG": 1, "FTR": "D", "HC": 3, "HF": 18, "HR": 0, "HS": 9, "HST": 3, "HTAG": 1, "HTHG": 1, "HTR": "D", "HY": 4, "HomeTeam": "Sampdoria"},{"AC": 4, "AF": 14, "AR": 0, "AS": 11, "AST": 2, "AY": 3, "AwayTeam": "Milan", "Date": "2015-02-28", "FTAG": 0, "FTHG": 0, "FTR": "D", "HC": 6, "HF": 16, "HR": 0, "HS": 11, "HST": 3, "HTAG": 0, "HTHG": 0, "HTR": "D", "HY": 1, "HomeTeam": "Chievo"},{"AC": 8, "AF": 19, "AR": 0, "AS": 21, "AST": 7, "AY": 4, "AwayTeam": "Sampdoria", "Date": "2015-03-01", "FTAG": 2, "FTHG": 1, "FTR": "A", "HC": 5, "HF": 18, "HR": 0, "HS": 14, "HST": 3, "HTAG": 0, "HTHG": 1, "HTR": "H", "HY": 2, "HomeTeam": "Atalanta"},{"AC": 1, "AF": 21, "AR": 0, "AS": 5, "AST": 3, "AY": 3, "AwayTeam": "Verona", "Date": "2015-03-01", "FTAG": 2, "FTHG": 1, "FTR": "A", "HC": 10, "HF": 15, "HR": 0, "HS": 22, "HST": 5, "HTAG": 1, "HTHG": 0, "HTR": "A", "HY": 3, "HomeTeam": "Cagliari"},{"AC": 7, "AF": 16, "AR": 0, "AS": 10, "AST": 3, "AY": 3, "AwayTeam": "Udinese", "Date": "2015-03-01", "FTAG": 0, "FTHG": 1, "FTR": "H", "HC": 5, "HF": 14, "HR": 0, "HS": 17, "HST": 3, "HTAG": 0, "HTHG": 0, "HTR": "D", "HY": 4, "HomeTeam": "Cesena"},{"AC": 1, "AF": 12, "AR": 0, "AS": 8, "AST": 4, "AY": 2, "AwayTeam": "Fiorentina", "Date": "2015-03-01", "FTAG": 1, "FTHG": 0, "FTR": "A", "HC": 5, "HF": 15, "HR": 0, "HS": 12, "HST": 5, "HTAG": 0, "HTHG": 0, "HTR": "D", "HY": 3, "HomeTeam": "Inter"},{"AC": 3, "AF": 16, "AR": 0, "AS": 15, "AST": 3, "AY": 3, "AwayTeam": "Empoli", "Date": "2015-03-01", "FTAG": 0, "FTHG": 0, "FTR": "D", "HC": 9, "HF": 14, "HR": 0, "HS": 17, "HST": 3, "HTAG": 0, "HTHG": 0, "HTR": "D", "HY": 3, "HomeTeam": "Palermo"},{"AC": 3, "AF": 17, "AR": 0, "AS": 18, "AST": 6, "AY": 2, "AwayTeam": "Lazio", "Date": "2015-03-01", "FTAG": 3, "FTHG": 0, "FTR": "A", "HC": 0, "HF": 16, "HR": 0, "HS": 10, "HST": 4, "HTAG": 1, "HTHG": 0, "HTR": "A", "HY": 4, "HomeTeam": "Sassuolo"},{"AC": 6, "AF": 10, "AR": 0, "AS": 15, "AST": 3, "AY": 3, "AwayTeam": "Napoli", "Date": "2015-03-01", "FTAG": 0, "FTHG": 1, "FTR": "H", "HC": 2, "HF": 11, "HR": 0, "HS": 10, "HST": 4, "HTAG": 0, "HTHG": 0, "HTR": "D", "HY": 2, "HomeTeam": "Torino"},{"AC": 5, "AF": 16, "AR": 0, "AS": 10, "AST": 1, "AY": 5, "AwayTeam": "Juventus", "Date": "2015-03-02", "FTAG": 1, "FTHG": 1, "FTR": "D", "HC": 1, "HF": 11, "HR": 1, "HS": 8, "HST": 3, "HTAG": 0, "HTHG": 0, "HTR": "D", "HY": null, "HomeTeam": "Roma"},{"AC": 3, "AF": 20, "AR": 0, "AS": 13, "AST": 4, "AY": 3, "AwayTeam": "Verona", "Date": "2015-03-07", "FTAG": 2, "FTHG": 2, "FTR": "D", "HC": 9, "HF": 11, "HR": 0, "HS": 18, "HST": 4, "HTAG": 1, "HTHG": 1, "HTR": "D", "HY": 1, "HomeTeam": "Milan"},{"AC": 1, "AF": 13, "AR": 1, "AS": 10, "AST": 4, "AY": 1, "AwayTeam": "Cagliari", "Date": "2015-03-07", "FTAG": 0, "FTHG": 2, "FTR": "H", "HC": 7, "HF": 19, "HR": 0, "HS": 17, "HST": 5, "HTAG": 0, "HTHG": 1, "HTR": "H", "HY": 2, "HomeTeam": "Sampdoria"},{"AC": 3, "AF": 15, "AR": 0, "AS": 7, "AST": 1, "AY": 2, "AwayTeam": "Palermo", "Date": "2015-03-08", "FTAG": 0, "FTHG": 0, "FTR": "D", "HC": 5, "HF": 17, "HR": 0, "HS": 3, "HST": 2, "HTAG": 0, "HTHG": 0, "HTR": "D", "HY": 1, "HomeTeam": "Cesena"},{"AC": 8, "AF": 16, "AR": 0, "AS": 11, "AST": 3, "AY": 2, "AwayTeam": "Roma", "Date": "2015-03-08", "FTAG": 0, "FTHG": 0, "FTR": "D", "HC": 4, "HF": 19, "HR": 0, "HS": 11, "HST": 2, "HTAG": 0, "HTHG": 0, "HTR": "D", "HY": 4, "HomeTeam": "Chievo"},{"AC": 6, "AF": 15, "AR": 0, "AS": 15, "AST": 2, "AY": 2, "AwayTeam": "Genoa", "Date": "2015-03-08", "FTAG": 1, "FTHG": 1, "FTR": "D", "HC": 9, "HF": 15, "HR": 0, "HS": 6, "HST": 2, "HTAG": 1, "HTHG": 0, "HTR": "A", "HY": 2, "HomeTeam": "Empoli"},{"AC": 5, "AF": 19, "AR": 0, "AS": 13, "AST": 5, "AY": 3, "AwayTeam": "Inter", "Date": "2015-03-08", "FTAG": 2, "FTHG": 2, "FTR": "D", "HC": 5, "HF": 16, "HR": 1, "HS": 17, "HST": 7, "HTAG": 0, "HTHG": 0, "HTR": "D", "HY": 1, "HomeTeam": "Napoli"},{"AC": 4, "AF": 18, "AR": 0, "AS": 8, "AST": 2, "AY": 2, "AwayTeam": "Atalanta", "Date": "2015-03-08", "FTAG": 0, "FTHG": 0, "FTR": "D", "HC": 5, "HF": 24, "HR": 1, "HS": 14, "HST": 4, "HTAG": 0, "HTHG": 0, "HTR": "D", "HY": 1, "HomeTeam": "Parma"},{"AC": 4, "AF": 16, "AR": 0, "AS": 14, "AST": 7, "AY": 2, "AwayTeam": "Torino", "Date": "2015-03-08", "FTAG": 2, "FTHG": 3, "FTR": "H", "HC": 3, "HF": 14, "HR": 0, "HS": 12, "HST": 3, "HTAG": 1, "HTHG": 2, "HTR": "H", "HY": 3, "HomeTeam": "Udinese"},{"AC": 1, "AF": 18, "AR": 0, "AS": 2, "AST": 1, "AY": 4, "AwayTeam": "Sassuolo", "Date": "2015-03-09", "FTAG": 0, "FTHG": 1, "FTR": "H", "HC": 13, "HF": 21, "HR": 0, "HS": 16, "HST": 4, "HTAG": 0, "HTHG": 0, "HTR": "D", "HY": 2, "HomeTeam": "Juventus"},{"AC": 5, "AF": 10, "AR": 0, "AS": 6, "AST": 0, "AY": 3, "AwayTeam": "Fiorentina", "Date": "2015-03-09", "FTAG": 0, "FTHG": 4, "FTR": "H", "HC": 3, "HF": 12, "HR": 0, "HS": 16, "HST": 13, "HTAG": 0, "HTHG": 1, "HTR": "H", "HY": 2, "HomeTeam": "Lazio"},{"AC": 5, "AF": 12, "AR": 0, "AS": 13, "AST": 2, "AY": 1, "AwayTeam": "Empoli", "Date": "2015-03-14", "FTAG": 1, "FTHG": 1, "FTR": "D", "HC": 4, "HF": 11, "HR": 0, "HS": 16, "HST": 5, "HTAG": 0, "HTHG": 1, "HTR": "H", "HY": 2, "HomeTeam": "Cagliari"},{"AC": 4, "AF": 19, "AR": 0, "AS": 12, "AST": 3, "AY": 4, "AwayTeam": "Juventus", "Date": "2015-03-14", "FTAG": 1, "FTHG": 0, "FTR": "A", "HC": 5, "HF": 10, "HR": 0, "HS": 7, "HST": 0, "HTAG": 0, "HTHG": 0, "HTR": "D", "HY": 3, "HomeTeam": "Palermo"},{"AC": 3, "AF": 16, "AR": 0, "AS": 8, "AST": 0, "AY": 3, "AwayTeam": "Udinese", "Date": "2015-03-15", "FTAG": 0, "FTHG": 0, "FTR": "D", "HC": 5, "HF": 17, "HR": 1, "HS": 19, "HST": 5, "HTAG": 0, "HTHG": 0, "HTR": "D", "HY": 2, "HomeTeam": "Atalanta"},{"AC": 5, "AF": 18, "AR": 0, "AS": 15, "AST": 6, "AY": 3, "AwayTeam": "Chievo", "Date": "2015-03-15", "FTAG": 2, "FTHG": 0, "FTR": "A", "HC": 3, "HF": 17, "HR": 0, "HS": 19, "HST": 3, "HTAG": 0, "HTHG": 0, "HTR": "D", "HY": 4, "HomeTeam": "Genoa"},{"AC": 2, "AF": 18, "AR": 0, "AS": 9, "AST": 1, "AY": 1, "AwayTeam": "Cesena", "Date": "2015-03-15", "FTAG": 1, "FTHG": 1, "FTR": "D", "HC": 7, "HF": 15, "HR": 0, "HS": 20, "HST": 4, "HTAG": 1, "HTHG": 0, "HTR": "A", "HY": 1, "HomeTeam": "Inter"},{"AC": 3, "AF": 32, "AR": 1, "AS": 8, "AST": 3, "AY": 4, "AwayTeam": "Parma", "Date": "2015-03-15", "FTAG": 1, "FTHG": 4, "FTR": "H", "HC": 4, "HF": 15, "HR": 0, "HS": 15, "HST": 7, "HTAG": 1, "HTHG": 2, "HTR": "H", "HY": 2, "HomeTeam": "Sassuolo"},{"AC": 6, "AF": 10, "AR": 0, "AS": 16, "AST": 7, "AY": 5, "AwayTeam": "Napoli", "Date": "2015-03-15", "FTAG": 0, "FTHG": 2, "FTR": "H", "HC": 5, "HF": 16, "HR": 1, "HS": 12, "HST": 5, "HTAG": 0, "HTHG": 1, "HTR": "H", "HY": 5, "HomeTeam": "Verona"},{"AC": 8, "AF": 15, "AR": 0, "AS": 6, "AST": 2, "AY": 4, "AwayTeam": "Milan", "Date": "2015-03-16", "FTAG": 1, "FTHG": 2, "FTR": "H", "HC": 8, "HF": 11, "HR": 0, "HS": 18, "HST": 5, "HTAG": 0, "HTHG": 0, "HTR": "D", "HY": 3, "HomeTeam": "Fiorentina"},{"AC": 3, "AF": 17, "AR": 0, "AS": 8, "AST": 2, "AY": 3, "AwayTeam": "Sampdoria", "Date": "2015-03-16", "FTAG": 2, "FTHG": 0, "FTR": "A", "HC": 12, "HF": 11, "HR": 1, "HS": 17, "HST": 9, "HTAG": 0, "HTHG": 0, "HTR": "D", "HY": 2, "HomeTeam": "Roma"},{"AC": 6, "AF": 15, "AR": 0, "AS": 16, "AST": 6, "AY": 2, "AwayTeam": "Lazio", "Date": "2015-03-16", "FTAG": 2, "FTHG": 0, "FTR": "A", "HC": 5, "HF": 7, "HR": 0, "HS": 9, "HST": 2, "HTAG": 0, "HTHG": 0, "HTR": "D", "HY": 3, "HomeTeam": "Torino"},{"AC": 8, "AF": 17, "AR": 1, "AS": 19, "AST": 4, "AY": 1, "AwayTeam": "Palermo", "Date": "2015-03-21", "FTAG": 0, "FTHG": 1, "FTR": "H", "HC": 5, "HF": 16, "HR": 0, "HS": 14, "HST": 5, "HTAG": 0, "HTHG": 1, "HTR": "H", "HY": 1, "HomeTeam": "Chievo"},{"AC": 5, "AF": 13, "AR": 0, "AS": 11, "AST": 1, "AY": 4, "AwayTeam": "Cagliari", "Date": "2015-03-21", "FTAG": 1, "FTHG": 3, "FTR": "H", "HC": 10, "HF": 15, "HR": 0, "HS": 14, "HST": 7, "HTAG": 0, "HTHG": 1, "HTR": "H", "HY": 1, "HomeTeam": "Milan"},{"AC": 3, "AF": 14, "AR": 0, "AS": 15, "AST": 4, "AY": 2, "AwayTeam": "Roma", "Date": "2015-03-22", "FTAG": 1, "FTHG": 0, "FTR": "A", "HC": 7, "HF": 17, "HR": 0, "HS": 7, "HST": 1, "HTAG": 1, "HTHG": 0, "HTR": "A", "HY": 3, "HomeTeam": "Cesena"},{"AC": 4, "AF": 14, "AR": 0, "AS": 10, "AST": 1, "AY": 2, "AwayTeam": "Sassuolo", "Date": "2015-03-22", "FTAG": 1, "FTHG": 3, "FTR": "H", "HC": 10, "HF": 12, "HR": 0, "HS": 14, "HST": 6, "HTAG": 0, "HTHG": 0, "HTR": "D", "HY": 0, "HomeTeam": "Empoli"},{"AC": 4, "AF": 19, "AR": 0, "AS": 9, "AST": 1, "AY": 4, "AwayTeam": "Genoa", "Date": "2015-03-22", "FTAG": 0, "FTHG": 1, "FTR": "H", "HC": 5, "HF": 11, "HR": 0, "HS": 13, "HST": 4, "HTAG": 0, "HTHG": 1, "HTR": "H", "HY": 1, "HomeTeam": "Juventus"},{"AC": 1, "AF": 9, "AR": 0, "AS": 2, "AST": 0, "AY": 1, "AwayTeam": "Verona", "Date": "2015-03-22", "FTAG": 0, "FTHG": 2, "FTR": "H", "HC": 12, "HF": 10, "HR": 0, "HS": 21, "HST": 6, "HTAG": 0, "HTHG": 2, "HTR": "H", "HY": 0, "HomeTeam": "Lazio"},{"AC": 5, "AF": 16, "AR": 1, "AS": 9, "AST": 3, "AY": 4, "AwayTeam": "Atalanta", "Date": "2015-03-22", "FTAG": 1, "FTHG": 1, "FTR": "D", "HC": 8, "HF": 17, "HR": 0, "HS": 20, "HST": 9, "HTAG": 0, "HTHG": 0, "HTR": "D", "HY": 4, "HomeTeam": "Napoli"},{"AC": 5, "AF": 11, "AR": 0, "AS": 15, "AST": 5, "AY": 2, "AwayTeam": "Torino", "Date": "2015-03-22", "FTAG": 2, "FTHG": 0, "FTR": "A", "HC": 8, "HF": 16, "HR": 1, "HS": 16, "HST": 1, "HTAG": 1, "HTHG": 0, "HTR": "A", "HY": 4, "HomeTeam": "Parma"},{"AC": 7, "AF": 17, "AR": 0, "AS": 12, "AST": 2, "AY": 6, "AwayTeam": "Inter", "Date": "2015-03-22", "FTAG": 0, "FTHG": 1, "FTR": "H", "HC": 5, "HF": 9, "HR": 0, "HS": 10, "HST": 2, "HTAG": 0, "HTHG": 0, "HTR": "D", "HY": 3, "HomeTeam": "Sampdoria"},{"AC": 6, "AF": 11, "AR": 0, "AS": 13, "AST": 5, "AY": 3, "AwayTeam": "Fiorentina", "Date": "2015-03-22", "FTAG": 2, "FTHG": 2, "FTR": "D", "HC": 8, "HF": 12, "HR": 0, "HS": 11, "HST": 5, "HTAG": 0, "HTHG": 1, "HTR": "H", "HY": 3, "HomeTeam": "Udinese"},{"AC": 6, "AF": 29, "AR": 1, "AS": 11, "AST": 7, "AY": 5, "AwayTeam": "Torino", "Date": "2015-04-04", "FTAG": 2, "FTHG": 1, "FTR": "A", "HC": 6, "HF": 17, "HR": 1, "HS": 12, "HST": 4, "HTAG": 2, "HTHG": 0, "HTR": "A", "HY": 3, "HomeTeam": "Atalanta"},{"AC": 1, "AF": 19, "AR": 0, "AS": 14, "AST": 10, "AY": 4, "AwayTeam": "Lazio", "Date": "2015-04-04", "FTAG": 3, "FTHG": 1, "FTR": "A", "HC": 3, "HF": 20, "HR": 1, "HS": 10, "HST": 3, "HTAG": 1, "HTHG": 0, "HTR": "A", "HY": 4, "HomeTeam": "Cagliari"},{"AC": 3, "AF": 12, "AR": 0, "AS": 9, "AST": 0, "AY": 1, "AwayTeam": "Sampdoria", "Date": "2015-04-04", "FTAG": 0, "FTHG": 2, "FTR": "H", "HC": 6, "HF": 7, "HR": 0, "HS": 20, "HST": 5, "HTAG": 0, "HTHG": 0, "HTR": "D", "HY": 2, "HomeTeam": "Fiorentina"},{"AC": 5, "AF": 17, "AR": 0, "AS": 14, "AST": 6, "AY": 3, "AwayTeam": "Udinese", "Date": "2015-04-04", "FTAG": 1, "FTHG": 1, "FTR": "D", "HC": 9, "HF": 18, "HR": 0, "HS": 13, "HST": 5, "HTAG": 0, "HTHG": 1, "HTR": "H", "HY": 2, "HomeTeam": "Genoa"},{"AC": 2, "AF": 12, "AR": 0, "AS": 13, "AST": 2, "AY": 0, "AwayTeam": "Parma", "Date": "2015-04-04", "FTAG": 1, "FTHG": 1, "FTR": "D", "HC": 5, "HF": 10, "HR": 0, "HS": 18, "HST": 6, "HTAG": 1, "HTHG": 1, "HTR": "D", "HY": 2, "HomeTeam": "Inter"},{"AC": 4, "AF": 8, "AR": 0, "AS": 12, "AST": 4, "AY": 2, "AwayTeam": "Empoli", "Date": "2015-04-04", "FTAG": 0, "FTHG": 2, "FTR": "H", "HC": 5, "HF": 11, "HR": 0, "HS": 16, "HST": 7, "HTAG": 0, "HTHG": 1, "HTR": "H", "HY": 2, "HomeTeam": "Juventus"},{"AC": 6, "AF": 12, "AR": 0, "AS": 13, "AST": 5, "AY": 3, "AwayTeam": "Milan", "Date": "2015-04-04", "FTAG": 2, "FTHG": 1, "FTR": "A", "HC": 5, "HF": 14, "HR": 0, "HS": 16, "HST": 3, "HTAG": 1, "HTHG": 0, "HTR": "A", "HY": 2, "HomeTeam": "Palermo"},{"AC": 5, "AF": 10, "AR": 0, "AS": 13, "AST": 5, "AY": 1, "AwayTeam": "Napoli", "Date": "2015-04-04", "FTAG": 0, "FTHG": 1, "FTR": "H", "HC": 2, "HF": 18, "HR": 0, "HS": 7, "HST": 2, "HTAG": 0, "HTHG": 1, "HTR": "H", "HY": 4, "HomeTeam": "Roma"},{"AC": 9, "AF": 11, "AR": 0, "AS": 14, "AST": 3, "AY": 2, "AwayTeam": "Chievo", "Date": "2015-04-04", "FTAG": 0, "FTHG": 1, "FTR": "H", "HC": 4, "HF": 17, "HR": 1, "HS": 7, "HST": 2, "HTAG": 0, "HTHG": 1, "HTR": "H", "HY": 3, "HomeTeam": "Sassuolo"},{"AC": 4, "AF": 12, "AR": 0, "AS": 20, "AST": 8, "AY": 3, "AwayTeam": "Cesena", "Date": "2015-04-04", "FTAG": 3, "FTHG": 3, "FTR": "D", "HC": 7, "HF": 16, "HR": 0, "HS": 15, "HST": 5, "HTAG": 0, "HTHG": 2, "HTR": "H", "HY": 3, "HomeTeam": "Verona"},{"AC": 4, "AF": 16, "AR": 0, "AS": 7, "AST": 0, "AY": 1, "AwayTeam": "Udinese", "Date": "2015-04-08", "FTAG": 0, "FTHG": 1, "FTR": "H", "HC": 2, "HF": 8, "HR": 0, "HS": 17, "HST": 7, "HTAG": 0, "HTHG": 0, "HTR": "D", "HY": 2, "HomeTeam": "Parma"},{"AC": 8, "AF": 21, "AR": 0, "AS": 14, "AST": 6, "AY": 3, "AwayTeam": "Cagliari", "Date": "2015-04-11", "FTAG": 0, "FTHG": 2, "FTR": "H", "HC": 7, "HF": 16, "HR": 0, "HS": 19, "HST": 6, "HTAG": 0, "HTHG": 0, "HTR": "D", "HY": 2, "HomeTeam": "Genoa"},{"AC": 4, "AF": 12, "AR": 0, "AS": 19, "AST": 3, "AY": 3, "AwayTeam": "Juventus", "Date": "2015-04-11", "FTAG": 0, "FTHG": 1, "FTR": "H", "HC": 4, "HF": 17, "HR": 0, "HS": 9, "HST": 1, "HTAG": 0, "HTHG": 0, "HTR": "D", "HY": 3, "HomeTeam": "Parma"},{"AC": 5, "AF": 13, "AR": 0, "AS": 12, "AST": 2, "AY": 4, "AwayTeam": "Inter", "Date": "2015-04-11", "FTAG": 3, "FTHG": 0, "FTR": "A", "HC": 4, "HF": 6, "HR": 0, "HS": 18, "HST": 5, "HTAG": 1, "HTHG": 0, "HTR": "A", "HY": 2, "HomeTeam": "Verona"},{"AC": 1, "AF": 18, "AR": 1, "AS": 7, "AST": 2, "AY": 1, "AwayTeam": "Sassuolo", "Date": "2015-04-12", "FTAG": 1, "FTHG": 2, "FTR": "H", "HC": 2, "HF": 21, "HR": 1, "HS": 11, "HST": 5, "HTAG": 0, "HTHG": 1, "HTR": "H", "HY": 2, "HomeTeam": "Atalanta"},{"AC": 5, "AF": 16, "AR": 0, "AS": 16, "AST": 5, "AY": 1, "AwayTeam": "Chievo", "Date": "2015-04-12", "FTAG": 1, "FTHG": 0, "FTR": "A", "HC": 3, "HF": 19, "HR": 0, "HS": 16, "HST": 1, "HTAG": 0, "HTHG": 0, "HTR": "D", "HY": 2, "HomeTeam": "Cesena"},{"AC": 7, "AF": 12, "AR": 0, "AS": 12, "AST": 5, "AY": 0, "AwayTeam": "Empoli", "Date": "2015-04-12", "FTAG": 0, "FTHG": 4, "FTR": "H", "HC": 2, "HF": 24, "HR": 1, "HS": 9, "HST": 6, "HTAG": 0, "HTHG": 3, "HTR": "H", "HY": 3, "HomeTeam": "Lazio"},{"AC": 5, "AF": 17, "AR": 0, "AS": 11, "AST": 3, "AY": 2, "AwayTeam": "Sampdoria", "Date": "2015-04-12", "FTAG": 1, "FTHG": 1, "FTR": "D", "HC": 7, "HF": 11, "HR": 0, "HS": 26, "HST": 6, "HTAG": 0, "HTHG": 0, "HTR": "D", "HY": 3, "HomeTeam": "Milan"},{"AC": 4, "AF": 16, "AR": 0, "AS": 6, "AST": 0, "AY": 1, "AwayTeam": "Fiorentina", "Date": "2015-04-12", "FTAG": 0, "FTHG": 3, "FTR": "H", "HC": 4, "HF": 22, "HR": 0, "HS": 11, "HST": 6, "HTAG": 0, "HTHG": 1, "HTR": "H", "HY": 3, "HomeTeam": "Napoli"},{"AC": 7, "AF": 9, "AR": 0, "AS": 22, "AST": 6, "AY": 3, "AwayTeam": "Roma", "Date": "2015-04-12", "FTAG": 1, "FTHG": 1, "FTR": "D", "HC": 4, "HF": 11, "HR": 0, "HS": 14, "HST": 2, "HTAG": 0, "HTHG": 0, "HTR": "D", "HY": 5, "HomeTeam": "Torino"},{"AC": 3, "AF": 15, "AR": 0, "AS": 11, "AST": 5, "AY": 0, "AwayTeam": "Palermo", "Date": "2015-04-12", "FTAG": 3, "FTHG": 1, "FTR": "A", "HC": 7, "HF": 16, "HR": 0, "HS": 11, "HST": 1, "HTAG": 2, "HTHG": 0, "HTR": "A", "HY": 3, "HomeTeam": "Udinese"},{"AC": 2, "AF": 23, "AR": 0, "AS": 9, "AST": 3, "AY": 5, "AwayTeam": "Parma", "Date": "2015-04-15", "FTAG": 0, "FTHG": 2, "FTR": "H", "HC": 7, "HF": 15, "HR": 0, "HS": 15, "HST": 4, "HTAG": 0, "HTHG": 1, "HTR": "H", "HY": 3, "HomeTeam": "Genoa"},{"AC": 9, "AF": 22, "AR": 1, "AS": 17, "AST": 4, "AY": 4, "AwayTeam": "Lazio", "Date": "2015-04-18", "FTAG": 0, "FTHG": 2, "FTR": "H", "HC": 2, "HF": 12, "HR": 0, "HS": 8, "HST": 4, "HTAG": 0, "HTHG": 2, "HTR": "H", "HY": 3, "HomeTeam": "Juventus"},{"AC": 4, "AF": 19, "AR": 0, "AS": 5, "AST": 3, "AY": 3, "AwayTeam": "Cesena", "Date": "2015-04-18", "FTAG": 0, "FTHG": 0, "FTR": "D", "HC": 13, "HF": 8, "HR": 0, "HS": 18, "HST": 3, "HTAG": 0, "HTHG": 0, "HTR": "D", "HY": 2, "HomeTeam": "Sampdoria"},{"AC": 5, "AF": 14, "AR": 1, "AS": 14, "AST": 5, "AY": 1, "AwayTeam": "Napoli", "Date": "2015-04-19", "FTAG": 3, "FTHG": 0, "FTR": "A", "HC": 6, "HF": 13, "HR": 0, "HS": 7, "HST": 3, "HTAG": 2, "HTHG": 0, "HTR": "A", "HY": 4, "HomeTeam": "Cagliari"},{"AC": 3, "AF": 15, "AR": 0, "AS": 8, "AST": 1, "AY": 4, "AwayTeam": "Udinese", "Date": "2015-04-19", "FTAG": 1, "FTHG": 1, "FTR": "D", "HC": 4, "HF": 18, "HR": 0, "HS": 15, "HST": 7, "HTAG": 0, "HTHG": 1, "HTR": "H", "HY": 3, "HomeTeam": "Chievo"},{"AC": 2, "AF": 16, "AR": 0, "AS": 15, "AST": 5, "AY": 1, "AwayTeam": "Parma", "Date": "2015-04-19", "FTAG": 2, "FTHG": 2, "FTR": "D", "HC": 13, "HF": 11, "HR": 0, "HS": 12, "HST": 5, "HTAG": 1, "HTHG": 2, "HTR": "H", "HY": 0, "HomeTeam": "Empoli"},{"AC": 3, "AF": 10, "AR": 0, "AS": 7, "AST": 3, "AY": 2, "AwayTeam": "Milan", "Date": "2015-04-19", "FTAG": 0, "FTHG": 0, "FTR": "D", "HC": 9, "HF": 16, "HR": 0, "HS": 17, "HST": 3, "HTAG": 0, "HTHG": 0, "HTR": "D", "HY": 4, "HomeTeam": "Inter"},{"AC": 5, "AF": 18, "AR": 0, "AS": 10, "AST": 1, "AY": 3, "AwayTeam": "Genoa", "Date": "2015-04-19", "FTAG": 1, "FTHG": 2, "FTR": "H", "HC": 6, "HF": 21, "HR": 0, "HS": 14, "HST": 7, "HTAG": 0, "HTHG": 2, "HTR": "H", "HY": 4, "HomeTeam": "Palermo"},{"AC": 1, "AF": 19, "AR": 0, "AS": 5, "AST": 3, "AY": 5, "AwayTeam": "Atalanta", "Date": "2015-04-19", "FTAG": 1, "FTHG": 1, "FTR": "D", "HC": 11, "HF": 15, "HR": 0, "HS": 17, "HST": 7, "HTAG": 1, "HTHG": 1, "HTR": "D", "HY": 4, "HomeTeam": "Roma"},{"AC": 6, "AF": 16, "AR": 0, "AS": 21, "AST": 8, "AY": 3, "AwayTeam": "Torino", "Date": "2015-04-19", "FTAG": 1, "FTHG": 1, "FTR": "D", "HC": 4, "HF": 16, "HR": 0, "HS": 9, "HST": 1, "HTAG": 0, "HTHG": 1, "HTR": "H", "HY": 2, "HomeTeam": "Sassuolo"},{"AC": 7, "AF": 21, "AR": 0, "AS": 12, "AST": 4, "AY": 5, "AwayTeam": "Verona", "Date": "2015-04-20", "FTAG": 1, "FTHG": 0, "FTR": "A", "HC": 11, "HF": 16, "HR": 0, "HS": 21, "HST": 3, "HTAG": 0, "HTHG": 0, "HTR": "D", "HY": 2, "HomeTeam": "Fiorentina"},{"AC": 4, "AF": 14, "AR": 0, "AS": 11, "AST": 4, "AY": 4, "AwayTeam": "Roma", "Date": "2015-04-25", "FTAG": 1, "FTHG": 2, "FTR": "H", "HC": 4, "HF": 17, "HR": 0, "HS": 11, "HST": 3, "HTAG": 0, "HTHG": 1, "HTR": "H", "HY": 5, "HomeTeam": "Inter"},{"AC": 1, "AF": 16, "AR": 0, "AS": 6, "AST": 1, "AY": 1, "AwayTeam": "Milan", "Date": "2015-04-25", "FTAG": 1, "FTHG": 2, "FTR": "H", "HC": 9, "HF": 26, "HR": 0, "HS": 20, "HST": 5, "HTAG": 0, "HTHG": 0, "HTR": "D", "HY": 2, "HomeTeam": "Udinese"},{"AC": 1, "AF": 15, "AR": 0, "AS": 21, "AST": 10, "AY": 1, "AwayTeam": "Empoli", "Date": "2015-04-26", "FTAG": 2, "FTHG": 2, "FTR": "D", "HC": 7, "HF": 17, "HR": 0, "HS": 16, "HST": 5, "HTAG": 1, "HTHG": 1, "HTR": "D", "HY": 3, "HomeTeam": "Atalanta"},{"AC": 3, "AF": 15, "AR": 0, "AS": 15, "AST": 7, "AY": 5, "AwayTeam": "Cagliari", "Date": "2015-04-26", "FTAG": 3, "FTHG": 1, "FTR": "A", "HC": 10, "HF": 14, "HR": 0, "HS": 19, "HST": 2, "HTAG": 1, "HTHG": 0, "HTR": "A", "HY": 1, "HomeTeam": "Fiorentina"},{"AC": 7, "AF": 18, "AR": 1, "AS": 13, "AST": 4, "AY": 3, "AwayTeam": "Cesena", "Date": "2015-04-26", "FTAG": 1, "FTHG": 3, "FTR": "H", "HC": 11, "HF": 13, "HR": 0, "HS": 19, "HST": 5, "HTAG": 0, "HTHG": 2, "HTR": "H", "HY": 2, "HomeTeam": "Genoa"},{"AC": 2, "AF": 16, "AR": 0, "AS": 7, "AST": 1, "AY": 5, "AwayTeam": "Chievo", "Date": "2015-04-26", "FTAG": 1, "FTHG": 1, "FTR": "D", "HC": 8, "HF": 16, "HR": 0, "HS": 23, "HST": 7, "HTAG": 0, "HTHG": 1, "HTR": "H", "HY": 2, "HomeTeam": "Lazio"},{"AC": 4, "AF": 13, "AR": 0, "AS": 9, "AST": 2, "AY": 2, "AwayTeam": "Sampdoria", "Date": "2015-04-26", "FTAG": 2, "FTHG": 4, "FTR": "H", "HC": 8, "HF": 11, "HR": 0, "HS": 27, "HST": 11, "HTAG": 1, "HTHG": 2, "HTR": "H", "HY": 1, "HomeTeam": "Napoli"},{"AC": 5, "AF": 11, "AR": 0, "AS": 13, "AST": 3, "AY": 0, "AwayTeam": "Palermo", "Date": "2015-04-26", "FTAG": 0, "FTHG": 1, "FTR": "H", "HC": 3, "HF": 19, "HR": 0, "HS": 8, "HST": 5, "HTAG": 0, "HTHG": 1, "HTR": "H", "HY": 4, "HomeTeam": "Parma"},{"AC": 2, "AF": 16, "AR": 0, "AS": 19, "AST": 5, "AY": 1, "AwayTeam": "Juventus", "Date": "2015-04-26", "FTAG": 1, "FTHG": 2, "FTR": "H", "HC": 3, "HF": 17, "HR": 0, "HS": 11, "HST": 3, "HTAG": 1, "HTHG": 1, "HTR": "D", "HY": 3, "HomeTeam": "Torino"},{"AC": 4, "AF": 17, "AR": 0, "AS": 18, "AST": 7, "AY": 2, "AwayTeam": "Sassuolo", "Date": "2015-04-26", "FTAG": 2, "FTHG": 3, "FTR": "H", "HC": 6, "HF": 10, "HR": 1, "HS": 15, "HST": 9, "HTAG": 1, "HTHG": 1, "HTR": "D", "HY": 3, "HomeTeam": "Verona"},{"AC": 5, "AF": 20, "AR": 0, "AS": 22, "AST": 11, "AY": 4, "AwayTeam": "Inter", "Date": "2015-04-28", "FTAG": 2, "FTHG": 1, "FTR": "A", "HC": 5, "HF": 12, "HR": 2, "HS": 9, "HST": 1, "HTAG": 0, "HTHG": 0, "HTR": "D", "HY": 4, "HomeTeam": "Udinese"},{"AC": 3, "AF": 18, "AR": 0, "AS": 16, "AST": 7, "AY": 4, "AwayTeam": "Atalanta", "Date": "2015-04-29", "FTAG": 2, "FTHG": 2, "FTR": "D", "HC": 2, "HF": 21, "HR": 0, "HS": 10, "HST": 5, "HTAG": 0, "HTHG": 0, "HTR": "D", "HY": 3, "HomeTeam": "Cesena"},{"AC": 6, "AF": 21, "AR": 2, "AS": 10, "AST": 1, "AY": 4, "AwayTeam": "Cagliari", "Date": "2015-04-29", "FTAG": 0, "FTHG": 1, "FTR": "H", "HC": 3, "HF": 23, "HR": 0, "HS": 10, "HST": 3, "HTAG": 0, "HTHG": 1, "HTR": "H", "HY": 2, "HomeTeam": "Chievo"},{"AC": 9, "AF": 16, "AR": 0, "AS": 14, "AST": 2, "AY": 3, "AwayTeam": "Fiorentina", "Date": "2015-04-29", "FTAG": 2, "FTHG": 3, "FTR": "H", "HC": 5, "HF": 11, "HR": 0, "HS": 12, "HST": 5, "HTAG": 1, "HTHG": 2, "HTR": "H", "HY": 1, "HomeTeam": "Juventus"},{"AC": 2, "AF": 8, "AR": 0, "AS": 11, "AST": 3, "AY": 3, "AwayTeam": "Parma", "Date": "2015-04-29", "FTAG": 0, "FTHG": 4, "FTR": "H", "HC": 9, "HF": 10, "HR": 0, "HS": 11, "HST": 7, "HTAG": 0, "HTHG": 3, "HTR": "H", "HY": 1, "HomeTeam": "Lazio"},{"AC": 9, "AF": 20, "AR": 0, "AS": 17, "AST": 9, "AY": 4, "AwayTeam": "Genoa", "Date": "2015-04-29", "FTAG": 3, "FTHG": 1, "FTR": "A", "HC": 7, "HF": 16, "HR": 1, "HS": 11, "HST": 5, "HTAG": 1, "HTHG": 0, "HTR": "A", "HY": 2, "HomeTeam": "Milan"},{"AC": 4, "AF": 17, "AR": 0, "AS": 14, "AST": 4, "AY": 3, "AwayTeam": "Torino", "Date": "2015-04-29", "FTAG": 2, "FTHG": 2, "FTR": "D", "HC": 8, "HF": 9, "HR": 0, "HS": 16, "HST": 3, "HTAG": 1, "HTHG": 2, "HTR": "H", "HY": 2, "HomeTeam": "Palermo"},{"AC": 7, "AF": 14, "AR": 0, "AS": 11, "AST": 4, "AY": 4, "AwayTeam": "Verona", "Date": "2015-04-29", "FTAG": 1, "FTHG": 1, "FTR": "D", "HC": 6, "HF": 11, "HR": 1, "HS": 20, "HST": 5, "HTAG": 0, "HTHG": 0, "HTR": "D", "HY": 2, "HomeTeam": "Sampdoria"},{"AC": 2, "AF": 13, "AR": 0, "AS": 8, "AST": 5, "AY": 3, "AwayTeam": "Roma", "Date": "2015-04-29", "FTAG": 3, "FTHG": 0, "FTR": "A", "HC": 5, "HF": 17, "HR": 0, "HS": 11, "HST": 6, "HTAG": 2, "HTHG": 0, "HTR": "A", "HY": 3, "HomeTeam": "Sassuolo"},{"AC": 4, "AF": 17, "AR": 0, "AS": 14, "AST": 5, "AY": 2, "AwayTeam": "Napoli", "Date": "2015-04-30", "FTAG": 2, "FTHG": 4, "FTR": "H", "HC": 6, "HF": 13, "HR": 0, "HS": 10, "HST": 4, "HTAG": 0, "HTHG": 3, "HTR": "H", "HY": 3, "HomeTeam": "Empoli"},{"AC": 4, "AF": 14, "AR": 0, "AS": 14, "AST": 5, "AY": 1, "AwayTeam": "Juventus", "Date": "2015-05-02", "FTAG": 1, "FTHG": 0, "FTR": "A", "HC": 4, "HF": 14, "HR": 0, "HS": 18, "HST": 2, "HTAG": 1, "HTHG": 0, "HTR": "A", "HY": 4, "HomeTeam": "Sampdoria"},{"AC": 6, "AF": 22, "AR": 0, "AS": 13, "AST": 2, "AY": 3, "AwayTeam": "Palermo", "Date": "2015-05-02", "FTAG": 0, "FTHG": 0, "FTR": "D", "HC": 6, "HF": 12, "HR": 0, "HS": 6, "HST": 2, "HTAG": 0, "HTHG": 0, "HTR": "D", "HY": 2, "HomeTeam": "Sassuolo"},{"AC": 5, "AF": 21, "AR": 0, "AS": 13, "AST": 5, "AY": 6, "AwayTeam": "Lazio", "Date": "2015-05-03", "FTAG": 1, "FTHG": 1, "FTR": "D", "HC": 9, "HF": 12, "HR": 0, "HS": 16, "HST": 6, "HTAG": 0, "HTHG": 0, "HTR": "D", "HY": 2, "HomeTeam": "Atalanta"},{"AC": 5, "AF": 17, "AR": 0, "AS": 13, "AST": 1, "AY": 1, "AwayTeam": "Cesena", "Date": "2015-05-03", "FTAG": 1, "FTHG": 3, "FTR": "H", "HC": 9, "HF": 11, "HR": 0, "HS": 23, "HST": 12, "HTAG": 0, "HTHG": 2, "HTR": "H", "HY": 1, "HomeTeam": "Fiorentina"},{"AC": 5, "AF": 10, "AR": 0, "AS": 11, "AST": 4, "AY": 1, "AwayTeam": "Chievo", "Date": "2015-05-03", "FTAG": 0, "FTHG": 0, "FTR": "D", "HC": 11, "HF": 15, "HR": 0, "HS": 23, "HST": 3, "HTAG": 0, "HTHG": 0, "HTR": "D", "HY": 3, "HomeTeam": "Inter"},{"AC": 1, "AF": 9, "AR": 1, "AS": 2, "AST": 1, "AY": 0, "AwayTeam": "Milan", "Date": "2015-05-03", "FTAG": 0, "FTHG": 3, "FTR": "H", "HC": 15, "HF": 13, "HR": 0, "HS": 27, "HST": 7, "HTAG": 0, "HTHG": 0, "HTR": "D", "HY": 2, "HomeTeam": "Napoli"},{"AC": 8, "AF": 21, "AR": 0, "AS": 10, "AST": 3, "AY": 3, "AwayTeam": "Genoa", "Date": "2015-05-03", "FTAG": 0, "FTHG": 2, "FTR": "H", "HC": 7, "HF": 19, "HR": 0, "HS": 15, "HST": 6, "HTAG": 0, "HTHG": 1, "HTR": "H", "HY": 3, "HomeTeam": "Roma"},{"AC": 5, "AF": 16, "AR": 0, "AS": 20, "AST": 5, "AY": 4, "AwayTeam": "Udinese", "Date": "2015-05-03", "FTAG": 1, "FTHG": 0, "FTR": "A", "HC": 6, "HF": 14, "HR": 2, "HS": 15, "HST": 3, "HTAG": 0, "HTHG": 0, "HTR": "D", "HY": 1, "HomeTeam": "Verona"},{"AC": 4, "AF": 12, "AR": 0, "AS": 21, "AST": 3, "AY": 1, "AwayTeam": "Parma", "Date": "2015-05-04", "FTAG": 0, "FTHG": 4, "FTR": "H", "HC": 4, "HF": 10, "HR": 0, "HS": 11, "HST": 7, "HTAG": 0, "HTHG": 3, "HTR": "H", "HY": 3, "HomeTeam": "Cagliari"},{"AC": 6, "AF": 13, "AR": 0, "AS": 20, "AST": 6, "AY": 1, "AwayTeam": "Empoli", "Date": "2015-05-06", "FTAG": 1, "FTHG": 0, "FTR": "A", "HC": 5, "HF": 14, "HR": 0, "HS": 19, "HST": 5, "HTAG": 1, "HTHG": 0, "HTR": "A", "HY": 3, "HomeTeam": "Torino"},{"AC": 3, "AF": 7, "AR": 0, "AS": 15, "AST": 6, "AY": 1, "AwayTeam": "Cagliari", "Date": "2015-05-09", "FTAG": 1, "FTHG": 1, "FTR": "D", "HC": 8, "HF": 15, "HR": 0, "HS": 13, "HST": 4, "HTAG": 0, "HTHG": 1, "HTR": "H", "HY": 1, "HomeTeam": "Juventus"},{"AC": 5, "AF": 16, "AR": 0, "AS": 15, "AST": 3, "AY": 3, "AwayTeam": "Roma", "Date": "2015-05-09", "FTAG": 1, "FTHG": 2, "FTR": "H", "HC": 6, "HF": 15, "HR": 0, "HS": 11, "HST": 4, "HTAG": 0, "HTHG": 1, "HTR": "H", "HY": 4, "HomeTeam": "Milan"},{"AC": 4, "AF": 18, "AR": 0, "AS": 12, "AST": 7, "AY": 0, "AwayTeam": "Sassuolo", "Date": "2015-05-10", "FTAG": 3, "FTHG": 2, "FTR": "A", "HC": 3, "HF": 15, "HR": 0, "HS": 12, "HST": 6, "HTAG": 0, "HTHG": 2, "HTR": "H", "HY": 2, "HomeTeam": "Cesena"},{"AC": 3, "AF": 15, "AR": 0, "AS": 14, "AST": 3, "AY": 5, "AwayTeam": "Verona", "Date": "2015-05-10", "FTAG": 2, "FTHG": 2, "FTR": "D", "HC": 11, "HF": 15, "HR": 0, "HS": 18, "HST": 3, "HTAG": 2, "HTHG": 2, "HTR": "D", "HY": 3, "HomeTeam": "Chievo"},{"AC": 4, "AF": 10, "AR": 0, "AS": 11, "AST": 5, "AY": 2, "AwayTeam": "Fiorentina", "Date": "2015-05-10", "FTAG": 3, "FTHG": 2, "FTR": "A", "HC": 8, "HF": 8, "HR": 0, "HS": 16, "HST": 3, "HTAG": 1, "HTHG": 1, "HTR": "D", "HY": 1, "HomeTeam": "Empoli"},{"AC": 3, "AF": 14, "AR": 0, "AS": 14, "AST": 7, "AY": 3, "AwayTeam": "Inter", "Date": "2015-05-10", "FTAG": 2, "FTHG": 1, "FTR": "A", "HC": 8, "HF": 14, "HR": 2, "HS": 12, "HST": 6, "HTAG": 1, "HTHG": 1, "HTR": "D", "HY": 3, "HomeTeam": "Lazio"},{"AC": 3, "AF": 14, "AR": 1, "AS": 10, "AST": 7, "AY": 2, "AwayTeam": "Atalanta", "Date": "2015-05-10", "FTAG": 3, "FTHG": 2, "FTR": "A", "HC": 13, "HF": 17, "HR": 0, "HS": 24, "HST": 8, "HTAG": 2, "HTHG": 1, "HTR": "A", "HY": 1, "HomeTeam": "Palermo"},{"AC": 10, "AF": 11, "AR": 0, "AS": 23, "AST": 12, "AY": 1, "AwayTeam": "Napoli", "Date": "2015-05-10", "FTAG": 2, "FTHG": 2, "FTR": "D", "HC": 4, "HF": 9, "HR": 0, "HS": 13, "HST": 5, "HTAG": 1, "HTHG": 2, "HTR": "H", "HY": 2, "HomeTeam": "Parma"},{"AC": 6, "AF": 18, "AR": 0, "AS": 20, "AST": 11, "AY": 4, "AwayTeam": "Sampdoria", "Date": "2015-05-10", "FTAG": 4, "FTHG": 1, "FTR": "A", "HC": 5, "HF": 9, "HR": 0, "HS": 15, "HST": 3, "HTAG": 1, "HTHG": 0, "HTR": "A", "HY": 1, "HomeTeam": "Udinese"},{"AC": 2, "AF": 15, "AR": 0, "AS": 9, "AST": 4, "AY": 4, "AwayTeam": "Torino", "Date": "2015-05-11", "FTAG": 1, "FTHG": 5, "FTR": "H", "HC": 5, "HF": 13, "HR": 0, "HS": 13, "HST": 8, "HTAG": 0, "HTHG": 1, "HTR": "H", "HY": 2, "HomeTeam": "Genoa"},{"AC": 3, "AF": 7, "AR": 0, "AS": 14, "AST": 4, "AY": 2, "AwayTeam": "Juventus", "Date": "2015-05-16", "FTAG": 2, "FTHG": 1, "FTR": "A", "HC": 9, "HF": 21, "HR": 0, "HS": 20, "HST": 7, "HTAG": 1, "HTHG": 1, "HTR": "D", "HY": 5, "HomeTeam": "Inter"},{"AC": 6, "AF": 20, "AR": 0, "AS": 14, "AST": 2, "AY": 0, "AwayTeam": "Lazio", "Date": "2015-05-16", "FTAG": 1, "FTHG": 0, "FTR": "A", "HC": 5, "HF": 13, "HR": 0, "HS": 8, "HST": 1, "HTAG": 0, "HTHG": 0, "HTR": "D", "HY": 2, "HomeTeam": "Sampdoria"},{"AC": 7, "AF": 22, "AR": 0, "AS": 13, "AST": 7, "AY": 1, "AwayTeam": "Genoa", "Date": "2015-05-17", "FTAG": 4, "FTHG": 1, "FTR": "A", "HC": 9, "HF": 11, "HR": 0, "HS": 17, "HST": 6, "HTAG": 1, "HTHG": 1, "HTR": "D", "HY": 3, "HomeTeam": "Atalanta"},{"AC": 3, "AF": 20, "AR": 0, "AS": 17, "AST": 6, "AY": 3, "AwayTeam": "Palermo", "Date": "2015-05-17", "FTAG": 1, "FTHG": 0, "FTR": "A", "HC": 4, "HF": 14, "HR": 0, "HS": 19, "HST": 7, "HTAG": 1, "HTHG": 0, "HTR": "A", "HY": 3, "HomeTeam": "Cagliari"},{"AC": 5, "AF": 12, "AR": 0, "AS": 8, "AST": 3, "AY": 2, "AwayTeam": "Udinese", "Date": "2015-05-17", "FTAG": 1, "FTHG": 2, "FTR": "H", "HC": 10, "HF": 13, "HR": 0, "HS": 19, "HST": 6, "HTAG": 1, "HTHG": 1, "HTR": "D", "HY": 3, "HomeTeam": "Roma"},{"AC": 4, "AF": 20, "AR": 2, "AS": 11, "AST": 3, "AY": 4, "AwayTeam": "Milan", "Date": "2015-05-17", "FTAG": 2, "FTHG": 3, "FTR": "H", "HC": 3, "HF": 14, "HR": 0, "HS": 6, "HST": 5, "HTAG": 1, "HTHG": 2, "HTR": "H", "HY": 2, "HomeTeam": "Sassuolo"},{"AC": 1, "AF": 9, "AR": 0, "AS": 7, "AST": 1, "AY": 0, "AwayTeam": "Chievo", "Date": "2015-05-17", "FTAG": 0, "FTHG": 2, "FTR": "H", "HC": 6, "HF": 8, "HR": 0, "HS": 25, "HST": 9, "HTAG": 0, "HTHG": 0, "HTR": "D", "HY": 3, "HomeTeam": "Torino"},{"AC": 4, "AF": 14, "AR": 0, "AS": 16, "AST": 6, "AY": 2, "AwayTeam": "Empoli", "Date": "2015-05-17", "FTAG": 1, "FTHG": 2, "FTR": "H", "HC": 5, "HF": 12, "HR": 0, "HS": 14, "HST": 4, "HTAG": 1, "HTHG": 1, "HTR": "D", "HY": 1, "HomeTeam": "Verona"},{"AC": 4, "AF": 10, "AR": 0, "AS": 17, "AST": 4, "AY": 1, "AwayTeam": "Parma", "Date": "2015-05-18", "FTAG": 0, "FTHG": 3, "FTR": "H", "HC": 12, "HF": 9, "HR": 0, "HS": 22, "HST": 10, "HTAG": 0, "HTHG": 2, "HTR": "H", "HY": 1, "HomeTeam": "Fiorentina"},{"AC": 1, "AF": 17, "AR": 0, "AS": 7, "AST": 4, "AY": 2, "AwayTeam": "Cesena", "Date": "2015-05-18", "FTAG": 2, "FTHG": 3, "FTR": "H", "HC": 6, "HF": 9, "HR": 0, "HS": 15, "HST": 4, "HTAG": 2, "HTHG": 2, "HTR": "D", "HY": 2, "HomeTeam": "Napoli"},{"AC": 5, "AF": 10, "AR": 0, "AS": 16, "AST": 5, "AY": 4, "AwayTeam": "Inter", "Date": "2015-05-23", "FTAG": 2, "FTHG": 3, "FTR": "H", "HC": 13, "HF": 14, "HR": 0, "HS": 17, "HST": 7, "HTAG": 2, "HTHG": 2, "HTR": "D", "HY": 3, "HomeTeam": "Genoa"},{"AC": 8, "AF": 12, "AR": 1, "AS": 19, "AST": 7, "AY": 1, "AwayTeam": "Napoli", "Date": "2015-05-23", "FTAG": 1, "FTHG": 3, "FTR": "H", "HC": 3, "HF": 15, "HR": 0, "HS": 13, "HST": 5, "HTAG": 0, "HTHG": 1, "HTR": "H", "HY": 1, "HomeTeam": "Juventus"},{"AC": 8, "AF": 15, "AR": 0, "AS": 13, "AST": 4, "AY": 0, "AwayTeam": "Cagliari", "Date": "2015-05-24", "FTAG": 1, "FTHG": 0, "FTR": "A", "HC": 4, "HF": 21, "HR": 0, "HS": 11, "HST": 2, "HTAG": 0, "HTHG": 0, "HTR": "D", "HY": 3, "HomeTeam": "Cesena"},{"AC": 5, "AF": 13, "AR": 0, "AS": 11, "AST": 3, "AY": 0, "AwayTeam": "Atalanta", "Date": "2015-05-24", "FTAG": 1, "FTHG": 1, "FTR": "D", "HC": 6, "HF": 17, "HR": 0, "HS": 14, "HST": 8, "HTAG": 0, "HTHG": 0, "HTR": "D", "HY": 1, "HomeTeam": "Chievo"},{"AC": 5, "AF": 13, "AR": 0, "AS": 11, "AST": 5, "AY": 3, "AwayTeam": "Sampdoria", "Date": "2015-05-24", "FTAG": 1, "FTHG": 1, "FTR": "D", "HC": 4, "HF": 12, "HR": 0, "HS": 18, "HST": 4, "HTAG": 0, "HTHG": 0, "HTR": "D", "HY": 3, "HomeTeam": "Empoli"},{"AC": 5, "AF": 18, "AR": 1, "AS": 14, "AST": 3, "AY": 2, "AwayTeam": "Torino", "Date": "2015-05-24", "FTAG": 0, "FTHG": 3, "FTR": "H", "HC": 5, "HF": 9, "HR": 1, "HS": 15, "HST": 5, "HTAG": 0, "HTHG": 1, "HTR": "H", "HY": 4, "HomeTeam": "Milan"},{"AC": 8, "AF": 17, "AR": 1, "AS": 10, "AST": 4, "AY": 3, "AwayTeam": "Fiorentina", "Date": "2015-05-24", "FTAG": 3, "FTHG": 2, "FTR": "A", "HC": 7, "HF": 16, "HR": 0, "HS": 9, "HST": 5, "HTAG": 2, "HTHG": 1, "HTR": "A", "HY": 2, "HomeTeam": "Palermo"},{"AC": 3, "AF": 11, "AR": 0, "AS": 8, "AST": 4, "AY": 2, "AwayTeam": "Verona", "Date": "2015-05-24", "FTAG": 2, "FTHG": 2, "FTR": "D", "HC": 6, "HF": 11, "HR": 0, "HS": 10, "HST": 7, "HTAG": 1, "HTHG": 2, "HTR": "H", "HY": 1, "HomeTeam": "Parma"},{"AC": 4, "AF": 12, "AR": 0, "AS": 12, "AST": 3, "AY": 1, "AwayTeam": "Sassuolo", "Date": "2015-05-24", "FTAG": 1, "FTHG": 0, "FTR": "A", "HC": 11, "HF": 13, "HR": 1, "HS": 15, "HST": 3, "HTAG": 0, "HTHG": 0, "HTR": "D", "HY": 1, "HomeTeam": "Udinese"},{"AC": 8, "AF": 12, "AR": 0, "AS": 6, "AST": 2, "AY": 4, "AwayTeam": "Roma", "Date": "2015-05-25", "FTAG": 2, "FTHG": 1, "FTR": "A", "HC": 4, "HF": 16, "HR": 0, "HS": 16, "HST": 3, "HTAG": 0, "HTHG": 0, "HTR": "D", "HY": 4, "HomeTeam": "Lazio"},{"AC": 6, "AF": 19, "AR": 0, "AS": 9, "AST": 5, "AY": 0, "AwayTeam": "Milan", "Date": "2015-05-30", "FTAG": 3, "FTHG": 1, "FTR": "A", "HC": 5, "HF": 19, "HR": 0, "HS": 16, "HST": 1, "HTAG": 2, "HTHG": 1, "HTR": "A", "HY": 3, "HomeTeam": "Atalanta"},{"AC": 4, "AF": 10, "AR": 1, "AS": 16, "AST": 4, "AY": 1, "AwayTeam": "Juventus", "Date": "2015-05-30", "FTAG": 2, "FTHG": 2, "FTR": "D", "HC": 6, "HF": 17, "HR": 0, "HS": 15, "HST": 4, "HTAG": 1, "HTHG": 0, "HTR": "A", "HY": 3, "HomeTeam": "Verona"},{"AC": 5, "AF": 13, "AR": 0, "AS": 11, "AST": 6, "AY": 4, "AwayTeam": "Udinese", "Date": "2015-05-31", "FTAG": 3, "FTHG": 4, "FTR": "H", "HC": 4, "HF": 11, "HR": 0, "HS": 14, "HST": 5, "HTAG": 1, "HTHG": 2, "HTR": "H", "HY": 1, "HomeTeam": "Cagliari"},{"AC": 3, "AF": 9, "AR": 1, "AS": 13, "AST": 2, "AY": 1, "AwayTeam": "Chievo", "Date": "2015-05-31", "FTAG": 0, "FTHG": 3, "FTR": "H", "HC": 3, "HF": 10, "HR": 0, "HS": 26, "HST": 13, "HTAG": 0, "HTHG": 1, "HTR": "H", "HY": 2, "HomeTeam": "Fiorentina"},{"AC": 0, "AF": 13, "AR": 0, "AS": 11, "AST": 5, "AY": 2, "AwayTeam": "Empoli", "Date": "2015-05-31", "FTAG": 3, "FTHG": 4, "FTR": "H", "HC": 6, "HF": 13, "HR": 0, "HS": 32, "HST": 9, "HTAG": 0, "HTHG": 0, "HTR": "D", "HY": 1, "HomeTeam": "Inter"},{"AC": 2, "AF": 15, "AR": 1, "AS": 7, "AST": 5, "AY": 4, "AwayTeam": "Lazio", "Date": "2015-05-31", "FTAG": 4, "FTHG": 2, "FTR": "A", "HC": 4, "HF": 16, "HR": 1, "HS": 17, "HST": 7, "HTAG": 2, "HTHG": 0, "HTR": "A", "HY": 0, "HomeTeam": "Napoli"},{"AC": 5, "AF": 13, "AR": 0, "AS": 12, "AST": 3, "AY": 3, "AwayTeam": "Palermo", "Date": "2015-05-31", "FTAG": 2, "FTHG": 1, "FTR": "A", "HC": 2, "HF": 13, "HR": 0, "HS": 7, "HST": 2, "HTAG": 1, "HTHG": 0, "HTR": "A", "HY": 2, "HomeTeam": "Roma"},{"AC": 4, "AF": 13, "AR": 0, "AS": 10, "AST": 3, "AY": 1, "AwayTeam": "Parma", "Date": "2015-05-31", "FTAG": 2, "FTHG": 2, "FTR": "D", "HC": 7, "HF": 12, "HR": 0, "HS": 17, "HST": 7, "HTAG": 0, "HTHG": 0, "HTR": "D", "HY": 0, "HomeTeam": "Sampdoria"},{"AC": 7, "AF": 22, "AR": 1, "AS": 17, "AST": 7, "AY": 4, "AwayTeam": "Genoa", "Date": "2015-05-31", "FTAG": 1, "FTHG": 3, "FTR": "H", "HC": 5, "HF": 12, "HR": 0, "HS": 16, "HST": 6, "HTAG": 1, "HTHG": 3, "HTR": "H", "HY": 3, "HomeTeam": "Sassuolo"},{"AC": 1, "AF": 10, "AR": 0, "AS": 7, "AST": 1, "AY": 2, "AwayTeam": "Cesena", "Date": "2015-05-31", "FTAG": 0, "FTHG": 5, "FTR": "H", "HC": 5, "HF": 6, "HR": 0, "HS": 18, "HST": 9, "HTAG": 0, "HTHG": 3, "HTR": "H", "HY": 0, "HomeTeam": "Torino"}]