[{"AC": 8, "AF": 17, "AR": 0, "AS": 13, "AST": 3, "AY": 3, "AwayTeam": "Cesena", "Date": "2010-08-28", "FTAG": 0, "FTHG": 0, "FTR": "D", "HC": 10, "HF": 11, "HR": 0, "HS": 24, "HST": 5, "HTAG": 0, "HTHG": 0, "HTR": "D", "HY": 3, "HomeTeam": "Roma"},{"AC": 3, "AF": 15, "AR": 0, "AS": 9, "AST": 4, "AY": 3, "AwayTeam": "Genoa", "Date": "2010-08-28", "FTAG": 1, "FTHG": 0, "FTR": "A", "HC": 9, "HF": 12, "HR": 0, "HS": 14, "HST": 6, "HTAG": 0, "HTHG": 0, "HTR": "D", "HY": 2, "HomeTeam": "Udinese"},{"AC": 4, "AF": 12, "AR": 0, "AS": 18, "AST": 2, "AY": 2, "AwayTeam": "Juventus", "Date": "2010-08-29", "FTAG": 0, "FTHG": 1, "FTR": "H", "HC": 7, "HF": 14, "HR": 0, "HS": 20, "HST": 5, "HTAG": 0, "HTHG": 1, "HTR": "H", "HY": 1, "HomeTeam": "Bari"},{"AC": 4, "AF": 18, "AR": 0, "AS": 11, "AST": 4, "AY": 2, "AwayTeam": "Catania", "Date": "2010-08-29", "FTAG": 1, "FTHG": 2, "FTR": "H", "HC": 4, "HF": 18, "HR": 0, "HS": 11, "HST": 7, "HTAG": 1, "HTHG": 1, "HTR": "D", "HY": 0, "HomeTeam": "Chievo"},{"AC": 6, "AF": 16, "AR": 1, "AS": 12, "AST": 2, "AY": 4, "AwayTeam": "Napoli", "Date": "2010-08-29", "FTAG": 1, "FTHG": 1, "FTR": "D", "HC": 7, "HF": 18, "HR": 1, "HS": 19, "HST": 8, "HTAG": 1, "HTHG": 0, "HTR": "A", "HY": 2, "HomeTeam": "Fiorentina"},{"AC": 3, "AF": 13, "AR": 0, "AS": 13, "AST": 3, "AY": 1, "AwayTeam": "Lecce", "Date": "2010-08-29", "FTAG": 0, "FTHG": 4, "FTR": "H", "HC": 6, "HF": 16, "HR": 0, "HS": 26, "HST": 13, "HTAG": 0, "HTHG": 3, "HTR": "H", "HY": 0, "HomeTeam": "Milan"},{"AC": 1, "AF": 20, "AR": 0, "AS": 14, "AST": 3, "AY": 3, "AwayTeam": "Cagliari", "Date": "2010-08-29", "FTAG": 0, "FTHG": 0, "FTR": "D", "HC": 8, "HF": 12, "HR": 0, "HS": 13, "HST": 4, "HTAG": 0, "HTHG": 0, "HTR": "D", "HY": 0, "HomeTeam": "Palermo"},{"AC": 6, "AF": 14, "AR": 0, "AS": 14, "AST": 3, "AY": 3, "AwayTeam": "Brescia", "Date": "2010-08-29", "FTAG": 0, "FTHG": 2, "FTR": "H", "HC": 3, "HF": 24, "HR": 0, "HS": 18, "HST": 9, "HTAG": 0, "HTHG": 2, "HTR": "H", "HY": 0, "HomeTeam": "Parma"},{"AC": 5, "AF": 24, "AR": 0, "AS": 18, "AST": 1, "AY": 4, "AwayTeam": "Lazio", "Date": "2010-08-29", "FTAG": 0, "FTHG": 2, "FTR": "H", "HC": 3, "HF": 9, "HR": 0, "HS": 11, "HST": 4, "HTAG": 0, "HTHG": 0, "HTR": "D", "HY": 1, "HomeTeam": "Sampdoria"},{"AC": 7, "AF": 16, "AR": 0, "AS": 22, "AST": 7, "AY": 2, "AwayTeam": "Inter", "Date": "2010-08-30", "FTAG": 0, "FTHG": 0, "FTR": "D", "HC": 2, "HF": 20, "HR": 0, "HS": 9, "HST": 3, "HTAG": 0, "HTHG": 0, "HTR": "D", "HY": 3, "HomeTeam": "Bologna"},{"AC": 9, "AF": 9, "AR": 1, "AS": 17, "AST": 6, "AY": 2, "AwayTeam": "Roma", "Date": "2010-09-11", "FTAG": 1, "FTHG": 5, "FTR": "H", "HC": 4, "HF": 23, "HR": 0, "HS": 12, "HST": 7, "HTAG": 1, "HTHG": 3, "HTR": "H", "HY": 3, "HomeTeam": "Cagliari"},{"AC": 12, "AF": 12, "AR": 0, "AS": 19, "AST": 5, "AY": 1, "AwayTeam": "Milan", "Date": "2010-09-11", "FTAG": 0, "FTHG": 2, "FTR": "H", "HC": 9, "HF": 14, "HR": 0, "HS": 17, "HST": 4, "HTAG": 0, "HTHG": 2, "HTR": "H", "HY": 0, "HomeTeam": "Cesena"},{"AC": 3, "AF": 19, "AR": 0, "AS": 14, "AST": 4, "AY": 3, "AwayTeam": "Udinese", "Date": "2010-09-11", "FTAG": 1, "FTHG": 2, "FTR": "H", "HC": 6, "HF": 17, "HR": 0, "HS": 17, "HST": 6, "HTAG": 1, "HTHG": 1, "HTR": "D", "HY": 2, "HomeTeam": "Inter"},{"AC": 6, "AF": 17, "AR": 0, "AS": 23, "AST": 11, "AY": 2, "AwayTeam": "Palermo", "Date": "2010-09-12", "FTAG": 2, "FTHG": 3, "FTR": "H", "HC": 2, "HF": 17, "HR": 0, "HS": 17, "HST": 6, "HTAG": 1, "HTHG": 3, "HTR": "H", "HY": 2, "HomeTeam": "Brescia"},{"AC": 10, "AF": 17, "AR": 1, "AS": 16, "AST": 4, "AY": 5, "AwayTeam": "Parma", "Date": "2010-09-12", "FTAG": 1, "FTHG": 2, "FTR": "H", "HC": 5, "HF": 14, "HR": 0, "HS": 10, "HST": 3, "HTAG": 0, "HTHG": 1, "HTR": "H", "HY": 1, "HomeTeam": "Catania"},{"AC": 6, "AF": 20, "AR": 0, "AS": 12, "AST": 8, "AY": 0, "AwayTeam": "Chievo", "Date": "2010-09-12", "FTAG": 3, "FTHG": 1, "FTR": "A", "HC": 9, "HF": 10, "HR": 0, "HS": 14, "HST": 7, "HTAG": 1, "HTHG": 1, "HTR": "D", "HY": 1, "HomeTeam": "Genoa"},{"AC": 3, "AF": 13, "AR": 0, "AS": 11, "AST": 5, "AY": 0, "AwayTeam": "Sampdoria", "Date": "2010-09-12", "FTAG": 3, "FTHG": 3, "FTR": "D", "HC": 4, "HF": 14, "HR": 0, "HS": 25, "HST": 10, "HTAG": 1, "HTHG": 1, "HTR": "D", "HY": 1, "HomeTeam": "Juventus"},{"AC": 4, "AF": 23, "AR": 0, "AS": 14, "AST": 1, "AY": 1, "AwayTeam": "Bologna", "Date": "2010-09-12", "FTAG": 1, "FTHG": 3, "FTR": "H", "HC": 7, "HF": 14, "HR": 0, "HS": 15, "HST": 7, "HTAG": 0, "HTHG": 0, "HTR": "D", "HY": 1, "HomeTeam": "Lazio"},{"AC": 3, "AF": 15, "AR": 0, "AS": 11, "AST": 3, "AY": 1, "AwayTeam": "Fiorentina", "Date": "2010-09-12", "FTAG": 0, "FTHG": 1, "FTR": "H", "HC": 3, "HF": 21, "HR": 0, "HS": 9, "HST": 4, "HTAG": 0, "HTHG": 1, "HTR": "H", "HY": 2, "HomeTeam": "Lecce"},{"AC": 4, "AF": 12, "AR": 0, "AS": 12, "AST": 8, "AY": 4, "AwayTeam": "Bari", "Date": "2010-09-12", "FTAG": 2, "FTHG": 2, "FTR": "D", "HC": 12, "HF": 7, "HR": 0, "HS": 19, "HST": 6, "HTAG": 1, "HTHG": 1, "HTR": "D", "HY": 1, "HomeTeam": "Napoli"},{"AC": 1, "AF": 10, "AR": 0, "AS": 15, "AST": 6, "AY": 1, "AwayTeam": "Lazio", "Date": "2010-09-18", "FTAG": 2, "FTHG": 1, "FTR": "A", "HC": 8, "HF": 26, "HR": 0, "HS": 18, "HST": 4, "HTAG": 1, "HTHG": 1, "HTR": "D", "HY": 1, "HomeTeam": "Fiorentina"},{"AC": 2, "AF": 17, "AR": 0, "AS": 14, "AST": 6, "AY": 2, "AwayTeam": "Catania", "Date": "2010-09-18", "FTAG": 1, "FTHG": 1, "FTR": "D", "HC": 8, "HF": 11, "HR": 0, "HS": 12, "HST": 3, "HTAG": 1, "HTHG": 1, "HTR": "D", "HY": 2, "HomeTeam": "Milan"},{"AC": 1, "AF": 9, "AR": 0, "AS": 7, "AST": 1, "AY": 1, "AwayTeam": "Cagliari", "Date": "2010-09-19", "FTAG": 0, "FTHG": 0, "FTR": "D", "HC": 3, "HF": 11, "HR": 0, "HS": 10, "HST": 0, "HTAG": 0, "HTHG": 0, "HTR": "D", "HY": 1, "HomeTeam": "Bari"},{"AC": 3, "AF": 18, "AR": 1, "AS": 14, "AST": 2, "AY": 3, "AwayTeam": "Lecce", "Date": "2010-09-19", "FTAG": 0, "FTHG": 1, "FTR": "H", "HC": 8, "HF": 13, "HR": 1, "HS": 10, "HST": 4, "HTAG": 0, "HTHG": 0, "HTR": "D", "HY": 1, "HomeTeam": "Cesena"},{"AC": 5, "AF": 17, "AR": 0, "AS": 13, "AST": 5, "AY": 1, "AwayTeam": "Brescia", "Date": "2010-09-19", "FTAG": 1, "FTHG": 0, "FTR": "A", "HC": 6, "HF": 22, "HR": 0, "HS": 14, "HST": 1, "HTAG": 1, "HTHG": 0, "HTR": "A", "HY": 3, "HomeTeam": "Chievo"},{"AC": 7, "AF": 6, "AR": 0, "AS": 21, "AST": 6, "AY": 0, "AwayTeam": "Inter", "Date": "2010-09-19", "FTAG": 2, "FTHG": 1, "FTR": "A", "HC": 5, "HF": 11, "HR": 0, "HS": 16, "HST": 5, "HTAG": 0, "HTHG": 1, "HTR": "H", "HY": 2, "HomeTeam": "Palermo"},{"AC": 2, "AF": 29, "AR": 0, "AS": 7, "AST": 3, "AY": 5, "AwayTeam": "Genoa", "Date": "2010-09-19", "FTAG": 1, "FTHG": 1, "FTR": "D", "HC": 4, "HF": 15, "HR": 0, "HS": 14, "HST": 3, "HTAG": 1, "HTHG": 0, "HTR": "A", "HY": 2, "HomeTeam": "Parma"},{"AC": 6, "AF": 17, "AR": 0, "AS": 21, "AST": 5, "AY": 4, "AwayTeam": "Bologna", "Date": "2010-09-19", "FTAG": 2, "FTHG": 2, "FTR": "D", "HC": 10, "HF": 14, "HR": 0, "HS": 17, "HST": 4, "HTAG": 0, "HTHG": 1, "HTR": "H", "HY": 1, "HomeTeam": "Roma"},{"AC": 11, "AF": 23, "AR": 0, "AS": 15, "AST": 3, "AY": 6, "AwayTeam": "Napoli", "Date": "2010-09-19", "FTAG": 2, "FTHG": 1, "FTR": "A", "HC": 4, "HF": 15, "HR": 0, "HS": 10, "HST": 2, "HTAG": 0, "HTHG": 0, "HTR": "D", "HY": 3, "HomeTeam": "Sampdoria"},{"AC": 8, "AF": 26, "AR": 0, "AS": 19, "AST": 9, "AY": 4, "AwayTeam": "Juventus", "Date": "2010-09-19", "FTAG": 4, "FTHG": 0, "FTR": "A", "HC": 6, "HF": 19, "HR": 0, "HS": 12, "HST": 4, "HTAG": 3, "HTHG": 0, "HTR": "A", "HY": 0, "HomeTeam": "Udinese"},{"AC": 6, "AF": 24, "AR": 0, "AS": 16, "AST": 7, "AY": 3, "AwayTeam": "Udinese", "Date": "2010-09-22", "FTAG": 1, "FTHG": 2, "FTR": "H", "HC": 4, "HF": 17, "HR": 0, "HS": 13, "HST": 4, "HTAG": 1, "HTHG": 1, "HTR": "D", "HY": 2, "HomeTeam": "Bologna"},{"AC": 9, "AF": 20, "AR": 1, "AS": 24, "AST": 8, "AY": 3, "AwayTeam": "Roma", "Date": "2010-09-22", "FTAG": 1, "FTHG": 2, "FTR": "H", "HC": 2, "HF": 23, "HR": 0, "HS": 6, "HST": 3, "HTAG": 0, "HTHG": 1, "HTR": "H", "HY": 1, "HomeTeam": "Brescia"},{"AC": 1, "AF": 15, "AR": 0, "AS": 8, "AST": 2, "AY": 1, "AwayTeam": "Sampdoria", "Date": "2010-09-22", "FTAG": 0, "FTHG": 0, "FTR": "D", "HC": 3, "HF": 21, "HR": 0, "HS": 9, "HST": 3, "HTAG": 0, "HTHG": 0, "HTR": "D", "HY": 2, "HomeTeam": "Cagliari"},{"AC": 2, "AF": 18, "AR": 0, "AS": 10, "AST": 2, "AY": 3, "AwayTeam": "Cesena", "Date": "2010-09-22", "FTAG": 0, "FTHG": 2, "FTR": "H", "HC": 4, "HF": 14, "HR": 0, "HS": 14, "HST": 3, "HTAG": 0, "HTHG": 1, "HTR": "H", "HY": 3, "HomeTeam": "Catania"},{"AC": 0, "AF": 16, "AR": 0, "AS": 8, "AST": 4, "AY": 2, "AwayTeam": "Fiorentina", "Date": "2010-09-22", "FTAG": 1, "FTHG": 1, "FTR": "D", "HC": 5, "HF": 17, "HR": 0, "HS": 18, "HST": 8, "HTAG": 1, "HTHG": 1, "HTR": "D", "HY": 3, "HomeTeam": "Genoa"},{"AC": 5, "AF": 14, "AR": 0, "AS": 10, "AST": 3, "AY": 1, "AwayTeam": "Bari", "Date": "2010-09-22", "FTAG": 0, "FTHG": 4, "FTR": "H", "HC": 5, "HF": 9, "HR": 0, "HS": 18, "HST": 4, "HTAG": 0, "HTHG": 1, "HTR": "H", "HY": 1, "HomeTeam": "Inter"},{"AC": 9, "AF": 17, "AR": 0, "AS": 13, "AST": 3, "AY": 1, "AwayTeam": "Milan", "Date": "2010-09-22", "FTAG": 1, "FTHG": 1, "FTR": "D", "HC": 5, "HF": 12, "HR": 0, "HS": 11, "HST": 6, "HTAG": 0, "HTHG": 0, "HTR": "D", "HY": 0, "HomeTeam": "Lazio"},{"AC": 3, "AF": 10, "AR": 0, "AS": 11, "AST": 4, "AY": 1, "AwayTeam": "Parma", "Date": "2010-09-22", "FTAG": 1, "FTHG": 1, "FTR": "D", "HC": 5, "HF": 25, "HR": 0, "HS": 13, "HST": 5, "HTAG": 0, "HTHG": 1, "HTR": "H", "HY": 0, "HomeTeam": "Lecce"},{"AC": 6, "AF": 13, "AR": 0, "AS": 16, "AST": 6, "AY": 1, "AwayTeam": "Chievo", "Date": "2010-09-22", "FTAG": 3, "FTHG": 1, "FTR": "A", "HC": 7, "HF": 13, "HR": 0, "HS": 18, "HST": 6, "HTAG": 1, "HTHG": 1, "HTR": "D", "HY": 1, "HomeTeam": "Napoli"},{"AC": 2, "AF": 17, "AR": 0, "AS": 11, "AST": 8, "AY": 3, "AwayTeam": "Palermo", "Date": "2010-09-23", "FTAG": 3, "FTHG": 1, "FTR": "A", "HC": 10, "HF": 13, "HR": 0, "HS": 27, "HST": 9, "HTAG": 1, "HTHG": 0, "HTR": "A", "HY": 1, "HomeTeam": "Juventus"},{"AC": 5, "AF": 18, "AR": 0, "AS": 8, "AST": 2, "AY": 2, "AwayTeam": "Genoa", "Date": "2010-09-25", "FTAG": 0, "FTHG": 1, "FTR": "H", "HC": 1, "HF": 17, "HR": 0, "HS": 13, "HST": 5, "HTAG": 0, "HTHG": 0, "HTR": "D", "HY": 1, "HomeTeam": "Milan"},{"AC": 6, "AF": 17, "AR": 0, "AS": 25, "AST": 4, "AY": 4, "AwayTeam": "Inter", "Date": "2010-09-25", "FTAG": 0, "FTHG": 1, "FTR": "H", "HC": 4, "HF": 19, "HR": 0, "HS": 17, "HST": 4, "HTAG": 0, "HTHG": 0, "HTR": "D", "HY": 4, "HomeTeam": "Roma"},{"AC": 3, "AF": 18, "AR": 0, "AS": 14, "AST": 5, "AY": 4, "AwayTeam": "Brescia", "Date": "2010-09-26", "FTAG": 1, "FTHG": 2, "FTR": "H", "HC": 6, "HF": 20, "HR": 0, "HS": 15, "HST": 8, "HTAG": 1, "HTHG": 1, "HTR": "D", "HY": 1, "HomeTeam": "Bari"},{"AC": 2, "AF": 21, "AR": 0, "AS": 5, "AST": 3, "AY": 3, "AwayTeam": "Bologna", "Date": "2010-09-26", "FTAG": 1, "FTHG": 1, "FTR": "D", "HC": 9, "HF": 13, "HR": 0, "HS": 16, "HST": 4, "HTAG": 1, "HTHG": 0, "HTR": "A", "HY": 1, "HomeTeam": "Catania"},{"AC": 14, "AF": 23, "AR": 0, "AS": 21, "AST": 11, "AY": 0, "AwayTeam": "Napoli", "Date": "2010-09-26", "FTAG": 4, "FTHG": 1, "FTR": "A", "HC": 3, "HF": 14, "HR": 0, "HS": 11, "HST": 2, "HTAG": 0, "HTHG": 0, "HTR": "D", "HY": 2, "HomeTeam": "Cesena"},{"AC": 6, "AF": 11, "AR": 0, "AS": 15, "AST": 4, "AY": 3, "AwayTeam": "Lazio", "Date": "2010-09-26", "FTAG": 1, "FTHG": 0, "FTR": "A", "HC": 7, "HF": 19, "HR": 0, "HS": 7, "HST": 1, "HTAG": 0, "HTHG": 0, "HTR": "D", "HY": 5, "HomeTeam": "Chievo"},{"AC": 5, "AF": 21, "AR": 0, "AS": 7, "AST": 2, "AY": 4, "AwayTeam": "Parma", "Date": "2010-09-26", "FTAG": 0, "FTHG": 2, "FTR": "H", "HC": 4, "HF": 17, "HR": 0, "HS": 17, "HST": 8, "HTAG": 0, "HTHG": 0, "HTR": "D", "HY": 1, "HomeTeam": "Fiorentina"},{"AC": 5, "AF": 17, "AR": 0, "AS": 12, "AST": 4, "AY": 0, "AwayTeam": "Cagliari", "Date": "2010-09-26", "FTAG": 2, "FTHG": 4, "FTR": "H", "HC": 4, "HF": 18, "HR": 0, "HS": 15, "HST": 6, "HTAG": 1, "HTHG": 2, "HTR": "H", "HY": 3, "HomeTeam": "Juventus"},{"AC": 4, "AF": 29, "AR": 1, "AS": 10, "AST": 3, "AY": 4, "AwayTeam": "Lecce", "Date": "2010-09-26", "FTAG": 2, "FTHG": 2, "FTR": "D", "HC": 10, "HF": 13, "HR": 0, "HS": 19, "HST": 10, "HTAG": 1, "HTHG": 0, "HTR": "A", "HY": 2, "HomeTeam": "Palermo"},{"AC": 2, "AF": 18, "AR": 0, "AS": 13, "AST": 2, "AY": 2, "AwayTeam": "Udinese", "Date": "2010-09-26", "FTAG": 0, "FTHG": 0, "FTR": "D", "HC": 7, "HF": 14, "HR": 0, "HS": 7, "HST": 2, "HTAG": 0, "HTHG": 0, "HTR": "D", "HY": 1, "HomeTeam": "Sampdoria"},{"AC": 5, "AF": 22, "AR": 0, "AS": 18, "AST": 10, "AY": 5, "AwayTeam": "Milan", "Date": "2010-10-02", "FTAG": 1, "FTHG": 0, "FTR": "A", "HC": 4, "HF": 15, "HR": 0, "HS": 7, "HST": 3, "HTAG": 1, "HTHG": 0, "HTR": "A", "HY": 2, "HomeTeam": "Parma"},{"AC": 1, "AF": 22, "AR": 0, "AS": 3, "AST": 0, "AY": 2, "AwayTeam": "Cesena", "Date": "2010-10-02", "FTAG": 0, "FTHG": 1, "FTR": "H", "HC": 8, "HF": 17, "HR": 0, "HS": 18, "HST": 6, "HTAG": 0, "HTHG": 0, "HTR": "D", "HY": 2, "HomeTeam": "Udinese"},{"AC": 5, "AF": 17, "AR": 0, "AS": 10, "AST": 4, "AY": 1, "AwayTeam": "Sampdoria", "Date": "2010-10-03", "FTAG": 1, "FTHG": 1, "FTR": "D", "HC": 7, "HF": 16, "HR": 0, "HS": 18, "HST": 6, "HTAG": 1, "HTHG": 0, "HTR": "A", "HY": 2, "HomeTeam": "Bologna"},{"AC": 3, "AF": 15, "AR": 0, "AS": 8, "AST": 3, "AY": 2, "AwayTeam": "Cagliari", "Date": "2010-10-03", "FTAG": 0, "FTHG": 0, "FTR": "D", "HC": 13, "HF": 17, "HR": 0, "HS": 21, "HST": 4, "HTAG": 0, "HTHG": 0, "HTR": "D", "HY": 4, "HomeTeam": "Chievo"},{"AC": 4, "AF": 13, "AR": 0, "AS": 14, "AST": 6, "AY": 1, "AwayTeam": "Palermo", "Date": "2010-10-03", "FTAG": 2, "FTHG": 1, "FTR": "A", "HC": 7, "HF": 11, "HR": 1, "HS": 18, "HST": 6, "HTAG": 2, "HTHG": 0, "HTR": "A", "HY": 1, "HomeTeam": "Fiorentina"},{"AC": 0, "AF": 16, "AR": 0, "AS": 7, "AST": 3, "AY": 3, "AwayTeam": "Bari", "Date": "2010-10-03", "FTAG": 1, "FTHG": 2, "FTR": "H", "HC": 4, "HF": 12, "HR": 1, "HS": 29, "HST": 7, "HTAG": 0, "HTHG": 1, "HTR": "H", "HY": 2, "HomeTeam": "Genoa"},{"AC": 9, "AF": 13, "AR": 0, "AS": 16, "AST": 8, "AY": 2, "AwayTeam": "Juventus", "Date": "2010-10-03", "FTAG": 0, "FTHG": 0, "FTR": "D", "HC": 13, "HF": 11, "HR": 0, "HS": 20, "HST": 4, "HTAG": 0, "HTHG": 0, "HTR": "D", "HY": 1, "HomeTeam": "Inter"},{"AC": 5, "AF": 16, "AR": 1, "AS": 8, "AST": 2, "AY": 1, "AwayTeam": "Brescia", "Date": "2010-10-03", "FTAG": 0, "FTHG": 1, "FTR": "H", "HC": 7, "HF": 11, "HR": 0, "HS": 23, "HST": 8, "HTAG": 0, "HTHG": 1, "HTR": "H", "HY": 1, "HomeTeam": "Lazio"},{"AC": 7, "AF": 15, "AR": 0, "AS": 9, "AST": 1, "AY": 0, "AwayTeam": "Catania", "Date": "2010-10-03", "FTAG": 0, "FTHG": 1, "FTR": "H", "HC": 3, "HF": 23, "HR": 0, "HS": 4, "HST": 3, "HTAG": 0, "HTHG": 1, "HTR": "H", "HY": 1, "HomeTeam": "Lecce"},{"AC": 5, "AF": 9, "AR": 0, "AS": 15, "AST": 2, "AY": 2, "AwayTeam": "Roma", "Date": "2010-10-03", "FTAG": 0, "FTHG": 2, "FTR": "H", "HC": 7, "HF": 22, "HR": 0, "HS": 16, "HST": 6, "HTAG": 0, "HTHG": 0, "HTR": "D", "HY": 4, "HomeTeam": "Napoli"},{"AC": 8, "AF": 13, "AR": 0, "AS": 18, "AST": 7, "AY": 3, "AwayTeam": "Chievo", "Date": "2010-10-16", "FTAG": 1, "FTHG": 3, "FTR": "H", "HC": 4, "HF": 10, "HR": 0, "HS": 14, "HST": 11, "HTAG": 0, "HTHG": 2, "HTR": "H", "HY": 1, "HomeTeam": "Milan"},{"AC": 6, "AF": 26, "AR": 0, "AS": 12, "AST": 2, "AY": 3, "AwayTeam": "Genoa", "Date": "2010-10-16", "FTAG": 1, "FTHG": 2, "FTR": "H", "HC": 4, "HF": 20, "HR": 0, "HS": 11, "HST": 4, "HTAG": 0, "HTHG": 1, "HTR": "H", "HY": 1, "HomeTeam": "Roma"},{"AC": 1, "AF": 5, "AR": 0, "AS": 8, "AST": 3, "AY": 0, "AwayTeam": "Lazio", "Date": "2010-10-17", "FTAG": 2, "FTHG": 0, "FTR": "A", "HC": 6, "HF": 15, "HR": 0, "HS": 16, "HST": 5, "HTAG": 0, "HTHG": 0, "HTR": "D", "HY": 2, "HomeTeam": "Bari"},{"AC": 5, "AF": 19, "AR": 0, "AS": 6, "AST": 1, "AY": 1, "AwayTeam": "Udinese", "Date": "2010-10-17", "FTAG": 1, "FTHG": 0, "FTR": "A", "HC": 8, "HF": 18, "HR": 0, "HS": 18, "HST": 5, "HTAG": 0, "HTHG": 0, "HTR": "D", "HY": 2, "HomeTeam": "Brescia"},{"AC": 9, "AF": 16, "AR": 0, "AS": 21, "AST": 4, "AY": 1, "AwayTeam": "Inter", "Date": "2010-10-17", "FTAG": 1, "FTHG": 0, "FTR": "A", "HC": 5, "HF": 8, "HR": 0, "HS": 11, "HST": 3, "HTAG": 1, "HTHG": 0, "HTR": "A", "HY": 3, "HomeTeam": "Cagliari"},{"AC": 5, "AF": 18, "AR": 1, "AS": 8, "AST": 2, "AY": 2, "AwayTeam": "Napoli", "Date": "2010-10-17", "FTAG": 1, "FTHG": 1, "FTR": "D", "HC": 13, "HF": 13, "HR": 0, "HS": 16, "HST": 6, "HTAG": 1, "HTHG": 0, "HTR": "A", "HY": 1, "HomeTeam": "Catania"},{"AC": 7, "AF": 13, "AR": 0, "AS": 10, "AST": 2, "AY": 3, "AwayTeam": "Parma", "Date": "2010-10-17", "FTAG": 1, "FTHG": 1, "FTR": "D", "HC": 5, "HF": 17, "HR": 0, "HS": 7, "HST": 3, "HTAG": 1, "HTHG": 1, "HTR": "D", "HY": 2, "HomeTeam": "Cesena"},{"AC": 5, "AF": 19, "AR": 0, "AS": 10, "AST": 3, "AY": 5, "AwayTeam": "Lecce", "Date": "2010-10-17", "FTAG": 0, "FTHG": 4, "FTR": "H", "HC": 2, "HF": 12, "HR": 0, "HS": 12, "HST": 5, "HTAG": 0, "HTHG": 3, "HTR": "H", "HY": 0, "HomeTeam": "Juventus"},{"AC": 6, "AF": 10, "AR": 0, "AS": 6, "AST": 2, "AY": 4, "AwayTeam": "Bologna", "Date": "2010-10-17", "FTAG": 1, "FTHG": 4, "FTR": "H", "HC": 9, "HF": 14, "HR": 0, "HS": 29, "HST": 11, "HTAG": 0, "HTHG": 2, "HTR": "H", "HY": 2, "HomeTeam": "Palermo"},{"AC": 5, "AF": 21, "AR": 0, "AS": 7, "AST": 2, "AY": 4, "AwayTeam": "Fiorentina", "Date": "2010-10-17", "FTAG": 1, "FTHG": 2, "FTR": "H", "HC": 6, "HF": 13, "HR": 0, "HS": 15, "HST": 6, "HTAG": 1, "HTHG": 0, "HTR": "A", "HY": 4, "HomeTeam": "Sampdoria"},{"AC": 7, "AF": 12, "AR": 0, "AS": 9, "AST": 2, "AY": 2, "AwayTeam": "Bari", "Date": "2010-10-23", "FTAG": 1, "FTHG": 2, "FTR": "H", "HC": 3, "HF": 9, "HR": 0, "HS": 15, "HST": 7, "HTAG": 0, "HTHG": 1, "HTR": "H", "HY": 4, "HomeTeam": "Fiorentina"},{"AC": 6, "AF": 15, "AR": 0, "AS": 21, "AST": 5, "AY": 1, "AwayTeam": "Juventus", "Date": "2010-10-24", "FTAG": 0, "FTHG": 0, "FTR": "D", "HC": 2, "HF": 20, "HR": 0, "HS": 6, "HST": 1, "HTAG": 0, "HTHG": 0, "HTR": "D", "HY": 3, "HomeTeam": "Bologna"},{"AC": 8, "AF": 16, "AR": 1, "AS": 14, "AST": 5, "AY": 1, "AwayTeam": "Cesena", "Date": "2010-10-24", "FTAG": 1, "FTHG": 2, "FTR": "H", "HC": 10, "HF": 12, "HR": 0, "HS": 16, "HST": 12, "HTAG": 1, "HTHG": 1, "HTR": "D", "HY": 3, "HomeTeam": "Chievo"},{"AC": 3, "AF": 21, "AR": 0, "AS": 10, "AST": 3, "AY": 3, "AwayTeam": "Catania", "Date": "2010-10-24", "FTAG": 0, "FTHG": 1, "FTR": "H", "HC": 2, "HF": 24, "HR": 0, "HS": 11, "HST": 4, "HTAG": 0, "HTHG": 0, "HTR": "D", "HY": 2, "HomeTeam": "Genoa"},{"AC": 1, "AF": 13, "AR": 0, "AS": 8, "AST": 3, "AY": 5, "AwayTeam": "Sampdoria", "Date": "2010-10-24", "FTAG": 1, "FTHG": 1, "FTR": "D", "HC": 9, "HF": 14, "HR": 0, "HS": 21, "HST": 7, "HTAG": 0, "HTHG": 0, "HTR": "D", "HY": 0, "HomeTeam": "Inter"},{"AC": 3, "AF": 15, "AR": 0, "AS": 10, "AST": 4, "AY": 3, "AwayTeam": "Cagliari", "Date": "2010-10-24", "FTAG": 1, "FTHG": 2, "FTR": "H", "HC": 4, "HF": 18, "HR": 0, "HS": 17, "HST": 4, "HTAG": 0, "HTHG": 1, "HTR": "H", "HY": 0, "HomeTeam": "Lazio"},{"AC": 8, "AF": 12, "AR": 0, "AS": 15, "AST": 7, "AY": 3, "AwayTeam": "Brescia", "Date": "2010-10-24", "FTAG": 1, "FTHG": 2, "FTR": "H", "HC": 5, "HF": 20, "HR": 0, "HS": 19, "HST": 6, "HTAG": 1, "HTHG": 0, "HTR": "A", "HY": 3, "HomeTeam": "Lecce"},{"AC": 6, "AF": 13, "AR": 0, "AS": 17, "AST": 1, "AY": 3, "AwayTeam": "Roma", "Date": "2010-10-24", "FTAG": 0, "FTHG": 0, "FTR": "D", "HC": 7, "HF": 15, "HR": 0, "HS": 11, "HST": 1, "HTAG": 0, "HTHG": 0, "HTR": "D", "HY": 4, "HomeTeam": "Parma"},{"AC": 4, "AF": 17, "AR": 0, "AS": 20, "AST": 7, "AY": 5, "AwayTeam": "Palermo", "Date": "2010-10-24", "FTAG": 1, "FTHG": 2, "FTR": "H", "HC": 6, "HF": 14, "HR": 1, "HS": 17, "HST": 7, "HTAG": 0, "HTHG": 1, "HTR": "H", "HY": 2, "HomeTeam": "Udinese"},{"AC": 6, "AF": 19, "AR": 0, "AS": 16, "AST": 9, "AY": 4, "AwayTeam": "Milan", "Date": "2010-10-25", "FTAG": 2, "FTHG": 1, "FTR": "A", "HC": 8, "HF": 10, "HR": 1, "HS": 18, "HST": 5, "HTAG": 1, "HTHG": 0, "HTR": "A", "HY": 1, "HomeTeam": "Napoli"},{"AC": 5, "AF": 9, "AR": 0, "AS": 11, "AST": 5, "AY": 2, "AwayTeam": "Inter", "Date": "2010-10-29", "FTAG": 1, "FTHG": 0, "FTR": "A", "HC": 5, "HF": 10, "HR": 0, "HS": 17, "HST": 6, "HTAG": 1, "HTHG": 0, "HTR": "A", "HY": 2, "HomeTeam": "Genoa"},{"AC": 1, "AF": 19, "AR": 0, "AS": 10, "AST": 6, "AY": 2, "AwayTeam": "Juventus", "Date": "2010-10-30", "FTAG": 2, "FTHG": 1, "FTR": "A", "HC": 8, "HF": 14, "HR": 0, "HS": 23, "HST": 5, "HTAG": 1, "HTHG": 0, "HTR": "A", "HY": 2, "HomeTeam": "Milan"},{"AC": 5, "AF": 16, "AR": 1, "AS": 14, "AST": 2, "AY": 1, "AwayTeam": "Lecce", "Date": "2010-10-30", "FTAG": 0, "FTHG": 2, "FTR": "H", "HC": 11, "HF": 10, "HR": 1, "HS": 24, "HST": 10, "HTAG": 0, "HTHG": 0, "HTR": "D", "HY": 2, "HomeTeam": "Roma"},{"AC": 2, "AF": 11, "AR": 0, "AS": 10, "AST": 6, "AY": 2, "AwayTeam": "Udinese", "Date": "2010-10-31", "FTAG": 2, "FTHG": 0, "FTR": "A", "HC": 7, "HF": 15, "HR": 0, "HS": 16, "HST": 2, "HTAG": 1, "HTHG": 0, "HTR": "A", "HY": 2, "HomeTeam": "Bari"},{"AC": 7, "AF": 13, "AR": 0, "AS": 22, "AST": 5, "AY": 1, "AwayTeam": "Napoli", "Date": "2010-10-31", "FTAG": 1, "FTHG": 0, "FTR": "A", "HC": 6, "HF": 12, "HR": 0, "HS": 13, "HST": 2, "HTAG": 0, "HTHG": 0, "HTR": "D", "HY": 1, "HomeTeam": "Brescia"},{"AC": 5, "AF": 20, "AR": 0, "AS": 7, "AST": 2, "AY": 4, "AwayTeam": "Bologna", "Date": "2010-10-31", "FTAG": 0, "FTHG": 2, "FTR": "H", "HC": 5, "HF": 27, "HR": 0, "HS": 15, "HST": 6, "HTAG": 0, "HTHG": 0, "HTR": "D", "HY": 0, "HomeTeam": "Cagliari"},{"AC": 3, "AF": 17, "AR": 0, "AS": 9, "AST": 3, "AY": 2, "AwayTeam": "Fiorentina", "Date": "2010-10-31", "FTAG": 0, "FTHG": 0, "FTR": "D", "HC": 5, "HF": 11, "HR": 0, "HS": 16, "HST": 3, "HTAG": 0, "HTHG": 0, "HTR": "D", "HY": 1, "HomeTeam": "Catania"},{"AC": 5, "AF": 17, "AR": 0, "AS": 15, "AST": 3, "AY": 1, "AwayTeam": "Sampdoria", "Date": "2010-10-31", "FTAG": 1, "FTHG": 0, "FTR": "A", "HC": 12, "HF": 17, "HR": 0, "HS": 12, "HST": 4, "HTAG": 0, "HTHG": 0, "HTR": "D", "HY": 2, "HomeTeam": "Cesena"},{"AC": 5, "AF": 16, "AR": 1, "AS": 7, "AST": 3, "AY": 2, "AwayTeam": "Lazio", "Date": "2010-10-31", "FTAG": 1, "FTHG": 0, "FTR": "A", "HC": 7, "HF": 19, "HR": 0, "HS": 28, "HST": 8, "HTAG": 1, "HTHG": 0, "HTR": "A", "HY": 2, "HomeTeam": "Palermo"},{"AC": 10, "AF": 17, "AR": 1, "AS": 16, "AST": 4, "AY": 1, "AwayTeam": "Chievo", "Date": "2010-10-31", "FTAG": 0, "FTHG": 0, "FTR": "D", "HC": 8, "HF": 12, "HR": 1, "HS": 16, "HST": 4, "HTAG": 0, "HTHG": 0, "HTR": "D", "HY": 1, "HomeTeam": "Parma"},{"AC": 1, "AF": 13, "AR": 0, "AS": 13, "AST": 4, "AY": 3, "AwayTeam": "Lecce", "Date": "2010-11-06", "FTAG": 0, "FTHG": 2, "FTR": "H", "HC": 3, "HF": 12, "HR": 0, "HS": 18, "HST": 5, "HTAG": 0, "HTHG": 0, "HTR": "D", "HY": 0, "HomeTeam": "Bologna"},{"AC": 3, "AF": 8, "AR": 0, "AS": 12, "AST": 4, "AY": 3, "AwayTeam": "Brescia", "Date": "2010-11-06", "FTAG": 1, "FTHG": 1, "FTR": "D", "HC": 6, "HF": 12, "HR": 0, "HS": 32, "HST": 6, "HTAG": 1, "HTHG": 0, "HTR": "A", "HY": 1, "HomeTeam": "Inter"},{"AC": 2, "AF": 17, "AR": 0, "AS": 10, "AST": 6, "AY": 1, "AwayTeam": "Milan", "Date": "2010-11-07", "FTAG": 3, "FTHG": 2, "FTR": "A", "HC": 4, "HF": 16, "HR": 0, "HS": 8, "HST": 3, "HTAG": 2, "HTHG": 0, "HTR": "A", "HY": 1, "HomeTeam": "Bari"},{"AC": 7, "AF": 18, "AR": 0, "AS": 12, "AST": 5, "AY": 2, "AwayTeam": "Chievo", "Date": "2010-11-07", "FTAG": 0, "FTHG": 1, "FTR": "H", "HC": 5, "HF": 15, "HR": 0, "HS": 19, "HST": 7, "HTAG": 0, "HTHG": 0, "HTR": "D", "HY": 1, "HomeTeam": "Fiorentina"},{"AC": 3, "AF": 11, "AR": 1, "AS": 10, "AST": 2, "AY": 2, "AwayTeam": "Cesena", "Date": "2010-11-07", "FTAG": 1, "FTHG": 3, "FTR": "H", "HC": 7, "HF": 14, "HR": 0, "HS": 20, "HST": 8, "HTAG": 1, "HTHG": 2, "HTR": "H", "HY": 2, "HomeTeam": "Juventus"},{"AC": 7, "AF": 14, "AR": 0, "AS": 21, "AST": 6, "AY": 3, "AwayTeam": "Roma", "Date": "2010-11-07", "FTAG": 2, "FTHG": 0, "FTR": "A", "HC": 3, "HF": 16, "HR": 0, "HS": 15, "HST": 2, "HTAG": 0, "HTHG": 0, "HTR": "D", "HY": 4, "HomeTeam": "Lazio"},{"AC": 7, "AF": 14, "AR": 0, "AS": 6, "AST": 1, "AY": 1, "AwayTeam": "Parma", "Date": "2010-11-07", "FTAG": 0, "FTHG": 2, "FTR": "H", "HC": 4, "HF": 13, "HR": 0, "HS": 11, "HST": 5, "HTAG": 0, "HTHG": 1, "HTR": "H", "HY": 2, "HomeTeam": "Napoli"},{"AC": 4, "AF": 13, "AR": 0, "AS": 17, "AST": 7, "AY": 0, "AwayTeam": "Genoa", "Date": "2010-11-07", "FTAG": 0, "FTHG": 1, "FTR": "H", "HC": 10, "HF": 8, "HR": 0, "HS": 17, "HST": 4, "HTAG": 0, "HTHG": 1, "HTR": "H", "HY": 1, "HomeTeam": "Palermo"},{"AC": 6, "AF": 21, "AR": 0, "AS": 10, "AST": 2, "AY": 2, "AwayTeam": "Catania", "Date": "2010-11-07", "FTAG": 0, "FTHG": 0, "FTR": "D", "HC": 10, "HF": 14, "HR": 0, "HS": 11, "HST": 4, "HTAG": 0, "HTHG": 0, "HTR": "D", "HY": 1, "HomeTeam": "Sampdoria"},{"AC": 7, "AF": 21, "AR": 0, "AS": 6, "AST": 3, "AY": 3, "AwayTeam": "Cagliari", "Date": "2010-11-07", "FTAG": 1, "FTHG": 1, "FTR": "D", "HC": 4, "HF": 15, "HR": 0, "HS": 20, "HST": 6, "HTAG": 1, "HTHG": 1, "HTR": "D", "HY": 1, "HomeTeam": "Udinese"},{"AC": 2, "AF": 19, "AR": 0, "AS": 9, "AST": 4, "AY": 3, "AwayTeam": "Juventus", "Date": "2010-11-10", "FTAG": 1, "FTHG": 1, "FTR": "D", "HC": 6, "HF": 14, "HR": 0, "HS": 14, "HST": 4, "HTAG": 0, "HTHG": 0, "HTR": "D", "HY": 2, "HomeTeam": "Brescia"},{"AC": 4, "AF": 17, "AR": 0, "AS": 11, "AST": 7, "AY": 2, "AwayTeam": "Napoli", "Date": "2010-11-10", "FTAG": 1, "FTHG": 0, "FTR": "A", "HC": 2, "HF": 19, "HR": 0, "HS": 5, "HST": 2, "HTAG": 0, "HTHG": 0, "HTR": "D", "HY": 4, "HomeTeam": "Cagliari"},{"AC": 5, "AF": 17, "AR": 1, "AS": 12, "AST": 0, "AY": 3, "AwayTeam": "Udinese", "Date": "2010-11-10", "FTAG": 0, "FTHG": 1, "FTR": "H", "HC": 6, "HF": 19, "HR": 1, "HS": 9, "HST": 2, "HTAG": 0, "HTHG": 0, "HTR": "D", "HY": 1, "HomeTeam": "Catania"},{"AC": 3, "AF": 13, "AR": 0, "AS": 9, "AST": 1, "AY": 1, "AwayTeam": "Lazio", "Date": "2010-11-10", "FTAG": 0, "FTHG": 1, "FTR": "H", "HC": 6, "HF": 15, "HR": 0, "HS": 11, "HST": 4, "HTAG": 0, "HTHG": 0, "HTR": "D", "HY": 2, "HomeTeam": "Cesena"},{"AC": 3, "AF": 10, "AR": 0, "AS": 6, "AST": 3, "AY": 1, "AwayTeam": "Bari", "Date": "2010-11-10", "FTAG": 0, "FTHG": 0, "FTR": "D", "HC": 8, "HF": 16, "HR": 0, "HS": 9, "HST": 1, "HTAG": 0, "HTHG": 0, "HTR": "D", "HY": 3, "HomeTeam": "Chievo"},{"AC": 3, "AF": 17, "AR": 0, "AS": 6, "AST": 3, "AY": 3, "AwayTeam": "Bologna", "Date": "2010-11-10", "FTAG": 0, "FTHG": 1, "FTR": "H", "HC": 11, "HF": 14, "HR": 0, "HS": 19, "HST": 4, "HTAG": 0, "HTHG": 0, "HTR": "D", "HY": 1, "HomeTeam": "Genoa"},{"AC": 7, "AF": 9, "AR": 0, "AS": 14, "AST": 5, "AY": 1, "AwayTeam": "Inter", "Date": "2010-11-10", "FTAG": 1, "FTHG": 1, "FTR": "D", "HC": 3, "HF": 20, "HR": 0, "HS": 6, "HST": 3, "HTAG": 0, "HTHG": 0, "HTR": "D", "HY": 3, "HomeTeam": "Lecce"},{"AC": 11, "AF": 5, "AR": 0, "AS": 19, "AST": 8, "AY": 1, "AwayTeam": "Palermo", "Date": "2010-11-10", "FTAG": 1, "FTHG": 3, "FTR": "H", "HC": 5, "HF": 17, "HR": 0, "HS": 17, "HST": 4, "HTAG": 0, "HTHG": 1, "HTR": "H", "HY": 1, "HomeTeam": "Milan"},{"AC": 5, "AF": 11, "AR": 0, "AS": 9, "AST": 4, "AY": 3, "AwayTeam": "Fiorentina", "Date": "2010-11-10", "FTAG": 2, "FTHG": 3, "FTR": "H", "HC": 6, "HF": 9, "HR": 0, "HS": 22, "HST": 8, "HTAG": 0, "HTHG": 1, "HTR": "H", "HY": 1, "HomeTeam": "Roma"},{"AC": 0, "AF": 14, "AR": 0, "AS": 10, "AST": 3, "AY": 3, "AwayTeam": "Sampdoria", "Date": "2010-11-11", "FTAG": 0, "FTHG": 1, "FTR": "H", "HC": 10, "HF": 24, "HR": 0, "HS": 21, "HST": 6, "HTAG": 0, "HTHG": 0, "HTR": "D", "HY": 1, "HomeTeam": "Parma"},{"AC": 8, "AF": 19, "AR": 0, "AS": 11, "AST": 1, "AY": 1, "AwayTeam": "Cesena", "Date": "2010-11-13", "FTAG": 0, "FTHG": 1, "FTR": "H", "HC": 5, "HF": 12, "HR": 0, "HS": 14, "HST": 3, "HTAG": 0, "HTHG": 0, "HTR": "D", "HY": 2, "HomeTeam": "Fiorentina"},{"AC": 5, "AF": 7, "AR": 0, "AS": 12, "AST": 2, "AY": 3, "AwayTeam": "Roma", "Date": "2010-11-13", "FTAG": 1, "FTHG": 1, "FTR": "D", "HC": 2, "HF": 12, "HR": 0, "HS": 14, "HST": 3, "HTAG": 1, "HTHG": 1, "HTR": "D", "HY": 1, "HomeTeam": "Juventus"},{"AC": 2, "AF": 18, "AR": 0, "AS": 9, "AST": 2, "AY": 2, "AwayTeam": "Parma", "Date": "2010-11-14", "FTAG": 1, "FTHG": 0, "FTR": "A", "HC": 6, "HF": 22, "HR": 2, "HS": 18, "HST": 4, "HTAG": 1, "HTHG": 0, "HTR": "A", "HY": 1, "HomeTeam": "Bari"},{"AC": 6, "AF": 12, "AR": 0, "AS": 12, "AST": 3, "AY": 2, "AwayTeam": "Brescia", "Date": "2010-11-14", "FTAG": 0, "FTHG": 1, "FTR": "H", "HC": 4, "HF": 18, "HR": 1, "HS": 5, "HST": 2, "HTAG": 0, "HTHG": 0, "HTR": "D", "HY": 1, "HomeTeam": "Bologna"},{"AC": 5, "AF": 17, "AR": 0, "AS": 12, "AST": 4, "AY": 0, "AwayTeam": "Genoa", "Date": "2010-11-14", "FTAG": 1, "FTHG": 0, "FTR": "A", "HC": 7, "HF": 13, "HR": 0, "HS": 15, "HST": 5, "HTAG": 0, "HTHG": 0, "HTR": "D", "HY": 1, "HomeTeam": "Cagliari"},{"AC": 4, "AF": 21, "AR": 1, "AS": 8, "AST": 1, "AY": 3, "AwayTeam": "Milan", "Date": "2010-11-14", "FTAG": 1, "FTHG": 0, "FTR": "A", "HC": 4, "HF": 13, "HR": 0, "HS": 9, "HST": 2, "HTAG": 1, "HTHG": 0, "HTR": "A", "HY": 1, "HomeTeam": "Inter"},{"AC": 6, "AF": 16, "AR": 0, "AS": 15, "AST": 1, "AY": 3, "AwayTeam": "Napoli", "Date": "2010-11-14", "FTAG": 0, "FTHG": 2, "FTR": "H", "HC": 5, "HF": 11, "HR": 0, "HS": 16, "HST": 6, "HTAG": 0, "HTHG": 1, "HTR": "H", "HY": 1, "HomeTeam": "Lazio"},{"AC": 4, "AF": 21, "AR": 0, "AS": 16, "AST": 6, "AY": 1, "AwayTeam": "Catania", "Date": "2010-11-14", "FTAG": 1, "FTHG": 3, "FTR": "H", "HC": 6, "HF": 19, "HR": 0, "HS": 16, "HST": 8, "HTAG": 0, "HTHG": 1, "HTR": "H", "HY": 2, "HomeTeam": "Palermo"},{"AC": 7, "AF": 24, "AR": 0, "AS": 15, "AST": 3, "AY": 3, "AwayTeam": "Chievo", "Date": "2010-11-14", "FTAG": 0, "FTHG": 0, "FTR": "D", "HC": 5, "HF": 12, "HR": 0, "HS": 9, "HST": 3, "HTAG": 0, "HTHG": 0, "HTR": "D", "HY": 1, "HomeTeam": "Sampdoria"},{"AC": 7, "AF": 16, "AR": 0, "AS": 16, "AST": 3, "AY": 1, "AwayTeam": "Lecce", "Date": "2010-11-14", "FTAG": 0, "FTHG": 4, "FTR": "H", "HC": 7, "HF": 10, "HR": 0, "HS": 18, "HST": 7, "HTAG": 0, "HTHG": 3, "HTR": "H", "HY": 0, "HomeTeam": "Udinese"},{"AC": 2, "AF": 10, "AR": 1, "AS": 10, "AST": 6, "AY": 0, "AwayTeam": "Fiorentina", "Date": "2010-11-20", "FTAG": 0, "FTHG": 1, "FTR": "H", "HC": 7, "HF": 14, "HR": 0, "HS": 18, "HST": 6, "HTAG": 0, "HTHG": 1, "HTR": "H", "HY": 2, "HomeTeam": "Milan"},{"AC": 6, "AF": 18, "AR": 0, "AS": 25, "AST": 6, "AY": 2, "AwayTeam": "Udinese", "Date": "2010-11-20", "FTAG": 0, "FTHG": 2, "FTR": "H", "HC": 6, "HF": 23, "HR": 1, "HS": 13, "HST": 5, "HTAG": 0, "HTHG": 1, "HTR": "H", "HY": 2, "HomeTeam": "Roma"},{"AC": 2, "AF": 15, "AR": 0, "AS": 14, "AST": 7, "AY": 4, "AwayTeam": "Cagliari", "Date": "2010-11-21", "FTAG": 2, "FTHG": 1, "FTR": "A", "HC": 7, "HF": 20, "HR": 0, "HS": 16, "HST": 6, "HTAG": 0, "HTHG": 1, "HTR": "H", "HY": 3, "HomeTeam": "Brescia"},{"AC": 2, "AF": 19, "AR": 0, "AS": 7, "AST": 0, "AY": 4, "AwayTeam": "Bari", "Date": "2010-11-21", "FTAG": 0, "FTHG": 1, "FTR": "H", "HC": 11, "HF": 15, "HR": 1, "HS": 16, "HST": 6, "HTAG": 0, "HTHG": 0, "HTR": "D", "HY": 2, "HomeTeam": "Catania"},{"AC": 6, "AF": 10, "AR": 0, "AS": 20, "AST": 6, "AY": 0, "AwayTeam": "Palermo", "Date": "2010-11-21", "FTAG": 2, "FTHG": 1, "FTR": "A", "HC": 7, "HF": 14, "HR": 0, "HS": 16, "HST": 8, "HTAG": 1, "HTHG": 1, "HTR": "D", "HY": 2, "HomeTeam": "Cesena"},{"AC": 7, "AF": 12, "AR": 0, "AS": 24, "AST": 7, "AY": 2, "AwayTeam": "Inter", "Date": "2010-11-21", "FTAG": 1, "FTHG": 2, "FTR": "H", "HC": 6, "HF": 15, "HR": 0, "HS": 17, "HST": 5, "HTAG": 0, "HTHG": 1, "HTR": "H", "HY": 3, "HomeTeam": "Chievo"},{"AC": 2, "AF": 12, "AR": 0, "AS": 12, "AST": 4, "AY": 2, "AwayTeam": "Juventus", "Date": "2010-11-21", "FTAG": 2, "FTHG": 0, "FTR": "A", "HC": 11, "HF": 16, "HR": 0, "HS": 14, "HST": 4, "HTAG": 2, "HTHG": 0, "HTR": "A", "HY": 5, "HomeTeam": "Genoa"},{"AC": 7, "AF": 12, "AR": 0, "AS": 13, "AST": 6, "AY": 3, "AwayTeam": "Sampdoria", "Date": "2010-11-21", "FTAG": 3, "FTHG": 2, "FTR": "A", "HC": 9, "HF": 17, "HR": 1, "HS": 16, "HST": 7, "HTAG": 2, "HTHG": 0, "HTR": "A", "HY": 3, "HomeTeam": "Lecce"},{"AC": 7, "AF": 7, "AR": 0, "AS": 13, "AST": 3, "AY": 0, "AwayTeam": "Bologna", "Date": "2010-11-21", "FTAG": 1, "FTHG": 4, "FTR": "H", "HC": 4, "HF": 20, "HR": 0, "HS": 17, "HST": 12, "HTAG": 0, "HTHG": 2, "HTR": "H", "HY": 0, "HomeTeam": "Napoli"},{"AC": 5, "AF": 11, "AR": 0, "AS": 24, "AST": 5, "AY": 0, "AwayTeam": "Lazio", "Date": "2010-11-21", "FTAG": 1, "FTHG": 1, "FTR": "D", "HC": 8, "HF": 16, "HR": 0, "HS": 14, "HST": 4, "HTAG": 1, "HTHG": 1, "HTR": "D", "HY": 0, "HomeTeam": "Parma"},{"AC": 6, "AF": 18, "AR": 1, "AS": 9, "AST": 1, "AY": 2, "AwayTeam": "Fiorentina", "Date": "2010-11-27", "FTAG": 1, "FTHG": 1, "FTR": "D", "HC": 9, "HF": 10, "HR": 0, "HS": 24, "HST": 6, "HTAG": 1, "HTHG": 0, "HTR": "A", "HY": 3, "HomeTeam": "Juventus"},{"AC": 10, "AF": 12, "AR": 0, "AS": 19, "AST": 9, "AY": 0, "AwayTeam": "Milan", "Date": "2010-11-27", "FTAG": 1, "FTHG": 1, "FTR": "D", "HC": 6, "HF": 17, "HR": 0, "HS": 7, "HST": 4, "HTAG": 1, "HTHG": 0, "HTR": "A", "HY": 0, "HomeTeam": "Sampdoria"},{"AC": 7, "AF": 14, "AR": 0, "AS": 15, "AST": 3, "AY": 2, "AwayTeam": "Cesena", "Date": "2010-11-28", "FTAG": 1, "FTHG": 1, "FTR": "D", "HC": 2, "HF": 15, "HR": 0, "HS": 14, "HST": 4, "HTAG": 0, "HTHG": 0, "HTR": "D", "HY": 3, "HomeTeam": "Bari"},{"AC": 3, "AF": 21, "AR": 0, "AS": 8, "AST": 0, "AY": 1, "AwayTeam": "Genoa", "Date": "2010-11-28", "FTAG": 0, "FTHG": 0, "FTR": "D", "HC": 3, "HF": 19, "HR": 0, "HS": 15, "HST": 4, "HTAG": 0, "HTHG": 0, "HTR": "D", "HY": 2, "HomeTeam": "Brescia"},{"AC": 7, "AF": 19, "AR": 0, "AS": 14, "AST": 9, "AY": 2, "AwayTeam": "Lecce", "Date": "2010-11-28", "FTAG": 2, "FTHG": 3, "FTR": "H", "HC": 4, "HF": 18, "HR": 0, "HS": 9, "HST": 4, "HTAG": 0, "HTHG": 3, "HTR": "H", "HY": 3, "HomeTeam": "Cagliari"},{"AC": 6, "AF": 11, "AR": 0, "AS": 22, "AST": 7, "AY": 0, "AwayTeam": "Parma", "Date": "2010-11-28", "FTAG": 2, "FTHG": 5, "FTR": "H", "HC": 5, "HF": 3, "HR": 0, "HS": 15, "HST": 6, "HTAG": 2, "HTHG": 3, "HTR": "H", "HY": 0, "HomeTeam": "Inter"},{"AC": 2, "AF": 13, "AR": 0, "AS": 8, "AST": 5, "AY": 2, "AwayTeam": "Catania", "Date": "2010-11-28", "FTAG": 1, "FTHG": 1, "FTR": "D", "HC": 11, "HF": 13, "HR": 0, "HS": 17, "HST": 6, "HTAG": 1, "HTHG": 1, "HTR": "D", "HY": 1, "HomeTeam": "Lazio"},{"AC": 5, "AF": 9, "AR": 0, "AS": 20, "AST": 5, "AY": 1, "AwayTeam": "Roma", "Date": "2010-11-28", "FTAG": 1, "FTHG": 3, "FTR": "H", "HC": 5, "HF": 19, "HR": 0, "HS": 15, "HST": 5, "HTAG": 0, "HTHG": 1, "HTR": "H", "HY": 0, "HomeTeam": "Palermo"},{"AC": 5, "AF": 13, "AR": 0, "AS": 15, "AST": 5, "AY": 4, "AwayTeam": "Napoli", "Date": "2010-11-28", "FTAG": 1, "FTHG": 3, "FTR": "H", "HC": 5, "HF": 18, "HR": 0, "HS": 8, "HST": 4, "HTAG": 0, "HTHG": 2, "HTR": "H", "HY": 3, "HomeTeam": "Udinese"},{"AC": 7, "AF": 15, "AR": 0, "AS": 20, "AST": 5, "AY": 1, "AwayTeam": "Inter", "Date": "2010-12-03", "FTAG": 1, "FTHG": 3, "FTR": "H", "HC": 5, "HF": 15, "HR": 0, "HS": 22, "HST": 8, "HTAG": 0, "HTHG": 1, "HTR": "H", "HY": 2, "HomeTeam": "Lazio"},{"AC": 1, "AF": 15, "AR": 1, "AS": 10, "AST": 4, "AY": 1, "AwayTeam": "Roma", "Date": "2010-12-04", "FTAG": 2, "FTHG": 2, "FTR": "D", "HC": 2, "HF": 18, "HR": 0, "HS": 20, "HST": 8, "HTAG": 2, "HTHG": 0, "HTR": "A", "HY": 2, "HomeTeam": "Chievo"},{"AC": 4, "AF": 15, "AR": 0, "AS": 8, "AST": 3, "AY": 2, "AwayTeam": "Brescia", "Date": "2010-12-04", "FTAG": 0, "FTHG": 3, "FTR": "H", "HC": 0, "HF": 12, "HR": 0, "HS": 17, "HST": 6, "HTAG": 0, "HTHG": 3, "HTR": "H", "HY": 0, "HomeTeam": "Milan"},{"AC": 2, "AF": 16, "AR": 0, "AS": 14, "AST": 6, "AY": 1, "AwayTeam": "Juventus", "Date": "2010-12-05", "FTAG": 3, "FTHG": 1, "FTR": "A", "HC": 10, "HF": 17, "HR": 0, "HS": 15, "HST": 4, "HTAG": 2, "HTHG": 1, "HTR": "A", "HY": 0, "HomeTeam": "Catania"},{"AC": 6, "AF": 16, "AR": 0, "AS": 14, "AST": 4, "AY": 3, "AwayTeam": "Bologna", "Date": "2010-12-05", "FTAG": 2, "FTHG": 0, "FTR": "A", "HC": 10, "HF": 14, "HR": 0, "HS": 14, "HST": 4, "HTAG": 1, "HTHG": 0, "HTR": "A", "HY": 3, "HomeTeam": "Cesena"},{"AC": 6, "AF": 19, "AR": 0, "AS": 13, "AST": 3, "AY": 1, "AwayTeam": "Cagliari", "Date": "2010-12-05", "FTAG": 0, "FTHG": 1, "FTR": "H", "HC": 7, "HF": 15, "HR": 0, "HS": 12, "HST": 5, "HTAG": 0, "HTHG": 0, "HTR": "D", "HY": 3, "HomeTeam": "Fiorentina"},{"AC": 12, "AF": 14, "AR": 0, "AS": 15, "AST": 4, "AY": 1, "AwayTeam": "Genoa", "Date": "2010-12-05", "FTAG": 3, "FTHG": 1, "FTR": "A", "HC": 4, "HF": 20, "HR": 0, "HS": 13, "HST": 3, "HTAG": 0, "HTHG": 1, "HTR": "H", "HY": 2, "HomeTeam": "Lecce"},{"AC": 7, "AF": 16, "AR": 0, "AS": 18, "AST": 4, "AY": 2, "AwayTeam": "Udinese", "Date": "2010-12-05", "FTAG": 1, "FTHG": 2, "FTR": "H", "HC": 6, "HF": 15, "HR": 0, "HS": 11, "HST": 5, "HTAG": 1, "HTHG": 1, "HTR": "D", "HY": 1, "HomeTeam": "Parma"},{"AC": 2, "AF": 14, "AR": 1, "AS": 5, "AST": 1, "AY": 0, "AwayTeam": "Bari", "Date": "2010-12-05", "FTAG": 0, "FTHG": 3, "FTR": "H", "HC": 8, "HF": 11, "HR": 0, "HS": 23, "HST": 6, "HTAG": 0, "HTHG": 1, "HTR": "H", "HY": 1, "HomeTeam": "Sampdoria"},{"AC": 2, "AF": 11, "AR": 0, "AS": 8, "AST": 1, "AY": 2, "AwayTeam": "Palermo", "Date": "2010-12-06", "FTAG": 0, "FTHG": 1, "FTR": "H", "HC": 16, "HF": 13, "HR": 0, "HS": 18, "HST": 9, "HTAG": 0, "HTHG": 0, "HTR": "D", "HY": 2, "HomeTeam": "Napoli"},{"AC": 5, "AF": 24, "AR": 0, "AS": 7, "AST": 2, "AY": 3, "AwayTeam": "Chievo", "Date": "2010-12-08", "FTAG": 1, "FTHG": 2, "FTR": "H", "HC": 8, "HF": 12, "HR": 0, "HS": 16, "HST": 5, "HTAG": 0, "HTHG": 1, "HTR": "H", "HY": 1, "HomeTeam": "Bologna"},{"AC": 2, "AF": 15, "AR": 1, "AS": 4, "AST": 2, "AY": 3, "AwayTeam": "Napoli", "Date": "2010-12-11", "FTAG": 1, "FTHG": 0, "FTR": "A", "HC": 6, "HF": 19, "HR": 0, "HS": 15, "HST": 1, "HTAG": 1, "HTHG": 0, "HTR": "A", "HY": 1, "HomeTeam": "Genoa"},{"AC": 4, "AF": 9, "AR": 0, "AS": 10, "AST": 4, "AY": 3, "AwayTeam": "Parma", "Date": "2010-12-11", "FTAG": 1, "FTHG": 3, "FTR": "H", "HC": 3, "HF": 15, "HR": 0, "HS": 22, "HST": 4, "HTAG": 1, "HTHG": 0, "HTR": "A", "HY": 0, "HomeTeam": "Palermo"},{"AC": 5, "AF": 16, "AR": 0, "AS": 7, "AST": 2, "AY": 6, "AwayTeam": "Fiorentina", "Date": "2010-12-11", "FTAG": 1, "FTHG": 2, "FTR": "H", "HC": 5, "HF": 7, "HR": 0, "HS": 21, "HST": 5, "HTAG": 1, "HTHG": 0, "HTR": "A", "HY": 2, "HomeTeam": "Udinese"},{"AC": 8, "AF": 16, "AR": 0, "AS": 16, "AST": 6, "AY": 1, "AwayTeam": "Milan", "Date": "2010-12-12", "FTAG": 3, "FTHG": 0, "FTR": "A", "HC": 8, "HF": 12, "HR": 0, "HS": 9, "HST": 3, "HTAG": 2, "HTHG": 0, "HTR": "A", "HY": 2, "HomeTeam": "Bologna"},{"AC": 8, "AF": 13, "AR": 0, "AS": 18, "AST": 4, "AY": 1, "AwayTeam": "Sampdoria", "Date": "2010-12-12", "FTAG": 0, "FTHG": 1, "FTR": "H", "HC": 1, "HF": 22, "HR": 0, "HS": 5, "HST": 2, "HTAG": 0, "HTHG": 1, "HTR": "H", "HY": 2, "HomeTeam": "Brescia"},{"AC": 0, "AF": 22, "AR": 2, "AS": 4, "AST": 0, "AY": 2, "AwayTeam": "Catania", "Date": "2010-12-12", "FTAG": 0, "FTHG": 3, "FTR": "H", "HC": 3, "HF": 16, "HR": 0, "HS": 11, "HST": 5, "HTAG": 0, "HTHG": 2, "HTR": "H", "HY": 1, "HomeTeam": "Cagliari"},{"AC": 5, "AF": 9, "AR": 0, "AS": 11, "AST": 3, "AY": 2, "AwayTeam": "Lazio", "Date": "2010-12-12", "FTAG": 1, "FTHG": 2, "FTR": "H", "HC": 7, "HF": 7, "HR": 0, "HS": 23, "HST": 6, "HTAG": 1, "HTHG": 1, "HTR": "D", "HY": 1, "HomeTeam": "Juventus"},{"AC": 4, "AF": 13, "AR": 0, "AS": 11, "AST": 4, "AY": 3, "AwayTeam": "Chievo", "Date": "2010-12-12", "FTAG": 2, "FTHG": 3, "FTR": "H", "HC": 9, "HF": 18, "HR": 0, "HS": 12, "HST": 7, "HTAG": 0, "HTHG": 2, "HTR": "H", "HY": 3, "HomeTeam": "Lecce"},{"AC": 3, "AF": 20, "AR": 0, "AS": 7, "AST": 1, "AY": 2, "AwayTeam": "Bari", "Date": "2010-12-12", "FTAG": 0, "FTHG": 1, "FTR": "H", "HC": 8, "HF": 16, "HR": 0, "HS": 18, "HST": 6, "HTAG": 0, "HTHG": 1, "HTR": "H", "HY": 3, "HomeTeam": "Roma"},{"AC": 6, "AF": 19, "AR": 0, "AS": 11, "AST": 0, "AY": 1, "AwayTeam": "Cagliari", "Date": "2010-12-18", "FTAG": 0, "FTHG": 1, "FTR": "H", "HC": 4, "HF": 17, "HR": 0, "HS": 13, "HST": 3, "HTAG": 0, "HTHG": 1, "HTR": "H", "HY": 2, "HomeTeam": "Cesena"},{"AC": 3, "AF": 15, "AR": 0, "AS": 10, "AST": 2, "AY": 3, "AwayTeam": "Roma", "Date": "2010-12-18", "FTAG": 1, "FTHG": 0, "FTR": "A", "HC": 2, "HF": 19, "HR": 0, "HS": 15, "HST": 4, "HTAG": 0, "HTHG": 0, "HTR": "D", "HY": 1, "HomeTeam": "Milan"},{"AC": 4, "AF": 9, "AR": 0, "AS": 23, "AST": 6, "AY": 3, "AwayTeam": "Palermo", "Date": "2010-12-19", "FTAG": 1, "FTHG": 1, "FTR": "D", "HC": 3, "HF": 6, "HR": 1, "HS": 5, "HST": 3, "HTAG": 1, "HTHG": 0, "HTR": "A", "HY": 1, "HomeTeam": "Bari"},{"AC": 4, "AF": 26, "AR": 0, "AS": 11, "AST": 2, "AY": 4, "AwayTeam": "Brescia", "Date": "2010-12-19", "FTAG": 0, "FTHG": 1, "FTR": "H", "HC": 3, "HF": 12, "HR": 0, "HS": 13, "HST": 8, "HTAG": 0, "HTHG": 1, "HTR": "H", "HY": 2, "HomeTeam": "Catania"},{"AC": 4, "AF": 14, "AR": 1, "AS": 9, "AST": 5, "AY": 2, "AwayTeam": "Juventus", "Date": "2010-12-19", "FTAG": 1, "FTHG": 1, "FTR": "D", "HC": 6, "HF": 21, "HR": 0, "HS": 18, "HST": 4, "HTAG": 1, "HTHG": 0, "HTR": "A", "HY": 4, "HomeTeam": "Chievo"},{"AC": 2, "AF": 14, "AR": 0, "AS": 14, "AST": 4, "AY": 3, "AwayTeam": "Udinese", "Date": "2010-12-19", "FTAG": 2, "FTHG": 3, "FTR": "H", "HC": 8, "HF": 11, "HR": 0, "HS": 23, "HST": 8, "HTAG": 0, "HTHG": 1, "HTR": "H", "HY": 0, "HomeTeam": "Lazio"},{"AC": 2, "AF": 15, "AR": 0, "AS": 6, "AST": 2, "AY": 1, "AwayTeam": "Lecce", "Date": "2010-12-19", "FTAG": 0, "FTHG": 1, "FTR": "H", "HC": 13, "HF": 14, "HR": 0, "HS": 14, "HST": 5, "HTAG": 0, "HTHG": 0, "HTR": "D", "HY": 3, "HomeTeam": "Napoli"},{"AC": 3, "AF": 23, "AR": 0, "AS": 6, "AST": 2, "AY": 3, "AwayTeam": "Bologna", "Date": "2010-12-19", "FTAG": 0, "FTHG": 0, "FTR": "D", "HC": 9, "HF": 25, "HR": 0, "HS": 11, "HST": 2, "HTAG": 0, "HTHG": 0, "HTR": "D", "HY": 2, "HomeTeam": "Parma"},{"AC": 5, "AF": 14, "AR": 0, "AS": 13, "AST": 4, "AY": 2, "AwayTeam": "Fiorentina", "Date": "2011-01-06", "FTAG": 1, "FTHG": 1, "FTR": "D", "HC": 5, "HF": 17, "HR": 0, "HS": 10, "HST": 1, "HTAG": 0, "HTHG": 1, "HTR": "H", "HY": 1, "HomeTeam": "Bologna"},{"AC": 3, "AF": 12, "AR": 0, "AS": 14, "AST": 4, "AY": 3, "AwayTeam": "Cesena", "Date": "2011-01-06", "FTAG": 2, "FTHG": 1, "FTR": "A", "HC": 6, "HF": 18, "HR": 0, "HS": 19, "HST": 5, "HTAG": 2, "HTHG": 0, "HTR": "A", "HY": 5, "HomeTeam": "Brescia"},{"AC": 11, "AF": 15, "AR": 0, "AS": 11, "AST": 3, "AY": 1, "AwayTeam": "Milan", "Date": "2011-01-06", "FTAG": 1, "FTHG": 0, "FTR": "A", "HC": 9, "HF": 21, "HR": 0, "HS": 12, "HST": 3, "HTAG": 0, "HTHG": 0, "HTR": "D", "HY": 1, "HomeTeam": "Cagliari"},{"AC": 6, "AF": 15, "AR": 0, "AS": 13, "AST": 2, "AY": 1, "AwayTeam": "Lazio", "Date": "2011-01-06", "FTAG": 0, "FTHG": 0, "FTR": "D", "HC": 5, "HF": 12, "HR": 0, "HS": 17, "HST": 3, "HTAG": 0, "HTHG": 0, "HTR": "D", "HY": 0, "HomeTeam": "Genoa"},{"AC": 8, "AF": 13, "AR": 0, "AS": 12, "AST": 5, "AY": 2, "AwayTeam": "Napoli", "Date": "2011-01-06", "FTAG": 1, "FTHG": 3, "FTR": "H", "HC": 3, "HF": 9, "HR": 0, "HS": 16, "HST": 4, "HTAG": 1, "HTHG": 2, "HTR": "H", "HY": 3, "HomeTeam": "Inter"},{"AC": 4, "AF": 19, "AR": 0, "AS": 20, "AST": 9, "AY": 2, "AwayTeam": "Parma", "Date": "2011-01-06", "FTAG": 4, "FTHG": 1, "FTR": "A", "HC": 4, "HF": 13, "HR": 1, "HS": 10, "HST": 2, "HTAG": 1, "HTHG": 0, "HTR": "A", "HY": 0, "HomeTeam": "Juventus"},{"AC": 6, "AF": 8, "AR": 0, "AS": 10, "AST": 5, "AY": 1, "AwayTeam": "Bari", "Date": "2011-01-06", "FTAG": 1, "FTHG": 0, "FTR": "A", "HC": 8, "HF": 18, "HR": 1, "HS": 21, "HST": 5, "HTAG": 0, "HTHG": 0, "HTR": "D", "HY": 1, "HomeTeam": "Lecce"},{"AC": 8, "AF": 5, "AR": 0, "AS": 20, "AST": 3, "AY": 0, "AwayTeam": "Sampdoria", "Date": "2011-01-06", "FTAG": 0, "FTHG": 3, "FTR": "H", "HC": 3, "HF": 15, "HR": 0, "HS": 17, "HST": 6, "HTAG": 0, "HTHG": 1, "HTR": "H", "HY": 2, "HomeTeam": "Palermo"},{"AC": 7, "AF": 17, "AR": 0, "AS": 17, "AST": 2, "AY": 4, "AwayTeam": "Catania", "Date": "2011-01-06", "FTAG": 2, "FTHG": 4, "FTR": "H", "HC": 5, "HF": 17, "HR": 0, "HS": 17, "HST": 9, "HTAG": 2, "HTHG": 1, "HTR": "A", "HY": 1, "HomeTeam": "Roma"},{"AC": 6, "AF": 19, "AR": 0, "AS": 20, "AST": 0, "AY": 3, "AwayTeam": "Chievo", "Date": "2011-01-06", "FTAG": 0, "FTHG": 2, "FTR": "H", "HC": 3, "HF": 8, "HR": 1, "HS": 13, "HST": 5, "HTAG": 0, "HTHG": 2, "HTR": "H", "HY": 1, "HomeTeam": "Udinese"},{"AC": 5, "AF": 12, "AR": 0, "AS": 15, "AST": 6, "AY": 1, "AwayTeam": "Bologna", "Date": "2011-01-09", "FTAG": 2, "FTHG": 0, "FTR": "A", "HC": 2, "HF": 13, "HR": 0, "HS": 9, "HST": 3, "HTAG": 1, "HTHG": 0, "HTR": "A", "HY": 1, "HomeTeam": "Bari"},{"AC": 3, "AF": 14, "AR": 0, "AS": 10, "AST": 7, "AY": 2, "AwayTeam": "Inter", "Date": "2011-01-09", "FTAG": 2, "FTHG": 1, "FTR": "A", "HC": 5, "HF": 15, "HR": 0, "HS": 16, "HST": 6, "HTAG": 0, "HTHG": 0, "HTR": "D", "HY": 2, "HomeTeam": "Catania"},{"AC": 9, "AF": 10, "AR": 0, "AS": 12, "AST": 1, "AY": 1, "AwayTeam": "Genoa", "Date": "2011-01-09", "FTAG": 0, "FTHG": 0, "FTR": "D", "HC": 6, "HF": 13, "HR": 0, "HS": 9, "HST": 0, "HTAG": 0, "HTHG": 0, "HTR": "D", "HY": 0, "HomeTeam": "Cesena"},{"AC": 8, "AF": 9, "AR": 0, "AS": 16, "AST": 4, "AY": 1, "AwayTeam": "Palermo", "Date": "2011-01-09", "FTAG": 0, "FTHG": 0, "FTR": "D", "HC": 4, "HF": 10, "HR": 0, "HS": 15, "HST": 4, "HTAG": 0, "HTHG": 0, "HTR": "D", "HY": 2, "HomeTeam": "Chievo"},{"AC": 3, "AF": 14, "AR": 0, "AS": 18, "AST": 4, "AY": 1, "AwayTeam": "Brescia", "Date": "2011-01-09", "FTAG": 2, "FTHG": 3, "FTR": "H", "HC": 4, "HF": 13, "HR": 0, "HS": 20, "HST": 11, "HTAG": 2, "HTHG": 0, "HTR": "A", "HY": 0, "HomeTeam": "Fiorentina"},{"AC": 11, "AF": 24, "AR": 0, "AS": 16, "AST": 7, "AY": 3, "AwayTeam": "Lecce", "Date": "2011-01-09", "FTAG": 2, "FTHG": 1, "FTR": "A", "HC": 7, "HF": 9, "HR": 0, "HS": 21, "HST": 7, "HTAG": 1, "HTHG": 0, "HTR": "A", "HY": 2, "HomeTeam": "Lazio"},{"AC": 6, "AF": 9, "AR": 0, "AS": 14, "AST": 5, "AY": 2, "AwayTeam": "Udinese", "Date": "2011-01-09", "FTAG": 4, "FTHG": 4, "FTR": "D", "HC": 10, "HF": 13, "HR": 0, "HS": 20, "HST": 9, "HTAG": 1, "HTHG": 1, "HTR": "D", "HY": 1, "HomeTeam": "Milan"},{"AC": 7, "AF": 17, "AR": 0, "AS": 10, "AST": 3, "AY": 2, "AwayTeam": "Juventus", "Date": "2011-01-09", "FTAG": 0, "FTHG": 3, "FTR": "H", "HC": 6, "HF": 21, "HR": 0, "HS": 12, "HST": 7, "HTAG": 0, "HTHG": 2, "HTR": "H", "HY": 3, "HomeTeam": "Napoli"},{"AC": 6, "AF": 25, "AR": 0, "AS": 12, "AST": 6, "AY": 3, "AwayTeam": "Cagliari", "Date": "2011-01-09", "FTAG": 2, "FTHG": 1, "FTR": "A", "HC": 12, "HF": 22, "HR": 0, "HS": 12, "HST": 5, "HTAG": 2, "HTHG": 0, "HTR": "A", "HY": 4, "HomeTeam": "Parma"},{"AC": 5, "AF": 16, "AR": 1, "AS": 10, "AST": 4, "AY": 1, "AwayTeam": "Roma", "Date": "2011-01-09", "FTAG": 1, "FTHG": 2, "FTR": "H", "HC": 4, "HF": 15, "HR": 2, "HS": 14, "HST": 3, "HTAG": 1, "HTHG": 0, "HTR": "A", "HY": 2, "HomeTeam": "Sampdoria"},{"AC": 6, "AF": 14, "AR": 0, "AS": 18, "AST": 4, "AY": 0, "AwayTeam": "Bologna", "Date": "2011-01-15", "FTAG": 1, "FTHG": 4, "FTR": "H", "HC": 5, "HF": 10, "HR": 0, "HS": 16, "HST": 6, "HTAG": 0, "HTHG": 2, "HTR": "H", "HY": 0, "HomeTeam": "Inter"},{"AC": 2, "AF": 12, "AR": 0, "AS": 9, "AST": 2, "AY": 0, "AwayTeam": "Fiorentina", "Date": "2011-01-15", "FTAG": 0, "FTHG": 0, "FTR": "D", "HC": 4, "HF": 9, "HR": 0, "HS": 9, "HST": 3, "HTAG": 0, "HTHG": 0, "HTR": "D", "HY": 1, "HomeTeam": "Napoli"},{"AC": 5, "AF": 20, "AR": 1, "AS": 7, "AST": 0, "AY": 4, "AwayTeam": "Parma", "Date": "2011-01-16", "FTAG": 0, "FTHG": 2, "FTR": "H", "HC": 5, "HF": 14, "HR": 0, "HS": 20, "HST": 6, "HTAG": 0, "HTHG": 1, "HTR": "H", "HY": 3, "HomeTeam": "Brescia"},{"AC": 6, "AF": 9, "AR": 0, "AS": 7, "AST": 2, "AY": 4, "AwayTeam": "Palermo", "Date": "2011-01-16", "FTAG": 1, "FTHG": 3, "FTR": "H", "HC": 4, "HF": 19, "HR": 0, "HS": 17, "HST": 6, "HTAG": 0, "HTHG": 1, "HTR": "H", "HY": 1, "HomeTeam": "Cagliari"},{"AC": 5, "AF": 22, "AR": 0, "AS": 7, "AST": 3, "AY": 2, "AwayTeam": "Chievo", "Date": "2011-01-16", "FTAG": 1, "FTHG": 1, "FTR": "D", "HC": 2, "HF": 14, "HR": 0, "HS": 10, "HST": 4, "HTAG": 0, "HTHG": 1, "HTR": "H", "HY": 1, "HomeTeam": "Catania"},{"AC": 5, "AF": 13, "AR": 0, "AS": 15, "AST": 5, "AY": 2, "AwayTeam": "Roma", "Date": "2011-01-16", "FTAG": 1, "FTHG": 0, "FTR": "A", "HC": 7, "HF": 15, "HR": 0, "HS": 11, "HST": 2, "HTAG": 0, "HTHG": 0, "HTR": "D", "HY": 2, "HomeTeam": "Cesena"},{"AC": 4, "AF": 14, "AR": 0, "AS": 9, "AST": 5, "AY": 2, "AwayTeam": "Udinese", "Date": "2011-01-16", "FTAG": 4, "FTHG": 2, "FTR": "A", "HC": 8, "HF": 11, "HR": 0, "HS": 21, "HST": 6, "HTAG": 1, "HTHG": 1, "HTR": "D", "HY": 1, "HomeTeam": "Genoa"},{"AC": 5, "AF": 14, "AR": 0, "AS": 5, "AST": 3, "AY": 2, "AwayTeam": "Bari", "Date": "2011-01-16", "FTAG": 1, "FTHG": 2, "FTR": "H", "HC": 9, "HF": 12, "HR": 0, "HS": 17, "HST": 3, "HTAG": 0, "HTHG": 1, "HTR": "H", "HY": 2, "HomeTeam": "Juventus"},{"AC": 4, "AF": 13, "AR": 0, "AS": 13, "AST": 4, "AY": 3, "AwayTeam": "Sampdoria", "Date": "2011-01-16", "FTAG": 0, "FTHG": 1, "FTR": "H", "HC": 2, "HF": 15, "HR": 0, "HS": 13, "HST": 3, "HTAG": 0, "HTHG": 0, "HTR": "D", "HY": 1, "HomeTeam": "Lazio"},{"AC": 7, "AF": 12, "AR": 0, "AS": 16, "AST": 3, "AY": 2, "AwayTeam": "Milan", "Date": "2011-01-16", "FTAG": 1, "FTHG": 1, "FTR": "D", "HC": 6, "HF": 12, "HR": 0, "HS": 7, "HST": 2, "HTAG": 0, "HTHG": 0, "HTR": "D", "HY": 2, "HomeTeam": "Lecce"},{"AC": 3, "AF": 11, "AR": 1, "AS": 8, "AST": 3, "AY": 1, "AwayTeam": "Cesena", "Date": "2011-01-19", "FTAG": 2, "FTHG": 3, "FTR": "H", "HC": 5, "HF": 10, "HR": 0, "HS": 18, "HST": 6, "HTAG": 2, "HTHG": 3, "HTR": "H", "HY": 1, "HomeTeam": "Inter"},{"AC": 2, "AF": 10, "AR": 0, "AS": 12, "AST": 2, "AY": 2, "AwayTeam": "Genoa", "Date": "2011-01-22", "FTAG": 0, "FTHG": 0, "FTR": "D", "HC": 2, "HF": 16, "HR": 1, "HS": 9, "HST": 1, "HTAG": 0, "HTHG": 0, "HTR": "D", "HY": 0, "HomeTeam": "Chievo"},{"AC": 1, "AF": 17, "AR": 0, "AS": 5, "AST": 1, "AY": 5, "AwayTeam": "Brescia", "Date": "2011-01-22", "FTAG": 0, "FTHG": 1, "FTR": "H", "HC": 19, "HF": 11, "HR": 0, "HS": 32, "HST": 8, "HTAG": 0, "HTHG": 0, "HTR": "D", "HY": 1, "HomeTeam": "Palermo"},{"AC": 4, "AF": 18, "AR": 0, "AS": 19, "AST": 5, "AY": 1, "AwayTeam": "Catania", "Date": "2011-01-22", "FTAG": 0, "FTHG": 2, "FTR": "H", "HC": 3, "HF": 22, "HR": 0, "HS": 13, "HST": 2, "HTAG": 0, "HTHG": 0, "HTR": "D", "HY": 4, "HomeTeam": "Parma"},{"AC": 8, "AF": 13, "AR": 0, "AS": 18, "AST": 4, "AY": 3, "AwayTeam": "Cagliari", "Date": "2011-01-22", "FTAG": 0, "FTHG": 3, "FTR": "H", "HC": 6, "HF": 21, "HR": 0, "HS": 14, "HST": 8, "HTAG": 0, "HTHG": 1, "HTR": "H", "HY": 1, "HomeTeam": "Roma"},{"AC": 6, "AF": 13, "AR": 0, "AS": 10, "AST": 3, "AY": 1, "AwayTeam": "Napoli", "Date": "2011-01-23", "FTAG": 2, "FTHG": 0, "FTR": "A", "HC": 3, "HF": 15, "HR": 1, "HS": 5, "HST": 1, "HTAG": 1, "HTHG": 0, "HTR": "A", "HY": 1, "HomeTeam": "Bari"},{"AC": 4, "AF": 13, "AR": 1, "AS": 12, "AST": 4, "AY": 4, "AwayTeam": "Lazio", "Date": "2011-01-23", "FTAG": 1, "FTHG": 3, "FTR": "H", "HC": 11, "HF": 19, "HR": 1, "HS": 18, "HST": 6, "HTAG": 1, "HTHG": 2, "HTR": "H", "HY": 3, "HomeTeam": "Bologna"},{"AC": 4, "AF": 20, "AR": 0, "AS": 8, "AST": 4, "AY": 3, "AwayTeam": "Lecce", "Date": "2011-01-23", "FTAG": 1, "FTHG": 1, "FTR": "D", "HC": 6, "HF": 8, "HR": 0, "HS": 17, "HST": 5, "HTAG": 1, "HTHG": 0, "HTR": "A", "HY": 2, "HomeTeam": "Fiorentina"},{"AC": 3, "AF": 14, "AR": 0, "AS": 12, "AST": 3, "AY": 1, "AwayTeam": "Cesena", "Date": "2011-01-23", "FTAG": 0, "FTHG": 2, "FTR": "H", "HC": 6, "HF": 14, "HR": 0, "HS": 25, "HST": 10, "HTAG": 0, "HTHG": 1, "HTR": "H", "HY": 3, "HomeTeam": "Milan"},{"AC": 2, "AF": 28, "AR": 0, "AS": 13, "AST": 3, "AY": 5, "AwayTeam": "Juventus", "Date": "2011-01-23", "FTAG": 0, "FTHG": 0, "FTR": "D", "HC": 5, "HF": 13, "HR": 0, "HS": 5, "HST": 0, "HTAG": 0, "HTHG": 0, "HTR": "D", "HY": 2, "HomeTeam": "Sampdoria"},{"AC": 6, "AF": 19, "AR": 0, "AS": 11, "AST": 6, "AY": 4, "AwayTeam": "Inter", "Date": "2011-01-23", "FTAG": 1, "FTHG": 3, "FTR": "H", "HC": 6, "HF": 10, "HR": 0, "HS": 12, "HST": 7, "HTAG": 1, "HTHG": 2, "HTR": "H", "HY": 0, "HomeTeam": "Udinese"},{"AC": 5, "AF": 21, "AR": 1, "AS": 11, "AST": 8, "AY": 3, "AwayTeam": "Milan", "Date": "2011-01-29", "FTAG": 2, "FTHG": 0, "FTR": "A", "HC": 8, "HF": 21, "HR": 0, "HS": 15, "HST": 1, "HTAG": 0, "HTHG": 0, "HTR": "D", "HY": 2, "HomeTeam": "Catania"},{"AC": 2, "AF": 12, "AR": 0, "AS": 7, "AST": 2, "AY": 4, "AwayTeam": "Fiorentina", "Date": "2011-01-29", "FTAG": 0, "FTHG": 2, "FTR": "H", "HC": 4, "HF": 18, "HR": 0, "HS": 16, "HST": 8, "HTAG": 0, "HTHG": 0, "HTR": "D", "HY": 2, "HomeTeam": "Lazio"},{"AC": 5, "AF": 18, "AR": 0, "AS": 11, "AST": 5, "AY": 4, "AwayTeam": "Chievo", "Date": "2011-01-30", "FTAG": 3, "FTHG": 0, "FTR": "A", "HC": 5, "HF": 12, "HR": 0, "HS": 15, "HST": 1, "HTAG": 1, "HTHG": 0, "HTR": "A", "HY": 2, "HomeTeam": "Brescia"},{"AC": 5, "AF": 16, "AR": 0, "AS": 14, "AST": 7, "AY": 4, "AwayTeam": "Bari", "Date": "2011-01-30", "FTAG": 1, "FTHG": 2, "FTR": "H", "HC": 4, "HF": 11, "HR": 0, "HS": 13, "HST": 5, "HTAG": 1, "HTHG": 2, "HTR": "H", "HY": 0, "HomeTeam": "Cagliari"},{"AC": 3, "AF": 14, "AR": 0, "AS": 14, "AST": 4, "AY": 0, "AwayTeam": "Parma", "Date": "2011-01-30", "FTAG": 1, "FTHG": 3, "FTR": "H", "HC": 4, "HF": 16, "HR": 0, "HS": 15, "HST": 5, "HTAG": 1, "HTHG": 3, "HTR": "H", "HY": 2, "HomeTeam": "Genoa"},{"AC": 5, "AF": 12, "AR": 0, "AS": 14, "AST": 6, "AY": 3, "AwayTeam": "Palermo", "Date": "2011-01-30", "FTAG": 2, "FTHG": 3, "FTR": "H", "HC": 12, "HF": 13, "HR": 0, "HS": 32, "HST": 10, "HTAG": 2, "HTHG": 0, "HTR": "A", "HY": 3, "HomeTeam": "Inter"},{"AC": 6, "AF": 22, "AR": 1, "AS": 13, "AST": 6, "AY": 2, "AwayTeam": "Udinese", "Date": "2011-01-30", "FTAG": 2, "FTHG": 1, "FTR": "A", "HC": 3, "HF": 17, "HR": 1, "HS": 14, "HST": 4, "HTAG": 0, "HTHG": 0, "HTR": "D", "HY": 2, "HomeTeam": "Juventus"},{"AC": 7, "AF": 15, "AR": 0, "AS": 10, "AST": 3, "AY": 2, "AwayTeam": "Cesena", "Date": "2011-01-30", "FTAG": 1, "FTHG": 1, "FTR": "D", "HC": 4, "HF": 22, "HR": 0, "HS": 12, "HST": 4, "HTAG": 0, "HTHG": 1, "HTR": "H", "HY": 1, "HomeTeam": "Lecce"},{"AC": 5, "AF": 11, "AR": 0, "AS": 10, "AST": 1, "AY": 5, "AwayTeam": "Sampdoria", "Date": "2011-01-30", "FTAG": 0, "FTHG": 4, "FTR": "H", "HC": 5, "HF": 14, "HR": 0, "HS": 17, "HST": 9, "HTAG": 0, "HTHG": 2, "HTR": "H", "HY": 2, "HomeTeam": "Napoli"},{"AC": 5, "AF": 19, "AR": 0, "AS": 7, "AST": 1, "AY": 2, "AwayTeam": "Lazio", "Date": "2011-02-01", "FTAG": 0, "FTHG": 0, "FTR": "D", "HC": 9, "HF": 14, "HR": 0, "HS": 19, "HST": 2, "HTAG": 0, "HTHG": 0, "HTR": "D", "HY": 1, "HomeTeam": "Milan"},{"AC": 4, "AF": 17, "AR": 0, "AS": 12, "AST": 2, "AY": 2, "AwayTeam": "Catania", "Date": "2011-02-02", "FTAG": 1, "FTHG": 1, "FTR": "D", "HC": 5, "HF": 15, "HR": 0, "HS": 6, "HST": 2, "HTAG": 1, "HTHG": 1, "HTR": "D", "HY": 1, "HomeTeam": "Cesena"},{"AC": 4, "AF": 13, "AR": 0, "AS": 8, "AST": 3, "AY": 3, "AwayTeam": "Napoli", "Date": "2011-02-02", "FTAG": 0, "FTHG": 2, "FTR": "H", "HC": 4, "HF": 13, "HR": 0, "HS": 15, "HST": 4, "HTAG": 0, "HTHG": 1, "HTR": "H", "HY": 2, "HomeTeam": "Chievo"},{"AC": 6, "AF": 14, "AR": 0, "AS": 14, "AST": 5, "AY": 2, "AwayTeam": "Genoa", "Date": "2011-02-02", "FTAG": 0, "FTHG": 1, "FTR": "H", "HC": 6, "HF": 20, "HR": 0, "HS": 11, "HST": 4, "HTAG": 0, "HTHG": 1, "HTR": "H", "HY": 2, "HomeTeam": "Fiorentina"},{"AC": 8, "AF": 15, "AR": 0, "AS": 15, "AST": 5, "AY": 2, "AwayTeam": "Juventus", "Date": "2011-02-02", "FTAG": 1, "FTHG": 2, "FTR": "H", "HC": 3, "HF": 15, "HR": 0, "HS": 6, "HST": 3, "HTAG": 1, "HTHG": 2, "HTR": "H", "HY": 1, "HomeTeam": "Palermo"},{"AC": 3, "AF": 12, "AR": 0, "AS": 11, "AST": 5, "AY": 1, "AwayTeam": "Lecce", "Date": "2011-02-02", "FTAG": 1, "FTHG": 0, "FTR": "A", "HC": 6, "HF": 14, "HR": 0, "HS": 15, "HST": 6, "HTAG": 0, "HTHG": 0, "HTR": "D", "HY": 3, "HomeTeam": "Parma"},{"AC": 5, "AF": 16, "AR": 0, "AS": 11, "AST": 4, "AY": 3, "AwayTeam": "Brescia", "Date": "2011-02-02", "FTAG": 1, "FTHG": 1, "FTR": "D", "HC": 11, "HF": 11, "HR": 0, "HS": 22, "HST": 5, "HTAG": 0, "HTHG": 0, "HTR": "D", "HY": 1, "HomeTeam": "Roma"},{"AC": 5, "AF": 27, "AR": 0, "AS": 11, "AST": 2, "AY": 3, "AwayTeam": "Cagliari", "Date": "2011-02-02", "FTAG": 1, "FTHG": 0, "FTR": "A", "HC": 6, "HF": 8, "HR": 0, "HS": 9, "HST": 1, "HTAG": 1, "HTHG": 0, "HTR": "A", "HY": 2, "HomeTeam": "Sampdoria"},{"AC": 4, "AF": 19, "AR": 0, "AS": 14, "AST": 4, "AY": 2, "AwayTeam": "Bologna", "Date": "2011-02-02", "FTAG": 1, "FTHG": 1, "FTR": "D", "HC": 6, "HF": 18, "HR": 0, "HS": 17, "HST": 4, "HTAG": 0, "HTHG": 0, "HTR": "D", "HY": 1, "HomeTeam": "Udinese"},{"AC": 3, "AF": 8, "AR": 0, "AS": 14, "AST": 7, "AY": 4, "AwayTeam": "Inter", "Date": "2011-02-03", "FTAG": 3, "FTHG": 0, "FTR": "A", "HC": 2, "HF": 15, "HR": 0, "HS": 10, "HST": 4, "HTAG": 0, "HTHG": 0, "HTR": "D", "HY": 2, "HomeTeam": "Bari"},{"AC": 6, "AF": 23, "AR": 0, "AS": 14, "AST": 5, "AY": 3, "AwayTeam": "Juventus", "Date": "2011-02-05", "FTAG": 3, "FTHG": 1, "FTR": "A", "HC": 4, "HF": 15, "HR": 0, "HS": 14, "HST": 3, "HTAG": 1, "HTHG": 0, "HTR": "A", "HY": 3, "HomeTeam": "Cagliari"},{"AC": 4, "AF": 13, "AR": 0, "AS": 11, "AST": 4, "AY": 2, "AwayTeam": "Sampdoria", "Date": "2011-02-05", "FTAG": 0, "FTHG": 2, "FTR": "H", "HC": 4, "HF": 17, "HR": 0, "HS": 13, "HST": 3, "HTAG": 0, "HTHG": 2, "HTR": "H", "HY": 2, "HomeTeam": "Udinese"},{"AC": 6, "AF": 29, "AR": 1, "AS": 12, "AST": 2, "AY": 4, "AwayTeam": "Catania", "Date": "2011-02-06", "FTAG": 0, "FTHG": 1, "FTR": "H", "HC": 5, "HF": 18, "HR": 0, "HS": 11, "HST": 6, "HTAG": 0, "HTHG": 1, "HTR": "H", "HY": 3, "HomeTeam": "Bologna"},{"AC": 2, "AF": 7, "AR": 0, "AS": 16, "AST": 4, "AY": 1, "AwayTeam": "Bari", "Date": "2011-02-06", "FTAG": 0, "FTHG": 2, "FTR": "H", "HC": 2, "HF": 13, "HR": 0, "HS": 8, "HST": 4, "HTAG": 0, "HTHG": 1, "HTR": "H", "HY": 1, "HomeTeam": "Brescia"},{"AC": 8, "AF": 14, "AR": 0, "AS": 13, "AST": 2, "AY": 3, "AwayTeam": "Milan", "Date": "2011-02-06", "FTAG": 1, "FTHG": 1, "FTR": "D", "HC": 5, "HF": 20, "HR": 0, "HS": 15, "HST": 3, "HTAG": 1, "HTHG": 1, "HTR": "D", "HY": 1, "HomeTeam": "Genoa"},{"AC": 1, "AF": 12, "AR": 1, "AS": 23, "AST": 8, "AY": 2, "AwayTeam": "Roma", "Date": "2011-02-06", "FTAG": 3, "FTHG": 5, "FTR": "H", "HC": 4, "HF": 11, "HR": 0, "HS": 24, "HST": 14, "HTAG": 1, "HTHG": 2, "HTR": "H", "HY": 1, "HomeTeam": "Inter"},{"AC": 4, "AF": 25, "AR": 0, "AS": 8, "AST": 3, "AY": 4, "AwayTeam": "Chievo", "Date": "2011-02-06", "FTAG": 1, "FTHG": 1, "FTR": "D", "HC": 8, "HF": 22, "HR": 0, "HS": 15, "HST": 3, "HTAG": 0, "HTHG": 1, "HTR": "H", "HY": 2, "HomeTeam": "Lazio"},{"AC": 6, "AF": 10, "AR": 0, "AS": 10, "AST": 6, "AY": 4, "AwayTeam": "Palermo", "Date": "2011-02-06", "FTAG": 4, "FTHG": 2, "FTR": "A", "HC": 11, "HF": 18, "HR": 0, "HS": 15, "HST": 5, "HTAG": 1, "HTHG": 1, "HTR": "D", "HY": 1, "HomeTeam": "Lecce"},{"AC": 3, "AF": 21, "AR": 0, "AS": 8, "AST": 0, "AY": 2, "AwayTeam": "Cesena", "Date": "2011-02-06", "FTAG": 0, "FTHG": 2, "FTR": "H", "HC": 2, "HF": 18, "HR": 0, "HS": 10, "HST": 5, "HTAG": 0, "HTHG": 1, "HTR": "H", "HY": 2, "HomeTeam": "Napoli"},{"AC": 2, "AF": 22, "AR": 0, "AS": 13, "AST": 3, "AY": 3, "AwayTeam": "Fiorentina", "Date": "2011-02-06", "FTAG": 1, "FTHG": 1, "FTR": "D", "HC": 4, "HF": 26, "HR": 0, "HS": 13, "HST": 3, "HTAG": 0, "HTHG": 1, "HTR": "H", "HY": 7, "HomeTeam": "Parma"},{"AC": 6, "AF": 7, "AR": 0, "AS": 16, "AST": 4, "AY": 0, "AwayTeam": "Parma", "Date": "2011-02-12", "FTAG": 0, "FTHG": 4, "FTR": "H", "HC": 6, "HF": 10, "HR": 0, "HS": 13, "HST": 7, "HTAG": 0, "HTHG": 2, "HTR": "H", "HY": 0, "HomeTeam": "Milan"},{"AC": 8, "AF": 17, "AR": 0, "AS": 12, "AST": 4, "AY": 4, "AwayTeam": "Napoli", "Date": "2011-02-12", "FTAG": 2, "FTHG": 0, "FTR": "A", "HC": 6, "HF": 17, "HR": 0, "HS": 10, "HST": 2, "HTAG": 0, "HTHG": 0, "HTR": "D", "HY": 5, "HomeTeam": "Roma"},{"AC": 9, "AF": 15, "AR": 0, "AS": 14, "AST": 1, "AY": 1, "AwayTeam": "Genoa", "Date": "2011-02-13", "FTAG": 0, "FTHG": 0, "FTR": "D", "HC": 1, "HF": 14, "HR": 0, "HS": 10, "HST": 2, "HTAG": 0, "HTHG": 0, "HTR": "D", "HY": 2, "HomeTeam": "Bari"},{"AC": 7, "AF": 18, "AR": 0, "AS": 14, "AST": 6, "AY": 2, "AwayTeam": "Lazio", "Date": "2011-02-13", "FTAG": 2, "FTHG": 0, "FTR": "A", "HC": 8, "HF": 13, "HR": 0, "HS": 15, "HST": 5, "HTAG": 1, "HTHG": 0, "HTR": "A", "HY": 3, "HomeTeam": "Brescia"},{"AC": 2, "AF": 26, "AR": 0, "AS": 16, "AST": 6, "AY": 3, "AwayTeam": "Chievo", "Date": "2011-02-13", "FTAG": 1, "FTHG": 4, "FTR": "H", "HC": 4, "HF": 16, "HR": 0, "HS": 16, "HST": 8, "HTAG": 0, "HTHG": 3, "HTR": "H", "HY": 1, "HomeTeam": "Cagliari"},{"AC": 2, "AF": 19, "AR": 1, "AS": 11, "AST": 6, "AY": 6, "AwayTeam": "Lecce", "Date": "2011-02-13", "FTAG": 2, "FTHG": 3, "FTR": "H", "HC": 11, "HF": 15, "HR": 0, "HS": 18, "HST": 6, "HTAG": 0, "HTHG": 1, "HTR": "H", "HY": 1, "HomeTeam": "Catania"},{"AC": 10, "AF": 18, "AR": 0, "AS": 11, "AST": 8, "AY": 2, "AwayTeam": "Udinese", "Date": "2011-02-13", "FTAG": 3, "FTHG": 0, "FTR": "A", "HC": 8, "HF": 13, "HR": 0, "HS": 18, "HST": 4, "HTAG": 1, "HTHG": 0, "HTR": "A", "HY": 5, "HomeTeam": "Cesena"},{"AC": 2, "AF": 12, "AR": 0, "AS": 12, "AST": 3, "AY": 2, "AwayTeam": "Inter", "Date": "2011-02-13", "FTAG": 0, "FTHG": 1, "FTR": "H", "HC": 2, "HF": 10, "HR": 0, "HS": 12, "HST": 1, "HTAG": 0, "HTHG": 1, "HTR": "H", "HY": 1, "HomeTeam": "Juventus"},{"AC": 3, "AF": 11, "AR": 0, "AS": 17, "AST": 4, "AY": 1, "AwayTeam": "Fiorentina", "Date": "2011-02-13", "FTAG": 4, "FTHG": 2, "FTR": "A", "HC": 7, "HF": 18, "HR": 0, "HS": 17, "HST": 5, "HTAG": 1, "HTHG": 1, "HTR": "D", "HY": 3, "HomeTeam": "Palermo"},{"AC": 0, "AF": 19, "AR": 0, "AS": 11, "AST": 5, "AY": 2, "AwayTeam": "Bologna", "Date": "2011-02-13", "FTAG": 1, "FTHG": 3, "FTR": "H", "HC": 3, "HF": 24, "HR": 0, "HS": 10, "HST": 5, "HTAG": 0, "HTHG": 3, "HTR": "H", "HY": 0, "HomeTeam": "Sampdoria"},{"AC": 4, "AF": 11, "AR": 0, "AS": 16, "AST": 3, "AY": 0, "AwayTeam": "Inter", "Date": "2011-02-16", "FTAG": 2, "FTHG": 1, "FTR": "A", "HC": 10, "HF": 16, "HR": 0, "HS": 22, "HST": 5, "HTAG": 1, "HTHG": 1, "HTR": "D", "HY": 1, "HomeTeam": "Fiorentina"},{"AC": 4, "AF": 20, "AR": 0, "AS": 12, "AST": 3, "AY": 1, "AwayTeam": "Genoa", "Date": "2011-02-16", "FTAG": 1, "FTHG": 0, "FTR": "A", "HC": 7, "HF": 18, "HR": 0, "HS": 10, "HST": 4, "HTAG": 0, "HTHG": 0, "HTR": "D", "HY": 2, "HomeTeam": "Sampdoria"},{"AC": 5, "AF": 21, "AR": 1, "AS": 8, "AST": 4, "AY": 4, "AwayTeam": "Palermo", "Date": "2011-02-19", "FTAG": 0, "FTHG": 1, "FTR": "H", "HC": 11, "HF": 12, "HR": 0, "HS": 18, "HST": 2, "HTAG": 0, "HTHG": 0, "HTR": "D", "HY": 0, "HomeTeam": "Bologna"},{"AC": 7, "AF": 17, "AR": 0, "AS": 16, "AST": 4, "AY": 1, "AwayTeam": "Cagliari", "Date": "2011-02-19", "FTAG": 0, "FTHG": 1, "FTR": "H", "HC": 9, "HF": 11, "HR": 0, "HS": 9, "HST": 4, "HTAG": 0, "HTHG": 1, "HTR": "H", "HY": 2, "HomeTeam": "Inter"},{"AC": 9, "AF": 16, "AR": 0, "AS": 13, "AST": 6, "AY": 1, "AwayTeam": "Milan", "Date": "2011-02-20", "FTAG": 2, "FTHG": 1, "FTR": "A", "HC": 4, "HF": 17, "HR": 1, "HS": 8, "HST": 3, "HTAG": 1, "HTHG": 0, "HTR": "A", "HY": 2, "HomeTeam": "Chievo"},{"AC": 6, "AF": 14, "AR": 0, "AS": 15, "AST": 2, "AY": 2, "AwayTeam": "Sampdoria", "Date": "2011-02-20", "FTAG": 0, "FTHG": 0, "FTR": "D", "HC": 10, "HF": 11, "HR": 0, "HS": 15, "HST": 2, "HTAG": 0, "HTHG": 0, "HTR": "D", "HY": 1, "HomeTeam": "Fiorentina"},{"AC": 5, "AF": 15, "AR": 0, "AS": 12, "AST": 4, "AY": 4, "AwayTeam": "Roma", "Date": "2011-02-20", "FTAG": 3, "FTHG": 4, "FTR": "H", "HC": 5, "HF": 15, "HR": 1, "HS": 20, "HST": 9, "HTAG": 2, "HTHG": 0, "HTR": "A", "HY": 1, "HomeTeam": "Genoa"},{"AC": 1, "AF": 23, "AR": 0, "AS": 3, "AST": 1, "AY": 4, "AwayTeam": "Bari", "Date": "2011-02-20", "FTAG": 0, "FTHG": 1, "FTR": "H", "HC": 5, "HF": 15, "HR": 0, "HS": 21, "HST": 10, "HTAG": 0, "HTHG": 1, "HTR": "H", "HY": 1, "HomeTeam": "Lazio"},{"AC": 2, "AF": 14, "AR": 1, "AS": 11, "AST": 1, "AY": 0, "AwayTeam": "Juventus", "Date": "2011-02-20", "FTAG": 0, "FTHG": 2, "FTR": "H", "HC": 5, "HF": 15, "HR": 1, "HS": 15, "HST": 6, "HTAG": 0, "HTHG": 1, "HTR": "H", "HY": 1, "HomeTeam": "Lecce"},{"AC": 2, "AF": 21, "AR": 0, "AS": 13, "AST": 4, "AY": 3, "AwayTeam": "Catania", "Date": "2011-02-20", "FTAG": 0, "FTHG": 1, "FTR": "H", "HC": 5, "HF": 24, "HR": 0, "HS": 14, "HST": 5, "HTAG": 0, "HTHG": 1, "HTR": "H", "HY": 3, "HomeTeam": "Napoli"},{"AC": 2, "AF": 19, "AR": 0, "AS": 9, "AST": 4, "AY": 3, "AwayTeam": "Cesena", "Date": "2011-02-20", "FTAG": 2, "FTHG": 2, "FTR": "D", "HC": 9, "HF": 21, "HR": 0, "HS": 19, "HST": 8, "HTAG": 1, "HTHG": 0, "HTR": "A", "HY": 1, "HomeTeam": "Parma"},{"AC": 1, "AF": 26, "AR": 0, "AS": 10, "AST": 4, "AY": 4, "AwayTeam": "Brescia", "Date": "2011-02-20", "FTAG": 0, "FTHG": 0, "FTR": "D", "HC": 3, "HF": 16, "HR": 0, "HS": 15, "HST": 3, "HTAG": 0, "HTHG": 0, "HTR": "D", "HY": 2, "HomeTeam": "Udinese"},{"AC": 4, "AF": 14, "AR": 0, "AS": 9, "AST": 3, "AY": 2, "AwayTeam": "Roma", "Date": "2011-02-23", "FTAG": 1, "FTHG": 0, "FTR": "A", "HC": 6, "HF": 16, "HR": 0, "HS": 5, "HST": 2, "HTAG": 1, "HTHG": 0, "HTR": "A", "HY": 2, "HomeTeam": "Bologna"},{"AC": 3, "AF": 19, "AR": 0, "AS": 4, "AST": 2, "AY": 2, "AwayTeam": "Bologna", "Date": "2011-02-26", "FTAG": 2, "FTHG": 0, "FTR": "A", "HC": 9, "HF": 13, "HR": 0, "HS": 22, "HST": 3, "HTAG": 0, "HTHG": 0, "HTR": "D", "HY": 1, "HomeTeam": "Juventus"},{"AC": 3, "AF": 20, "AR": 0, "AS": 10, "AST": 2, "AY": 2, "AwayTeam": "Fiorentina", "Date": "2011-02-27", "FTAG": 1, "FTHG": 1, "FTR": "D", "HC": 10, "HF": 20, "HR": 0, "HS": 15, "HST": 2, "HTAG": 1, "HTHG": 0, "HTR": "A", "HY": 1, "HomeTeam": "Bari"},{"AC": 1, "AF": 13, "AR": 0, "AS": 6, "AST": 4, "AY": 3, "AwayTeam": "Lecce", "Date": "2011-02-27", "FTAG": 2, "FTHG": 2, "FTR": "D", "HC": 7, "HF": 14, "HR": 0, "HS": 14, "HST": 4, "HTAG": 1, "HTHG": 2, "HTR": "H", "HY": 2, "HomeTeam": "Brescia"},{"AC": 5, "AF": 19, "AR": 0, "AS": 12, "AST": 6, "AY": 3, "AwayTeam": "Lazio", "Date": "2011-02-27", "FTAG": 0, "FTHG": 1, "FTR": "H", "HC": 1, "HF": 13, "HR": 0, "HS": 13, "HST": 3, "HTAG": 0, "HTHG": 1, "HTR": "H", "HY": 5, "HomeTeam": "Cagliari"},{"AC": 7, "AF": 14, "AR": 2, "AS": 13, "AST": 5, "AY": 2, "AwayTeam": "Genoa", "Date": "2011-02-27", "FTAG": 1, "FTHG": 2, "FTR": "H", "HC": 1, "HF": 19, "HR": 1, "HS": 20, "HST": 7, "HTAG": 1, "HTHG": 0, "HTR": "A", "HY": 3, "HomeTeam": "Catania"},{"AC": 0, "AF": 22, "AR": 0, "AS": 5, "AST": 3, "AY": 2, "AwayTeam": "Chievo", "Date": "2011-02-27", "FTAG": 0, "FTHG": 1, "FTR": "H", "HC": 7, "HF": 21, "HR": 0, "HS": 22, "HST": 7, "HTAG": 0, "HTHG": 0, "HTR": "D", "HY": 2, "HomeTeam": "Cesena"},{"AC": 5, "AF": 8, "AR": 0, "AS": 21, "AST": 14, "AY": 0, "AwayTeam": "Udinese", "Date": "2011-02-27", "FTAG": 7, "FTHG": 0, "FTR": "A", "HC": 3, "HF": 9, "HR": 2, "HS": 11, "HST": 3, "HTAG": 5, "HTHG": 0, "HTR": "A", "HY": 1, "HomeTeam": "Palermo"},{"AC": 5, "AF": 16, "AR": 1, "AS": 11, "AST": 3, "AY": 2, "AwayTeam": "Parma", "Date": "2011-02-27", "FTAG": 2, "FTHG": 2, "FTR": "D", "HC": 6, "HF": 13, "HR": 0, "HS": 17, "HST": 5, "HTAG": 0, "HTHG": 2, "HTR": "H", "HY": 2, "HomeTeam": "Roma"},{"AC": 3, "AF": 20, "AR": 0, "AS": 18, "AST": 11, "AY": 2, "AwayTeam": "Inter", "Date": "2011-02-27", "FTAG": 2, "FTHG": 0, "FTR": "A", "HC": 5, "HF": 16, "HR": 0, "HS": 16, "HST": 4, "HTAG": 0, "HTHG": 0, "HTR": "D", "HY": 3, "HomeTeam": "Sampdoria"},{"AC": 3, "AF": 12, "AR": 0, "AS": 7, "AST": 0, "AY": 2, "AwayTeam": "Napoli", "Date": "2011-02-28", "FTAG": 0, "FTHG": 3, "FTR": "H", "HC": 8, "HF": 17, "HR": 0, "HS": 17, "HST": 6, "HTAG": 0, "HTHG": 0, "HTR": "D", "HY": 2, "HomeTeam": "Milan"},{"AC": 2, "AF": 18, "AR": 0, "AS": 16, "AST": 4, "AY": 3, "AwayTeam": "Roma", "Date": "2011-03-04", "FTAG": 2, "FTHG": 1, "FTR": "A", "HC": 5, "HF": 15, "HR": 0, "HS": 16, "HST": 4, "HTAG": 1, "HTHG": 0, "HTR": "A", "HY": 2, "HomeTeam": "Lecce"},{"AC": 4, "AF": 16, "AR": 0, "AS": 10, "AST": 3, "AY": 3, "AwayTeam": "Milan", "Date": "2011-03-05", "FTAG": 1, "FTHG": 0, "FTR": "A", "HC": 4, "HF": 12, "HR": 0, "HS": 12, "HST": 0, "HTAG": 0, "HTHG": 0, "HTR": "D", "HY": 0, "HomeTeam": "Juventus"},{"AC": 5, "AF": 17, "AR": 0, "AS": 10, "AST": 4, "AY": 3, "AwayTeam": "Cagliari", "Date": "2011-03-06", "FTAG": 2, "FTHG": 2, "FTR": "D", "HC": 5, "HF": 12, "HR": 0, "HS": 13, "HST": 4, "HTAG": 0, "HTHG": 1, "HTR": "H", "HY": 2, "HomeTeam": "Bologna"},{"AC": 3, "AF": 16, "AR": 1, "AS": 10, "AST": 5, "AY": 3, "AwayTeam": "Parma", "Date": "2011-03-06", "FTAG": 0, "FTHG": 0, "FTR": "D", "HC": 8, "HF": 21, "HR": 0, "HS": 19, "HST": 8, "HTAG": 0, "HTHG": 0, "HTR": "D", "HY": 2, "HomeTeam": "Chievo"},{"AC": 4, "AF": 14, "AR": 0, "AS": 15, "AST": 2, "AY": 1, "AwayTeam": "Catania", "Date": "2011-03-06", "FTAG": 0, "FTHG": 3, "FTR": "H", "HC": 4, "HF": 15, "HR": 0, "HS": 15, "HST": 5, "HTAG": 0, "HTHG": 2, "HTR": "H", "HY": 3, "HomeTeam": "Fiorentina"},{"AC": 2, "AF": 16, "AR": 0, "AS": 15, "AST": 2, "AY": 1, "AwayTeam": "Genoa", "Date": "2011-03-06", "FTAG": 2, "FTHG": 5, "FTR": "H", "HC": 8, "HF": 7, "HR": 0, "HS": 21, "HST": 12, "HTAG": 1, "HTHG": 0, "HTR": "A", "HY": 0, "HomeTeam": "Inter"},{"AC": 3, "AF": 11, "AR": 0, "AS": 8, "AST": 2, "AY": 2, "AwayTeam": "Palermo", "Date": "2011-03-06", "FTAG": 0, "FTHG": 2, "FTR": "H", "HC": 5, "HF": 16, "HR": 0, "HS": 7, "HST": 4, "HTAG": 0, "HTHG": 2, "HTR": "H", "HY": 3, "HomeTeam": "Lazio"},{"AC": 5, "AF": 25, "AR": 0, "AS": 10, "AST": 2, "AY": 4, "AwayTeam": "Brescia", "Date": "2011-03-06", "FTAG": 0, "FTHG": 0, "FTR": "D", "HC": 12, "HF": 15, "HR": 0, "HS": 14, "HST": 5, "HTAG": 0, "HTHG": 0, "HTR": "D", "HY": 3, "HomeTeam": "Napoli"},{"AC": 3, "AF": 21, "AR": 0, "AS": 8, "AST": 4, "AY": 4, "AwayTeam": "Cesena", "Date": "2011-03-06", "FTAG": 3, "FTHG": 2, "FTR": "A", "HC": 6, "HF": 19, "HR": 0, "HS": 19, "HST": 4, "HTAG": 1, "HTHG": 0, "HTR": "A", "HY": 3, "HomeTeam": "Sampdoria"},{"AC": 4, "AF": 26, "AR": 0, "AS": 7, "AST": 3, "AY": 5, "AwayTeam": "Bari", "Date": "2011-03-06", "FTAG": 0, "FTHG": 1, "FTR": "H", "HC": 5, "HF": 12, "HR": 0, "HS": 16, "HST": 6, "HTAG": 0, "HTHG": 0, "HTR": "D", "HY": 1, "HomeTeam": "Udinese"},{"AC": 6, "AF": 11, "AR": 1, "AS": 16, "AST": 7, "AY": 1, "AwayTeam": "Inter", "Date": "2011-03-11", "FTAG": 1, "FTHG": 1, "FTR": "D", "HC": 6, "HF": 21, "HR": 1, "HS": 18, "HST": 7, "HTAG": 1, "HTHG": 0, "HTR": "A", "HY": 4, "HomeTeam": "Brescia"},{"AC": 4, "AF": 16, "AR": 1, "AS": 15, "AST": 3, "AY": 3, "AwayTeam": "Juventus", "Date": "2011-03-12", "FTAG": 2, "FTHG": 2, "FTR": "D", "HC": 5, "HF": 15, "HR": 0, "HS": 15, "HST": 7, "HTAG": 2, "HTHG": 1, "HTR": "A", "HY": 2, "HomeTeam": "Cesena"},{"AC": 9, "AF": 9, "AR": 0, "AS": 8, "AST": 6, "AY": 0, "AwayTeam": "Udinese", "Date": "2011-03-13", "FTAG": 4, "FTHG": 0, "FTR": "A", "HC": 7, "HF": 13, "HR": 0, "HS": 11, "HST": 2, "HTAG": 2, "HTHG": 0, "HTR": "A", "HY": 3, "HomeTeam": "Cagliari"},{"AC": 0, "AF": 21, "AR": 1, "AS": 3, "AST": 1, "AY": 2, "AwayTeam": "Sampdoria", "Date": "2011-03-13", "FTAG": 0, "FTHG": 1, "FTR": "H", "HC": 6, "HF": 24, "HR": 0, "HS": 13, "HST": 2, "HTAG": 0, "HTHG": 0, "HTR": "D", "HY": 4, "HomeTeam": "Catania"},{"AC": 3, "AF": 13, "AR": 0, "AS": 20, "AST": 7, "AY": 1, "AwayTeam": "Fiorentina", "Date": "2011-03-13", "FTAG": 1, "FTHG": 0, "FTR": "A", "HC": 6, "HF": 15, "HR": 0, "HS": 14, "HST": 5, "HTAG": 0, "HTHG": 0, "HTR": "D", "HY": 5, "HomeTeam": "Chievo"},{"AC": 3, "AF": 7, "AR": 0, "AS": 12, "AST": 3, "AY": 1, "AwayTeam": "Palermo", "Date": "2011-03-13", "FTAG": 0, "FTHG": 1, "FTR": "H", "HC": 9, "HF": 14, "HR": 0, "HS": 22, "HST": 6, "HTAG": 0, "HTHG": 0, "HTR": "D", "HY": 1, "HomeTeam": "Genoa"},{"AC": 1, "AF": 12, "AR": 0, "AS": 7, "AST": 3, "AY": 1, "AwayTeam": "Bologna", "Date": "2011-03-13", "FTAG": 1, "FTHG": 0, "FTR": "A", "HC": 11, "HF": 21, "HR": 0, "HS": 10, "HST": 3, "HTAG": 1, "HTHG": 0, "HTR": "A", "HY": 2, "HomeTeam": "Lecce"},{"AC": 1, "AF": 17, "AR": 0, "AS": 9, "AST": 3, "AY": 3, "AwayTeam": "Bari", "Date": "2011-03-13", "FTAG": 1, "FTHG": 1, "FTR": "D", "HC": 9, "HF": 9, "HR": 1, "HS": 24, "HST": 7, "HTAG": 1, "HTHG": 0, "HTR": "A", "HY": 2, "HomeTeam": "Milan"},{"AC": 7, "AF": 16, "AR": 0, "AS": 17, "AST": 5, "AY": 2, "AwayTeam": "Napoli", "Date": "2011-03-13", "FTAG": 3, "FTHG": 1, "FTR": "A", "HC": 6, "HF": 26, "HR": 1, "HS": 7, "HST": 2, "HTAG": 0, "HTHG": 1, "HTR": "H", "HY": 3, "HomeTeam": "Parma"},{"AC": 7, "AF": 18, "AR": 2, "AS": 6, "AST": 1, "AY": 1, "AwayTeam": "Lazio", "Date": "2011-03-13", "FTAG": 0, "FTHG": 2, "FTR": "H", "HC": 4, "HF": 19, "HR": 0, "HS": 10, "HST": 2, "HTAG": 0, "HTHG": 0, "HTR": "D", "HY": 4, "HomeTeam": "Roma"},{"AC": 5, "AF": 13, "AR": 0, "AS": 8, "AST": 3, "AY": 1, "AwayTeam": "Cesena", "Date": "2011-03-19", "FTAG": 0, "FTHG": 1, "FTR": "H", "HC": 3, "HF": 14, "HR": 0, "HS": 17, "HST": 5, "HTAG": 0, "HTHG": 1, "HTR": "H", "HY": 2, "HomeTeam": "Lazio"},{"AC": 7, "AF": 14, "AR": 0, "AS": 13, "AST": 4, "AY": 2, "AwayTeam": "Milan", "Date": "2011-03-19", "FTAG": 0, "FTHG": 1, "FTR": "H", "HC": 3, "HF": 17, "HR": 0, "HS": 11, "HST": 6, "HTAG": 0, "HTHG": 1, "HTR": "H", "HY": 1, "HomeTeam": "Palermo"},{"AC": 4, "AF": 25, "AR": 0, "AS": 12, "AST": 4, "AY": 3, "AwayTeam": "Chievo", "Date": "2011-03-20", "FTAG": 2, "FTHG": 1, "FTR": "A", "HC": 5, "HF": 18, "HR": 0, "HS": 16, "HST": 5, "HTAG": 1, "HTHG": 1, "HTR": "D", "HY": 1, "HomeTeam": "Bari"},{"AC": 6, "AF": 21, "AR": 0, "AS": 15, "AST": 5, "AY": 1, "AwayTeam": "Genoa", "Date": "2011-03-20", "FTAG": 1, "FTHG": 1, "FTR": "D", "HC": 0, "HF": 15, "HR": 0, "HS": 9, "HST": 4, "HTAG": 1, "HTHG": 1, "HTR": "D", "HY": 3, "HomeTeam": "Bologna"},{"AC": 4, "AF": 16, "AR": 0, "AS": 13, "AST": 5, "AY": 2, "AwayTeam": "Roma", "Date": "2011-03-20", "FTAG": 2, "FTHG": 2, "FTR": "D", "HC": 6, "HF": 23, "HR": 0, "HS": 15, "HST": 5, "HTAG": 1, "HTHG": 2, "HTR": "H", "HY": 2, "HomeTeam": "Fiorentina"},{"AC": 6, "AF": 24, "AR": 0, "AS": 9, "AST": 1, "AY": 3, "AwayTeam": "Lecce", "Date": "2011-03-20", "FTAG": 0, "FTHG": 1, "FTR": "H", "HC": 4, "HF": 7, "HR": 0, "HS": 12, "HST": 4, "HTAG": 0, "HTHG": 0, "HTR": "D", "HY": 3, "HomeTeam": "Inter"},{"AC": 2, "AF": 10, "AR": 1, "AS": 10, "AST": 2, "AY": 0, "AwayTeam": "Brescia", "Date": "2011-03-20", "FTAG": 1, "FTHG": 2, "FTR": "H", "HC": 9, "HF": 18, "HR": 0, "HS": 14, "HST": 5, "HTAG": 1, "HTHG": 1, "HTR": "D", "HY": 0, "HomeTeam": "Juventus"},{"AC": 1, "AF": 14, "AR": 0, "AS": 11, "AST": 2, "AY": 3, "AwayTeam": "Cagliari", "Date": "2011-03-20", "FTAG": 1, "FTHG": 2, "FTR": "H", "HC": 6, "HF": 17, "HR": 0, "HS": 15, "HST": 3, "HTAG": 0, "HTHG": 0, "HTR": "D", "HY": 1, "HomeTeam": "Napoli"},{"AC": 4, "AF": 28, "AR": 1, "AS": 8, "AST": 2, "AY": 4, "AwayTeam": "Parma", "Date": "2011-03-20", "FTAG": 1, "FTHG": 0, "FTR": "A", "HC": 6, "HF": 20, "HR": 0, "HS": 14, "HST": 4, "HTAG": 0, "HTHG": 0, "HTR": "D", "HY": 4, "HomeTeam": "Sampdoria"},{"AC": 4, "AF": 21, "AR": 0, "AS": 15, "AST": 0, "AY": 3, "AwayTeam": "Catania", "Date": "2011-03-20", "FTAG": 0, "FTHG": 2, "FTR": "H", "HC": 4, "HF": 16, "HR": 0, "HS": 11, "HST": 4, "HTAG": 0, "HTHG": 1, "HTR": "H", "HY": 1, "HomeTeam": "Udinese"},{"AC": 2, "AF": 14, "AR": 0, "AS": 9, "AST": 4, "AY": 4, "AwayTeam": "Bologna", "Date": "2011-04-02", "FTAG": 1, "FTHG": 3, "FTR": "H", "HC": 9, "HF": 18, "HR": 0, "HS": 22, "HST": 13, "HTAG": 1, "HTHG": 2, "HTR": "H", "HY": 1, "HomeTeam": "Brescia"},{"AC": 4, "AF": 15, "AR": 1, "AS": 13, "AST": 3, "AY": 2, "AwayTeam": "Inter", "Date": "2011-04-02", "FTAG": 0, "FTHG": 3, "FTR": "H", "HC": 6, "HF": 18, "HR": 1, "HS": 22, "HST": 8, "HTAG": 0, "HTHG": 1, "HTR": "H", "HY": 3, "HomeTeam": "Milan"},{"AC": 4, "AF": 17, "AR": 0, "AS": 17, "AST": 4, "AY": 4, "AwayTeam": "Palermo", "Date": "2011-04-03", "FTAG": 0, "FTHG": 4, "FTR": "H", "HC": 10, "HF": 8, "HR": 0, "HS": 15, "HST": 3, "HTAG": 0, "HTHG": 0, "HTR": "D", "HY": 1, "HomeTeam": "Catania"},{"AC": 6, "AF": 18, "AR": 0, "AS": 16, "AST": 8, "AY": 3, "AwayTeam": "Fiorentina", "Date": "2011-04-03", "FTAG": 2, "FTHG": 2, "FTR": "D", "HC": 3, "HF": 15, "HR": 0, "HS": 19, "HST": 5, "HTAG": 1, "HTHG": 1, "HTR": "D", "HY": 1, "HomeTeam": "Cesena"},{"AC": 5, "AF": 9, "AR": 0, "AS": 6, "AST": 1, "AY": 1, "AwayTeam": "Sampdoria", "Date": "2011-04-03", "FTAG": 0, "FTHG": 0, "FTR": "D", "HC": 3, "HF": 24, "HR": 0, "HS": 7, "HST": 1, "HTAG": 0, "HTHG": 0, "HTR": "D", "HY": 3, "HomeTeam": "Chievo"},{"AC": 5, "AF": 15, "AR": 0, "AS": 18, "AST": 5, "AY": 2, "AwayTeam": "Cagliari", "Date": "2011-04-03", "FTAG": 1, "FTHG": 0, "FTR": "A", "HC": 5, "HF": 24, "HR": 0, "HS": 8, "HST": 3, "HTAG": 1, "HTHG": 0, "HTR": "A", "HY": 2, "HomeTeam": "Genoa"},{"AC": 5, "AF": 18, "AR": 0, "AS": 11, "AST": 4, "AY": 5, "AwayTeam": "Udinese", "Date": "2011-04-03", "FTAG": 0, "FTHG": 2, "FTR": "H", "HC": 4, "HF": 23, "HR": 0, "HS": 12, "HST": 4, "HTAG": 0, "HTHG": 0, "HTR": "D", "HY": 3, "HomeTeam": "Lecce"},{"AC": 1, "AF": 17, "AR": 1, "AS": 11, "AST": 4, "AY": 3, "AwayTeam": "Lazio", "Date": "2011-04-03", "FTAG": 3, "FTHG": 4, "FTR": "H", "HC": 6, "HF": 12, "HR": 0, "HS": 11, "HST": 7, "HTAG": 1, "HTHG": 0, "HTR": "A", "HY": 3, "HomeTeam": "Napoli"},{"AC": 3, "AF": 12, "AR": 0, "AS": 17, "AST": 7, "AY": 1, "AwayTeam": "Bari", "Date": "2011-04-03", "FTAG": 2, "FTHG": 1, "FTR": "A", "HC": 13, "HF": 13, "HR": 0, "HS": 19, "HST": 7, "HTAG": 0, "HTHG": 0, "HTR": "D", "HY": 2, "HomeTeam": "Parma"},{"AC": 4, "AF": 10, "AR": 0, "AS": 15, "AST": 6, "AY": 2, "AwayTeam": "Juventus", "Date": "2011-04-03", "FTAG": 2, "FTHG": 0, "FTR": "A", "HC": 8, "HF": 12, "HR": 0, "HS": 17, "HST": 5, "HTAG": 0, "HTHG": 0, "HTR": "D", "HY": 1, "HomeTeam": "Roma"},{"AC": 6, "AF": 19, "AR": 0, "AS": 18, "AST": 2, "AY": 1, "AwayTeam": "Chievo", "Date": "2011-04-09", "FTAG": 0, "FTHG": 2, "FTR": "H", "HC": 4, "HF": 10, "HR": 0, "HS": 18, "HST": 6, "HTAG": 0, "HTHG": 0, "HTR": "D", "HY": 1, "HomeTeam": "Inter"},{"AC": 5, "AF": 23, "AR": 0, "AS": 12, "AST": 2, "AY": 3, "AwayTeam": "Roma", "Date": "2011-04-09", "FTAG": 2, "FTHG": 1, "FTR": "A", "HC": 5, "HF": 29, "HR": 0, "HS": 20, "HST": 5, "HTAG": 0, "HTHG": 0, "HTR": "D", "HY": 5, "HomeTeam": "Udinese"},{"AC": 1, "AF": 18, "AR": 0, "AS": 11, "AST": 4, "AY": 0, "AwayTeam": "Catania", "Date": "2011-04-10", "FTAG": 1, "FTHG": 1, "FTR": "D", "HC": 6, "HF": 11, "HR": 0, "HS": 12, "HST": 3, "HTAG": 1, "HTHG": 1, "HTR": "D", "HY": 1, "HomeTeam": "Bari"},{"AC": 9, "AF": 20, "AR": 0, "AS": 9, "AST": 4, "AY": 4, "AwayTeam": "Napoli", "Date": "2011-04-10", "FTAG": 2, "FTHG": 0, "FTR": "A", "HC": 5, "HF": 14, "HR": 0, "HS": 17, "HST": 4, "HTAG": 2, "HTHG": 0, "HTR": "A", "HY": 4, "HomeTeam": "Bologna"},{"AC": 5, "AF": 25, "AR": 1, "AS": 11, "AST": 2, "AY": 0, "AwayTeam": "Brescia", "Date": "2011-04-10", "FTAG": 1, "FTHG": 1, "FTR": "D", "HC": 6, "HF": 19, "HR": 0, "HS": 11, "HST": 4, "HTAG": 0, "HTHG": 1, "HTR": "H", "HY": 3, "HomeTeam": "Cagliari"},{"AC": 3, "AF": 10, "AR": 1, "AS": 13, "AST": 8, "AY": 1, "AwayTeam": "Milan", "Date": "2011-04-10", "FTAG": 2, "FTHG": 1, "FTR": "A", "HC": 4, "HF": 15, "HR": 0, "HS": 16, "HST": 5, "HTAG": 2, "HTHG": 0, "HTR": "A", "HY": 3, "HomeTeam": "Fiorentina"},{"AC": 3, "AF": 20, "AR": 0, "AS": 7, "AST": 2, "AY": 2, "AwayTeam": "Genoa", "Date": "2011-04-10", "FTAG": 2, "FTHG": 3, "FTR": "H", "HC": 9, "HF": 10, "HR": 0, "HS": 21, "HST": 9, "HTAG": 1, "HTHG": 0, "HTR": "A", "HY": 3, "HomeTeam": "Juventus"},{"AC": 6, "AF": 18, "AR": 0, "AS": 11, "AST": 5, "AY": 1, "AwayTeam": "Parma", "Date": "2011-04-10", "FTAG": 0, "FTHG": 2, "FTR": "H", "HC": 6, "HF": 16, "HR": 0, "HS": 15, "HST": 2, "HTAG": 0, "HTHG": 1, "HTR": "H", "HY": 2, "HomeTeam": "Lazio"},{"AC": 11, "AF": 13, "AR": 3, "AS": 14, "AST": 3, "AY": 3, "AwayTeam": "Cesena", "Date": "2011-04-10", "FTAG": 2, "FTHG": 2, "FTR": "D", "HC": 4, "HF": 17, "HR": 0, "HS": 14, "HST": 8, "HTAG": 0, "HTHG": 2, "HTR": "H", "HY": 3, "HomeTeam": "Palermo"},{"AC": 4, "AF": 21, "AR": 0, "AS": 11, "AST": 4, "AY": 3, "AwayTeam": "Lecce", "Date": "2011-04-10", "FTAG": 2, "FTHG": 1, "FTR": "A", "HC": 11, "HF": 12, "HR": 1, "HS": 17, "HST": 8, "HTAG": 1, "HTHG": 0, "HTR": "A", "HY": 2, "HomeTeam": "Sampdoria"},{"AC": 3, "AF": 15, "AR": 0, "AS": 4, "AST": 1, "AY": 0, "AwayTeam": "Sampdoria", "Date": "2011-04-16", "FTAG": 0, "FTHG": 3, "FTR": "H", "HC": 10, "HF": 12, "HR": 0, "HS": 13, "HST": 5, "HTAG": 0, "HTHG": 1, "HTR": "H", "HY": 0, "HomeTeam": "Milan"},{"AC": 3, "AF": 19, "AR": 0, "AS": 15, "AST": 3, "AY": 2, "AwayTeam": "Inter", "Date": "2011-04-16", "FTAG": 0, "FTHG": 2, "FTR": "H", "HC": 5, "HF": 14, "HR": 0, "HS": 15, "HST": 3, "HTAG": 0, "HTHG": 1, "HTR": "H", "HY": 2, "HomeTeam": "Parma"},{"AC": 4, "AF": 15, "AR": 0, "AS": 15, "AST": 4, "AY": 2, "AwayTeam": "Palermo", "Date": "2011-04-16", "FTAG": 3, "FTHG": 2, "FTR": "A", "HC": 7, "HF": 8, "HR": 0, "HS": 14, "HST": 5, "HTAG": 1, "HTHG": 1, "HTR": "D", "HY": 2, "HomeTeam": "Roma"},{"AC": 9, "AF": 15, "AR": 0, "AS": 16, "AST": 9, "AY": 4, "AwayTeam": "Lazio", "Date": "2011-04-17", "FTAG": 4, "FTHG": 1, "FTR": "A", "HC": 2, "HF": 16, "HR": 0, "HS": 15, "HST": 5, "HTAG": 1, "HTHG": 0, "HTR": "A", "HY": 1, "HomeTeam": "Catania"},{"AC": 4, "AF": 14, "AR": 0, "AS": 17, "AST": 4, "AY": 2, "AwayTeam": "Bari", "Date": "2011-04-17", "FTAG": 0, "FTHG": 1, "FTR": "H", "HC": 4, "HF": 15, "HR": 0, "HS": 14, "HST": 4, "HTAG": 0, "HTHG": 0, "HTR": "D", "HY": 5, "HomeTeam": "Cesena"},{"AC": 5, "AF": 21, "AR": 0, "AS": 8, "AST": 2, "AY": 2, "AwayTeam": "Bologna", "Date": "2011-04-17", "FTAG": 0, "FTHG": 2, "FTR": "H", "HC": 5, "HF": 14, "HR": 1, "HS": 19, "HST": 6, "HTAG": 0, "HTHG": 1, "HTR": "H", "HY": 2, "HomeTeam": "Chievo"},{"AC": 3, "AF": 16, "AR": 0, "AS": 8, "AST": 2, "AY": 1, "AwayTeam": "Juventus", "Date": "2011-04-17", "FTAG": 0, "FTHG": 0, "FTR": "D", "HC": 5, "HF": 14, "HR": 0, "HS": 24, "HST": 4, "HTAG": 0, "HTHG": 0, "HTR": "D", "HY": 0, "HomeTeam": "Fiorentina"},{"AC": 5, "AF": 16, "AR": 0, "AS": 18, "AST": 6, "AY": 3, "AwayTeam": "Brescia", "Date": "2011-04-17", "FTAG": 0, "FTHG": 3, "FTR": "H", "HC": 6, "HF": 18, "HR": 0, "HS": 13, "HST": 4, "HTAG": 0, "HTHG": 0, "HTR": "D", "HY": 2, "HomeTeam": "Genoa"},{"AC": 4, "AF": 13, "AR": 0, "AS": 13, "AST": 8, "AY": 1, "AwayTeam": "Cagliari", "Date": "2011-04-17", "FTAG": 3, "FTHG": 3, "FTR": "D", "HC": 10, "HF": 18, "HR": 0, "HS": 14, "HST": 5, "HTAG": 1, "HTHG": 0, "HTR": "A", "HY": 2, "HomeTeam": "Lecce"},{"AC": 3, "AF": 19, "AR": 1, "AS": 13, "AST": 5, "AY": 2, "AwayTeam": "Udinese", "Date": "2011-04-17", "FTAG": 2, "FTHG": 1, "FTR": "A", "HC": 5, "HF": 19, "HR": 0, "HS": 18, "HST": 3, "HTAG": 0, "HTHG": 0, "HTR": "D", "HY": 3, "HomeTeam": "Napoli"},{"AC": 5, "AF": 15, "AR": 1, "AS": 12, "AST": 5, "AY": 2, "AwayTeam": "Sampdoria", "Date": "2011-04-23", "FTAG": 1, "FTHG": 0, "FTR": "A", "HC": 6, "HF": 23, "HR": 0, "HS": 13, "HST": 1, "HTAG": 0, "HTHG": 0, "HTR": "D", "HY": 2, "HomeTeam": "Bari"},{"AC": 4, "AF": 21, "AR": 0, "AS": 13, "AST": 5, "AY": 4, "AwayTeam": "Cesena", "Date": "2011-04-23", "FTAG": 2, "FTHG": 0, "FTR": "A", "HC": 3, "HF": 12, "HR": 0, "HS": 20, "HST": 3, "HTAG": 0, "HTHG": 0, "HTR": "D", "HY": 2, "HomeTeam": "Bologna"},{"AC": 4, "AF": 13, "AR": 0, "AS": 18, "AST": 4, "AY": 2, "AwayTeam": "Milan", "Date": "2011-04-23", "FTAG": 1, "FTHG": 0, "FTR": "A", "HC": 7, "HF": 23, "HR": 0, "HS": 11, "HST": 5, "HTAG": 0, "HTHG": 0, "HTR": "D", "HY": 4, "HomeTeam": "Brescia"},{"AC": 7, "AF": 16, "AR": 0, "AS": 12, "AST": 6, "AY": 3, "AwayTeam": "Fiorentina", "Date": "2011-04-23", "FTAG": 2, "FTHG": 1, "FTR": "A", "HC": 7, "HF": 11, "HR": 0, "HS": 21, "HST": 6, "HTAG": 1, "HTHG": 0, "HTR": "A", "HY": 0, "HomeTeam": "Cagliari"},{"AC": 6, "AF": 16, "AR": 0, "AS": 16, "AST": 5, "AY": 1, "AwayTeam": "Lecce", "Date": "2011-04-23", "FTAG": 2, "FTHG": 4, "FTR": "H", "HC": 7, "HF": 9, "HR": 0, "HS": 14, "HST": 8, "HTAG": 2, "HTHG": 2, "HTR": "D", "HY": 3, "HomeTeam": "Genoa"},{"AC": 12, "AF": 18, "AR": 1, "AS": 13, "AST": 3, "AY": 3, "AwayTeam": "Lazio", "Date": "2011-04-23", "FTAG": 1, "FTHG": 2, "FTR": "H", "HC": 5, "HF": 9, "HR": 1, "HS": 14, "HST": 6, "HTAG": 1, "HTHG": 1, "HTR": "D", "HY": 1, "HomeTeam": "Inter"},{"AC": 5, "AF": 21, "AR": 0, "AS": 17, "AST": 5, "AY": 4, "AwayTeam": "Catania", "Date": "2011-04-23", "FTAG": 2, "FTHG": 2, "FTR": "D", "HC": 3, "HF": 30, "HR": 0, "HS": 12, "HST": 5, "HTAG": 0, "HTHG": 2, "HTR": "H", "HY": 3, "HomeTeam": "Juventus"},{"AC": 3, "AF": 19, "AR": 0, "AS": 8, "AST": 3, "AY": 2, "AwayTeam": "Napoli", "Date": "2011-04-23", "FTAG": 1, "FTHG": 2, "FTR": "H", "HC": 5, "HF": 18, "HR": 0, "HS": 18, "HST": 3, "HTAG": 1, "HTHG": 2, "HTR": "H", "HY": 3, "HomeTeam": "Palermo"},{"AC": 10, "AF": 15, "AR": 0, "AS": 11, "AST": 1, "AY": 1, "AwayTeam": "Chievo", "Date": "2011-04-23", "FTAG": 0, "FTHG": 1, "FTR": "H", "HC": 6, "HF": 11, "HR": 0, "HS": 27, "HST": 9, "HTAG": 0, "HTHG": 1, "HTR": "H", "HY": 1, "HomeTeam": "Roma"},{"AC": 4, "AF": 22, "AR": 0, "AS": 12, "AST": 3, "AY": 4, "AwayTeam": "Parma", "Date": "2011-04-23", "FTAG": 2, "FTHG": 0, "FTR": "A", "HC": 9, "HF": 16, "HR": 1, "HS": 12, "HST": 2, "HTAG": 1, "HTHG": 0, "HTR": "A", "HY": 4, "HomeTeam": "Udinese"},{"AC": 3, "AF": 11, "AR": 0, "AS": 14, "AST": 5, "AY": 2, "AwayTeam": "Inter", "Date": "2011-04-30", "FTAG": 2, "FTHG": 1, "FTR": "A", "HC": 9, "HF": 11, "HR": 0, "HS": 9, "HST": 2, "HTAG": 0, "HTHG": 0, "HTR": "D", "HY": 3, "HomeTeam": "Cesena"},{"AC": 6, "AF": 13, "AR": 0, "AS": 9, "AST": 1, "AY": 1, "AwayTeam": "Genoa", "Date": "2011-04-30", "FTAG": 0, "FTHG": 1, "FTR": "H", "HC": 14, "HF": 13, "HR": 0, "HS": 24, "HST": 5, "HTAG": 0, "HTHG": 0, "HTR": "D", "HY": 2, "HomeTeam": "Napoli"},{"AC": 5, "AF": 15, "AR": 2, "AS": 20, "AST": 5, "AY": 1, "AwayTeam": "Roma", "Date": "2011-05-01", "FTAG": 3, "FTHG": 2, "FTR": "A", "HC": 4, "HF": 16, "HR": 1, "HS": 9, "HST": 2, "HTAG": 1, "HTHG": 2, "HTR": "H", "HY": 2, "HomeTeam": "Bari"},{"AC": 2, "AF": 16, "AR": 0, "AS": 9, "AST": 1, "AY": 2, "AwayTeam": "Cagliari", "Date": "2011-05-01", "FTAG": 0, "FTHG": 2, "FTR": "H", "HC": 5, "HF": 13, "HR": 1, "HS": 16, "HST": 5, "HTAG": 0, "HTHG": 0, "HTR": "D", "HY": 2, "HomeTeam": "Catania"},{"AC": 10, "AF": 13, "AR": 0, "AS": 14, "AST": 5, "AY": 1, "AwayTeam": "Lecce", "Date": "2011-05-01", "FTAG": 0, "FTHG": 1, "FTR": "H", "HC": 3, "HF": 12, "HR": 0, "HS": 9, "HST": 4, "HTAG": 0, "HTHG": 0, "HTR": "D", "HY": 2, "HomeTeam": "Chievo"},{"AC": 5, "AF": 21, "AR": 0, "AS": 15, "AST": 5, "AY": 3, "AwayTeam": "Udinese", "Date": "2011-05-01", "FTAG": 2, "FTHG": 5, "FTR": "H", "HC": 3, "HF": 17, "HR": 0, "HS": 15, "HST": 7, "HTAG": 1, "HTHG": 2, "HTR": "H", "HY": 1, "HomeTeam": "Fiorentina"},{"AC": 3, "AF": 21, "AR": 1, "AS": 6, "AST": 1, "AY": 4, "AwayTeam": "Bologna", "Date": "2011-05-01", "FTAG": 0, "FTHG": 1, "FTR": "H", "HC": 8, "HF": 12, "HR": 0, "HS": 11, "HST": 5, "HTAG": 0, "HTHG": 1, "HTR": "H", "HY": 1, "HomeTeam": "Milan"},{"AC": 4, "AF": 12, "AR": 0, "AS": 19, "AST": 6, "AY": 0, "AwayTeam": "Palermo", "Date": "2011-05-01", "FTAG": 1, "FTHG": 3, "FTR": "H", "HC": 3, "HF": 8, "HR": 0, "HS": 9, "HST": 5, "HTAG": 0, "HTHG": 2, "HTR": "H", "HY": 0, "HomeTeam": "Parma"},{"AC": 3, "AF": 24, "AR": 0, "AS": 7, "AST": 5, "AY": 2, "AwayTeam": "Brescia", "Date": "2011-05-01", "FTAG": 3, "FTHG": 3, "FTR": "D", "HC": 9, "HF": 16, "HR": 0, "HS": 20, "HST": 7, "HTAG": 0, "HTHG": 0, "HTR": "D", "HY": 2, "HomeTeam": "Sampdoria"},{"AC": 6, "AF": 19, "AR": 0, "AS": 5, "AST": 3, "AY": 3, "AwayTeam": "Juventus", "Date": "2011-05-02", "FTAG": 1, "FTHG": 0, "FTR": "A", "HC": 3, "HF": 14, "HR": 1, "HS": 16, "HST": 4, "HTAG": 0, "HTHG": 0, "HTR": "D", "HY": 0, "HomeTeam": "Lazio"},{"AC": 4, "AF": 8, "AR": 0, "AS": 15, "AST": 6, "AY": 2, "AwayTeam": "Bari", "Date": "2011-05-07", "FTAG": 1, "FTHG": 2, "FTR": "H", "HC": 5, "HF": 12, "HR": 0, "HS": 13, "HST": 4, "HTAG": 1, "HTHG": 1, "HTR": "D", "HY": 1, "HomeTeam": "Palermo"},{"AC": 6, "AF": 15, "AR": 0, "AS": 8, "AST": 1, "AY": 3, "AwayTeam": "Milan", "Date": "2011-05-07", "FTAG": 0, "FTHG": 0, "FTR": "D", "HC": 5, "HF": 17, "HR": 0, "HS": 6, "HST": 2, "HTAG": 0, "HTHG": 0, "HTR": "D", "HY": 1, "HomeTeam": "Roma"},{"AC": 2, "AF": 17, "AR": 0, "AS": 7, "AST": 3, "AY": 1, "AwayTeam": "Parma", "Date": "2011-05-08", "FTAG": 0, "FTHG": 0, "FTR": "D", "HC": 3, "HF": 14, "HR": 0, "HS": 9, "HST": 4, "HTAG": 0, "HTHG": 0, "HTR": "D", "HY": 2, "HomeTeam": "Bologna"},{"AC": 1, "AF": 10, "AR": 0, "AS": 8, "AST": 4, "AY": 0, "AwayTeam": "Catania", "Date": "2011-05-08", "FTAG": 2, "FTHG": 1, "FTR": "A", "HC": 10, "HF": 16, "HR": 1, "HS": 14, "HST": 4, "HTAG": 1, "HTHG": 0, "HTR": "A", "HY": 3, "HomeTeam": "Brescia"},{"AC": 1, "AF": 13, "AR": 0, "AS": 5, "AST": 3, "AY": 1, "AwayTeam": "Cesena", "Date": "2011-05-08", "FTAG": 2, "FTHG": 0, "FTR": "A", "HC": 13, "HF": 7, "HR": 0, "HS": 19, "HST": 1, "HTAG": 0, "HTHG": 0, "HTR": "D", "HY": 2, "HomeTeam": "Cagliari"},{"AC": 10, "AF": 21, "AR": 0, "AS": 14, "AST": 2, "AY": 2, "AwayTeam": "Sampdoria", "Date": "2011-05-08", "FTAG": 1, "FTHG": 2, "FTR": "H", "HC": 2, "HF": 20, "HR": 1, "HS": 9, "HST": 3, "HTAG": 0, "HTHG": 1, "HTR": "H", "HY": 4, "HomeTeam": "Genoa"},{"AC": 3, "AF": 13, "AR": 0, "AS": 18, "AST": 8, "AY": 1, "AwayTeam": "Fiorentina", "Date": "2011-05-08", "FTAG": 1, "FTHG": 3, "FTR": "H", "HC": 6, "HF": 12, "HR": 0, "HS": 16, "HST": 7, "HTAG": 0, "HTHG": 2, "HTR": "H", "HY": 0, "HomeTeam": "Inter"},{"AC": 5, "AF": 9, "AR": 1, "AS": 18, "AST": 5, "AY": 4, "AwayTeam": "Napoli", "Date": "2011-05-08", "FTAG": 1, "FTHG": 2, "FTR": "H", "HC": 3, "HF": 19, "HR": 1, "HS": 11, "HST": 4, "HTAG": 0, "HTHG": 0, "HTR": "D", "HY": 2, "HomeTeam": "Lecce"},{"AC": 6, "AF": 20, "AR": 0, "AS": 20, "AST": 5, "AY": 4, "AwayTeam": "Lazio", "Date": "2011-05-08", "FTAG": 1, "FTHG": 2, "FTR": "H", "HC": 0, "HF": 18, "HR": 1, "HS": 10, "HST": 6, "HTAG": 0, "HTHG": 2, "HTR": "H", "HY": 2, "HomeTeam": "Udinese"},{"AC": 6, "AF": 14, "AR": 0, "AS": 19, "AST": 4, "AY": 2, "AwayTeam": "Chievo", "Date": "2011-05-09", "FTAG": 2, "FTHG": 2, "FTR": "D", "HC": 7, "HF": 13, "HR": 0, "HS": 16, "HST": 3, "HTAG": 0, "HTHG": 1, "HTR": "H", "HY": 3, "HomeTeam": "Juventus"},{"AC": 6, "AF": 8, "AR": 0, "AS": 17, "AST": 5, "AY": 1, "AwayTeam": "Genoa", "Date": "2011-05-14", "FTAG": 2, "FTHG": 4, "FTR": "H", "HC": 3, "HF": 7, "HR": 0, "HS": 9, "HST": 6, "HTAG": 1, "HTHG": 1, "HTR": "D", "HY": 0, "HomeTeam": "Lazio"},{"AC": 4, "AF": 16, "AR": 0, "AS": 21, "AST": 3, "AY": 0, "AwayTeam": "Cagliari", "Date": "2011-05-14", "FTAG": 1, "FTHG": 4, "FTR": "H", "HC": 3, "HF": 7, "HR": 0, "HS": 13, "HST": 9, "HTAG": 1, "HTHG": 3, "HTR": "H", "HY": 0, "HomeTeam": "Milan"},{"AC": 9, "AF": 18, "AR": 0, "AS": 14, "AST": 6, "AY": 1, "AwayTeam": "Lecce", "Date": "2011-05-15", "FTAG": 2, "FTHG": 0, "FTR": "A", "HC": 8, "HF": 8, "HR": 0, "HS": 9, "HST": 2, "HTAG": 0, "HTHG": 0, "HTR": "D", "HY": 1, "HomeTeam": "Bari"},{"AC": 4, "AF": 22, "AR": 0, "AS": 7, "AST": 3, "AY": 3, "AwayTeam": "Roma", "Date": "2011-05-15", "FTAG": 1, "FTHG": 2, "FTR": "H", "HC": 7, "HF": 12, "HR": 0, "HS": 23, "HST": 7, "HTAG": 1, "HTHG": 0, "HTR": "A", "HY": 1, "HomeTeam": "Catania"},{"AC": 3, "AF": 13, "AR": 0, "AS": 8, "AST": 0, "AY": 3, "AwayTeam": "Brescia", "Date": "2011-05-15", "FTAG": 0, "FTHG": 1, "FTR": "H", "HC": 3, "HF": 14, "HR": 0, "HS": 16, "HST": 5, "HTAG": 0, "HTHG": 0, "HTR": "D", "HY": 2, "HomeTeam": "Cesena"},{"AC": 12, "AF": 8, "AR": 0, "AS": 19, "AST": 6, "AY": 1, "AwayTeam": "Udinese", "Date": "2011-05-15", "FTAG": 2, "FTHG": 0, "FTR": "A", "HC": 3, "HF": 12, "HR": 0, "HS": 8, "HST": 4, "HTAG": 1, "HTHG": 0, "HTR": "A", "HY": 1, "HomeTeam": "Chievo"},{"AC": 3, "AF": 24, "AR": 1, "AS": 9, "AST": 3, "AY": 3, "AwayTeam": "Bologna", "Date": "2011-05-15", "FTAG": 1, "FTHG": 1, "FTR": "D", "HC": 7, "HF": 15, "HR": 1, "HS": 16, "HST": 2, "HTAG": 0, "HTHG": 1, "HTR": "H", "HY": 1, "HomeTeam": "Fiorentina"},{"AC": 4, "AF": 7, "AR": 0, "AS": 6, "AST": 2, "AY": 0, "AwayTeam": "Inter", "Date": "2011-05-15", "FTAG": 1, "FTHG": 1, "FTR": "D", "HC": 1, "HF": 7, "HR": 0, "HS": 13, "HST": 7, "HTAG": 1, "HTHG": 1, "HTR": "D", "HY": 1, "HomeTeam": "Napoli"},{"AC": 6, "AF": 19, "AR": 0, "AS": 15, "AST": 4, "AY": 2, "AwayTeam": "Juventus", "Date": "2011-05-15", "FTAG": 0, "FTHG": 1, "FTR": "H", "HC": 6, "HF": 17, "HR": 0, "HS": 11, "HST": 3, "HTAG": 0, "HTHG": 0, "HTR": "D", "HY": 2, "HomeTeam": "Parma"},{"AC": 7, "AF": 20, "AR": 0, "AS": 16, "AST": 5, "AY": 3, "AwayTeam": "Palermo", "Date": "2011-05-15", "FTAG": 2, "FTHG": 1, "FTR": "A", "HC": 14, "HF": 16, "HR": 0, "HS": 15, "HST": 5, "HTAG": 1, "HTHG": 0, "HTR": "A", "HY": 3, "HomeTeam": "Sampdoria"},{"AC": 4, "AF": 10, "AR": 0, "AS": 13, "AST": 5, "AY": 1, "AwayTeam": "Bari", "Date": "2011-05-22", "FTAG": 4, "FTHG": 0, "FTR": "A", "HC": 8, "HF": 14, "HR": 0, "HS": 19, "HST": 6, "HTAG": 1, "HTHG": 0, "HTR": "A", "HY": 1, "HomeTeam": "Bologna"},{"AC": 3, "AF": 11, "AR": 0, "AS": 15, "AST": 3, "AY": 0, "AwayTeam": "Fiorentina", "Date": "2011-05-22", "FTAG": 2, "FTHG": 2, "FTR": "D", "HC": 3, "HF": 19, "HR": 0, "HS": 16, "HST": 4, "HTAG": 1, "HTHG": 1, "HTR": "D", "HY": 2, "HomeTeam": "Brescia"},{"AC": 6, "AF": 21, "AR": 0, "AS": 7, "AST": 5, "AY": 2, "AwayTeam": "Parma", "Date": "2011-05-22", "FTAG": 1, "FTHG": 1, "FTR": "D", "HC": 7, "HF": 16, "HR": 0, "HS": 19, "HST": 4, "HTAG": 1, "HTHG": 0, "HTR": "A", "HY": 0, "HomeTeam": "Cagliari"},{"AC": 10, "AF": 7, "AR": 0, "AS": 24, "AST": 10, "AY": 0, "AwayTeam": "Cesena", "Date": "2011-05-22", "FTAG": 2, "FTHG": 3, "FTR": "H", "HC": 10, "HF": 6, "HR": 0, "HS": 18, "HST": 7, "HTAG": 0, "HTHG": 3, "HTR": "H", "HY": 1, "HomeTeam": "Genoa"},{"AC": 7, "AF": 10, "AR": 0, "AS": 9, "AST": 3, "AY": 0, "AwayTeam": "Catania", "Date": "2011-05-22", "FTAG": 1, "FTHG": 3, "FTR": "H", "HC": 6, "HF": 7, "HR": 0, "HS": 21, "HST": 6, "HTAG": 0, "HTHG": 1, "HTR": "H", "HY": 0, "HomeTeam": "Inter"},{"AC": 7, "AF": 17, "AR": 0, "AS": 8, "AST": 5, "AY": 3, "AwayTeam": "Napoli", "Date": "2011-05-22", "FTAG": 2, "FTHG": 2, "FTR": "D", "HC": 8, "HF": 21, "HR": 0, "HS": 18, "HST": 9, "HTAG": 1, "HTHG": 0, "HTR": "A", "HY": 3, "HomeTeam": "Juventus"},{"AC": 2, "AF": 5, "AR": 0, "AS": 19, "AST": 12, "AY": 0, "AwayTeam": "Lazio", "Date": "2011-05-22", "FTAG": 4, "FTHG": 2, "FTR": "A", "HC": 7, "HF": 9, "HR": 1, "HS": 8, "HST": 2, "HTAG": 2, "HTHG": 2, "HTR": "D", "HY": 0, "HomeTeam": "Lecce"},{"AC": 3, "AF": 8, "AR": 0, "AS": 17, "AST": 9, "AY": 2, "AwayTeam": "Chievo", "Date": "2011-05-22", "FTAG": 3, "FTHG": 1, "FTR": "A", "HC": 9, "HF": 14, "HR": 0, "HS": 16, "HST": 4, "HTAG": 1, "HTHG": 1, "HTR": "D", "HY": 2, "HomeTeam": "Palermo"},{"AC": 5, "AF": 8, "AR": 0, "AS": 11, "AST": 3, "AY": 1, "AwayTeam": "Sampdoria", "Date": "2011-05-22", "FTAG": 1, "FTHG": 3, "FTR": "H", "HC": 6, "HF": 12, "HR": 0, "HS": 18, "HST": 5, "HTAG": 1, "HTHG": 1, "HTR": "D", "HY": 1, "HomeTeam": "Roma"},{"AC": 4, "AF": 13, "AR": 0, "AS": 11, "AST": 1, "AY": 3, "AwayTeam": "Milan", "Date": "2011-05-22", "FTAG": 0, "FTHG": 0, "FTR": "D", "HC": 4, "HF": 7, "HR": 0, "HS": 15, "HST": 5, "HTAG": 0, "HTHG": 0, "HTR": "D", "HY": 1, "HomeTeam": "Udinese"}]