[{"AC": 1, "AF": 16, "AR": 0, "AS": 4, "AST": 1, "AY": 3, "AwayTeam": "Fiorentina", "Date": "2016-08-20", "FTAG": 1, "FTHG": 2, "FTR": "H", "HC": 3, "HF": 11, "HR": 0, "HS": 19, "HST": 4, "HTAG": 0, "HTHG": 1, "HTR": "H", "HY": 1, "HomeTeam": "Juventus"},{"AC": 5, "AF": 14, "AR": 0, "AS": 11, "AST": 1, "AY": 2, "AwayTeam": "Udinese", "Date": "2016-08-20", "FTAG": 0, "FTHG": 4, "FTR": "H", "HC": 10, "HF": 8, "HR": 0, "HS": 25, "HST": 9, "HTAG": 0, "HTHG": 0, "HTR": "D", "HY": 0, "HomeTeam": "Roma"},{"AC": 2, "AF": 16, "AR": 0, "AS": 11, "AST": 6, "AY": 2, "AwayTeam": "Lazio", "Date": "2016-08-21", "FTAG": 4, "FTHG": 3, "FTR": "A", "HC": 7, "HF": 5, "HR": 0, "HS": 19, "HST": 6, "HTAG": 3, "HTHG": 0, "HTR": "A", "HY": 2, "HomeTeam": "Atalanta"},{"AC": 3, "AF": 17, "AR": 0, "AS": 5, "AST": 0, "AY": 1, "AwayTeam": "Crotone", "Date": "2016-08-21", "FTAG": 0, "FTHG": 1, "FTR": "H", "HC": 5, "HF": 7, "HR": 0, "HS": 20, "HST": 6, "HTAG": 0, "HTHG": 0, "HTR": "D", "HY": 1, "HomeTeam": "Bologna"},{"AC": 8, "AF": 13, "AR": 0, "AS": 13, "AST": 3, "AY": 4, "AwayTeam": "Inter", "Date": "2016-08-21", "FTAG": 0, "FTHG": 2, "FTR": "H", "HC": 4, "HF": 15, "HR": 0, "HS": 12, "HST": 4, "HTAG": 0, "HTHG": 0, "HTR": "D", "HY": 2, "HomeTeam": "Chievo"},{"AC": 5, "AF": 32, "AR": 0, "AS": 15, "AST": 5, "AY": 4, "AwayTeam": "Sampdoria", "Date": "2016-08-21", "FTAG": 1, "FTHG": 0, "FTR": "A", "HC": 2, "HF": 17, "HR": 1, "HS": 8, "HST": 3, "HTAG": 1, "HTHG": 0, "HTR": "A", "HY": 3, "HomeTeam": "Empoli"},{"AC": 1, "AF": 10, "AR": 0, "AS": 4, "AST": 3, "AY": 3, "AwayTeam": "Cagliari", "Date": "2016-08-21", "FTAG": 1, "FTHG": 3, "FTR": "H", "HC": 6, "HF": 13, "HR": 0, "HS": 22, "HST": 6, "HTAG": 0, "HTHG": 0, "HTR": "D", "HY": 4, "HomeTeam": "Genoa"},{"AC": 10, "AF": 20, "AR": 0, "AS": 20, "AST": 4, "AY": 3, "AwayTeam": "Torino", "Date": "2016-08-21", "FTAG": 2, "FTHG": 3, "FTR": "H", "HC": 10, "HF": 13, "HR": 1, "HS": 11, "HST": 5, "HTAG": 0, "HTHG": 1, "HTR": "H", "HY": 0, "HomeTeam": "Milan"},{"AC": 8, "AF": 15, "AR": 0, "AS": 22, "AST": 8, "AY": 2, "AwayTeam": "Sassuolo", "Date": "2016-08-21", "FTAG": 1, "FTHG": 0, "FTR": "A", "HC": 4, "HF": 19, "HR": 1, "HS": 7, "HST": 2, "HTAG": 1, "HTHG": 0, "HTR": "A", "HY": 1, "HomeTeam": "Palermo"},{"AC": 9, "AF": 12, "AR": 0, "AS": 22, "AST": 4, "AY": 2, "AwayTeam": "Napoli", "Date": "2016-08-21", "FTAG": 2, "FTHG": 2, "FTR": "D", "HC": 3, "HF": 10, "HR": 0, "HS": 9, "HST": 3, "HTAG": 0, "HTHG": 2, "HTR": "H", "HY": 3, "HomeTeam": "Pescara"},{"AC": 2, "AF": 5, "AR": 0, "AS": 13, "AST": 5, "AY": 2, "AwayTeam": "Juventus", "Date": "2016-08-27", "FTAG": 1, "FTHG": 0, "FTR": "A", "HC": 4, "HF": 16, "HR": 0, "HS": 6, "HST": 1, "HTAG": 0, "HTHG": 0, "HTR": "D", "HY": 1, "HomeTeam": "Lazio"},{"AC": 4, "AF": 15, "AR": 2, "AS": 12, "AST": 3, "AY": 4, "AwayTeam": "Milan", "Date": "2016-08-27", "FTAG": 2, "FTHG": 4, "FTR": "H", "HC": 9, "HF": 13, "HR": 0, "HS": 17, "HST": 8, "HTAG": 0, "HTHG": 2, "HTR": "H", "HY": 5, "HomeTeam": "Napoli"},{"AC": 3, "AF": 9, "AR": 0, "AS": 21, "AST": 7, "AY": 1, "AwayTeam": "Roma", "Date": "2016-08-28", "FTAG": 2, "FTHG": 2, "FTR": "D", "HC": 4, "HF": 21, "HR": 0, "HS": 17, "HST": 5, "HTAG": 1, "HTHG": 0, "HTR": "A", "HY": 3, "HomeTeam": "Cagliari"},{"AC": 6, "AF": 17, "AR": 0, "AS": 18, "AST": 8, "AY": 2, "AwayTeam": "Genoa", "Date": "2016-08-28", "FTAG": 3, "FTHG": 1, "FTR": "A", "HC": 1, "HF": 16, "HR": 0, "HS": 11, "HST": 3, "HTAG": 0, "HTHG": 1, "HTR": "H", "HY": 2, "HomeTeam": "Crotone"},{"AC": 4, "AF": 16, "AR": 0, "AS": 9, "AST": 2, "AY": 2, "AwayTeam": "Chievo", "Date": "2016-08-28", "FTAG": 0, "FTHG": 1, "FTR": "H", "HC": 4, "HF": 8, "HR": 0, "HS": 13, "HST": 3, "HTAG": 0, "HTHG": 1, "HTR": "H", "HY": 0, "HomeTeam": "Fiorentina"},{"AC": 4, "AF": 24, "AR": 0, "AS": 7, "AST": 3, "AY": 5, "AwayTeam": "Palermo", "Date": "2016-08-28", "FTAG": 1, "FTHG": 1, "FTR": "D", "HC": 8, "HF": 16, "HR": 0, "HS": 22, "HST": 5, "HTAG": 0, "HTHG": 0, "HTR": "D", "HY": 1, "HomeTeam": "Inter"},{"AC": 1, "AF": 16, "AR": 1, "AS": 7, "AST": 1, "AY": 4, "AwayTeam": "Atalanta", "Date": "2016-08-28", "FTAG": 1, "FTHG": 2, "FTR": "H", "HC": 3, "HF": 13, "HR": 0, "HS": 8, "HST": 4, "HTAG": 1, "HTHG": 2, "HTR": "H", "HY": 1, "HomeTeam": "Sampdoria"},{"AC": 7, "AF": 21, "AR": 0, "AS": 15, "AST": 5, "AY": 2, "AwayTeam": "Pescara", "Date": "2016-08-28", "FTAG": 3, "FTHG": 0, "FTR": "A", "HC": 2, "HF": 12, "HR": 0, "HS": 13, "HST": 3, "HTAG": null, "HTHG": null, "HTR": null, "HY": 2, "HomeTeam": "Sassuolo"},{"AC": 3, "AF": 12, "AR": 0, "AS": 10, "AST": 2, "AY": 2, "AwayTeam": "Bologna", "Date": "2016-08-28", "FTAG": 1, "FTHG": 5, "FTR": "H", "HC": 6, "HF": 14, "HR": 0, "HS": 20, "HST": 11, "HTAG": 1, "HTHG": 2, "HTR": "H", "HY": 1, "HomeTeam": "Torino"},{"AC": 5, "AF": 19, "AR": 1, "AS": 13, "AST": 4, "AY": 3, "AwayTeam": "Empoli", "Date": "2016-08-28", "FTAG": 0, "FTHG": 2, "FTR": "H", "HC": 4, "HF": 15, "HR": 0, "HS": 11, "HST": 3, "HTAG": 0, "HTHG": 1, "HTR": "H", "HY": 3, "HomeTeam": "Udinese"},{"AC": 5, "AF": 12, "AR": 0, "AS": 9, "AST": 3, "AY": 2, "AwayTeam": "Sassuolo", "Date": "2016-09-10", "FTAG": 1, "FTHG": 3, "FTR": "H", "HC": 14, "HF": 10, "HR": 0, "HS": 23, "HST": 10, "HTAG": 1, "HTHG": 3, "HTR": "H", "HY": 1, "HomeTeam": "Juventus"},{"AC": 4, "AF": 7, "AR": 0, "AS": 17, "AST": 7, "AY": 0, "AwayTeam": "Napoli", "Date": "2016-09-10", "FTAG": 3, "FTHG": 0, "FTR": "A", "HC": 2, "HF": 14, "HR": 0, "HS": 5, "HST": 1, "HTAG": 0, "HTHG": 0, "HTR": "D", "HY": 0, "HomeTeam": "Palermo"},{"AC": 4, "AF": 20, "AR": 0, "AS": 14, "AST": 7, "AY": 2, "AwayTeam": "Torino", "Date": "2016-09-11", "FTAG": 1, "FTHG": 2, "FTR": "H", "HC": 4, "HF": 16, "HR": 0, "HS": 22, "HST": 3, "HTAG": 0, "HTHG": 0, "HTR": "D", "HY": 2, "HomeTeam": "Atalanta"},{"AC": 4, "AF": 9, "AR": 1, "AS": 11, "AST": 5, "AY": 3, "AwayTeam": "Cagliari", "Date": "2016-09-11", "FTAG": 1, "FTHG": 2, "FTR": "H", "HC": 9, "HF": 13, "HR": 0, "HS": 17, "HST": 10, "HTAG": 0, "HTHG": 1, "HTR": "H", "HY": 1, "HomeTeam": "Bologna"},{"AC": 1, "AF": 15, "AR": 0, "AS": 11, "AST": 3, "AY": 5, "AwayTeam": "Lazio", "Date": "2016-09-11", "FTAG": 1, "FTHG": 1, "FTR": "D", "HC": 2, "HF": 14, "HR": 0, "HS": 7, "HST": 4, "HTAG": 0, "HTHG": 0, "HTR": "D", "HY": 2, "HomeTeam": "Chievo"},{"AC": 8, "AF": 9, "AR": 0, "AS": 10, "AST": 2, "AY": 5, "AwayTeam": "Udinese", "Date": "2016-09-11", "FTAG": 1, "FTHG": 0, "FTR": "A", "HC": 8, "HF": 10, "HR": 0, "HS": 14, "HST": 2, "HTAG": 0, "HTHG": 0, "HTR": "D", "HY": 1, "HomeTeam": "Milan"},{"AC": 13, "AF": 10, "AR": 0, "AS": 22, "AST": 7, "AY": 1, "AwayTeam": "Inter", "Date": "2016-09-11", "FTAG": 2, "FTHG": 1, "FTR": "A", "HC": 3, "HF": 14, "HR": 0, "HS": 10, "HST": 5, "HTAG": 0, "HTHG": 0, "HTR": "D", "HY": 1, "HomeTeam": "Pescara"},{"AC": 7, "AF": 13, "AR": 0, "AS": 12, "AST": 7, "AY": 2, "AwayTeam": "Sampdoria", "Date": "2016-09-11", "FTAG": 2, "FTHG": 3, "FTR": "H", "HC": 11, "HF": 12, "HR": 0, "HS": 24, "HST": 8, "HTAG": 2, "HTHG": 1, "HTR": "A", "HY": 3, "HomeTeam": "Roma"},{"AC": 0, "AF": 20, "AR": 1, "AS": 6, "AST": 2, "AY": 1, "AwayTeam": "Crotone", "Date": "2016-09-12", "FTAG": 1, "FTHG": 2, "FTR": "H", "HC": 5, "HF": 16, "HR": 0, "HS": 13, "HST": 5, "HTAG": 1, "HTHG": 1, "HTR": "D", "HY": 1, "HomeTeam": "Empoli"},{"AC": 5, "AF": 16, "AR": 0, "AS": 10, "AST": 3, "AY": 3, "AwayTeam": "Milan", "Date": "2016-09-16", "FTAG": 1, "FTHG": 0, "FTR": "A", "HC": 8, "HF": 12, "HR": 0, "HS": 12, "HST": 3, "HTAG": 0, "HTHG": 0, "HTR": "D", "HY": 2, "HomeTeam": "Sampdoria"},{"AC": 2, "AF": 14, "AR": 0, "AS": 10, "AST": 3, "AY": 2, "AwayTeam": "Pescara", "Date": "2016-09-17", "FTAG": 0, "FTHG": 3, "FTR": "H", "HC": 11, "HF": 12, "HR": 0, "HS": 23, "HST": 11, "HTAG": 0, "HTHG": 0, "HTR": "D", "HY": 2, "HomeTeam": "Lazio"},{"AC": 3, "AF": 7, "AR": 1, "AS": 9, "AST": 3, "AY": 1, "AwayTeam": "Bologna", "Date": "2016-09-17", "FTAG": 1, "FTHG": 3, "FTR": "H", "HC": 6, "HF": 11, "HR": 0, "HS": 21, "HST": 10, "HTAG": 0, "HTHG": 1, "HTR": "H", "HY": 0, "HomeTeam": "Napoli"},{"AC": 4, "AF": 19, "AR": 0, "AS": 7, "AST": 2, "AY": 2, "AwayTeam": "Atalanta", "Date": "2016-09-18", "FTAG": 0, "FTHG": 3, "FTR": "H", "HC": 3, "HF": 10, "HR": 0, "HS": 12, "HST": 9, "HTAG": 0, "HTHG": 1, "HTR": "H", "HY": 2, "HomeTeam": "Cagliari"},{"AC": 7, "AF": 9, "AR": 0, "AS": 12, "AST": 5, "AY": 2, "AwayTeam": "Palermo", "Date": "2016-09-18", "FTAG": 1, "FTHG": 1, "FTR": "D", "HC": 3, "HF": 19, "HR": 0, "HS": 11, "HST": 1, "HTAG": 0, "HTHG": 1, "HTR": "H", "HY": 3, "HomeTeam": "Crotone"},{"AC": 6, "AF": 11, "AR": 0, "AS": 14, "AST": 3, "AY": 1, "AwayTeam": "Roma", "Date": "2016-09-18", "FTAG": 0, "FTHG": 1, "FTR": "H", "HC": 5, "HF": 10, "HR": 0, "HS": 8, "HST": 4, "HTAG": 0, "HTHG": 0, "HTR": "D", "HY": 1, "HomeTeam": "Fiorentina"},{"AC": 4, "AF": 18, "AR": 0, "AS": 9, "AST": 2, "AY": 3, "AwayTeam": "Juventus", "Date": "2016-09-18", "FTAG": 1, "FTHG": 2, "FTR": "H", "HC": 5, "HF": 13, "HR": 1, "HS": 16, "HST": 3, "HTAG": 0, "HTHG": 0, "HTR": "D", "HY": 2, "HomeTeam": "Inter"},{"AC": 8, "AF": 17, "AR": 1, "AS": 17, "AST": 5, "AY": 2, "AwayTeam": "Genoa", "Date": "2016-09-18", "FTAG": 0, "FTHG": 2, "FTR": "H", "HC": 3, "HF": 15, "HR": 0, "HS": 11, "HST": 6, "HTAG": 0, "HTHG": 0, "HTR": "D", "HY": 0, "HomeTeam": "Sassuolo"},{"AC": 5, "AF": 7, "AR": 0, "AS": 5, "AST": 2, "AY": 3, "AwayTeam": "Empoli", "Date": "2016-09-18", "FTAG": 0, "FTHG": 0, "FTR": "D", "HC": 8, "HF": 19, "HR": 0, "HS": 15, "HST": 5, "HTAG": 0, "HTHG": 0, "HTR": "D", "HY": 4, "HomeTeam": "Torino"},{"AC": 7, "AF": 9, "AR": 0, "AS": 20, "AST": 6, "AY": 4, "AwayTeam": "Chievo", "Date": "2016-09-18", "FTAG": 2, "FTHG": 1, "FTR": "A", "HC": 5, "HF": 16, "HR": 0, "HS": 8, "HST": 4, "HTAG": 0, "HTHG": 1, "HTR": "H", "HY": 3, "HomeTeam": "Udinese"},{"AC": 8, "AF": 12, "AR": 0, "AS": 20, "AST": 5, "AY": 4, "AwayTeam": "Lazio", "Date": "2016-09-20", "FTAG": 0, "FTHG": 2, "FTR": "H", "HC": 3, "HF": 16, "HR": 0, "HS": 17, "HST": 8, "HTAG": 0, "HTHG": 1, "HTR": "H", "HY": 1, "HomeTeam": "Milan"},{"AC": 5, "AF": 12, "AR": 0, "AS": 7, "AST": 2, "AY": 2, "AwayTeam": "Palermo", "Date": "2016-09-21", "FTAG": 1, "FTHG": 0, "FTR": "A", "HC": 7, "HF": 20, "HR": 0, "HS": 16, "HST": 4, "HTAG": 0, "HTHG": 0, "HTR": "D", "HY": 3, "HomeTeam": "Atalanta"},{"AC": 4, "AF": 12, "AR": 1, "AS": 10, "AST": 3, "AY": 3, "AwayTeam": "Sampdoria", "Date": "2016-09-21", "FTAG": 0, "FTHG": 2, "FTR": "H", "HC": 2, "HF": 16, "HR": 1, "HS": 11, "HST": 4, "HTAG": 0, "HTHG": 1, "HTR": "H", "HY": 1, "HomeTeam": "Bologna"},{"AC": 9, "AF": 15, "AR": 0, "AS": 7, "AST": 2, "AY": 1, "AwayTeam": "Sassuolo", "Date": "2016-09-21", "FTAG": 1, "FTHG": 2, "FTR": "H", "HC": 7, "HF": 14, "HR": 0, "HS": 5, "HST": 3, "HTAG": 1, "HTHG": 2, "HTR": "H", "HY": 2, "HomeTeam": "Chievo"},{"AC": 4, "AF": 15, "AR": 0, "AS": 13, "AST": 4, "AY": 4, "AwayTeam": "Inter", "Date": "2016-09-21", "FTAG": 2, "FTHG": 0, "FTR": "A", "HC": 5, "HF": 14, "HR": 0, "HS": 9, "HST": 3, "HTAG": 2, "HTHG": 0, "HTR": "A", "HY": 1, "HomeTeam": "Empoli"},{"AC": 8, "AF": 11, "AR": 0, "AS": 14, "AST": 3, "AY": 2, "AwayTeam": "Napoli", "Date": "2016-09-21", "FTAG": 0, "FTHG": 0, "FTR": "D", "HC": 5, "HF": 16, "HR": 0, "HS": 12, "HST": 5, "HTAG": 0, "HTHG": 0, "HTR": "D", "HY": 4, "HomeTeam": "Genoa"},{"AC": 0, "AF": 12, "AR": 0, "AS": 2, "AST": 0, "AY": 3, "AwayTeam": "Cagliari", "Date": "2016-09-21", "FTAG": 0, "FTHG": 4, "FTR": "H", "HC": 9, "HF": 19, "HR": 0, "HS": 28, "HST": 13, "HTAG": 0, "HTHG": 3, "HTR": "H", "HY": 1, "HomeTeam": "Juventus"},{"AC": 4, "AF": 15, "AR": 2, "AS": 11, "AST": 3, "AY": 2, "AwayTeam": "Torino", "Date": "2016-09-21", "FTAG": 0, "FTHG": 0, "FTR": "D", "HC": 9, "HF": 13, "HR": 0, "HS": 19, "HST": 4, "HTAG": 0, "HTHG": 0, "HTR": "D", "HY": 3, "HomeTeam": "Pescara"},{"AC": 5, "AF": 7, "AR": 0, "AS": 11, "AST": 3, "AY": 1, "AwayTeam": "Crotone", "Date": "2016-09-21", "FTAG": 0, "FTHG": 4, "FTR": "H", "HC": 11, "HF": 12, "HR": 0, "HS": 20, "HST": 7, "HTAG": 0, "HTHG": 2, "HTR": "H", "HY": 0, "HomeTeam": "Roma"},{"AC": 3, "AF": 15, "AR": 0, "AS": 7, "AST": 3, "AY": 3, "AwayTeam": "Fiorentina", "Date": "2016-09-21", "FTAG": 2, "FTHG": 2, "FTR": "D", "HC": 4, "HF": 16, "HR": 0, "HS": 15, "HST": 5, "HTAG": 1, "HTHG": 2, "HTR": "H", "HY": 1, "HomeTeam": "Udinese"},{"AC": 2, "AF": 16, "AR": 0, "AS": 7, "AST": 2, "AY": 4, "AwayTeam": "Chievo", "Date": "2016-09-24", "FTAG": 0, "FTHG": 2, "FTR": "H", "HC": 4, "HF": 12, "HR": 0, "HS": 13, "HST": 5, "HTAG": 0, "HTHG": 2, "HTR": "H", "HY": 2, "HomeTeam": "Napoli"},{"AC": 9, "AF": 10, "AR": 0, "AS": 15, "AST": 7, "AY": 3, "AwayTeam": "Juventus", "Date": "2016-09-24", "FTAG": 1, "FTHG": 0, "FTR": "A", "HC": 2, "HF": 16, "HR": 0, "HS": 4, "HST": 2, "HTAG": 0, "HTHG": 0, "HTR": "D", "HY": 3, "HomeTeam": "Palermo"},{"AC": 3, "AF": 12, "AR": 0, "AS": 12, "AST": 1, "AY": 4, "AwayTeam": "Milan", "Date": "2016-09-25", "FTAG": 0, "FTHG": 0, "FTR": "D", "HC": 6, "HF": 10, "HR": 0, "HS": 20, "HST": 5, "HTAG": 0, "HTHG": 0, "HTR": "D", "HY": 2, "HomeTeam": "Fiorentina"},{"AC": 5, "AF": 10, "AR": 0, "AS": 12, "AST": 4, "AY": 3, "AwayTeam": "Pescara", "Date": "2016-09-25", "FTAG": 1, "FTHG": 1, "FTR": "D", "HC": 1, "HF": 22, "HR": 2, "HS": 8, "HST": 4, "HTAG": 0, "HTHG": 0, "HTR": "D", "HY": 2, "HomeTeam": "Genoa"},{"AC": 4, "AF": 7, "AR": 0, "AS": 8, "AST": 3, "AY": 4, "AwayTeam": "Bologna", "Date": "2016-09-25", "FTAG": 1, "FTHG": 1, "FTR": "D", "HC": 8, "HF": 12, "HR": 0, "HS": 22, "HST": 6, "HTAG": 1, "HTHG": 1, "HTR": "D", "HY": 0, "HomeTeam": "Inter"},{"AC": 6, "AF": 7, "AR": 0, "AS": 9, "AST": 3, "AY": 2, "AwayTeam": "Empoli", "Date": "2016-09-25", "FTAG": 0, "FTHG": 2, "FTR": "H", "HC": 5, "HF": 14, "HR": 0, "HS": 12, "HST": 3, "HTAG": 0, "HTHG": 1, "HTR": "H", "HY": 2, "HomeTeam": "Lazio"},{"AC": 9, "AF": 12, "AR": 0, "AS": 11, "AST": 3, "AY": 2, "AwayTeam": "Udinese", "Date": "2016-09-25", "FTAG": 0, "FTHG": 1, "FTR": "H", "HC": 6, "HF": 14, "HR": 0, "HS": 12, "HST": 5, "HTAG": 0, "HTHG": 1, "HTR": "H", "HY": 3, "HomeTeam": "Sassuolo"},{"AC": 13, "AF": 12, "AR": 0, "AS": 21, "AST": 5, "AY": 4, "AwayTeam": "Roma", "Date": "2016-09-25", "FTAG": 1, "FTHG": 3, "FTR": "H", "HC": 7, "HF": 15, "HR": 0, "HS": 18, "HST": 9, "HTAG": 0, "HTHG": 1, "HTR": "H", "HY": 1, "HomeTeam": "Torino"},{"AC": 10, "AF": 15, "AR": 0, "AS": 18, "AST": 2, "AY": 3, "AwayTeam": "Sampdoria", "Date": "2016-09-26", "FTAG": 1, "FTHG": 2, "FTR": "H", "HC": 3, "HF": 16, "HR": 0, "HS": 9, "HST": 3, "HTAG": 0, "HTHG": 1, "HTR": "H", "HY": 2, "HomeTeam": "Cagliari"},{"AC": 3, "AF": 14, "AR": 1, "AS": 12, "AST": 8, "AY": 1, "AwayTeam": "Atalanta", "Date": "2016-09-26", "FTAG": 3, "FTHG": 1, "FTR": "A", "HC": 6, "HF": 21, "HR": 0, "HS": 10, "HST": 3, "HTAG": 3, "HTHG": 0, "HTR": "A", "HY": 3, "HomeTeam": "Crotone"},{"AC": 5, "AF": 14, "AR": 0, "AS": 15, "AST": 4, "AY": 3, "AwayTeam": "Chievo", "Date": "2016-10-01", "FTAG": 2, "FTHG": 0, "FTR": "A", "HC": 11, "HF": 11, "HR": 0, "HS": 11, "HST": 2, "HTAG": 0, "HTHG": 0, "HTR": "D", "HY": 1, "HomeTeam": "Pescara"},{"AC": 9, "AF": 12, "AR": 0, "AS": 15, "AST": 5, "AY": 1, "AwayTeam": "Lazio", "Date": "2016-10-01", "FTAG": 3, "FTHG": 0, "FTR": "A", "HC": 5, "HF": 4, "HR": 0, "HS": 15, "HST": 3, "HTAG": 1, "HTHG": 0, "HTR": "A", "HY": 2, "HomeTeam": "Udinese"},{"AC": 12, "AF": 13, "AR": 0, "AS": 13, "AST": 3, "AY": 3, "AwayTeam": "Napoli", "Date": "2016-10-02", "FTAG": 0, "FTHG": 1, "FTR": "H", "HC": 4, "HF": 11, "HR": 0, "HS": 10, "HST": 4, "HTAG": 0, "HTHG": 1, "HTR": "H", "HY": 3, "HomeTeam": "Atalanta"},{"AC": 3, "AF": 22, "AR": 1, "AS": 13, "AST": 4, "AY": 3, "AwayTeam": "Genoa", "Date": "2016-10-02", "FTAG": 1, "FTHG": 0, "FTR": "A", "HC": 7, "HF": 8, "HR": 2, "HS": 6, "HST": 3, "HTAG": 0, "HTHG": 0, "HTR": "D", "HY": 1, "HomeTeam": "Bologna"},{"AC": 14, "AF": 14, "AR": 0, "AS": 22, "AST": 8, "AY": 4, "AwayTeam": "Crotone", "Date": "2016-10-02", "FTAG": 1, "FTHG": 2, "FTR": "H", "HC": 6, "HF": 14, "HR": 0, "HS": 14, "HST": 9, "HTAG": 0, "HTHG": 1, "HTR": "H", "HY": 0, "HomeTeam": "Cagliari"},{"AC": 7, "AF": 20, "AR": 0, "AS": 26, "AST": 11, "AY": 1, "AwayTeam": "Juventus", "Date": "2016-10-02", "FTAG": 3, "FTHG": 0, "FTR": "A", "HC": 5, "HF": 21, "HR": 0, "HS": 6, "HST": 3, "HTAG": 0, "HTHG": 0, "HTR": "D", "HY": 2, "HomeTeam": "Empoli"},{"AC": 4, "AF": 10, "AR": 0, "AS": 7, "AST": 5, "AY": 5, "AwayTeam": "Sassuolo", "Date": "2016-10-02", "FTAG": 3, "FTHG": 4, "FTR": "H", "HC": 5, "HF": 10, "HR": 0, "HS": 15, "HST": 6, "HTAG": 1, "HTHG": 1, "HTR": "D", "HY": 1, "HomeTeam": "Milan"},{"AC": 10, "AF": 17, "AR": 0, "AS": 17, "AST": 5, "AY": 2, "AwayTeam": "Inter", "Date": "2016-10-02", "FTAG": 1, "FTHG": 2, "FTR": "H", "HC": 3, "HF": 9, "HR": 0, "HS": 19, "HST": 8, "HTAG": 0, "HTHG": 1, "HTR": "H", "HY": 1, "HomeTeam": "Roma"},{"AC": 1, "AF": 18, "AR": 1, "AS": 4, "AST": 2, "AY": 5, "AwayTeam": "Palermo", "Date": "2016-10-02", "FTAG": 1, "FTHG": 1, "FTR": "D", "HC": 7, "HF": 9, "HR": 0, "HS": 23, "HST": 7, "HTAG": 0, "HTHG": 0, "HTR": "D", "HY": 2, "HomeTeam": "Sampdoria"},{"AC": 8, "AF": 12, "AR": 0, "AS": 13, "AST": 5, "AY": 2, "AwayTeam": "Fiorentina", "Date": "2016-10-02", "FTAG": 1, "FTHG": 2, "FTR": "H", "HC": 6, "HF": 15, "HR": 0, "HS": 18, "HST": 5, "HTAG": 0, "HTHG": 1, "HTR": "H", "HY": 1, "HomeTeam": "Torino"},{"AC": 7, "AF": 11, "AR": 0, "AS": 8, "AST": 4, "AY": 2, "AwayTeam": "Udinese", "Date": "2016-10-15", "FTAG": 1, "FTHG": 2, "FTR": "H", "HC": 4, "HF": 11, "HR": 0, "HS": 15, "HST": 5, "HTAG": 1, "HTHG": 1, "HTR": "D", "HY": 1, "HomeTeam": "Juventus"},{"AC": 1, "AF": 16, "AR": 0, "AS": 14, "AST": 6, "AY": 3, "AwayTeam": "Roma", "Date": "2016-10-15", "FTAG": 3, "FTHG": 1, "FTR": "A", "HC": 9, "HF": 5, "HR": 0, "HS": 21, "HST": 5, "HTAG": 1, "HTHG": 0, "HTR": "A", "HY": 2, "HomeTeam": "Napoli"},{"AC": 8, "AF": 12, "AR": 0, "AS": 22, "AST": 9, "AY": 1, "AwayTeam": "Sampdoria", "Date": "2016-10-15", "FTAG": 1, "FTHG": 1, "FTR": "D", "HC": 8, "HF": 9, "HR": 1, "HS": 10, "HST": 7, "HTAG": 1, "HTHG": 1, "HTR": "D", "HY": 1, "HomeTeam": "Pescara"},{"AC": 2, "AF": 13, "AR": 0, "AS": 16, "AST": 5, "AY": 2, "AwayTeam": "Milan", "Date": "2016-10-16", "FTAG": 3, "FTHG": 1, "FTR": "A", "HC": 7, "HF": 17, "HR": 0, "HS": 8, "HST": 5, "HTAG": 1, "HTHG": 0, "HTR": "A", "HY": 3, "HomeTeam": "Chievo"},{"AC": 6, "AF": 17, "AR": 0, "AS": 13, "AST": 3, "AY": 3, "AwayTeam": "Atalanta", "Date": "2016-10-16", "FTAG": 0, "FTHG": 0, "FTR": "D", "HC": 7, "HF": 14, "HR": 0, "HS": 17, "HST": 6, "HTAG": 0, "HTHG": 0, "HTR": "D", "HY": 3, "HomeTeam": "Fiorentina"},{"AC": 2, "AF": 17, "AR": 0, "AS": 2, "AST": 1, "AY": 4, "AwayTeam": "Empoli", "Date": "2016-10-16", "FTAG": 0, "FTHG": 0, "FTR": "D", "HC": 3, "HF": 17, "HR": 1, "HS": 8, "HST": 3, "HTAG": 0, "HTHG": 0, "HTR": "D", "HY": 0, "HomeTeam": "Genoa"},{"AC": 6, "AF": 12, "AR": 0, "AS": 11, "AST": 6, "AY": 5, "AwayTeam": "Cagliari", "Date": "2016-10-16", "FTAG": 2, "FTHG": 1, "FTR": "A", "HC": 10, "HF": 10, "HR": 0, "HS": 17, "HST": 4, "HTAG": 0, "HTHG": 0, "HTR": "D", "HY": 1, "HomeTeam": "Inter"},{"AC": 0, "AF": 16, "AR": 0, "AS": 9, "AST": 4, "AY": 3, "AwayTeam": "Bologna", "Date": "2016-10-16", "FTAG": 1, "FTHG": 1, "FTR": "D", "HC": 18, "HF": 13, "HR": 0, "HS": 25, "HST": 8, "HTAG": 1, "HTHG": 0, "HTR": "A", "HY": 4, "HomeTeam": "Lazio"},{"AC": 1, "AF": 22, "AR": 0, "AS": 8, "AST": 1, "AY": 3, "AwayTeam": "Crotone", "Date": "2016-10-16", "FTAG": 1, "FTHG": 2, "FTR": "H", "HC": 15, "HF": 10, "HR": 0, "HS": 22, "HST": 9, "HTAG": 1, "HTHG": 0, "HTR": "A", "HY": 1, "HomeTeam": "Sassuolo"},{"AC": 6, "AF": 23, "AR": 0, "AS": 15, "AST": 7, "AY": 2, "AwayTeam": "Torino", "Date": "2016-10-17", "FTAG": 4, "FTHG": 1, "FTR": "A", "HC": 10, "HF": 15, "HR": 0, "HS": 16, "HST": 3, "HTAG": 3, "HTHG": 1, "HTR": "A", "HY": 4, "HomeTeam": "Palermo"},{"AC": 9, "AF": 14, "AR": 0, "AS": 22, "AST": 3, "AY": 3, "AwayTeam": "Juventus", "Date": "2016-10-22", "FTAG": 0, "FTHG": 1, "FTR": "H", "HC": 5, "HF": 19, "HR": 0, "HS": 8, "HST": 2, "HTAG": 0, "HTHG": 0, "HTR": "D", "HY": 4, "HomeTeam": "Milan"},{"AC": 6, "AF": 15, "AR": 0, "AS": 10, "AST": 5, "AY": 3, "AwayTeam": "Genoa", "Date": "2016-10-22", "FTAG": 1, "FTHG": 2, "FTR": "H", "HC": 5, "HF": 12, "HR": 0, "HS": 14, "HST": 7, "HTAG": 1, "HTHG": 1, "HTR": "D", "HY": 2, "HomeTeam": "Sampdoria"},{"AC": 0, "AF": 11, "AR": 0, "AS": 7, "AST": 4, "AY": 1, "AwayTeam": "Inter", "Date": "2016-10-23", "FTAG": 1, "FTHG": 2, "FTR": "H", "HC": 4, "HF": 19, "HR": 0, "HS": 11, "HST": 8, "HTAG": 0, "HTHG": 1, "HTR": "H", "HY": 2, "HomeTeam": "Atalanta"},{"AC": 11, "AF": 13, "AR": 0, "AS": 8, "AST": 3, "AY": 1, "AwayTeam": "Sassuolo", "Date": "2016-10-23", "FTAG": 1, "FTHG": 1, "FTR": "D", "HC": 7, "HF": 11, "HR": 0, "HS": 14, "HST": 4, "HTAG": 0, "HTHG": 1, "HTR": "H", "HY": 0, "HomeTeam": "Bologna"},{"AC": 7, "AF": 7, "AR": 0, "AS": 16, "AST": 8, "AY": 2, "AwayTeam": "Fiorentina", "Date": "2016-10-23", "FTAG": 5, "FTHG": 3, "FTR": "A", "HC": 4, "HF": 19, "HR": 0, "HS": 10, "HST": 5, "HTAG": 4, "HTHG": 1, "HTR": "A", "HY": 2, "HomeTeam": "Cagliari"},{"AC": 7, "AF": 8, "AR": 1, "AS": 13, "AST": 8, "AY": 0, "AwayTeam": "Napoli", "Date": "2016-10-23", "FTAG": 2, "FTHG": 1, "FTR": "A", "HC": 7, "HF": 20, "HR": 0, "HS": 12, "HST": 4, "HTAG": 2, "HTHG": 0, "HTR": "A", "HY": 2, "HomeTeam": "Crotone"},{"AC": 3, "AF": 28, "AR": 1, "AS": 13, "AST": 2, "AY": 3, "AwayTeam": "Chievo", "Date": "2016-10-23", "FTAG": 0, "FTHG": 0, "FTR": "D", "HC": 6, "HF": 16, "HR": 0, "HS": 8, "HST": 3, "HTAG": 0, "HTHG": 0, "HTR": "D", "HY": 3, "HomeTeam": "Empoli"},{"AC": 4, "AF": 14, "AR": 0, "AS": 7, "AST": 3, "AY": 2, "AwayTeam": "Palermo", "Date": "2016-10-23", "FTAG": 1, "FTHG": 4, "FTR": "H", "HC": 4, "HF": 11, "HR": 0, "HS": 18, "HST": 7, "HTAG": 0, "HTHG": 1, "HTR": "H", "HY": 3, "HomeTeam": "Roma"},{"AC": 6, "AF": 14, "AR": 0, "AS": 14, "AST": 6, "AY": 2, "AwayTeam": "Lazio", "Date": "2016-10-23", "FTAG": 2, "FTHG": 2, "FTR": "D", "HC": 4, "HF": 12, "HR": 0, "HS": 16, "HST": 4, "HTAG": 0, "HTHG": 1, "HTR": "H", "HY": 2, "HomeTeam": "Torino"},{"AC": 3, "AF": 9, "AR": 0, "AS": 16, "AST": 3, "AY": 1, "AwayTeam": "Pescara", "Date": "2016-10-23", "FTAG": 1, "FTHG": 3, "FTR": "H", "HC": 6, "HF": 12, "HR": 0, "HS": 9, "HST": 4, "HTAG": 0, "HTHG": 1, "HTR": "H", "HY": 2, "HomeTeam": "Udinese"},{"AC": 4, "AF": 9, "AR": 1, "AS": 13, "AST": 3, "AY": 0, "AwayTeam": "Milan", "Date": "2016-10-25", "FTAG": 0, "FTHG": 3, "FTR": "H", "HC": 5, "HF": 15, "HR": 0, "HS": 8, "HST": 3, "HTAG": 0, "HTHG": 1, "HTR": "H", "HY": 3, "HomeTeam": "Genoa"},{"AC": 4, "AF": 14, "AR": 0, "AS": 8, "AST": 4, "AY": 4, "AwayTeam": "Bologna", "Date": "2016-10-26", "FTAG": 1, "FTHG": 1, "FTR": "D", "HC": 6, "HF": 18, "HR": 0, "HS": 10, "HST": 3, "HTAG": 0, "HTHG": 0, "HTR": "D", "HY": 0, "HomeTeam": "Chievo"},{"AC": 1, "AF": 16, "AR": 0, "AS": 4, "AST": 2, "AY": 2, "AwayTeam": "Crotone", "Date": "2016-10-26", "FTAG": 1, "FTHG": 1, "FTR": "D", "HC": 14, "HF": 15, "HR": 0, "HS": 26, "HST": 11, "HTAG": 1, "HTHG": 0, "HTR": "A", "HY": 1, "HomeTeam": "Fiorentina"},{"AC": 10, "AF": 18, "AR": 0, "AS": 7, "AST": 2, "AY": 4, "AwayTeam": "Torino", "Date": "2016-10-26", "FTAG": 1, "FTHG": 2, "FTR": "H", "HC": 2, "HF": 14, "HR": 0, "HS": 22, "HST": 6, "HTAG": 0, "HTHG": 1, "HTR": "H", "HY": 0, "HomeTeam": "Inter"},{"AC": 2, "AF": 16, "AR": 0, "AS": 8, "AST": 3, "AY": 3, "AwayTeam": "Sampdoria", "Date": "2016-10-26", "FTAG": 1, "FTHG": 4, "FTR": "H", "HC": 5, "HF": 6, "HR": 0, "HS": 13, "HST": 7, "HTAG": 0, "HTHG": 2, "HTR": "H", "HY": 0, "HomeTeam": "Juventus"},{"AC": 10, "AF": 6, "AR": 0, "AS": 14, "AST": 5, "AY": 3, "AwayTeam": "Cagliari", "Date": "2016-10-26", "FTAG": 1, "FTHG": 4, "FTR": "H", "HC": 4, "HF": 6, "HR": 0, "HS": 19, "HST": 12, "HTAG": 0, "HTHG": 3, "HTR": "H", "HY": 2, "HomeTeam": "Lazio"},{"AC": 8, "AF": 9, "AR": 0, "AS": 7, "AST": 2, "AY": 2, "AwayTeam": "Empoli", "Date": "2016-10-26", "FTAG": 0, "FTHG": 2, "FTR": "H", "HC": 11, "HF": 7, "HR": 0, "HS": 35, "HST": 10, "HTAG": 0, "HTHG": 0, "HTR": "D", "HY": 1, "HomeTeam": "Napoli"},{"AC": 8, "AF": 22, "AR": 0, "AS": 13, "AST": 3, "AY": 3, "AwayTeam": "Atalanta", "Date": "2016-10-26", "FTAG": 1, "FTHG": 0, "FTR": "A", "HC": 2, "HF": 18, "HR": 0, "HS": 5, "HST": 0, "HTAG": 0, "HTHG": 0, "HTR": "D", "HY": 3, "HomeTeam": "Pescara"},{"AC": 11, "AF": 10, "AR": 0, "AS": 16, "AST": 5, "AY": 0, "AwayTeam": "Roma", "Date": "2016-10-26", "FTAG": 3, "FTHG": 1, "FTR": "A", "HC": 5, "HF": 12, "HR": 0, "HS": 16, "HST": 3, "HTAG": 0, "HTHG": 1, "HTR": "H", "HY": 3, "HomeTeam": "Sassuolo"},{"AC": 4, "AF": 15, "AR": 0, "AS": 11, "AST": 7, "AY": 2, "AwayTeam": "Udinese", "Date": "2016-10-27", "FTAG": 3, "FTHG": 1, "FTR": "A", "HC": 3, "HF": 15, "HR": 1, "HS": 11, "HST": 2, "HTAG": 1, "HTHG": 1, "HTR": "D", "HY": 2, "HomeTeam": "Palermo"},{"AC": 5, "AF": 17, "AR": 0, "AS": 12, "AST": 5, "AY": 3, "AwayTeam": "Fiorentina", "Date": "2016-10-29", "FTAG": 1, "FTHG": 0, "FTR": "A", "HC": 2, "HF": 8, "HR": 1, "HS": 5, "HST": 2, "HTAG": 1, "HTHG": 0, "HTR": "A", "HY": 3, "HomeTeam": "Bologna"},{"AC": 4, "AF": 10, "AR": 0, "AS": 12, "AST": 2, "AY": 1, "AwayTeam": "Napoli", "Date": "2016-10-29", "FTAG": 1, "FTHG": 2, "FTR": "H", "HC": 3, "HF": 11, "HR": 0, "HS": 10, "HST": 3, "HTAG": 0, "HTHG": 0, "HTR": "D", "HY": 4, "HomeTeam": "Juventus"},{"AC": 3, "AF": 14, "AR": 0, "AS": 10, "AST": 2, "AY": 2, "AwayTeam": "Genoa", "Date": "2016-10-30", "FTAG": 0, "FTHG": 3, "FTR": "H", "HC": 3, "HF": 12, "HR": 0, "HS": 15, "HST": 9, "HTAG": 0, "HTHG": 2, "HTR": "H", "HY": 1, "HomeTeam": "Atalanta"},{"AC": 5, "AF": 21, "AR": 0, "AS": 16, "AST": 3, "AY": 2, "AwayTeam": "Chievo", "Date": "2016-10-30", "FTAG": 0, "FTHG": 2, "FTR": "H", "HC": 4, "HF": 19, "HR": 0, "HS": 9, "HST": 7, "HTAG": 0, "HTHG": 1, "HTR": "H", "HY": 1, "HomeTeam": "Crotone"},{"AC": 8, "AF": 13, "AR": 0, "AS": 23, "AST": 5, "AY": 3, "AwayTeam": "Roma", "Date": "2016-10-30", "FTAG": 0, "FTHG": 0, "FTR": "D", "HC": 4, "HF": 18, "HR": 0, "HS": 8, "HST": 3, "HTAG": 0, "HTHG": 0, "HTR": "D", "HY": 6, "HomeTeam": "Empoli"},{"AC": 4, "AF": 11, "AR": 0, "AS": 14, "AST": 5, "AY": 1, "AwayTeam": "Sassuolo", "Date": "2016-10-30", "FTAG": 1, "FTHG": 2, "FTR": "H", "HC": 10, "HF": 17, "HR": 0, "HS": 14, "HST": 6, "HTAG": 0, "HTHG": 0, "HTR": "D", "HY": 2, "HomeTeam": "Lazio"},{"AC": 5, "AF": 14, "AR": 0, "AS": 14, "AST": 6, "AY": 2, "AwayTeam": "Pescara", "Date": "2016-10-30", "FTAG": 0, "FTHG": 1, "FTR": "H", "HC": 5, "HF": 11, "HR": 0, "HS": 18, "HST": 9, "HTAG": 0, "HTHG": 0, "HTR": "D", "HY": 1, "HomeTeam": "Milan"},{"AC": 5, "AF": 14, "AR": 0, "AS": 14, "AST": 3, "AY": 3, "AwayTeam": "Inter", "Date": "2016-10-30", "FTAG": 0, "FTHG": 1, "FTR": "H", "HC": 4, "HF": 15, "HR": 0, "HS": 9, "HST": 3, "HTAG": 0, "HTHG": 1, "HTR": "H", "HY": 1, "HomeTeam": "Sampdoria"},{"AC": 4, "AF": 16, "AR": 0, "AS": 12, "AST": 3, "AY": 3, "AwayTeam": "Palermo", "Date": "2016-10-31", "FTAG": 1, "FTHG": 2, "FTR": "H", "HC": 2, "HF": 19, "HR": 0, "HS": 8, "HST": 4, "HTAG": 0, "HTHG": 0, "HTR": "D", "HY": 5, "HomeTeam": "Cagliari"},{"AC": 4, "AF": 19, "AR": 0, "AS": 13, "AST": 3, "AY": 3, "AwayTeam": "Torino", "Date": "2016-10-31", "FTAG": 2, "FTHG": 2, "FTR": "D", "HC": 4, "HF": 13, "HR": 0, "HS": 16, "HST": 5, "HTAG": 1, "HTHG": 0, "HTR": "A", "HY": 2, "HomeTeam": "Udinese"},{"AC": 2, "AF": 15, "AR": 0, "AS": 7, "AST": 3, "AY": 2, "AwayTeam": "Lazio", "Date": "2016-11-05", "FTAG": 1, "FTHG": 1, "FTR": "D", "HC": 9, "HF": 12, "HR": 0, "HS": 18, "HST": 8, "HTAG": 0, "HTHG": 0, "HTR": "D", "HY": 0, "HomeTeam": "Napoli"},{"AC": 4, "AF": 10, "AR": 1, "AS": 10, "AST": 7, "AY": 2, "AwayTeam": "Cagliari", "Date": "2016-11-05", "FTAG": 1, "FTHG": 5, "FTR": "H", "HC": 5, "HF": 15, "HR": 0, "HS": 23, "HST": 9, "HTAG": 1, "HTHG": 3, "HTR": "H", "HY": 1, "HomeTeam": "Torino"},{"AC": 4, "AF": 14, "AR": 0, "AS": 17, "AST": 6, "AY": 4, "AwayTeam": "Juventus", "Date": "2016-11-06", "FTAG": 2, "FTHG": 1, "FTR": "A", "HC": 2, "HF": 20, "HR": 0, "HS": 9, "HST": 2, "HTAG": 0, "HTHG": 0, "HTR": "D", "HY": 5, "HomeTeam": "Chievo"},{"AC": 2, "AF": 14, "AR": 0, "AS": 17, "AST": 6, "AY": 2, "AwayTeam": "Sampdoria", "Date": "2016-11-06", "FTAG": 1, "FTHG": 1, "FTR": "D", "HC": 11, "HF": 18, "HR": 0, "HS": 20, "HST": 5, "HTAG": 0, "HTHG": 1, "HTR": "H", "HY": 3, "HomeTeam": "Fiorentina"},{"AC": 1, "AF": 12, "AR": 0, "AS": 10, "AST": 3, "AY": 1, "AwayTeam": "Udinese", "Date": "2016-11-06", "FTAG": 1, "FTHG": 1, "FTR": "D", "HC": 3, "HF": 15, "HR": 0, "HS": 16, "HST": 4, "HTAG": 1, "HTHG": 1, "HTR": "D", "HY": 2, "HomeTeam": "Genoa"},{"AC": 4, "AF": 10, "AR": 0, "AS": 4, "AST": 0, "AY": 2, "AwayTeam": "Crotone", "Date": "2016-11-06", "FTAG": 0, "FTHG": 3, "FTR": "H", "HC": 18, "HF": 9, "HR": 0, "HS": 25, "HST": 9, "HTAG": 0, "HTHG": 0, "HTR": "D", "HY": 1, "HomeTeam": "Inter"},{"AC": 5, "AF": 14, "AR": 0, "AS": 12, "AST": 6, "AY": 1, "AwayTeam": "Milan", "Date": "2016-11-06", "FTAG": 2, "FTHG": 1, "FTR": "A", "HC": 6, "HF": 23, "HR": 0, "HS": 15, "HST": 7, "HTAG": 1, "HTHG": 0, "HTR": "A", "HY": 2, "HomeTeam": "Palermo"},{"AC": 1, "AF": 11, "AR": 0, "AS": 9, "AST": 6, "AY": 2, "AwayTeam": "Empoli", "Date": "2016-11-06", "FTAG": 4, "FTHG": 0, "FTR": "A", "HC": 8, "HF": 15, "HR": 0, "HS": 22, "HST": 7, "HTAG": 3, "HTHG": 0, "HTR": "A", "HY": 2, "HomeTeam": "Pescara"},{"AC": 6, "AF": 9, "AR": 0, "AS": 13, "AST": 5, "AY": 0, "AwayTeam": "Bologna", "Date": "2016-11-06", "FTAG": 0, "FTHG": 3, "FTR": "H", "HC": 3, "HF": 18, "HR": 0, "HS": 22, "HST": 8, "HTAG": 0, "HTHG": 1, "HTR": "H", "HY": 1, "HomeTeam": "Roma"},{"AC": 7, "AF": 19, "AR": 0, "AS": 15, "AST": 8, "AY": 2, "AwayTeam": "Atalanta", "Date": "2016-11-06", "FTAG": 3, "FTHG": 0, "FTR": "A", "HC": 3, "HF": 10, "HR": 0, "HS": 15, "HST": 3, "HTAG": 3, "HTHG": 0, "HTR": "A", "HY": 4, "HomeTeam": "Sassuolo"},{"AC": 9, "AF": 18, "AR": 0, "AS": 11, "AST": 2, "AY": 3, "AwayTeam": "Cagliari", "Date": "2016-11-19", "FTAG": 0, "FTHG": 1, "FTR": "H", "HC": 5, "HF": 17, "HR": 0, "HS": 12, "HST": 2, "HTAG": 0, "HTHG": 0, "HTR": "D", "HY": 3, "HomeTeam": "Chievo"},{"AC": 1, "AF": 15, "AR": 0, "AS": 9, "AST": 3, "AY": 2, "AwayTeam": "Pescara", "Date": "2016-11-19", "FTAG": 0, "FTHG": 3, "FTR": "H", "HC": 5, "HF": 11, "HR": 0, "HS": 14, "HST": 5, "HTAG": 0, "HTHG": 1, "HTR": "H", "HY": 0, "HomeTeam": "Juventus"},{"AC": 7, "AF": 7, "AR": 0, "AS": 10, "AST": 4, "AY": 0, "AwayTeam": "Napoli", "Date": "2016-11-19", "FTAG": 2, "FTHG": 1, "FTR": "A", "HC": 4, "HF": 9, "HR": 0, "HS": 7, "HST": 3, "HTAG": 0, "HTHG": 0, "HTR": "D", "HY": 1, "HomeTeam": "Udinese"},{"AC": 6, "AF": 14, "AR": 0, "AS": 9, "AST": 5, "AY": 2, "AwayTeam": "Roma", "Date": "2016-11-20", "FTAG": 1, "FTHG": 2, "FTR": "H", "HC": 10, "HF": 15, "HR": 0, "HS": 21, "HST": 6, "HTAG": 1, "HTHG": 0, "HTR": "A", "HY": 1, "HomeTeam": "Atalanta"},{"AC": 6, "AF": 15, "AR": 0, "AS": 8, "AST": 4, "AY": 1, "AwayTeam": "Palermo", "Date": "2016-11-20", "FTAG": 1, "FTHG": 3, "FTR": "H", "HC": 4, "HF": 15, "HR": 0, "HS": 8, "HST": 4, "HTAG": 1, "HTHG": 1, "HTR": "D", "HY": 1, "HomeTeam": "Bologna"},{"AC": 5, "AF": 6, "AR": 0, "AS": 16, "AST": 4, "AY": 1, "AwayTeam": "Torino", "Date": "2016-11-20", "FTAG": 2, "FTHG": 0, "FTR": "A", "HC": 6, "HF": 11, "HR": 0, "HS": 15, "HST": 5, "HTAG": 0, "HTHG": 0, "HTR": "D", "HY": 1, "HomeTeam": "Crotone"},{"AC": 4, "AF": 12, "AR": 0, "AS": 24, "AST": 13, "AY": 3, "AwayTeam": "Fiorentina", "Date": "2016-11-20", "FTAG": 4, "FTHG": 0, "FTR": "A", "HC": 5, "HF": 7, "HR": 0, "HS": 13, "HST": 6, "HTAG": 1, "HTHG": 0, "HTR": "A", "HY": 1, "HomeTeam": "Empoli"},{"AC": 5, "AF": 20, "AR": 1, "AS": 12, "AST": 3, "AY": 3, "AwayTeam": "Genoa", "Date": "2016-11-20", "FTAG": 1, "FTHG": 3, "FTR": "H", "HC": 3, "HF": 14, "HR": 0, "HS": 16, "HST": 4, "HTAG": 0, "HTHG": 1, "HTR": "H", "HY": 1, "HomeTeam": "Lazio"},{"AC": 8, "AF": 14, "AR": 0, "AS": 21, "AST": 6, "AY": 4, "AwayTeam": "Inter", "Date": "2016-11-20", "FTAG": 2, "FTHG": 2, "FTR": "D", "HC": 1, "HF": 16, "HR": 0, "HS": 10, "HST": 4, "HTAG": 0, "HTHG": 1, "HTR": "H", "HY": 2, "HomeTeam": "Milan"},{"AC": 1, "AF": 17, "AR": 0, "AS": 11, "AST": 5, "AY": 3, "AwayTeam": "Sassuolo", "Date": "2016-11-20", "FTAG": 2, "FTHG": 3, "FTR": "H", "HC": 9, "HF": 17, "HR": 0, "HS": 22, "HST": 8, "HTAG": 0, "HTHG": 0, "HTR": "D", "HY": 4, "HomeTeam": "Sampdoria"},{"AC": 6, "AF": 17, "AR": 0, "AS": 16, "AST": 6, "AY": 3, "AwayTeam": "Milan", "Date": "2016-11-26", "FTAG": 4, "FTHG": 1, "FTR": "A", "HC": 2, "HF": 11, "HR": 0, "HS": 15, "HST": 4, "HTAG": 1, "HTHG": 1, "HTR": "D", "HY": 2, "HomeTeam": "Empoli"},{"AC": 2, "AF": 10, "AR": 1, "AS": 10, "AST": 3, "AY": 1, "AwayTeam": "Chievo", "Date": "2016-11-26", "FTAG": 1, "FTHG": 2, "FTR": "H", "HC": 10, "HF": 13, "HR": 0, "HS": 16, "HST": 4, "HTAG": 0, "HTHG": 2, "HTR": "H", "HY": 2, "HomeTeam": "Torino"},{"AC": 9, "AF": 12, "AR": 0, "AS": 14, "AST": 2, "AY": 2, "AwayTeam": "Atalanta", "Date": "2016-11-27", "FTAG": 2, "FTHG": 0, "FTR": "A", "HC": 6, "HF": 15, "HR": 0, "HS": 9, "HST": 2, "HTAG": 1, "HTHG": 0, "HTR": "A", "HY": 5, "HomeTeam": "Bologna"},{"AC": 4, "AF": 19, "AR": 0, "AS": 20, "AST": 5, "AY": 3, "AwayTeam": "Udinese", "Date": "2016-11-27", "FTAG": 1, "FTHG": 2, "FTR": "H", "HC": 3, "HF": 16, "HR": 0, "HS": 7, "HST": 3, "HTAG": 0, "HTHG": 1, "HTR": "H", "HY": 4, "HomeTeam": "Cagliari"},{"AC": 6, "AF": 15, "AR": 0, "AS": 15, "AST": 6, "AY": 0, "AwayTeam": "Sampdoria", "Date": "2016-11-27", "FTAG": 1, "FTHG": 1, "FTR": "D", "HC": 2, "HF": 17, "HR": 0, "HS": 9, "HST": 3, "HTAG": 0, "HTHG": 1, "HTR": "H", "HY": 3, "HomeTeam": "Crotone"},{"AC": 6, "AF": 8, "AR": 0, "AS": 12, "AST": 2, "AY": 2, "AwayTeam": "Juventus", "Date": "2016-11-27", "FTAG": 1, "FTHG": 3, "FTR": "H", "HC": 3, "HF": 26, "HR": 0, "HS": 12, "HST": 6, "HTAG": 0, "HTHG": 3, "HTR": "H", "HY": 3, "HomeTeam": "Genoa"},{"AC": 5, "AF": 18, "AR": 0, "AS": 18, "AST": 6, "AY": 1, "AwayTeam": "Lazio", "Date": "2016-11-27", "FTAG": 1, "FTHG": 0, "FTR": "A", "HC": 4, "HF": 11, "HR": 1, "HS": 17, "HST": 4, "HTAG": 1, "HTHG": 0, "HTR": "A", "HY": 3, "HomeTeam": "Palermo"},{"AC": 7, "AF": 21, "AR": 0, "AS": 14, "AST": 7, "AY": 3, "AwayTeam": "Pescara", "Date": "2016-11-27", "FTAG": 2, "FTHG": 3, "FTR": "H", "HC": 8, "HF": 20, "HR": 0, "HS": 14, "HST": 7, "HTAG": 0, "HTHG": 2, "HTR": "H", "HY": 3, "HomeTeam": "Roma"},{"AC": 2, "AF": 15, "AR": 1, "AS": 12, "AST": 6, "AY": 3, "AwayTeam": "Fiorentina", "Date": "2016-11-28", "FTAG": 2, "FTHG": 4, "FTR": "H", "HC": 7, "HF": 28, "HR": 0, "HS": 22, "HST": 9, "HTAG": 1, "HTHG": 3, "HTR": "H", "HY": 5, "HomeTeam": "Inter"},{"AC": 3, "AF": 12, "AR": 0, "AS": 4, "AST": 1, "AY": 4, "AwayTeam": "Sassuolo", "Date": "2016-11-28", "FTAG": 1, "FTHG": 1, "FTR": "D", "HC": 9, "HF": 14, "HR": 0, "HS": 20, "HST": 6, "HTAG": 0, "HTHG": 1, "HTR": "H", "HY": 3, "HomeTeam": "Napoli"},{"AC": 7, "AF": 12, "AR": 0, "AS": 18, "AST": 6, "AY": 3, "AwayTeam": "Inter", "Date": "2016-12-02", "FTAG": 0, "FTHG": 3, "FTR": "H", "HC": 5, "HF": 7, "HR": 0, "HS": 19, "HST": 11, "HTAG": 0, "HTHG": 2, "HTR": "H", "HY": 2, "HomeTeam": "Napoli"},{"AC": 4, "AF": 18, "AR": 0, "AS": 7, "AST": 2, "AY": 2, "AwayTeam": "Atalanta", "Date": "2016-12-03", "FTAG": 1, "FTHG": 3, "FTR": "H", "HC": 6, "HF": 25, "HR": 0, "HS": 12, "HST": 7, "HTAG": 0, "HTHG": 2, "HTR": "H", "HY": 3, "HomeTeam": "Juventus"},{"AC": 6, "AF": 22, "AR": 0, "AS": 7, "AST": 2, "AY": 2, "AwayTeam": "Palermo", "Date": "2016-12-04", "FTAG": 1, "FTHG": 2, "FTR": "H", "HC": 7, "HF": 16, "HR": 0, "HS": 19, "HST": 7, "HTAG": 0, "HTHG": 1, "HTR": "H", "HY": 2, "HomeTeam": "Fiorentina"},{"AC": 3, "AF": 14, "AR": 0, "AS": 7, "AST": 4, "AY": 3, "AwayTeam": "Roma", "Date": "2016-12-04", "FTAG": 2, "FTHG": 0, "FTR": "A", "HC": 6, "HF": 21, "HR": 1, "HS": 11, "HST": 2, "HTAG": 0, "HTHG": 0, "HTR": "D", "HY": 4, "HomeTeam": "Lazio"},{"AC": 4, "AF": 19, "AR": 0, "AS": 9, "AST": 5, "AY": 4, "AwayTeam": "Crotone", "Date": "2016-12-04", "FTAG": 1, "FTHG": 2, "FTR": "H", "HC": 7, "HF": 22, "HR": 0, "HS": 12, "HST": 4, "HTAG": 1, "HTHG": 1, "HTR": "D", "HY": 4, "HomeTeam": "Milan"},{"AC": 2, "AF": 18, "AR": 1, "AS": 6, "AST": 2, "AY": 2, "AwayTeam": "Cagliari", "Date": "2016-12-04", "FTAG": 1, "FTHG": 1, "FTR": "D", "HC": 8, "HF": 20, "HR": 0, "HS": 19, "HST": 2, "HTAG": 1, "HTHG": 0, "HTR": "A", "HY": 2, "HomeTeam": "Pescara"},{"AC": 2, "AF": 20, "AR": 0, "AS": 14, "AST": 3, "AY": 4, "AwayTeam": "Torino", "Date": "2016-12-04", "FTAG": 0, "FTHG": 2, "FTR": "H", "HC": 5, "HF": 10, "HR": 0, "HS": 13, "HST": 2, "HTAG": 0, "HTHG": 0, "HTR": "D", "HY": 1, "HomeTeam": "Sampdoria"},{"AC": 7, "AF": 10, "AR": 0, "AS": 14, "AST": 3, "AY": 6, "AwayTeam": "Empoli", "Date": "2016-12-04", "FTAG": 0, "FTHG": 3, "FTR": "H", "HC": 2, "HF": 20, "HR": 0, "HS": 12, "HST": 6, "HTAG": 0, "HTHG": 2, "HTR": "H", "HY": 4, "HomeTeam": "Sassuolo"},{"AC": 8, "AF": 19, "AR": 0, "AS": 9, "AST": 0, "AY": 3, "AwayTeam": "Genoa", "Date": "2016-12-05", "FTAG": 0, "FTHG": 0, "FTR": "D", "HC": 5, "HF": 9, "HR": 0, "HS": 7, "HST": 2, "HTAG": 0, "HTHG": 0, "HTR": "D", "HY": 2, "HomeTeam": "Chievo"},{"AC": 0, "AF": 17, "AR": 1, "AS": 7, "AST": 1, "AY": 0, "AwayTeam": "Bologna", "Date": "2016-12-05", "FTAG": 0, "FTHG": 1, "FTR": "H", "HC": 5, "HF": 10, "HR": 0, "HS": 19, "HST": 9, "HTAG": 0, "HTHG": 0, "HTR": "D", "HY": 3, "HomeTeam": "Udinese"},{"AC": 4, "AF": 20, "AR": 1, "AS": 6, "AST": 3, "AY": 3, "AwayTeam": "Pescara", "Date": "2016-12-10", "FTAG": 1, "FTHG": 2, "FTR": "H", "HC": 1, "HF": 18, "HR": 1, "HS": 8, "HST": 4, "HTAG": 0, "HTHG": 1, "HTR": "H", "HY": 1, "HomeTeam": "Crotone"},{"AC": 5, "AF": 15, "AR": 0, "AS": 10, "AST": 7, "AY": 4, "AwayTeam": "Lazio", "Date": "2016-12-10", "FTAG": 2, "FTHG": 1, "FTR": "A", "HC": 2, "HF": 9, "HR": 0, "HS": 10, "HST": 5, "HTAG": 2, "HTHG": 0, "HTR": "A", "HY": 2, "HomeTeam": "Sampdoria"},{"AC": 0, "AF": 12, "AR": 0, "AS": 6, "AST": 3, "AY": 2, "AwayTeam": "Udinese", "Date": "2016-12-11", "FTAG": 3, "FTHG": 1, "FTR": "A", "HC": 11, "HF": 11, "HR": 0, "HS": 18, "HST": 9, "HTAG": 1, "HTHG": 0, "HTR": "A", "HY": 1, "HomeTeam": "Atalanta"},{"AC": 2, "AF": 17, "AR": 0, "AS": 3, "AST": 1, "AY": 4, "AwayTeam": "Empoli", "Date": "2016-12-11", "FTAG": 0, "FTHG": 0, "FTR": "D", "HC": 7, "HF": 14, "HR": 0, "HS": 22, "HST": 3, "HTAG": 0, "HTHG": 0, "HTR": "D", "HY": 2, "HomeTeam": "Bologna"},{"AC": 10, "AF": 10, "AR": 0, "AS": 23, "AST": 11, "AY": 3, "AwayTeam": "Napoli", "Date": "2016-12-11", "FTAG": 5, "FTHG": 0, "FTR": "A", "HC": 2, "HF": 17, "HR": 0, "HS": 6, "HST": 3, "HTAG": 2, "HTHG": 0, "HTR": "A", "HY": 4, "HomeTeam": "Cagliari"},{"AC": 5, "AF": 18, "AR": 0, "AS": 10, "AST": 4, "AY": 2, "AwayTeam": "Genoa", "Date": "2016-12-11", "FTAG": 0, "FTHG": 2, "FTR": "H", "HC": 5, "HF": 13, "HR": 0, "HS": 13, "HST": 3, "HTAG": 0, "HTHG": 1, "HTR": "H", "HY": 1, "HomeTeam": "Inter"},{"AC": 3, "AF": 16, "AR": 0, "AS": 9, "AST": 3, "AY": 1, "AwayTeam": "Chievo", "Date": "2016-12-11", "FTAG": 2, "FTHG": 0, "FTR": "A", "HC": 8, "HF": 10, "HR": 0, "HS": 15, "HST": 3, "HTAG": 1, "HTHG": 0, "HTR": "A", "HY": 1, "HomeTeam": "Palermo"},{"AC": 3, "AF": 19, "AR": 0, "AS": 17, "AST": 8, "AY": 2, "AwayTeam": "Juventus", "Date": "2016-12-11", "FTAG": 3, "FTHG": 1, "FTR": "A", "HC": 4, "HF": 23, "HR": 0, "HS": 9, "HST": 2, "HTAG": 1, "HTHG": 1, "HTR": "D", "HY": 1, "HomeTeam": "Torino"},{"AC": 5, "AF": 12, "AR": 0, "AS": 16, "AST": 5, "AY": 1, "AwayTeam": "Sassuolo", "Date": "2016-12-12", "FTAG": 1, "FTHG": 2, "FTR": "H", "HC": 5, "HF": 23, "HR": 0, "HS": 14, "HST": 6, "HTAG": 0, "HTHG": 2, "HTR": "H", "HY": 3, "HomeTeam": "Fiorentina"},{"AC": 4, "AF": 23, "AR": 0, "AS": 8, "AST": 4, "AY": 2, "AwayTeam": "Milan", "Date": "2016-12-12", "FTAG": 0, "FTHG": 1, "FTR": "H", "HC": 8, "HF": 13, "HR": 0, "HS": 14, "HST": 4, "HTAG": 0, "HTHG": 0, "HTR": "D", "HY": 1, "HomeTeam": "Roma"},{"AC": 3, "AF": 14, "AR": 0, "AS": 9, "AST": 3, "AY": 2, "AwayTeam": "Fiorentina", "Date": "2016-12-15", "FTAG": 0, "FTHG": 1, "FTR": "H", "HC": 4, "HF": 24, "HR": 0, "HS": 9, "HST": 4, "HTAG": 0, "HTHG": 1, "HTR": "H", "HY": 3, "HomeTeam": "Genoa"},{"AC": 2, "AF": 17, "AR": 0, "AS": 9, "AST": 2, "AY": 5, "AwayTeam": "Cagliari", "Date": "2016-12-17", "FTAG": 0, "FTHG": 2, "FTR": "H", "HC": 3, "HF": 23, "HR": 0, "HS": 7, "HST": 2, "HTAG": 0, "HTHG": 1, "HTR": "H", "HY": 6, "HomeTeam": "Empoli"},{"AC": 8, "AF": 17, "AR": 0, "AS": 10, "AST": 2, "AY": 5, "AwayTeam": "Roma", "Date": "2016-12-17", "FTAG": 0, "FTHG": 1, "FTR": "H", "HC": 5, "HF": 16, "HR": 0, "HS": 7, "HST": 6, "HTAG": 0, "HTHG": 1, "HTR": "H", "HY": 3, "HomeTeam": "Juventus"},{"AC": 3, "AF": 28, "AR": 0, "AS": 14, "AST": 4, "AY": 6, "AwayTeam": "Atalanta", "Date": "2016-12-17", "FTAG": 0, "FTHG": 0, "FTR": "D", "HC": 6, "HF": 23, "HR": 0, "HS": 11, "HST": 3, "HTAG": 0, "HTHG": 0, "HTR": "D", "HY": 3, "HomeTeam": "Milan"},{"AC": 10, "AF": 15, "AR": 0, "AS": 21, "AST": 6, "AY": 2, "AwayTeam": "Sampdoria", "Date": "2016-12-18", "FTAG": 1, "FTHG": 2, "FTR": "H", "HC": 3, "HF": 10, "HR": 0, "HS": 13, "HST": 5, "HTAG": 0, "HTHG": 2, "HTR": "H", "HY": 1, "HomeTeam": "Chievo"},{"AC": 5, "AF": 18, "AR": 0, "AS": 13, "AST": 4, "AY": 5, "AwayTeam": "Palermo", "Date": "2016-12-18", "FTAG": 4, "FTHG": 3, "FTR": "A", "HC": 5, "HF": 14, "HR": 1, "HS": 14, "HST": 6, "HTAG": 1, "HTHG": 1, "HTR": "D", "HY": 3, "HomeTeam": "Genoa"},{"AC": 5, "AF": 20, "AR": 0, "AS": 13, "AST": 6, "AY": 5, "AwayTeam": "Fiorentina", "Date": "2016-12-18", "FTAG": 1, "FTHG": 3, "FTR": "H", "HC": 5, "HF": 16, "HR": 0, "HS": 11, "HST": 5, "HTAG": 0, "HTHG": 2, "HTR": "H", "HY": 1, "HomeTeam": "Lazio"},{"AC": 3, "AF": 14, "AR": 0, "AS": 10, "AST": 5, "AY": 3, "AwayTeam": "Torino", "Date": "2016-12-18", "FTAG": 3, "FTHG": 5, "FTR": "H", "HC": 4, "HF": 6, "HR": 0, "HS": 21, "HST": 10, "HTAG": 0, "HTHG": 3, "HTR": "H", "HY": 0, "HomeTeam": "Napoli"},{"AC": 7, "AF": 16, "AR": 0, "AS": 18, "AST": 8, "AY": 2, "AwayTeam": "Bologna", "Date": "2016-12-18", "FTAG": 3, "FTHG": 0, "FTR": "A", "HC": 1, "HF": 13, "HR": 1, "HS": 7, "HST": 1, "HTAG": 2, "HTHG": 0, "HTR": "A", "HY": 1, "HomeTeam": "Pescara"},{"AC": 8, "AF": 18, "AR": 1, "AS": 20, "AST": 6, "AY": 3, "AwayTeam": "Inter", "Date": "2016-12-18", "FTAG": 1, "FTHG": 0, "FTR": "A", "HC": 3, "HF": 14, "HR": 0, "HS": 11, "HST": 4, "HTAG": 0, "HTHG": 0, "HTR": "D", "HY": 1, "HomeTeam": "Sassuolo"},{"AC": 4, "AF": 19, "AR": 1, "AS": 9, "AST": 4, "AY": 4, "AwayTeam": "Crotone", "Date": "2016-12-18", "FTAG": 0, "FTHG": 2, "FTR": "H", "HC": 5, "HF": 10, "HR": 0, "HS": 14, "HST": 8, "HTAG": 0, "HTHG": 1, "HTR": "H", "HY": 0, "HomeTeam": "Udinese"},{"AC": 2, "AF": 10, "AR": 0, "AS": 3, "AST": 1, "AY": 4, "AwayTeam": "Empoli", "Date": "2016-12-20", "FTAG": 1, "FTHG": 2, "FTR": "H", "HC": 14, "HF": 16, "HR": 0, "HS": 30, "HST": 10, "HTAG": 0, "HTHG": 0, "HTR": "D", "HY": 3, "HomeTeam": "Atalanta"},{"AC": 3, "AF": 11, "AR": 0, "AS": 10, "AST": 4, "AY": 2, "AwayTeam": "Lazio", "Date": "2016-12-21", "FTAG": 0, "FTHG": 3, "FTR": "H", "HC": 6, "HF": 15, "HR": 0, "HS": 11, "HST": 6, "HTAG": 0, "HTHG": 0, "HTR": "D", "HY": 2, "HomeTeam": "Inter"},{"AC": 4, "AF": 18, "AR": 1, "AS": 12, "AST": 4, "AY": 3, "AwayTeam": "Sassuolo", "Date": "2016-12-22", "FTAG": 3, "FTHG": 4, "FTR": "H", "HC": 5, "HF": 13, "HR": 0, "HS": 18, "HST": 10, "HTAG": 2, "HTHG": 1, "HTR": "A", "HY": 3, "HomeTeam": "Cagliari"},{"AC": 2, "AF": 7, "AR": 0, "AS": 9, "AST": 8, "AY": 3, "AwayTeam": "Napoli", "Date": "2016-12-22", "FTAG": 3, "FTHG": 3, "FTR": "D", "HC": 3, "HF": 14, "HR": 0, "HS": 15, "HST": 5, "HTAG": 1, "HTHG": 0, "HTR": "A", "HY": 5, "HomeTeam": "Fiorentina"},{"AC": 8, "AF": 16, "AR": 0, "AS": 11, "AST": 2, "AY": 5, "AwayTeam": "Pescara", "Date": "2016-12-22", "FTAG": 1, "FTHG": 1, "FTR": "D", "HC": 1, "HF": 14, "HR": 0, "HS": 5, "HST": 2, "HTAG": 0, "HTHG": 1, "HTR": "H", "HY": 4, "HomeTeam": "Palermo"},{"AC": 1, "AF": 13, "AR": 0, "AS": 6, "AST": 2, "AY": 2, "AwayTeam": "Chievo", "Date": "2016-12-22", "FTAG": 1, "FTHG": 3, "FTR": "H", "HC": 9, "HF": 9, "HR": 0, "HS": 25, "HST": 9, "HTAG": 1, "HTHG": 1, "HTR": "D", "HY": 0, "HomeTeam": "Roma"},{"AC": 2, "AF": 10, "AR": 0, "AS": 11, "AST": 3, "AY": 1, "AwayTeam": "Udinese", "Date": "2016-12-22", "FTAG": 0, "FTHG": 0, "FTR": "D", "HC": 6, "HF": 11, "HR": 0, "HS": 14, "HST": 3, "HTAG": 0, "HTHG": 0, "HTR": "D", "HY": 1, "HomeTeam": "Sampdoria"},{"AC": 13, "AF": 13, "AR": 0, "AS": 15, "AST": 4, "AY": 4, "AwayTeam": "Genoa", "Date": "2016-12-22", "FTAG": 0, "FTHG": 1, "FTR": "H", "HC": 5, "HF": 19, "HR": 0, "HS": 10, "HST": 5, "HTAG": 0, "HTHG": 0, "HTR": "D", "HY": 2, "HomeTeam": "Torino"},{"AC": 2, "AF": 17, "AR": 0, "AS": 13, "AST": 4, "AY": 3, "AwayTeam": "Palermo", "Date": "2017-01-07", "FTAG": 0, "FTHG": 1, "FTR": "H", "HC": 6, "HF": 13, "HR": 0, "HS": 6, "HST": 2, "HTAG": 0, "HTHG": 0, "HTR": "D", "HY": 1, "HomeTeam": "Empoli"},{"AC": 3, "AF": 16, "AR": 1, "AS": 9, "AST": 2, "AY": 0, "AwayTeam": "Sampdoria", "Date": "2017-01-07", "FTAG": 1, "FTHG": 2, "FTR": "H", "HC": 9, "HF": 15, "HR": 0, "HS": 23, "HST": 9, "HTAG": 1, "HTHG": 0, "HTR": "A", "HY": 1, "HomeTeam": "Napoli"},{"AC": 3, "AF": 14, "AR": 0, "AS": 18, "AST": 7, "AY": 1, "AwayTeam": "Atalanta", "Date": "2017-01-08", "FTAG": 4, "FTHG": 1, "FTR": "A", "HC": 4, "HF": 21, "HR": 0, "HS": 7, "HST": 2, "HTAG": 3, "HTHG": 0, "HTR": "A", "HY": 1, "HomeTeam": "Chievo"},{"AC": 8, "AF": 13, "AR": 0, "AS": 16, "AST": 3, "AY": 4, "AwayTeam": "Roma", "Date": "2017-01-08", "FTAG": 1, "FTHG": 0, "FTR": "A", "HC": 2, "HF": 12, "HR": 0, "HS": 10, "HST": 4, "HTAG": 1, "HTHG": 0, "HTR": "A", "HY": 2, "HomeTeam": "Genoa"},{"AC": 2, "AF": 13, "AR": 0, "AS": 7, "AST": 2, "AY": 2, "AwayTeam": "Bologna", "Date": "2017-01-08", "FTAG": 0, "FTHG": 3, "FTR": "H", "HC": 6, "HF": 11, "HR": 0, "HS": 12, "HST": 4, "HTAG": 0, "HTHG": 2, "HTR": "H", "HY": 1, "HomeTeam": "Juventus"},{"AC": 0, "AF": 11, "AR": 0, "AS": 2, "AST": 1, "AY": 2, "AwayTeam": "Crotone", "Date": "2017-01-08", "FTAG": 0, "FTHG": 1, "FTR": "H", "HC": 14, "HF": 15, "HR": 0, "HS": 22, "HST": 5, "HTAG": 0, "HTHG": 0, "HTR": "D", "HY": 2, "HomeTeam": "Lazio"},{"AC": 3, "AF": 12, "AR": 1, "AS": 7, "AST": 1, "AY": 1, "AwayTeam": "Cagliari", "Date": "2017-01-08", "FTAG": 0, "FTHG": 1, "FTR": "H", "HC": 11, "HF": 6, "HR": 0, "HS": 29, "HST": 4, "HTAG": 0, "HTHG": 0, "HTR": "D", "HY": 0, "HomeTeam": "Milan"},{"AC": 8, "AF": 18, "AR": 0, "AS": 24, "AST": 1, "AY": 3, "AwayTeam": "Torino", "Date": "2017-01-08", "FTAG": 0, "FTHG": 0, "FTR": "D", "HC": 1, "HF": 17, "HR": 0, "HS": 7, "HST": 2, "HTAG": 0, "HTHG": 0, "HTR": "D", "HY": 2, "HomeTeam": "Sassuolo"},{"AC": 7, "AF": 12, "AR": 0, "AS": 9, "AST": 4, "AY": 2, "AwayTeam": "Inter", "Date": "2017-01-08", "FTAG": 2, "FTHG": 1, "FTR": "A", "HC": 3, "HF": 19, "HR": 0, "HS": 12, "HST": 3, "HTAG": 1, "HTHG": 1, "HTR": "D", "HY": 3, "HomeTeam": "Udinese"},{"AC": 5, "AF": 14, "AR": 0, "AS": 14, "AST": 7, "AY": 4, "AwayTeam": "Bologna", "Date": "2017-01-14", "FTAG": 1, "FTHG": 0, "FTR": "A", "HC": 6, "HF": 14, "HR": 0, "HS": 17, "HST": 6, "HTAG": 0, "HTHG": 0, "HTR": "D", "HY": 2, "HomeTeam": "Crotone"},{"AC": 2, "AF": 16, "AR": 0, "AS": 5, "AST": 4, "AY": 3, "AwayTeam": "Chievo", "Date": "2017-01-14", "FTAG": 1, "FTHG": 3, "FTR": "H", "HC": 12, "HF": 12, "HR": 0, "HS": 31, "HST": 14, "HTAG": 1, "HTHG": 0, "HTR": "A", "HY": 0, "HomeTeam": "Inter"},{"AC": 14, "AF": 13, "AR": 0, "AS": 12, "AST": 4, "AY": 2, "AwayTeam": "Genoa", "Date": "2017-01-15", "FTAG": 1, "FTHG": 4, "FTR": "H", "HC": 3, "HF": 8, "HR": 1, "HS": 19, "HST": 12, "HTAG": 1, "HTHG": 2, "HTR": "H", "HY": 3, "HomeTeam": "Cagliari"},{"AC": 7, "AF": 20, "AR": 0, "AS": 11, "AST": 4, "AY": 5, "AwayTeam": "Juventus", "Date": "2017-01-15", "FTAG": 1, "FTHG": 2, "FTR": "H", "HC": 3, "HF": 22, "HR": 0, "HS": 17, "HST": 6, "HTAG": 0, "HTHG": 1, "HTR": "H", "HY": 3, "HomeTeam": "Fiorentina"},{"AC": 3, "AF": 18, "AR": 0, "AS": 9, "AST": 3, "AY": 2, "AwayTeam": "Atalanta", "Date": "2017-01-15", "FTAG": 1, "FTHG": 2, "FTR": "H", "HC": 7, "HF": 17, "HR": 0, "HS": 21, "HST": 5, "HTAG": 1, "HTHG": 1, "HTR": "D", "HY": 5, "HomeTeam": "Lazio"},{"AC": 2, "AF": 14, "AR": 0, "AS": 8, "AST": 2, "AY": 3, "AwayTeam": "Pescara", "Date": "2017-01-15", "FTAG": 1, "FTHG": 3, "FTR": "H", "HC": 6, "HF": 10, "HR": 0, "HS": 23, "HST": 10, "HTAG": 0, "HTHG": 0, "HTR": "D", "HY": 1, "HomeTeam": "Napoli"},{"AC": 8, "AF": 9, "AR": 0, "AS": 14, "AST": 2, "AY": 3, "AwayTeam": "Empoli", "Date": "2017-01-15", "FTAG": 0, "FTHG": 0, "FTR": "D", "HC": 6, "HF": 8, "HR": 0, "HS": 16, "HST": 2, "HTAG": 0, "HTHG": 0, "HTR": "D", "HY": 3, "HomeTeam": "Sampdoria"},{"AC": 3, "AF": 11, "AR": 0, "AS": 14, "AST": 3, "AY": 2, "AwayTeam": "Palermo", "Date": "2017-01-15", "FTAG": 1, "FTHG": 4, "FTR": "H", "HC": 8, "HF": 14, "HR": 0, "HS": 14, "HST": 7, "HTAG": 1, "HTHG": 2, "HTR": "H", "HY": 2, "HomeTeam": "Sassuolo"},{"AC": 7, "AF": 17, "AR": 0, "AS": 13, "AST": 4, "AY": 1, "AwayTeam": "Roma", "Date": "2017-01-15", "FTAG": 1, "FTHG": 0, "FTR": "A", "HC": 4, "HF": 16, "HR": 0, "HS": 10, "HST": 5, "HTAG": 1, "HTHG": 0, "HTR": "A", "HY": 2, "HomeTeam": "Udinese"},{"AC": 6, "AF": 11, "AR": 1, "AS": 23, "AST": 8, "AY": 1, "AwayTeam": "Milan", "Date": "2017-01-16", "FTAG": 2, "FTHG": 2, "FTR": "D", "HC": 6, "HF": 11, "HR": 0, "HS": 17, "HST": 7, "HTAG": 0, "HTHG": 2, "HTR": "H", "HY": 5, "HomeTeam": "Torino"},{"AC": 8, "AF": 18, "AR": 0, "AS": 10, "AST": 6, "AY": 2, "AwayTeam": "Fiorentina", "Date": "2017-01-21", "FTAG": 3, "FTHG": 0, "FTR": "A", "HC": 2, "HF": 18, "HR": 0, "HS": 17, "HST": 6, "HTAG": 1, "HTHG": 0, "HTR": "A", "HY": 3, "HomeTeam": "Chievo"},{"AC": 1, "AF": 16, "AR": 0, "AS": 9, "AST": 5, "AY": 4, "AwayTeam": "Napoli", "Date": "2017-01-21", "FTAG": 2, "FTHG": 1, "FTR": "A", "HC": 7, "HF": 15, "HR": 0, "HS": 13, "HST": 4, "HTAG": 2, "HTHG": 1, "HTR": "A", "HY": 4, "HomeTeam": "Milan"},{"AC": 5, "AF": 20, "AR": 0, "AS": 13, "AST": 3, "AY": 3, "AwayTeam": "Sampdoria", "Date": "2017-01-22", "FTAG": 0, "FTHG": 1, "FTR": "H", "HC": 5, "HF": 13, "HR": 0, "HS": 13, "HST": 6, "HTAG": 0, "HTHG": 0, "HTR": "D", "HY": 1, "HomeTeam": "Atalanta"},{"AC": 9, "AF": 11, "AR": 0, "AS": 9, "AST": 2, "AY": 2, "AwayTeam": "Torino", "Date": "2017-01-22", "FTAG": 0, "FTHG": 2, "FTR": "H", "HC": 2, "HF": 11, "HR": 0, "HS": 9, "HST": 5, "HTAG": 0, "HTHG": 1, "HTR": "H", "HY": 2, "HomeTeam": "Bologna"},{"AC": 3, "AF": 17, "AR": 0, "AS": 9, "AST": 2, "AY": 4, "AwayTeam": "Udinese", "Date": "2017-01-22", "FTAG": 0, "FTHG": 1, "FTR": "H", "HC": 7, "HF": 18, "HR": 0, "HS": 5, "HST": 1, "HTAG": 0, "HTHG": 0, "HTR": "D", "HY": 4, "HomeTeam": "Empoli"},{"AC": 5, "AF": 9, "AR": 0, "AS": 14, "AST": 6, "AY": 2, "AwayTeam": "Crotone", "Date": "2017-01-22", "FTAG": 2, "FTHG": 2, "FTR": "D", "HC": 7, "HF": 18, "HR": 0, "HS": 10, "HST": 4, "HTAG": 0, "HTHG": 1, "HTR": "H", "HY": 1, "HomeTeam": "Genoa"},{"AC": 4, "AF": 19, "AR": 0, "AS": 11, "AST": 2, "AY": 3, "AwayTeam": "Lazio", "Date": "2017-01-22", "FTAG": 0, "FTHG": 2, "FTR": "H", "HC": 0, "HF": 10, "HR": 0, "HS": 7, "HST": 2, "HTAG": 0, "HTHG": 2, "HTR": "H", "HY": 0, "HomeTeam": "Juventus"},{"AC": 12, "AF": 13, "AR": 1, "AS": 16, "AST": 6, "AY": 1, "AwayTeam": "Inter", "Date": "2017-01-22", "FTAG": 1, "FTHG": 0, "FTR": "A", "HC": 7, "HF": 23, "HR": 1, "HS": 6, "HST": 0, "HTAG": 0, "HTHG": 0, "HTR": "D", "HY": 5, "HomeTeam": "Palermo"},{"AC": 6, "AF": 23, "AR": 0, "AS": 16, "AST": 5, "AY": 5, "AwayTeam": "Sassuolo", "Date": "2017-01-22", "FTAG": 3, "FTHG": 1, "FTR": "A", "HC": 5, "HF": 12, "HR": 0, "HS": 19, "HST": 5, "HTAG": 1, "HTHG": 0, "HTR": "A", "HY": 4, "HomeTeam": "Pescara"},{"AC": 4, "AF": 15, "AR": 1, "AS": 8, "AST": 0, "AY": 3, "AwayTeam": "Cagliari", "Date": "2017-01-22", "FTAG": 0, "FTHG": 1, "FTR": "H", "HC": 5, "HF": 8, "HR": 0, "HS": 18, "HST": 6, "HTAG": 0, "HTHG": 0, "HTR": "D", "HY": 1, "HomeTeam": "Roma"},{"AC": 3, "AF": 12, "AR": 0, "AS": 10, "AST": 4, "AY": 1, "AwayTeam": "Pescara", "Date": "2017-01-28", "FTAG": 0, "FTHG": 3, "FTR": "H", "HC": 11, "HF": 13, "HR": 0, "HS": 17, "HST": 7, "HTAG": 0, "HTHG": 2, "HTR": "H", "HY": 1, "HomeTeam": "Inter"},{"AC": 3, "AF": 8, "AR": 0, "AS": 7, "AST": 2, "AY": 2, "AwayTeam": "Chievo", "Date": "2017-01-28", "FTAG": 1, "FTHG": 0, "FTR": "A", "HC": 10, "HF": 16, "HR": 0, "HS": 28, "HST": 8, "HTAG": 0, "HTHG": 0, "HTR": "D", "HY": 2, "HomeTeam": "Lazio"},{"AC": 2, "AF": 18, "AR": 2, "AS": 8, "AST": 2, "AY": 3, "AwayTeam": "Bologna", "Date": "2017-01-29", "FTAG": 1, "FTHG": 1, "FTR": "D", "HC": 3, "HF": 15, "HR": 0, "HS": 19, "HST": 6, "HTAG": 0, "HTHG": 0, "HTR": "D", "HY": 2, "HomeTeam": "Cagliari"},{"AC": 1, "AF": 14, "AR": 0, "AS": 5, "AST": 3, "AY": 1, "AwayTeam": "Empoli", "Date": "2017-01-29", "FTAG": 1, "FTHG": 4, "FTR": "H", "HC": 8, "HF": 13, "HR": 0, "HS": 14, "HST": 7, "HTAG": 1, "HTHG": 1, "HTR": "D", "HY": 3, "HomeTeam": "Crotone"},{"AC": 0, "AF": 20, "AR": 0, "AS": 7, "AST": 3, "AY": 4, "AwayTeam": "Genoa", "Date": "2017-01-29", "FTAG": 3, "FTHG": 3, "FTR": "D", "HC": 5, "HF": 10, "HR": 1, "HS": 22, "HST": 8, "HTAG": 0, "HTHG": 1, "HTR": "H", "HY": 3, "HomeTeam": "Fiorentina"},{"AC": 2, "AF": 9, "AR": 1, "AS": 3, "AST": 2, "AY": 3, "AwayTeam": "Palermo", "Date": "2017-01-29", "FTAG": 1, "FTHG": 1, "FTR": "D", "HC": 14, "HF": 6, "HR": 0, "HS": 19, "HST": 10, "HTAG": 1, "HTHG": 0, "HTR": "A", "HY": 0, "HomeTeam": "Napoli"},{"AC": 7, "AF": 14, "AR": 0, "AS": 16, "AST": 10, "AY": 3, "AwayTeam": "Roma", "Date": "2017-01-29", "FTAG": 2, "FTHG": 3, "FTR": "H", "HC": 7, "HF": 19, "HR": 0, "HS": 18, "HST": 7, "HTAG": 1, "HTHG": 1, "HTR": "D", "HY": 2, "HomeTeam": "Sampdoria"},{"AC": 6, "AF": 13, "AR": 0, "AS": 14, "AST": 5, "AY": 1, "AwayTeam": "Juventus", "Date": "2017-01-29", "FTAG": 2, "FTHG": 0, "FTR": "A", "HC": 5, "HF": 18, "HR": 0, "HS": 7, "HST": 3, "HTAG": 2, "HTHG": 0, "HTR": "A", "HY": 3, "HomeTeam": "Sassuolo"},{"AC": 6, "AF": 18, "AR": 0, "AS": 17, "AST": 8, "AY": 2, "AwayTeam": "Atalanta", "Date": "2017-01-29", "FTAG": 1, "FTHG": 1, "FTR": "D", "HC": 2, "HF": 19, "HR": 0, "HS": 12, "HST": 4, "HTAG": 0, "HTHG": 1, "HTR": "H", "HY": 1, "HomeTeam": "Torino"},{"AC": 7, "AF": 13, "AR": 0, "AS": 12, "AST": 5, "AY": 2, "AwayTeam": "Milan", "Date": "2017-01-29", "FTAG": 1, "FTHG": 2, "FTR": "H", "HC": 2, "HF": 9, "HR": 0, "HS": 12, "HST": 5, "HTAG": 1, "HTHG": 1, "HTR": "D", "HY": 3, "HomeTeam": "Udinese"},{"AC": 14, "AF": 15, "AR": 0, "AS": 22, "AST": 4, "AY": 3, "AwayTeam": "Fiorentina", "Date": "2017-02-01", "FTAG": 2, "FTHG": 1, "FTR": "A", "HC": 1, "HF": 10, "HR": 0, "HS": 4, "HST": 3, "HTAG": 0, "HTHG": 1, "HTR": "H", "HY": 4, "HomeTeam": "Pescara"},{"AC": 0, "AF": 9, "AR": 1, "AS": 14, "AST": 9, "AY": 3, "AwayTeam": "Napoli", "Date": "2017-02-04", "FTAG": 7, "FTHG": 1, "FTR": "A", "HC": 3, "HF": 10, "HR": 1, "HS": 17, "HST": 7, "HTAG": 4, "HTHG": 1, "HTR": "A", "HY": 2, "HomeTeam": "Bologna"},{"AC": 4, "AF": 18, "AR": 0, "AS": 4, "AST": 0, "AY": 2, "AwayTeam": "Cagliari", "Date": "2017-02-05", "FTAG": 0, "FTHG": 2, "FTR": "H", "HC": 6, "HF": 18, "HR": 0, "HS": 13, "HST": 5, "HTAG": 0, "HTHG": 2, "HTR": "H", "HY": 4, "HomeTeam": "Atalanta"},{"AC": 6, "AF": 21, "AR": 0, "AS": 12, "AST": 1, "AY": 1, "AwayTeam": "Udinese", "Date": "2017-02-05", "FTAG": 0, "FTHG": 0, "FTR": "D", "HC": 5, "HF": 20, "HR": 1, "HS": 6, "HST": 0, "HTAG": 0, "HTHG": 0, "HTR": "D", "HY": 2, "HomeTeam": "Chievo"},{"AC": 3, "AF": 23, "AR": 0, "AS": 9, "AST": 4, "AY": 4, "AwayTeam": "Torino", "Date": "2017-02-05", "FTAG": 1, "FTHG": 1, "FTR": "D", "HC": 2, "HF": 17, "HR": 0, "HS": 10, "HST": 2, "HTAG": 1, "HTHG": 1, "HTR": "D", "HY": 6, "HomeTeam": "Empoli"},{"AC": 9, "AF": 7, "AR": 0, "AS": 7, "AST": 3, "AY": 1, "AwayTeam": "Sassuolo", "Date": "2017-02-05", "FTAG": 1, "FTHG": 0, "FTR": "A", "HC": 8, "HF": 14, "HR": 0, "HS": 15, "HST": 4, "HTAG": 1, "HTHG": 0, "HTR": "A", "HY": 2, "HomeTeam": "Genoa"},{"AC": 8, "AF": 16, "AR": 1, "AS": 12, "AST": 2, "AY": 3, "AwayTeam": "Inter", "Date": "2017-02-05", "FTAG": 0, "FTHG": 1, "FTR": "H", "HC": 6, "HF": 14, "HR": 0, "HS": 14, "HST": 6, "HTAG": 0, "HTHG": 1, "HTR": "H", "HY": 5, "HomeTeam": "Juventus"},{"AC": 3, "AF": 12, "AR": 0, "AS": 7, "AST": 3, "AY": 2, "AwayTeam": "Sampdoria", "Date": "2017-02-05", "FTAG": 1, "FTHG": 0, "FTR": "A", "HC": 8, "HF": 16, "HR": 1, "HS": 20, "HST": 6, "HTAG": 0, "HTHG": 0, "HTR": "D", "HY": 3, "HomeTeam": "Milan"},{"AC": 2, "AF": 25, "AR": 1, "AS": 9, "AST": 1, "AY": 2, "AwayTeam": "Crotone", "Date": "2017-02-05", "FTAG": 0, "FTHG": 1, "FTR": "H", "HC": 3, "HF": 12, "HR": 0, "HS": 12, "HST": 4, "HTAG": 0, "HTHG": 1, "HTR": "H", "HY": 2, "HomeTeam": "Palermo"},{"AC": 4, "AF": 16, "AR": 0, "AS": 17, "AST": 10, "AY": 1, "AwayTeam": "Lazio", "Date": "2017-02-05", "FTAG": 6, "FTHG": 2, "FTR": "A", "HC": 2, "HF": 13, "HR": 0, "HS": 14, "HST": 6, "HTAG": 2, "HTHG": 2, "HTR": "D", "HY": 0, "HomeTeam": "Pescara"},{"AC": 3, "AF": 15, "AR": 0, "AS": 13, "AST": 2, "AY": 3, "AwayTeam": "Fiorentina", "Date": "2017-02-07", "FTAG": 0, "FTHG": 4, "FTR": "H", "HC": 6, "HF": 10, "HR": 0, "HS": 23, "HST": 8, "HTAG": 0, "HTHG": 1, "HTR": "H", "HY": 2, "HomeTeam": "Roma"},{"AC": 9, "AF": 14, "AR": 2, "AS": 5, "AST": 4, "AY": 2, "AwayTeam": "Milan", "Date": "2017-02-08", "FTAG": 1, "FTHG": 0, "FTR": "A", "HC": 7, "HF": 13, "HR": 0, "HS": 20, "HST": 5, "HTAG": 0, "HTHG": 0, "HTR": "D", "HY": 5, "HomeTeam": "Bologna"},{"AC": 1, "AF": 11, "AR": 0, "AS": 17, "AST": 11, "AY": 1, "AwayTeam": "Juventus", "Date": "2017-02-08", "FTAG": 2, "FTHG": 0, "FTR": "A", "HC": 0, "HF": 13, "HR": 0, "HS": 5, "HST": 2, "HTAG": 0, "HTHG": 0, "HTR": "D", "HY": 0, "HomeTeam": "Crotone"},{"AC": 4, "AF": 11, "AR": 0, "AS": 6, "AST": 3, "AY": 2, "AwayTeam": "Genoa", "Date": "2017-02-10", "FTAG": 0, "FTHG": 2, "FTR": "H", "HC": 12, "HF": 7, "HR": 0, "HS": 20, "HST": 8, "HTAG": 0, "HTHG": 0, "HTR": "D", "HY": 1, "HomeTeam": "Napoli"},{"AC": 3, "AF": 15, "AR": 0, "AS": 9, "AST": 4, "AY": 2, "AwayTeam": "Udinese", "Date": "2017-02-11", "FTAG": 0, "FTHG": 3, "FTR": "H", "HC": 4, "HF": 13, "HR": 0, "HS": 14, "HST": 6, "HTAG": 0, "HTHG": 1, "HTR": "H", "HY": 2, "HomeTeam": "Fiorentina"},{"AC": 1, "AF": 14, "AR": 0, "AS": 13, "AST": 3, "AY": 5, "AwayTeam": "Juventus", "Date": "2017-02-12", "FTAG": 2, "FTHG": 0, "FTR": "A", "HC": 6, "HF": 20, "HR": 1, "HS": 14, "HST": 3, "HTAG": 1, "HTHG": 0, "HTR": "A", "HY": 2, "HomeTeam": "Cagliari"},{"AC": 5, "AF": 14, "AR": 0, "AS": 15, "AST": 3, "AY": 0, "AwayTeam": "Roma", "Date": "2017-02-12", "FTAG": 2, "FTHG": 0, "FTR": "A", "HC": 2, "HF": 15, "HR": 0, "HS": 13, "HST": 4, "HTAG": 1, "HTHG": 0, "HTR": "A", "HY": 0, "HomeTeam": "Crotone"},{"AC": 2, "AF": 12, "AR": 0, "AS": 6, "AST": 3, "AY": 2, "AwayTeam": "Empoli", "Date": "2017-02-12", "FTAG": 0, "FTHG": 2, "FTR": "H", "HC": 9, "HF": 21, "HR": 0, "HS": 19, "HST": 8, "HTAG": 0, "HTHG": 1, "HTR": "H", "HY": 1, "HomeTeam": "Inter"},{"AC": 3, "AF": 12, "AR": 0, "AS": 21, "AST": 5, "AY": 1, "AwayTeam": "Atalanta", "Date": "2017-02-12", "FTAG": 3, "FTHG": 1, "FTR": "A", "HC": 6, "HF": 15, "HR": 0, "HS": 13, "HST": 5, "HTAG": 2, "HTHG": 1, "HTR": "A", "HY": 3, "HomeTeam": "Palermo"},{"AC": 4, "AF": 14, "AR": 0, "AS": 10, "AST": 2, "AY": 4, "AwayTeam": "Bologna", "Date": "2017-02-12", "FTAG": 1, "FTHG": 3, "FTR": "H", "HC": 11, "HF": 12, "HR": 0, "HS": 18, "HST": 5, "HTAG": 1, "HTHG": 0, "HTR": "A", "HY": 2, "HomeTeam": "Sampdoria"},{"AC": 3, "AF": 7, "AR": 0, "AS": 19, "AST": 7, "AY": 3, "AwayTeam": "Chievo", "Date": "2017-02-12", "FTAG": 3, "FTHG": 1, "FTR": "A", "HC": 6, "HF": 16, "HR": 1, "HS": 13, "HST": 5, "HTAG": 1, "HTHG": 1, "HTR": "D", "HY": 0, "HomeTeam": "Sassuolo"},{"AC": 5, "AF": 12, "AR": 0, "AS": 8, "AST": 5, "AY": 3, "AwayTeam": "Pescara", "Date": "2017-02-12", "FTAG": 3, "FTHG": 5, "FTR": "H", "HC": 7, "HF": 20, "HR": 0, "HS": 19, "HST": 9, "HTAG": 0, "HTHG": 3, "HTR": "H", "HY": 1, "HomeTeam": "Torino"},{"AC": 8, "AF": 14, "AR": 0, "AS": 9, "AST": 4, "AY": 2, "AwayTeam": "Milan", "Date": "2017-02-13", "FTAG": 1, "FTHG": 1, "FTR": "D", "HC": 5, "HF": 14, "HR": 0, "HS": 23, "HST": 10, "HTAG": 0, "HTHG": 1, "HTR": "H", "HY": 2, "HomeTeam": "Lazio"},{"AC": 3, "AF": 12, "AR": 0, "AS": 8, "AST": 3, "AY": 1, "AwayTeam": "Palermo", "Date": "2017-02-17", "FTAG": 1, "FTHG": 4, "FTR": "H", "HC": 8, "HF": 12, "HR": 0, "HS": 14, "HST": 7, "HTAG": 0, "HTHG": 2, "HTR": "H", "HY": 1, "HomeTeam": "Juventus"},{"AC": 3, "AF": 18, "AR": 0, "AS": 5, "AST": 2, "AY": 5, "AwayTeam": "Crotone", "Date": "2017-02-18", "FTAG": 0, "FTHG": 1, "FTR": "H", "HC": 4, "HF": 15, "HR": 0, "HS": 14, "HST": 3, "HTAG": 0, "HTHG": 0, "HTR": "D", "HY": 2, "HomeTeam": "Atalanta"},{"AC": 9, "AF": 7, "AR": 0, "AS": 21, "AST": 8, "AY": 1, "AwayTeam": "Lazio", "Date": "2017-02-18", "FTAG": 2, "FTHG": 1, "FTR": "A", "HC": 1, "HF": 14, "HR": 0, "HS": 6, "HST": 2, "HTAG": 0, "HTHG": 0, "HTR": "D", "HY": 3, "HomeTeam": "Empoli"},{"AC": 7, "AF": 18, "AR": 0, "AS": 16, "AST": 5, "AY": 4, "AwayTeam": "Inter", "Date": "2017-02-19", "FTAG": 1, "FTHG": 0, "FTR": "A", "HC": 1, "HF": 18, "HR": 0, "HS": 8, "HST": 1, "HTAG": 0, "HTHG": 0, "HTR": "D", "HY": 1, "HomeTeam": "Bologna"},{"AC": 5, "AF": 13, "AR": 0, "AS": 17, "AST": 6, "AY": 0, "AwayTeam": "Napoli", "Date": "2017-02-19", "FTAG": 3, "FTHG": 1, "FTR": "A", "HC": 6, "HF": 11, "HR": 0, "HS": 13, "HST": 3, "HTAG": 2, "HTHG": 0, "HTR": "A", "HY": 1, "HomeTeam": "Chievo"},{"AC": 7, "AF": 13, "AR": 0, "AS": 18, "AST": 7, "AY": 2, "AwayTeam": "Fiorentina", "Date": "2017-02-19", "FTAG": 1, "FTHG": 2, "FTR": "H", "HC": 3, "HF": 11, "HR": 0, "HS": 6, "HST": 4, "HTAG": 1, "HTHG": 2, "HTR": "H", "HY": 3, "HomeTeam": "Milan"},{"AC": 9, "AF": 15, "AR": 0, "AS": 13, "AST": 2, "AY": 1, "AwayTeam": "Genoa", "Date": "2017-02-19", "FTAG": 0, "FTHG": 5, "FTR": "H", "HC": 5, "HF": 14, "HR": 0, "HS": 8, "HST": 6, "HTAG": 0, "HTHG": 3, "HTR": "H", "HY": 2, "HomeTeam": "Pescara"},{"AC": 6, "AF": 9, "AR": 0, "AS": 12, "AST": 4, "AY": 2, "AwayTeam": "Torino", "Date": "2017-02-19", "FTAG": 1, "FTHG": 4, "FTR": "H", "HC": 5, "HF": 14, "HR": 0, "HS": 20, "HST": 7, "HTAG": 0, "HTHG": 2, "HTR": "H", "HY": 0, "HomeTeam": "Roma"},{"AC": 4, "AF": 23, "AR": 0, "AS": 10, "AST": 4, "AY": 6, "AwayTeam": "Cagliari", "Date": "2017-02-19", "FTAG": 1, "FTHG": 1, "FTR": "D", "HC": 4, "HF": 21, "HR": 0, "HS": 13, "HST": 2, "HTAG": 1, "HTHG": 1, "HTR": "D", "HY": 4, "HomeTeam": "Sampdoria"},{"AC": 8, "AF": 10, "AR": 0, "AS": 14, "AST": 6, "AY": 2, "AwayTeam": "Sassuolo", "Date": "2017-02-19", "FTAG": 2, "FTHG": 1, "FTR": "A", "HC": 7, "HF": 8, "HR": 0, "HS": 10, "HST": 5, "HTAG": 0, "HTHG": 1, "HTR": "H", "HY": 3, "HomeTeam": "Udinese"},{"AC": 1, "AF": 11, "AR": 0, "AS": 6, "AST": 1, "AY": 1, "AwayTeam": "Empoli", "Date": "2017-02-25", "FTAG": 0, "FTHG": 2, "FTR": "H", "HC": 3, "HF": 12, "HR": 0, "HS": 24, "HST": 6, "HTAG": 0, "HTHG": 0, "HTR": "D", "HY": 0, "HomeTeam": "Juventus"},{"AC": 10, "AF": 10, "AR": 1, "AS": 8, "AST": 5, "AY": 1, "AwayTeam": "Atalanta", "Date": "2017-02-25", "FTAG": 2, "FTHG": 0, "FTR": "A", "HC": 7, "HF": 8, "HR": 0, "HS": 20, "HST": 8, "HTAG": 1, "HTHG": 0, "HTR": "A", "HY": 1, "HomeTeam": "Napoli"},{"AC": 6, "AF": 16, "AR": 0, "AS": 13, "AST": 3, "AY": 3, "AwayTeam": "Pescara", "Date": "2017-02-26", "FTAG": 0, "FTHG": 2, "FTR": "H", "HC": 6, "HF": 12, "HR": 0, "HS": 20, "HST": 8, "HTAG": 0, "HTHG": 1, "HTR": "H", "HY": 3, "HomeTeam": "Chievo"},{"AC": 1, "AF": 11, "AR": 0, "AS": 7, "AST": 2, "AY": 1, "AwayTeam": "Cagliari", "Date": "2017-02-26", "FTAG": 2, "FTHG": 1, "FTR": "A", "HC": 6, "HF": 14, "HR": 0, "HS": 19, "HST": 1, "HTAG": 1, "HTHG": 1, "HTR": "D", "HY": 3, "HomeTeam": "Crotone"},{"AC": 2, "AF": 6, "AR": 1, "AS": 13, "AST": 4, "AY": 1, "AwayTeam": "Bologna", "Date": "2017-02-26", "FTAG": 1, "FTHG": 1, "FTR": "D", "HC": 6, "HF": 15, "HR": 0, "HS": 20, "HST": 6, "HTAG": 0, "HTHG": 0, "HTR": "D", "HY": 1, "HomeTeam": "Genoa"},{"AC": 2, "AF": 22, "AR": 0, "AS": 12, "AST": 5, "AY": 2, "AwayTeam": "Roma", "Date": "2017-02-26", "FTAG": 3, "FTHG": 1, "FTR": "A", "HC": 10, "HF": 12, "HR": 0, "HS": 13, "HST": 3, "HTAG": 1, "HTHG": 0, "HTR": "A", "HY": 2, "HomeTeam": "Inter"},{"AC": 6, "AF": 17, "AR": 0, "AS": 13, "AST": 3, "AY": 3, "AwayTeam": "Udinese", "Date": "2017-02-26", "FTAG": 0, "FTHG": 1, "FTR": "H", "HC": 5, "HF": 13, "HR": 0, "HS": 8, "HST": 2, "HTAG": 0, "HTHG": 0, "HTR": "D", "HY": 2, "HomeTeam": "Lazio"},{"AC": 5, "AF": 15, "AR": 0, "AS": 11, "AST": 3, "AY": 2, "AwayTeam": "Sampdoria", "Date": "2017-02-26", "FTAG": 1, "FTHG": 1, "FTR": "D", "HC": 7, "HF": 11, "HR": 0, "HS": 16, "HST": 6, "HTAG": 0, "HTHG": 1, "HTR": "H", "HY": 2, "HomeTeam": "Palermo"},{"AC": 8, "AF": 17, "AR": 0, "AS": 13, "AST": 6, "AY": 3, "AwayTeam": "Milan", "Date": "2017-02-26", "FTAG": 1, "FTHG": 0, "FTR": "A", "HC": 14, "HF": 20, "HR": 0, "HS": 12, "HST": 5, "HTAG": 1, "HTHG": 0, "HTR": "A", "HY": 6, "HomeTeam": "Sassuolo"},{"AC": 6, "AF": 11, "AR": 0, "AS": 13, "AST": 5, "AY": 2, "AwayTeam": "Torino", "Date": "2017-02-27", "FTAG": 2, "FTHG": 2, "FTR": "D", "HC": 9, "HF": 17, "HR": 0, "HS": 19, "HST": 7, "HTAG": 0, "HTHG": 2, "HTR": "H", "HY": 1, "HomeTeam": "Fiorentina"},{"AC": 7, "AF": 15, "AR": 0, "AS": 9, "AST": 3, "AY": 1, "AwayTeam": "Chievo", "Date": "2017-03-04", "FTAG": 1, "FTHG": 3, "FTR": "H", "HC": 11, "HF": 17, "HR": 0, "HS": 22, "HST": 6, "HTAG": 1, "HTHG": 1, "HTR": "D", "HY": 2, "HomeTeam": "Milan"},{"AC": 6, "AF": 12, "AR": 0, "AS": 13, "AST": 4, "AY": 2, "AwayTeam": "Napoli", "Date": "2017-03-04", "FTAG": 2, "FTHG": 1, "FTR": "A", "HC": 6, "HF": 11, "HR": 0, "HS": 22, "HST": 4, "HTAG": 1, "HTHG": 0, "HTR": "A", "HY": 3, "HomeTeam": "Roma"},{"AC": 2, "AF": 12, "AR": 0, "AS": 11, "AST": 4, "AY": 2, "AwayTeam": "Pescara", "Date": "2017-03-04", "FTAG": 1, "FTHG": 3, "FTR": "H", "HC": 7, "HF": 18, "HR": 0, "HS": 19, "HST": 7, "HTAG": 1, "HTHG": 1, "HTR": "D", "HY": 0, "HomeTeam": "Sampdoria"},{"AC": 5, "AF": 15, "AR": 0, "AS": 9, "AST": 2, "AY": 4, "AwayTeam": "Fiorentina", "Date": "2017-03-05", "FTAG": 0, "FTHG": 0, "FTR": "D", "HC": 9, "HF": 18, "HR": 0, "HS": 16, "HST": 4, "HTAG": 0, "HTHG": 0, "HTR": "D", "HY": 2, "HomeTeam": "Atalanta"},{"AC": 6, "AF": 19, "AR": 0, "AS": 13, "AST": 6, "AY": 1, "AwayTeam": "Lazio", "Date": "2017-03-05", "FTAG": 2, "FTHG": 0, "FTR": "A", "HC": 1, "HF": 9, "HR": 0, "HS": 9, "HST": 3, "HTAG": 1, "HTHG": 0, "HTR": "A", "HY": 2, "HomeTeam": "Bologna"},{"AC": 11, "AF": 13, "AR": 0, "AS": 22, "AST": 10, "AY": 0, "AwayTeam": "Inter", "Date": "2017-03-05", "FTAG": 5, "FTHG": 1, "FTR": "A", "HC": 6, "HF": 10, "HR": 0, "HS": 7, "HST": 4, "HTAG": 2, "HTHG": 1, "HTR": "A", "HY": 2, "HomeTeam": "Cagliari"},{"AC": 9, "AF": 11, "AR": 0, "AS": 9, "AST": 1, "AY": 1, "AwayTeam": "Sassuolo", "Date": "2017-03-05", "FTAG": 0, "FTHG": 0, "FTR": "D", "HC": 8, "HF": 15, "HR": 0, "HS": 16, "HST": 1, "HTAG": 0, "HTHG": 0, "HTR": "D", "HY": 3, "HomeTeam": "Crotone"},{"AC": 1, "AF": 23, "AR": 0, "AS": 8, "AST": 4, "AY": 2, "AwayTeam": "Genoa", "Date": "2017-03-05", "FTAG": 2, "FTHG": 0, "FTR": "A", "HC": 3, "HF": 7, "HR": 0, "HS": 7, "HST": 2, "HTAG": 0, "HTHG": 0, "HTR": "D", "HY": 3, "HomeTeam": "Empoli"},{"AC": 1, "AF": 12, "AR": 1, "AS": 7, "AST": 3, "AY": 2, "AwayTeam": "Palermo", "Date": "2017-03-05", "FTAG": 1, "FTHG": 3, "FTR": "H", "HC": 10, "HF": 14, "HR": 0, "HS": 25, "HST": 6, "HTAG": 1, "HTHG": 0, "HTR": "A", "HY": 0, "HomeTeam": "Torino"},{"AC": 7, "AF": 20, "AR": 0, "AS": 9, "AST": 3, "AY": 2, "AwayTeam": "Juventus", "Date": "2017-03-05", "FTAG": 1, "FTHG": 1, "FTR": "D", "HC": 3, "HF": 17, "HR": 0, "HS": 10, "HST": 5, "HTAG": 0, "HTHG": 1, "HTR": "H", "HY": 2, "HomeTeam": "Udinese"},{"AC": 2, "AF": 21, "AR": 1, "AS": 6, "AST": 2, "AY": 4, "AwayTeam": "Milan", "Date": "2017-03-10", "FTAG": 1, "FTHG": 2, "FTR": "H", "HC": 10, "HF": 8, "HR": 0, "HS": 24, "HST": 11, "HTAG": 1, "HTHG": 1, "HTR": "D", "HY": 3, "HomeTeam": "Juventus"},{"AC": 2, "AF": 6, "AR": 0, "AS": 13, "AST": 4, "AY": 4, "AwayTeam": "Sampdoria", "Date": "2017-03-11", "FTAG": 1, "FTHG": 0, "FTR": "A", "HC": 5, "HF": 16, "HR": 0, "HS": 7, "HST": 3, "HTAG": 0, "HTHG": 0, "HTR": "D", "HY": 4, "HomeTeam": "Genoa"},{"AC": 6, "AF": 18, "AR": 0, "AS": 12, "AST": 4, "AY": 1, "AwayTeam": "Empoli", "Date": "2017-03-12", "FTAG": 0, "FTHG": 4, "FTR": "H", "HC": 2, "HF": 16, "HR": 0, "HS": 13, "HST": 9, "HTAG": 0, "HTHG": 2, "HTR": "H", "HY": 0, "HomeTeam": "Chievo"},{"AC": 3, "AF": 8, "AR": 0, "AS": 12, "AST": 5, "AY": 1, "AwayTeam": "Cagliari", "Date": "2017-03-12", "FTAG": 0, "FTHG": 1, "FTR": "H", "HC": 8, "HF": 8, "HR": 0, "HS": 26, "HST": 9, "HTAG": 0, "HTHG": 0, "HTR": "D", "HY": 2, "HomeTeam": "Fiorentina"},{"AC": 7, "AF": 16, "AR": 0, "AS": 10, "AST": 3, "AY": 4, "AwayTeam": "Atalanta", "Date": "2017-03-12", "FTAG": 1, "FTHG": 7, "FTR": "H", "HC": 6, "HF": 19, "HR": 0, "HS": 12, "HST": 8, "HTAG": 1, "HTHG": 5, "HTR": "H", "HY": 3, "HomeTeam": "Inter"},{"AC": 2, "AF": 10, "AR": 0, "AS": 6, "AST": 2, "AY": 3, "AwayTeam": "Crotone", "Date": "2017-03-12", "FTAG": 0, "FTHG": 3, "FTR": "H", "HC": 10, "HF": 10, "HR": 0, "HS": 15, "HST": 6, "HTAG": 0, "HTHG": 1, "HTR": "H", "HY": 1, "HomeTeam": "Napoli"},{"AC": 4, "AF": 12, "AR": 0, "AS": 15, "AST": 5, "AY": 3, "AwayTeam": "Roma", "Date": "2017-03-12", "FTAG": 3, "FTHG": 0, "FTR": "A", "HC": 5, "HF": 12, "HR": 0, "HS": 9, "HST": 3, "HTAG": 1, "HTHG": 0, "HTR": "A", "HY": 2, "HomeTeam": "Palermo"},{"AC": 3, "AF": 14, "AR": 0, "AS": 10, "AST": 6, "AY": 3, "AwayTeam": "Udinese", "Date": "2017-03-12", "FTAG": 3, "FTHG": 1, "FTR": "A", "HC": 4, "HF": 12, "HR": 0, "HS": 12, "HST": 3, "HTAG": 1, "HTHG": 0, "HTR": "A", "HY": 2, "HomeTeam": "Pescara"},{"AC": 7, "AF": 15, "AR": 0, "AS": 11, "AST": 1, "AY": 5, "AwayTeam": "Bologna", "Date": "2017-03-12", "FTAG": 1, "FTHG": 0, "FTR": "A", "HC": 7, "HF": 20, "HR": 0, "HS": 13, "HST": 5, "HTAG": 0, "HTHG": 0, "HTR": "D", "HY": 3, "HomeTeam": "Sassuolo"},{"AC": 2, "AF": 11, "AR": 0, "AS": 6, "AST": 2, "AY": 1, "AwayTeam": "Torino", "Date": "2017-03-13", "FTAG": 1, "FTHG": 3, "FTR": "H", "HC": 6, "HF": 20, "HR": 0, "HS": 23, "HST": 5, "HTAG": 0, "HTHG": 0, "HTR": "D", "HY": 3, "HomeTeam": "Lazio"},{"AC": 5, "AF": 14, "AR": 0, "AS": 8, "AST": 2, "AY": 2, "AwayTeam": "Genoa", "Date": "2017-03-18", "FTAG": 0, "FTHG": 1, "FTR": "H", "HC": 5, "HF": 7, "HR": 0, "HS": 20, "HST": 5, "HTAG": 0, "HTHG": 1, "HTR": "H", "HY": 1, "HomeTeam": "Milan"},{"AC": 8, "AF": 10, "AR": 0, "AS": 19, "AST": 4, "AY": 0, "AwayTeam": "Inter", "Date": "2017-03-18", "FTAG": 2, "FTHG": 2, "FTR": "D", "HC": 5, "HF": 19, "HR": 0, "HS": 17, "HST": 5, "HTAG": 1, "HTHG": 1, "HTR": "D", "HY": 1, "HomeTeam": "Torino"},{"AC": 5, "AF": 15, "AR": 0, "AS": 6, "AST": 1, "AY": 2, "AwayTeam": "Pescara", "Date": "2017-03-19", "FTAG": 0, "FTHG": 3, "FTR": "H", "HC": 7, "HF": 19, "HR": 0, "HS": 18, "HST": 7, "HTAG": 0, "HTHG": 1, "HTR": "H", "HY": 2, "HomeTeam": "Atalanta"},{"AC": 3, "AF": 16, "AR": 0, "AS": 11, "AST": 4, "AY": 3, "AwayTeam": "Chievo", "Date": "2017-03-19", "FTAG": 1, "FTHG": 4, "FTR": "H", "HC": 8, "HF": 19, "HR": 0, "HS": 18, "HST": 5, "HTAG": 1, "HTHG": 0, "HTR": "A", "HY": 2, "HomeTeam": "Bologna"},{"AC": 9, "AF": 14, "AR": 0, "AS": 14, "AST": 4, "AY": 2, "AwayTeam": "Lazio", "Date": "2017-03-19", "FTAG": 0, "FTHG": 0, "FTR": "D", "HC": 3, "HF": 11, "HR": 0, "HS": 4, "HST": 1, "HTAG": 0, "HTHG": 0, "HTR": "D", "HY": 3, "HomeTeam": "Cagliari"},{"AC": 1, "AF": 14, "AR": 0, "AS": 27, "AST": 10, "AY": 1, "AwayTeam": "Fiorentina", "Date": "2017-03-19", "FTAG": 1, "FTHG": 0, "FTR": "A", "HC": 2, "HF": 16, "HR": 0, "HS": 11, "HST": 1, "HTAG": 0, "HTHG": 0, "HTR": "D", "HY": 1, "HomeTeam": "Crotone"},{"AC": 1, "AF": 16, "AR": 0, "AS": 11, "AST": 6, "AY": 4, "AwayTeam": "Napoli", "Date": "2017-03-19", "FTAG": 3, "FTHG": 2, "FTR": "A", "HC": 2, "HF": 25, "HR": 0, "HS": 10, "HST": 4, "HTAG": 3, "HTHG": 0, "HTR": "A", "HY": 3, "HomeTeam": "Empoli"},{"AC": 7, "AF": 9, "AR": 0, "AS": 9, "AST": 4, "AY": 2, "AwayTeam": "Sassuolo", "Date": "2017-03-19", "FTAG": 1, "FTHG": 3, "FTR": "H", "HC": 11, "HF": 6, "HR": 0, "HS": 22, "HST": 8, "HTAG": 1, "HTHG": 2, "HTR": "H", "HY": 1, "HomeTeam": "Roma"},{"AC": 5, "AF": 10, "AR": 0, "AS": 9, "AST": 5, "AY": 1, "AwayTeam": "Juventus", "Date": "2017-03-19", "FTAG": 1, "FTHG": 0, "FTR": "A", "HC": 2, "HF": 6, "HR": 0, "HS": 10, "HST": 5, "HTAG": 1, "HTHG": 0, "HTR": "A", "HY": 1, "HomeTeam": "Sampdoria"},{"AC": 5, "AF": 20, "AR": 1, "AS": 6, "AST": 2, "AY": 2, "AwayTeam": "Palermo", "Date": "2017-03-19", "FTAG": 1, "FTHG": 4, "FTR": "H", "HC": 5, "HF": 16, "HR": 0, "HS": 13, "HST": 10, "HTAG": 1, "HTHG": 1, "HTR": "D", "HY": 3, "HomeTeam": "Udinese"},{"AC": 4, "AF": 6, "AR": 0, "AS": 12, "AST": 3, "AY": 1, "AwayTeam": "Empoli", "Date": "2017-04-01", "FTAG": 0, "FTHG": 2, "FTR": "H", "HC": 14, "HF": 17, "HR": 0, "HS": 20, "HST": 5, "HTAG": 0, "HTHG": 1, "HTR": "H", "HY": 0, "HomeTeam": "Roma"},{"AC": 3, "AF": 12, "AR": 0, "AS": 12, "AST": 4, "AY": 4, "AwayTeam": "Lazio", "Date": "2017-04-01", "FTAG": 2, "FTHG": 1, "FTR": "A", "HC": 2, "HF": 13, "HR": 0, "HS": 9, "HST": 3, "HTAG": 1, "HTHG": 1, "HTR": "D", "HY": 2, "HomeTeam": "Sassuolo"},{"AC": 8, "AF": 9, "AR": 0, "AS": 16, "AST": 7, "AY": 2, "AwayTeam": "Crotone", "Date": "2017-04-02", "FTAG": 2, "FTHG": 1, "FTR": "A", "HC": 2, "HF": 9, "HR": 0, "HS": 16, "HST": 4, "HTAG": 0, "HTHG": 0, "HTR": "D", "HY": 2, "HomeTeam": "Chievo"},{"AC": 1, "AF": 13, "AR": 0, "AS": 5, "AST": 1, "AY": 2, "AwayTeam": "Bologna", "Date": "2017-04-02", "FTAG": 0, "FTHG": 1, "FTR": "H", "HC": 11, "HF": 12, "HR": 0, "HS": 18, "HST": 6, "HTAG": 0, "HTHG": 0, "HTR": "D", "HY": 3, "HomeTeam": "Fiorentina"},{"AC": 7, "AF": 16, "AR": 0, "AS": 22, "AST": 13, "AY": 1, "AwayTeam": "Atalanta", "Date": "2017-04-02", "FTAG": 5, "FTHG": 0, "FTR": "A", "HC": 3, "HF": 14, "HR": 1, "HS": 8, "HST": 4, "HTAG": 2, "HTHG": 0, "HTR": "A", "HY": 3, "HomeTeam": "Genoa"},{"AC": 2, "AF": 9, "AR": 0, "AS": 4, "AST": 1, "AY": 0, "AwayTeam": "Juventus", "Date": "2017-04-02", "FTAG": 1, "FTHG": 1, "FTR": "D", "HC": 5, "HF": 11, "HR": 0, "HS": 17, "HST": 4, "HTAG": 1, "HTHG": 0, "HTR": "A", "HY": 1, "HomeTeam": "Napoli"},{"AC": 4, "AF": 15, "AR": 0, "AS": 17, "AST": 9, "AY": 1, "AwayTeam": "Cagliari", "Date": "2017-04-02", "FTAG": 3, "FTHG": 1, "FTR": "A", "HC": 13, "HF": 13, "HR": 0, "HS": 14, "HST": 5, "HTAG": 0, "HTHG": 1, "HTR": "H", "HY": 3, "HomeTeam": "Palermo"},{"AC": 7, "AF": 9, "AR": 0, "AS": 26, "AST": 5, "AY": 3, "AwayTeam": "Milan", "Date": "2017-04-02", "FTAG": 1, "FTHG": 1, "FTR": "D", "HC": 5, "HF": 26, "HR": 0, "HS": 8, "HST": 3, "HTAG": 1, "HTHG": 1, "HTR": "D", "HY": 5, "HomeTeam": "Pescara"},{"AC": 2, "AF": 16, "AR": 0, "AS": 8, "AST": 3, "AY": 3, "AwayTeam": "Udinese", "Date": "2017-04-02", "FTAG": 2, "FTHG": 2, "FTR": "D", "HC": 13, "HF": 14, "HR": 0, "HS": 22, "HST": 7, "HTAG": 0, "HTHG": 0, "HTR": "D", "HY": 1, "HomeTeam": "Torino"},{"AC": 2, "AF": 12, "AR": 0, "AS": 11, "AST": 3, "AY": 0, "AwayTeam": "Sampdoria", "Date": "2017-04-03", "FTAG": 2, "FTHG": 1, "FTR": "A", "HC": 16, "HF": 14, "HR": 0, "HS": 18, "HST": 5, "HTAG": 0, "HTHG": 1, "HTR": "H", "HY": 2, "HomeTeam": "Inter"},{"AC": 2, "AF": 15, "AR": 0, "AS": 4, "AST": 2, "AY": 4, "AwayTeam": "Sassuolo", "Date": "2017-04-08", "FTAG": 1, "FTHG": 1, "FTR": "D", "HC": 11, "HF": 13, "HR": 0, "HS": 18, "HST": 7, "HTAG": 1, "HTHG": 0, "HTR": "A", "HY": 3, "HomeTeam": "Atalanta"},{"AC": 5, "AF": 15, "AR": 0, "AS": 14, "AST": 4, "AY": 3, "AwayTeam": "Pescara", "Date": "2017-04-08", "FTAG": 1, "FTHG": 1, "FTR": "D", "HC": 7, "HF": 15, "HR": 0, "HS": 14, "HST": 4, "HTAG": 1, "HTHG": 1, "HTR": "D", "HY": 2, "HomeTeam": "Empoli"},{"AC": 2, "AF": 12, "AR": 0, "AS": 10, "AST": 3, "AY": 2, "AwayTeam": "Chievo", "Date": "2017-04-08", "FTAG": 0, "FTHG": 2, "FTR": "H", "HC": 10, "HF": 8, "HR": 0, "HS": 17, "HST": 6, "HTAG": 0, "HTHG": 1, "HTR": "H", "HY": 1, "HomeTeam": "Juventus"},{"AC": 5, "AF": 9, "AR": 0, "AS": 11, "AST": 5, "AY": 2, "AwayTeam": "Roma", "Date": "2017-04-09", "FTAG": 3, "FTHG": 0, "FTR": "A", "HC": 6, "HF": 14, "HR": 0, "HS": 13, "HST": 4, "HTAG": 2, "HTHG": 0, "HTR": "A", "HY": 3, "HomeTeam": "Bologna"},{"AC": 2, "AF": 13, "AR": 1, "AS": 13, "AST": 5, "AY": 3, "AwayTeam": "Torino", "Date": "2017-04-09", "FTAG": 3, "FTHG": 2, "FTR": "A", "HC": 5, "HF": 22, "HR": 0, "HS": 10, "HST": 2, "HTAG": 2, "HTHG": 1, "HTR": "A", "HY": 2, "HomeTeam": "Cagliari"},{"AC": 7, "AF": 14, "AR": 0, "AS": 17, "AST": 4, "AY": 2, "AwayTeam": "Inter", "Date": "2017-04-09", "FTAG": 1, "FTHG": 2, "FTR": "H", "HC": 3, "HF": 15, "HR": 0, "HS": 12, "HST": 7, "HTAG": 0, "HTHG": 2, "HTR": "H", "HY": 4, "HomeTeam": "Crotone"},{"AC": 4, "AF": 7, "AR": 0, "AS": 12, "AST": 7, "AY": 3, "AwayTeam": "Napoli", "Date": "2017-04-09", "FTAG": 3, "FTHG": 0, "FTR": "A", "HC": 3, "HF": 10, "HR": 0, "HS": 17, "HST": 5, "HTAG": 1, "HTHG": 0, "HTR": "A", "HY": 3, "HomeTeam": "Lazio"},{"AC": 5, "AF": 14, "AR": 1, "AS": 8, "AST": 2, "AY": 2, "AwayTeam": "Palermo", "Date": "2017-04-09", "FTAG": 0, "FTHG": 4, "FTR": "H", "HC": 8, "HF": 10, "HR": 0, "HS": 14, "HST": 10, "HTAG": 0, "HTHG": 3, "HTR": "H", "HY": 1, "HomeTeam": "Milan"},{"AC": 10, "AF": 15, "AR": 0, "AS": 19, "AST": 4, "AY": 1, "AwayTeam": "Fiorentina", "Date": "2017-04-09", "FTAG": 2, "FTHG": 2, "FTR": "D", "HC": 4, "HF": 19, "HR": 0, "HS": 10, "HST": 4, "HTAG": 0, "HTHG": 1, "HTR": "H", "HY": 2, "HomeTeam": "Sampdoria"},{"AC": 5, "AF": 13, "AR": 0, "AS": 13, "AST": 3, "AY": 2, "AwayTeam": "Genoa", "Date": "2017-04-09", "FTAG": 0, "FTHG": 3, "FTR": "H", "HC": 7, "HF": 13, "HR": 0, "HS": 9, "HST": 3, "HTAG": 0, "HTHG": 2, "HTR": "H", "HY": 2, "HomeTeam": "Udinese"},{"AC": 4, "AF": 16, "AR": 0, "AS": 16, "AST": 2, "AY": 2, "AwayTeam": "Chievo", "Date": "2017-04-15", "FTAG": 0, "FTHG": 4, "FTR": "H", "HC": 1, "HF": 20, "HR": 0, "HS": 23, "HST": 11, "HTAG": 0, "HTHG": 3, "HTR": "H", "HY": 2, "HomeTeam": "Cagliari"},{"AC": 7, "AF": 18, "AR": 0, "AS": 11, "AST": 5, "AY": 5, "AwayTeam": "Empoli", "Date": "2017-04-15", "FTAG": 2, "FTHG": 1, "FTR": "A", "HC": 8, "HF": 17, "HR": 1, "HS": 18, "HST": 7, "HTAG": 1, "HTHG": 0, "HTR": "A", "HY": 4, "HomeTeam": "Fiorentina"},{"AC": 7, "AF": 13, "AR": 0, "AS": 21, "AST": 6, "AY": 4, "AwayTeam": "Lazio", "Date": "2017-04-15", "FTAG": 2, "FTHG": 2, "FTR": "D", "HC": 7, "HF": 15, "HR": 0, "HS": 13, "HST": 6, "HTAG": 1, "HTHG": 1, "HTR": "D", "HY": 4, "HomeTeam": "Genoa"},{"AC": 8, "AF": 10, "AR": 0, "AS": 14, "AST": 6, "AY": 2, "AwayTeam": "Milan", "Date": "2017-04-15", "FTAG": 2, "FTHG": 2, "FTR": "D", "HC": 2, "HF": 11, "HR": 0, "HS": 10, "HST": 4, "HTAG": 0, "HTHG": 2, "HTR": "H", "HY": 3, "HomeTeam": "Inter"},{"AC": 2, "AF": 8, "AR": 0, "AS": 7, "AST": 2, "AY": 1, "AwayTeam": "Udinese", "Date": "2017-04-15", "FTAG": 0, "FTHG": 3, "FTR": "H", "HC": 15, "HF": 8, "HR": 0, "HS": 19, "HST": 6, "HTAG": 0, "HTHG": 0, "HTR": "D", "HY": 0, "HomeTeam": "Napoli"},{"AC": 5, "AF": 10, "AR": 1, "AS": 7, "AST": 4, "AY": 2, "AwayTeam": "Bologna", "Date": "2017-04-15", "FTAG": 0, "FTHG": 0, "FTR": "D", "HC": 3, "HF": 14, "HR": 0, "HS": 16, "HST": 2, "HTAG": 0, "HTHG": 0, "HTR": "D", "HY": 4, "HomeTeam": "Palermo"},{"AC": 1, "AF": 12, "AR": 0, "AS": 14, "AST": 7, "AY": 1, "AwayTeam": "Juventus", "Date": "2017-04-15", "FTAG": 2, "FTHG": 0, "FTR": "A", "HC": 2, "HF": 19, "HR": 0, "HS": 6, "HST": 2, "HTAG": 2, "HTHG": 0, "HTR": "A", "HY": 4, "HomeTeam": "Pescara"},{"AC": 3, "AF": 21, "AR": 0, "AS": 6, "AST": 1, "AY": 3, "AwayTeam": "Atalanta", "Date": "2017-04-15", "FTAG": 1, "FTHG": 1, "FTR": "D", "HC": 11, "HF": 8, "HR": 0, "HS": 21, "HST": 5, "HTAG": 1, "HTHG": 0, "HTR": "A", "HY": 2, "HomeTeam": "Roma"},{"AC": 6, "AF": 14, "AR": 0, "AS": 13, "AST": 3, "AY": 2, "AwayTeam": "Sampdoria", "Date": "2017-04-15", "FTAG": 1, "FTHG": 2, "FTR": "H", "HC": 11, "HF": 13, "HR": 0, "HS": 8, "HST": 3, "HTAG": 1, "HTHG": 0, "HTR": "A", "HY": 3, "HomeTeam": "Sassuolo"},{"AC": 5, "AF": 12, "AR": 0, "AS": 8, "AST": 1, "AY": 3, "AwayTeam": "Crotone", "Date": "2017-04-15", "FTAG": 1, "FTHG": 1, "FTR": "D", "HC": 11, "HF": 12, "HR": 0, "HS": 24, "HST": 8, "HTAG": 0, "HTHG": 0, "HTR": "D", "HY": 2, "HomeTeam": "Torino"},{"AC": 3, "AF": 19, "AR": 0, "AS": 11, "AST": 6, "AY": 3, "AwayTeam": "Bologna", "Date": "2017-04-22", "FTAG": 2, "FTHG": 3, "FTR": "H", "HC": 3, "HF": 17, "HR": 0, "HS": 5, "HST": 3, "HTAG": 1, "HTHG": 2, "HTR": "H", "HY": 2, "HomeTeam": "Atalanta"},{"AC": 10, "AF": 11, "AR": 0, "AS": 10, "AST": 6, "AY": 1, "AwayTeam": "Inter", "Date": "2017-04-22", "FTAG": 4, "FTHG": 5, "FTR": "H", "HC": 7, "HF": 10, "HR": 0, "HS": 13, "HST": 9, "HTAG": 2, "HTHG": 1, "HTR": "A", "HY": 3, "HomeTeam": "Fiorentina"},{"AC": 9, "AF": 11, "AR": 0, "AS": 22, "AST": 5, "AY": 1, "AwayTeam": "Torino", "Date": "2017-04-23", "FTAG": 3, "FTHG": 1, "FTR": "A", "HC": 5, "HF": 12, "HR": 0, "HS": 13, "HST": 3, "HTAG": 0, "HTHG": 0, "HTR": "D", "HY": 1, "HomeTeam": "Chievo"},{"AC": 2, "AF": 13, "AR": 0, "AS": 11, "AST": 2, "AY": 1, "AwayTeam": "Genoa", "Date": "2017-04-23", "FTAG": 0, "FTHG": 4, "FTR": "H", "HC": 4, "HF": 10, "HR": 0, "HS": 18, "HST": 4, "HTAG": 0, "HTHG": 3, "HTR": "H", "HY": 0, "HomeTeam": "Juventus"},{"AC": 2, "AF": 8, "AR": 0, "AS": 7, "AST": 2, "AY": 1, "AwayTeam": "Palermo", "Date": "2017-04-23", "FTAG": 2, "FTHG": 6, "FTR": "H", "HC": 5, "HF": 10, "HR": 0, "HS": 17, "HST": 7, "HTAG": 0, "HTHG": 5, "HTR": "H", "HY": 1, "HomeTeam": "Lazio"},{"AC": 4, "AF": 17, "AR": 0, "AS": 11, "AST": 7, "AY": 4, "AwayTeam": "Empoli", "Date": "2017-04-23", "FTAG": 2, "FTHG": 1, "FTR": "A", "HC": 10, "HF": 15, "HR": 0, "HS": 28, "HST": 12, "HTAG": 1, "HTHG": 0, "HTR": "A", "HY": 3, "HomeTeam": "Milan"},{"AC": 9, "AF": 13, "AR": 0, "AS": 14, "AST": 6, "AY": 3, "AwayTeam": "Crotone", "Date": "2017-04-23", "FTAG": 2, "FTHG": 1, "FTR": "A", "HC": 5, "HF": 9, "HR": 0, "HS": 10, "HST": 5, "HTAG": 0, "HTHG": 1, "HTR": "H", "HY": 2, "HomeTeam": "Sampdoria"},{"AC": 9, "AF": 16, "AR": 0, "AS": 20, "AST": 6, "AY": 1, "AwayTeam": "Napoli", "Date": "2017-04-23", "FTAG": 2, "FTHG": 2, "FTR": "D", "HC": 2, "HF": 9, "HR": 0, "HS": 8, "HST": 4, "HTAG": 0, "HTHG": 0, "HTR": "D", "HY": 3, "HomeTeam": "Sassuolo"},{"AC": 2, "AF": 15, "AR": 0, "AS": 12, "AST": 3, "AY": 1, "AwayTeam": "Cagliari", "Date": "2017-04-23", "FTAG": 1, "FTHG": 2, "FTR": "H", "HC": 7, "HF": 11, "HR": 0, "HS": 18, "HST": 5, "HTAG": 0, "HTHG": 0, "HTR": "D", "HY": 1, "HomeTeam": "Udinese"},{"AC": 5, "AF": 12, "AR": 0, "AS": 23, "AST": 6, "AY": 0, "AwayTeam": "Roma", "Date": "2017-04-24", "FTAG": 4, "FTHG": 1, "FTR": "A", "HC": 9, "HF": 10, "HR": 0, "HS": 16, "HST": 4, "HTAG": 2, "HTHG": 0, "HTR": "A", "HY": 2, "HomeTeam": "Pescara"},{"AC": 10, "AF": 9, "AR": 0, "AS": 16, "AST": 8, "AY": 2, "AwayTeam": "Juventus", "Date": "2017-04-28", "FTAG": 2, "FTHG": 2, "FTR": "D", "HC": 7, "HF": 13, "HR": 0, "HS": 13, "HST": 7, "HTAG": 0, "HTHG": 1, "HTR": "H", "HY": 3, "HomeTeam": "Atalanta"},{"AC": 3, "AF": 9, "AR": 0, "AS": 7, "AST": 4, "AY": 2, "AwayTeam": "Sampdoria", "Date": "2017-04-29", "FTAG": 1, "FTHG": 1, "FTR": "D", "HC": 4, "HF": 12, "HR": 0, "HS": 25, "HST": 5, "HTAG": 1, "HTHG": 0, "HTR": "A", "HY": 1, "HomeTeam": "Torino"},{"AC": 10, "AF": 13, "AR": 0, "AS": 6, "AST": 2, "AY": 3, "AwayTeam": "Udinese", "Date": "2017-04-30", "FTAG": 0, "FTHG": 4, "FTR": "H", "HC": 5, "HF": 13, "HR": 0, "HS": 11, "HST": 6, "HTAG": 0, "HTHG": 2, "HTR": "H", "HY": 1, "HomeTeam": "Bologna"},{"AC": 5, "AF": 17, "AR": 0, "AS": 14, "AST": 8, "AY": 4, "AwayTeam": "Pescara", "Date": "2017-04-30", "FTAG": 0, "FTHG": 1, "FTR": "H", "HC": 3, "HF": 16, "HR": 0, "HS": 15, "HST": 4, "HTAG": 0, "HTHG": 1, "HTR": "H", "HY": 1, "HomeTeam": "Cagliari"},{"AC": 11, "AF": 14, "AR": 1, "AS": 13, "AST": 7, "AY": 1, "AwayTeam": "Milan", "Date": "2017-04-30", "FTAG": 1, "FTHG": 1, "FTR": "D", "HC": 6, "HF": 17, "HR": 0, "HS": 11, "HST": 3, "HTAG": 0, "HTHG": 1, "HTR": "H", "HY": 3, "HomeTeam": "Crotone"},{"AC": 4, "AF": 13, "AR": 0, "AS": 11, "AST": 6, "AY": 3, "AwayTeam": "Sassuolo", "Date": "2017-04-30", "FTAG": 3, "FTHG": 1, "FTR": "A", "HC": 12, "HF": 11, "HR": 0, "HS": 18, "HST": 9, "HTAG": 2, "HTHG": 1, "HTR": "A", "HY": 2, "HomeTeam": "Empoli"},{"AC": 4, "AF": 16, "AR": 1, "AS": 8, "AST": 2, "AY": 2, "AwayTeam": "Chievo", "Date": "2017-04-30", "FTAG": 2, "FTHG": 1, "FTR": "A", "HC": 3, "HF": 15, "HR": 0, "HS": 15, "HST": 1, "HTAG": 0, "HTHG": 1, "HTR": "H", "HY": 1, "HomeTeam": "Genoa"},{"AC": 4, "AF": 9, "AR": 0, "AS": 16, "AST": 4, "AY": 2, "AwayTeam": "Napoli", "Date": "2017-04-30", "FTAG": 1, "FTHG": 0, "FTR": "A", "HC": 8, "HF": 9, "HR": 0, "HS": 14, "HST": 3, "HTAG": 1, "HTHG": 0, "HTR": "A", "HY": 2, "HomeTeam": "Inter"},{"AC": 9, "AF": 9, "AR": 1, "AS": 13, "AST": 3, "AY": 2, "AwayTeam": "Fiorentina", "Date": "2017-04-30", "FTAG": 0, "FTHG": 2, "FTR": "H", "HC": 1, "HF": 10, "HR": 0, "HS": 10, "HST": 2, "HTAG": 0, "HTHG": 1, "HTR": "H", "HY": 2, "HomeTeam": "Palermo"},{"AC": 5, "AF": 10, "AR": 0, "AS": 14, "AST": 7, "AY": 4, "AwayTeam": "Lazio", "Date": "2017-04-30", "FTAG": 3, "FTHG": 1, "FTR": "A", "HC": 8, "HF": 10, "HR": 1, "HS": 12, "HST": 6, "HTAG": 1, "HTHG": 1, "HTR": "D", "HY": 0, "HomeTeam": "Roma"},{"AC": 1, "AF": 11, "AR": 1, "AS": 9, "AST": 2, "AY": 2, "AwayTeam": "Torino", "Date": "2017-05-06", "FTAG": 1, "FTHG": 1, "FTR": "D", "HC": 12, "HF": 15, "HR": 0, "HS": 22, "HST": 5, "HTAG": 0, "HTHG": 0, "HTR": "D", "HY": 3, "HomeTeam": "Juventus"},{"AC": 2, "AF": 6, "AR": 0, "AS": 8, "AST": 3, "AY": 0, "AwayTeam": "Cagliari", "Date": "2017-05-06", "FTAG": 1, "FTHG": 3, "FTR": "H", "HC": 7, "HF": 4, "HR": 0, "HS": 28, "HST": 9, "HTAG": 0, "HTHG": 1, "HTR": "H", "HY": 1, "HomeTeam": "Napoli"},{"AC": 7, "AF": 20, "AR": 0, "AS": 15, "AST": 5, "AY": 3, "AwayTeam": "Palermo", "Date": "2017-05-07", "FTAG": 1, "FTHG": 1, "FTR": "D", "HC": 5, "HF": 20, "HR": 0, "HS": 5, "HST": 2, "HTAG": 0, "HTHG": 0, "HTR": "D", "HY": 3, "HomeTeam": "Chievo"},{"AC": 1, "AF": 18, "AR": 0, "AS": 6, "AST": 3, "AY": 2, "AwayTeam": "Bologna", "Date": "2017-05-07", "FTAG": 1, "FTHG": 3, "FTR": "H", "HC": 5, "HF": 20, "HR": 0, "HS": 20, "HST": 8, "HTAG": 1, "HTHG": 2, "HTR": "H", "HY": 1, "HomeTeam": "Empoli"},{"AC": 3, "AF": 26, "AR": 1, "AS": 11, "AST": 4, "AY": 2, "AwayTeam": "Inter", "Date": "2017-05-07", "FTAG": 0, "FTHG": 1, "FTR": "H", "HC": 4, "HF": 16, "HR": 0, "HS": 10, "HST": 5, "HTAG": 0, "HTHG": 0, "HTR": "D", "HY": 4, "HomeTeam": "Genoa"},{"AC": 2, "AF": 6, "AR": 1, "AS": 8, "AST": 7, "AY": 1, "AwayTeam": "Sampdoria", "Date": "2017-05-07", "FTAG": 3, "FTHG": 7, "FTR": "H", "HC": 11, "HF": 13, "HR": 0, "HS": 19, "HST": 11, "HTAG": 1, "HTHG": 5, "HTR": "H", "HY": 0, "HomeTeam": "Lazio"},{"AC": 7, "AF": 9, "AR": 0, "AS": 24, "AST": 10, "AY": 1, "AwayTeam": "Roma", "Date": "2017-05-07", "FTAG": 4, "FTHG": 1, "FTR": "A", "HC": 9, "HF": 12, "HR": 1, "HS": 13, "HST": 2, "HTAG": 2, "HTHG": 0, "HTR": "A", "HY": 4, "HomeTeam": "Milan"},{"AC": 6, "AF": 21, "AR": 0, "AS": 13, "AST": 3, "AY": 2, "AwayTeam": "Crotone", "Date": "2017-05-07", "FTAG": 1, "FTHG": 0, "FTR": "A", "HC": 5, "HF": 15, "HR": 1, "HS": 10, "HST": 2, "HTAG": 0, "HTHG": 0, "HTR": "D", "HY": 3, "HomeTeam": "Pescara"},{"AC": 6, "AF": 19, "AR": 1, "AS": 13, "AST": 6, "AY": 2, "AwayTeam": "Fiorentina", "Date": "2017-05-07", "FTAG": 2, "FTHG": 2, "FTR": "D", "HC": 10, "HF": 16, "HR": 0, "HS": 12, "HST": 8, "HTAG": 1, "HTHG": 0, "HTR": "A", "HY": 5, "HomeTeam": "Sassuolo"},{"AC": 5, "AF": 19, "AR": 0, "AS": 9, "AST": 4, "AY": 3, "AwayTeam": "Atalanta", "Date": "2017-05-07", "FTAG": 1, "FTHG": 1, "FTR": "D", "HC": 3, "HF": 15, "HR": 0, "HS": 12, "HST": 5, "HTAG": 1, "HTHG": 0, "HTR": "A", "HY": 4, "HomeTeam": "Udinese"},{"AC": 5, "AF": 8, "AR": 0, "AS": 13, "AST": 4, "AY": 1, "AwayTeam": "Milan", "Date": "2017-05-13", "FTAG": 1, "FTHG": 1, "FTR": "D", "HC": 10, "HF": 11, "HR": 0, "HS": 14, "HST": 7, "HTAG": 0, "HTHG": 1, "HTR": "H", "HY": 2, "HomeTeam": "Atalanta"},{"AC": 6, "AF": 17, "AR": 0, "AS": 14, "AST": 5, "AY": 3, "AwayTeam": "Lazio", "Date": "2017-05-13", "FTAG": 2, "FTHG": 3, "FTR": "H", "HC": 4, "HF": 14, "HR": 0, "HS": 18, "HST": 9, "HTAG": 0, "HTHG": 0, "HTR": "D", "HY": 2, "HomeTeam": "Fiorentina"},{"AC": 5, "AF": 13, "AR": 0, "AS": 15, "AST": 4, "AY": 2, "AwayTeam": "Pescara", "Date": "2017-05-14", "FTAG": 1, "FTHG": 3, "FTR": "H", "HC": 9, "HF": 9, "HR": 0, "HS": 15, "HST": 7, "HTAG": 1, "HTHG": 1, "HTR": "D", "HY": 2, "HomeTeam": "Bologna"},{"AC": 5, "AF": 11, "AR": 0, "AS": 12, "AST": 3, "AY": 2, "AwayTeam": "Empoli", "Date": "2017-05-14", "FTAG": 2, "FTHG": 3, "FTR": "H", "HC": 1, "HF": 17, "HR": 0, "HS": 15, "HST": 6, "HTAG": 0, "HTHG": 3, "HTR": "H", "HY": 2, "HomeTeam": "Cagliari"},{"AC": 8, "AF": 10, "AR": 0, "AS": 13, "AST": 4, "AY": 2, "AwayTeam": "Udinese", "Date": "2017-05-14", "FTAG": 0, "FTHG": 1, "FTR": "H", "HC": 4, "HF": 13, "HR": 0, "HS": 11, "HST": 7, "HTAG": 0, "HTHG": 1, "HTR": "H", "HY": 2, "HomeTeam": "Crotone"},{"AC": 2, "AF": 13, "AR": 0, "AS": 12, "AST": 4, "AY": 1, "AwayTeam": "Sassuolo", "Date": "2017-05-14", "FTAG": 2, "FTHG": 1, "FTR": "A", "HC": 15, "HF": 13, "HR": 0, "HS": 23, "HST": 7, "HTAG": 1, "HTHG": 0, "HTR": "A", "HY": 3, "HomeTeam": "Inter"},{"AC": 9, "AF": 18, "AR": 0, "AS": 13, "AST": 3, "AY": 1, "AwayTeam": "Genoa", "Date": "2017-05-14", "FTAG": 0, "FTHG": 1, "FTR": "H", "HC": 3, "HF": 18, "HR": 0, "HS": 10, "HST": 3, "HTAG": 0, "HTHG": 1, "HTR": "H", "HY": 1, "HomeTeam": "Palermo"},{"AC": 6, "AF": 6, "AR": 0, "AS": 16, "AST": 5, "AY": 2, "AwayTeam": "Juventus", "Date": "2017-05-14", "FTAG": 1, "FTHG": 3, "FTR": "H", "HC": 5, "HF": 9, "HR": 0, "HS": 14, "HST": 7, "HTAG": 1, "HTHG": 1, "HTR": "D", "HY": 3, "HomeTeam": "Roma"},{"AC": 1, "AF": 14, "AR": 0, "AS": 7, "AST": 1, "AY": 4, "AwayTeam": "Chievo", "Date": "2017-05-14", "FTAG": 1, "FTHG": 1, "FTR": "D", "HC": 5, "HF": 17, "HR": 0, "HS": 12, "HST": 3, "HTAG": 0, "HTHG": 1, "HTR": "H", "HY": 2, "HomeTeam": "Sampdoria"},{"AC": 7, "AF": 9, "AR": 0, "AS": 15, "AST": 6, "AY": 1, "AwayTeam": "Napoli", "Date": "2017-05-14", "FTAG": 5, "FTHG": 0, "FTR": "A", "HC": 2, "HF": 12, "HR": 0, "HS": 10, "HST": 1, "HTAG": 1, "HTHG": 0, "HTR": "A", "HY": 2, "HomeTeam": "Torino"},{"AC": 6, "AF": 11, "AR": 0, "AS": 19, "AST": 11, "AY": 0, "AwayTeam": "Roma", "Date": "2017-05-20", "FTAG": 5, "FTHG": 3, "FTR": "A", "HC": 3, "HF": 11, "HR": 0, "HS": 11, "HST": 4, "HTAG": 2, "HTHG": 2, "HTR": "D", "HY": 2, "HomeTeam": "Chievo"},{"AC": 6, "AF": 8, "AR": 0, "AS": 14, "AST": 5, "AY": 1, "AwayTeam": "Fiorentina", "Date": "2017-05-20", "FTAG": 1, "FTHG": 4, "FTR": "H", "HC": 5, "HF": 10, "HR": 0, "HS": 19, "HST": 9, "HTAG": 0, "HTHG": 2, "HTR": "H", "HY": 2, "HomeTeam": "Napoli"},{"AC": 5, "AF": 17, "AR": 0, "AS": 13, "AST": 5, "AY": 2, "AwayTeam": "Atalanta", "Date": "2017-05-21", "FTAG": 1, "FTHG": 0, "FTR": "A", "HC": 6, "HF": 16, "HR": 0, "HS": 8, "HST": 3, "HTAG": 1, "HTHG": 0, "HTR": "A", "HY": 3, "HomeTeam": "Empoli"},{"AC": 5, "AF": 20, "AR": 0, "AS": 4, "AST": 1, "AY": 5, "AwayTeam": "Torino", "Date": "2017-05-21", "FTAG": 1, "FTHG": 2, "FTR": "H", "HC": 4, "HF": 17, "HR": 0, "HS": 8, "HST": 4, "HTAG": 0, "HTHG": 1, "HTR": "H", "HY": 2, "HomeTeam": "Genoa"},{"AC": 2, "AF": 14, "AR": 0, "AS": 9, "AST": 2, "AY": 1, "AwayTeam": "Crotone", "Date": "2017-05-21", "FTAG": 0, "FTHG": 3, "FTR": "H", "HC": 9, "HF": 13, "HR": 0, "HS": 19, "HST": 7, "HTAG": 0, "HTHG": 2, "HTR": "H", "HY": 1, "HomeTeam": "Juventus"},{"AC": 6, "AF": 14, "AR": 0, "AS": 9, "AST": 3, "AY": 2, "AwayTeam": "Inter", "Date": "2017-05-21", "FTAG": 3, "FTHG": 1, "FTR": "A", "HC": 6, "HF": 18, "HR": 2, "HS": 7, "HST": 1, "HTAG": 2, "HTHG": 1, "HTR": "A", "HY": 2, "HomeTeam": "Lazio"},{"AC": 3, "AF": 8, "AR": 0, "AS": 8, "AST": 0, "AY": 2, "AwayTeam": "Bologna", "Date": "2017-05-21", "FTAG": 0, "FTHG": 3, "FTR": "H", "HC": 10, "HF": 9, "HR": 0, "HS": 23, "HST": 6, "HTAG": 0, "HTHG": 0, "HTR": "D", "HY": 2, "HomeTeam": "Milan"},{"AC": 10, "AF": 22, "AR": 0, "AS": 14, "AST": 6, "AY": 5, "AwayTeam": "Cagliari", "Date": "2017-05-21", "FTAG": 2, "FTHG": 6, "FTR": "H", "HC": 4, "HF": 13, "HR": 0, "HS": 13, "HST": 8, "HTAG": 1, "HTHG": 4, "HTR": "H", "HY": 1, "HomeTeam": "Sassuolo"},{"AC": 5, "AF": 11, "AR": 1, "AS": 8, "AST": 4, "AY": 2, "AwayTeam": "Sampdoria", "Date": "2017-05-21", "FTAG": 1, "FTHG": 1, "FTR": "D", "HC": 6, "HF": 9, "HR": 2, "HS": 12, "HST": 3, "HTAG": 0, "HTHG": 1, "HTR": "H", "HY": 1, "HomeTeam": "Udinese"},{"AC": 2, "AF": 10, "AR": 0, "AS": 12, "AST": 3, "AY": 0, "AwayTeam": "Palermo", "Date": "2017-05-22", "FTAG": 0, "FTHG": 2, "FTR": "H", "HC": 2, "HF": 18, "HR": 0, "HS": 12, "HST": 4, "HTAG": 0, "HTHG": 1, "HTR": "H", "HY": 2, "HomeTeam": "Pescara"},{"AC": 5, "AF": 8, "AR": 0, "AS": 6, "AST": 3, "AY": 0, "AwayTeam": "Chievo", "Date": "2017-05-27", "FTAG": 0, "FTHG": 1, "FTR": "H", "HC": 6, "HF": 15, "HR": 0, "HS": 13, "HST": 6, "HTAG": 0, "HTHG": 0, "HTR": "D", "HY": 1, "HomeTeam": "Atalanta"},{"AC": 10, "AF": 8, "AR": 0, "AS": 17, "AST": 7, "AY": 1, "AwayTeam": "Juventus", "Date": "2017-05-27", "FTAG": 2, "FTHG": 1, "FTR": "A", "HC": 3, "HF": 17, "HR": 0, "HS": 8, "HST": 2, "HTAG": 0, "HTHG": 0, "HTR": "D", "HY": 3, "HomeTeam": "Bologna"},{"AC": 6, "AF": 13, "AR": 1, "AS": 18, "AST": 7, "AY": 1, "AwayTeam": "Milan", "Date": "2017-05-28", "FTAG": 1, "FTHG": 2, "FTR": "H", "HC": 6, "HF": 16, "HR": 0, "HS": 17, "HST": 9, "HTAG": 0, "HTHG": 1, "HTR": "H", "HY": 3, "HomeTeam": "Cagliari"},{"AC": 5, "AF": 13, "AR": 1, "AS": 9, "AST": 3, "AY": 3, "AwayTeam": "Lazio", "Date": "2017-05-28", "FTAG": 1, "FTHG": 3, "FTR": "H", "HC": 3, "HF": 13, "HR": 0, "HS": 11, "HST": 5, "HTAG": 1, "HTHG": 2, "HTR": "H", "HY": 3, "HomeTeam": "Crotone"},{"AC": 10, "AF": 13, "AR": 0, "AS": 15, "AST": 6, "AY": 1, "AwayTeam": "Pescara", "Date": "2017-05-28", "FTAG": 2, "FTHG": 2, "FTR": "D", "HC": 6, "HF": 15, "HR": 1, "HS": 24, "HST": 8, "HTAG": 1, "HTHG": 0, "HTR": "A", "HY": 2, "HomeTeam": "Fiorentina"},{"AC": 7, "AF": 1, "AR": 0, "AS": 17, "AST": 4, "AY": 1, "AwayTeam": "Udinese", "Date": "2017-05-28", "FTAG": 2, "FTHG": 5, "FTR": "H", "HC": 6, "HF": 15, "HR": 0, "HS": 17, "HST": 6, "HTAG": 0, "HTHG": 3, "HTR": "H", "HY": 2, "HomeTeam": "Inter"},{"AC": 7, "AF": 16, "AR": 0, "AS": 17, "AST": 4, "AY": 4, "AwayTeam": "Empoli", "Date": "2017-05-28", "FTAG": 1, "FTHG": 2, "FTR": "H", "HC": 0, "HF": 18, "HR": 0, "HS": 10, "HST": 5, "HTAG": 0, "HTHG": 0, "HTR": "D", "HY": 3, "HomeTeam": "Palermo"},{"AC": 2, "AF": 14, "AR": 0, "AS": 13, "AST": 4, "AY": 0, "AwayTeam": "Genoa", "Date": "2017-05-28", "FTAG": 2, "FTHG": 3, "FTR": "H", "HC": 6, "HF": 8, "HR": 0, "HS": 24, "HST": 7, "HTAG": 1, "HTHG": 1, "HTR": "D", "HY": 2, "HomeTeam": "Roma"},{"AC": 10, "AF": 8, "AR": 0, "AS": 22, "AST": 7, "AY": 0, "AwayTeam": "Napoli", "Date": "2017-05-28", "FTAG": 4, "FTHG": 2, "FTR": "A", "HC": 5, "HF": 9, "HR": 0, "HS": 12, "HST": 2, "HTAG": 2, "HTHG": 0, "HTR": "A", "HY": 1, "HomeTeam": "Sampdoria"},{"AC": 10, "AF": 6, "AR": 0, "AS": 21, "AST": 7, "AY": 0, "AwayTeam": "Sassuolo", "Date": "2017-05-28", "FTAG": 3, "FTHG": 5, "FTR": "H", "HC": 6, "HF": 16, "HR": 0, "HS": 16, "HST": 9, "HTAG": 2, "HTHG": 3, "HTR": "H", "HY": 2, "HomeTeam": "Torino"}]