[{"AC": 8, "AF": 9, "AR": 0, "AS": 23, "AST": 11, "AY": 0, "AwayTeam": "Juventus", "Date": "2018-08-18", "FTAG": 3, "FTHG": 2, "FTR": "A", "HC": 0, "HF": 7, "HR": 0, "HS": 7, "HST": 2, "HTAG": 1, "HTHG": 1, "HTR": "D", "HY": 2, "HomeTeam": "Chievo"},{"AC": 7, "AF": 5, "AR": 0, "AS": 11, "AST": 6, "AY": 0, "AwayTeam": "Napoli", "Date": "2018-08-18", "FTAG": 2, "FTHG": 1, "FTR": "A", "HC": 4, "HF": 8, "HR": 0, "HS": 9, "HST": 5, "HTAG": 1, "HTHG": 1, "HTR": "D", "HY": 0, "HomeTeam": "Lazio"},{"AC": 0, "AF": 11, "AR": 0, "AS": 10, "AST": 5, "AY": 2, "AwayTeam": "Spal", "Date": "2018-08-19", "FTAG": 1, "FTHG": 0, "FTR": "A", "HC": 7, "HF": 16, "HR": 1, "HS": 8, "HST": 3, "HTAG": 0, "HTHG": 0, "HTR": "D", "HY": 4, "HomeTeam": "Bologna"},{"AC": 6, "AF": 19, "AR": 0, "AS": 12, "AST": 5, "AY": 3, "AwayTeam": "Cagliari", "Date": "2018-08-19", "FTAG": 0, "FTHG": 2, "FTR": "H", "HC": 6, "HF": 19, "HR": 0, "HS": 9, "HST": 4, "HTAG": 0, "HTHG": 1, "HTR": "H", "HY": 3, "HomeTeam": "Empoli"},{"AC": 5, "AF": 13, "AR": 0, "AS": 16, "AST": 6, "AY": 2, "AwayTeam": "Udinese", "Date": "2018-08-19", "FTAG": 2, "FTHG": 2, "FTR": "D", "HC": 4, "HF": 10, "HR": 0, "HS": 9, "HST": 6, "HTAG": 0, "HTHG": 1, "HTR": "H", "HY": 2, "HomeTeam": "Parma"},{"AC": 4, "AF": 11, "AR": 0, "AS": 11, "AST": 4, "AY": 2, "AwayTeam": "Inter", "Date": "2018-08-19", "FTAG": 0, "FTHG": 1, "FTR": "H", "HC": 4, "HF": 23, "HR": 0, "HS": 7, "HST": 5, "HTAG": 0, "HTHG": 1, "HTR": "H", "HY": 3, "HomeTeam": "Sassuolo"},{"AC": 5, "AF": 14, "AR": 0, "AS": 16, "AST": 13, "AY": 3, "AwayTeam": "Roma", "Date": "2018-08-19", "FTAG": 1, "FTHG": 0, "FTR": "A", "HC": 6, "HF": 10, "HR": 0, "HS": 8, "HST": 5, "HTAG": 0, "HTHG": 0, "HTR": "D", "HY": 1, "HomeTeam": "Torino"},{"AC": 4, "AF": 10, "AR": 0, "AS": 6, "AST": 1, "AY": 2, "AwayTeam": "Frosinone", "Date": "2018-08-20", "FTAG": 0, "FTHG": 4, "FTR": "H", "HC": 4, "HF": 14, "HR": 0, "HS": 16, "HST": 10, "HTAG": 0, "HTHG": 1, "HTR": "H", "HY": 0, "HomeTeam": "Atalanta"},{"AC": 2, "AF": 13, "AR": 0, "AS": 8, "AST": 3, "AY": 2, "AwayTeam": "Lazio", "Date": "2018-08-25", "FTAG": 0, "FTHG": 2, "FTR": "H", "HC": 6, "HF": 12, "HR": 0, "HS": 14, "HST": 9, "HTAG": 0, "HTHG": 1, "HTR": "H", "HY": 3, "HomeTeam": "Juventus"},{"AC": 1, "AF": 9, "AR": 0, "AS": 6, "AST": 4, "AY": 2, "AwayTeam": "Milan", "Date": "2018-08-25", "FTAG": 2, "FTHG": 3, "FTR": "H", "HC": 5, "HF": 12, "HR": 0, "HS": 21, "HST": 13, "HTAG": 1, "HTHG": 0, "HTR": "A", "HY": 2, "HomeTeam": "Napoli"},{"AC": 2, "AF": 14, "AR": 1, "AS": 12, "AST": 6, "AY": 4, "AwayTeam": "Sassuolo", "Date": "2018-08-26", "FTAG": 2, "FTHG": 2, "FTR": "D", "HC": 7, "HF": 14, "HR": 0, "HS": 12, "HST": 7, "HTAG": 0, "HTHG": 1, "HTR": "H", "HY": 4, "HomeTeam": "Cagliari"},{"AC": 3, "AF": 8, "AR": 0, "AS": 5, "AST": 3, "AY": 3, "AwayTeam": "Chievo", "Date": "2018-08-26", "FTAG": 1, "FTHG": 6, "FTR": "H", "HC": 2, "HF": 14, "HR": 0, "HS": 19, "HST": 15, "HTAG": 0, "HTHG": 2, "HTR": "H", "HY": 1, "HomeTeam": "Fiorentina"},{"AC": 5, "AF": 12, "AR": 0, "AS": 10, "AST": 5, "AY": 1, "AwayTeam": "Bologna", "Date": "2018-08-26", "FTAG": 0, "FTHG": 0, "FTR": "D", "HC": 2, "HF": 15, "HR": 0, "HS": 11, "HST": 7, "HTAG": 0, "HTHG": 0, "HTR": "D", "HY": 2, "HomeTeam": "Frosinone"},{"AC": 6, "AF": 15, "AR": 0, "AS": 12, "AST": 8, "AY": 2, "AwayTeam": "Empoli", "Date": "2018-08-26", "FTAG": 1, "FTHG": 2, "FTR": "H", "HC": 3, "HF": 14, "HR": 0, "HS": 10, "HST": 4, "HTAG": 0, "HTHG": 2, "HTR": "H", "HY": 3, "HomeTeam": "Genoa"},{"AC": 4, "AF": 12, "AR": 0, "AS": 10, "AST": 7, "AY": 2, "AwayTeam": "Torino", "Date": "2018-08-26", "FTAG": 2, "FTHG": 2, "FTR": "D", "HC": 5, "HF": 16, "HR": 0, "HS": 9, "HST": 6, "HTAG": 0, "HTHG": 2, "HTR": "H", "HY": 1, "HomeTeam": "Inter"},{"AC": 2, "AF": 14, "AR": 0, "AS": 3, "AST": 0, "AY": 2, "AwayTeam": "Parma", "Date": "2018-08-26", "FTAG": 0, "FTHG": 1, "FTR": "H", "HC": 7, "HF": 13, "HR": 0, "HS": 15, "HST": 5, "HTAG": 0, "HTHG": 0, "HTR": "D", "HY": 5, "HomeTeam": "Spal"},{"AC": 7, "AF": 10, "AR": 0, "AS": 9, "AST": 4, "AY": 3, "AwayTeam": "Sampdoria", "Date": "2018-08-26", "FTAG": 0, "FTHG": 1, "FTR": "H", "HC": 8, "HF": 6, "HR": 0, "HS": 13, "HST": 5, "HTAG": 0, "HTHG": 1, "HTR": "H", "HY": 1, "HomeTeam": "Udinese"},{"AC": 11, "AF": 13, "AR": 0, "AS": 17, "AST": 10, "AY": 1, "AwayTeam": "Atalanta", "Date": "2018-08-27", "FTAG": 3, "FTHG": 3, "FTR": "D", "HC": 3, "HF": 9, "HR": 0, "HS": 21, "HST": 11, "HTAG": 3, "HTHG": 1, "HTR": "A", "HY": 1, "HomeTeam": "Roma"},{"AC": 3, "AF": 6, "AR": 0, "AS": 6, "AST": 3, "AY": 2, "AwayTeam": "Roma", "Date": "2018-08-31", "FTAG": 1, "FTHG": 2, "FTR": "H", "HC": 8, "HF": 8, "HR": 0, "HS": 18, "HST": 9, "HTAG": 0, "HTHG": 1, "HTR": "H", "HY": 0, "HomeTeam": "Milan"},{"AC": 7, "AF": 10, "AR": 0, "AS": 10, "AST": 4, "AY": 1, "AwayTeam": "Inter", "Date": "2018-09-01", "FTAG": 3, "FTHG": 0, "FTR": "A", "HC": 3, "HF": 7, "HR": 0, "HS": 7, "HST": 1, "HTAG": 0, "HTHG": 0, "HTR": "D", "HY": 1, "HomeTeam": "Bologna"},{"AC": 7, "AF": 9, "AR": 0, "AS": 20, "AST": 10, "AY": 3, "AwayTeam": "Juventus", "Date": "2018-09-01", "FTAG": 2, "FTHG": 1, "FTR": "A", "HC": 4, "HF": 15, "HR": 0, "HS": 8, "HST": 7, "HTAG": 1, "HTHG": 1, "HTR": "D", "HY": 1, "HomeTeam": "Parma"},{"AC": 4, "AF": 20, "AR": 0, "AS": 4, "AST": 3, "AY": 2, "AwayTeam": "Cagliari", "Date": "2018-09-02", "FTAG": 1, "FTHG": 0, "FTR": "A", "HC": 5, "HF": 16, "HR": 0, "HS": 8, "HST": 5, "HTAG": 1, "HTHG": 0, "HTR": "A", "HY": 2, "HomeTeam": "Atalanta"},{"AC": 6, "AF": 11, "AR": 0, "AS": 12, "AST": 4, "AY": 1, "AwayTeam": "Empoli", "Date": "2018-09-02", "FTAG": 0, "FTHG": 0, "FTR": "D", "HC": 4, "HF": 10, "HR": 0, "HS": 11, "HST": 5, "HTAG": 0, "HTHG": 0, "HTR": "D", "HY": 1, "HomeTeam": "Chievo"},{"AC": 4, "AF": 15, "AR": 0, "AS": 4, "AST": 1, "AY": 1, "AwayTeam": "Udinese", "Date": "2018-09-02", "FTAG": 0, "FTHG": 1, "FTR": "H", "HC": 11, "HF": 10, "HR": 0, "HS": 13, "HST": 4, "HTAG": 0, "HTHG": 0, "HTR": "D", "HY": 3, "HomeTeam": "Fiorentina"},{"AC": 7, "AF": 8, "AR": 0, "AS": 7, "AST": 5, "AY": 2, "AwayTeam": "Frosinone", "Date": "2018-09-02", "FTAG": 0, "FTHG": 1, "FTR": "H", "HC": 7, "HF": 11, "HR": 0, "HS": 17, "HST": 8, "HTAG": 0, "HTHG": 0, "HTR": "D", "HY": 1, "HomeTeam": "Lazio"},{"AC": 5, "AF": 19, "AR": 0, "AS": 12, "AST": 6, "AY": 4, "AwayTeam": "Napoli", "Date": "2018-09-02", "FTAG": 0, "FTHG": 3, "FTR": "H", "HC": 4, "HF": 13, "HR": 0, "HS": 7, "HST": 4, "HTAG": 0, "HTHG": 2, "HTR": "H", "HY": 2, "HomeTeam": "Sampdoria"},{"AC": 10, "AF": 20, "AR": 0, "AS": 11, "AST": 8, "AY": 3, "AwayTeam": "Genoa", "Date": "2018-09-02", "FTAG": 3, "FTHG": 5, "FTR": "H", "HC": 2, "HF": 12, "HR": 0, "HS": 10, "HST": 8, "HTAG": 1, "HTHG": 4, "HTR": "H", "HY": 3, "HomeTeam": "Sassuolo"},{"AC": 10, "AF": 16, "AR": 0, "AS": 8, "AST": 3, "AY": 2, "AwayTeam": "Spal", "Date": "2018-09-02", "FTAG": 0, "FTHG": 1, "FTR": "H", "HC": 9, "HF": 16, "HR": 0, "HS": 10, "HST": 7, "HTAG": 0, "HTHG": 0, "HTR": "D", "HY": 1, "HomeTeam": "Torino"},{"AC": 3, "AF": 15, "AR": 0, "AS": 10, "AST": 7, "AY": 1, "AwayTeam": "Sampdoria", "Date": "2018-09-15", "FTAG": 5, "FTHG": 0, "FTR": "A", "HC": 5, "HF": 12, "HR": 0, "HS": 6, "HST": 2, "HTAG": 1, "HTHG": 0, "HTR": "A", "HY": 3, "HomeTeam": "Frosinone"},{"AC": 1, "AF": 8, "AR": 0, "AS": 8, "AST": 6, "AY": 2, "AwayTeam": "Parma", "Date": "2018-09-15", "FTAG": 1, "FTHG": 0, "FTR": "A", "HC": 10, "HF": 10, "HR": 0, "HS": 24, "HST": 11, "HTAG": 0, "HTHG": 0, "HTR": "D", "HY": 2, "HomeTeam": "Inter"},{"AC": 3, "AF": 15, "AR": 0, "AS": 7, "AST": 3, "AY": 4, "AwayTeam": "Fiorentina", "Date": "2018-09-15", "FTAG": 0, "FTHG": 1, "FTR": "H", "HC": 10, "HF": 13, "HR": 0, "HS": 19, "HST": 5, "HTAG": 0, "HTHG": 0, "HTR": "D", "HY": 1, "HomeTeam": "Napoli"},{"AC": 8, "AF": 13, "AR": 0, "AS": 12, "AST": 7, "AY": 1, "AwayTeam": "Milan", "Date": "2018-09-16", "FTAG": 1, "FTHG": 1, "FTR": "D", "HC": 3, "HF": 12, "HR": 0, "HS": 7, "HST": 3, "HTAG": 0, "HTHG": 1, "HTR": "H", "HY": 1, "HomeTeam": "Cagliari"},{"AC": 7, "AF": 11, "AR": 0, "AS": 16, "AST": 9, "AY": 3, "AwayTeam": "Lazio", "Date": "2018-09-16", "FTAG": 1, "FTHG": 0, "FTR": "A", "HC": 4, "HF": 13, "HR": 0, "HS": 10, "HST": 3, "HTAG": 0, "HTHG": 0, "HTR": "D", "HY": 2, "HomeTeam": "Empoli"},{"AC": 3, "AF": 19, "AR": 1, "AS": 8, "AST": 2, "AY": 5, "AwayTeam": "Bologna", "Date": "2018-09-16", "FTAG": 0, "FTHG": 1, "FTR": "H", "HC": 5, "HF": 13, "HR": 0, "HS": 10, "HST": 5, "HTAG": 0, "HTHG": 0, "HTR": "D", "HY": 2, "HomeTeam": "Genoa"},{"AC": 4, "AF": 13, "AR": 0, "AS": 10, "AST": 6, "AY": 3, "AwayTeam": "Sassuolo", "Date": "2018-09-16", "FTAG": 1, "FTHG": 2, "FTR": "H", "HC": 10, "HF": 12, "HR": 1, "HS": 16, "HST": 6, "HTAG": 0, "HTHG": 0, "HTR": "D", "HY": 3, "HomeTeam": "Juventus"},{"AC": 2, "AF": 15, "AR": 0, "AS": 10, "AST": 5, "AY": 1, "AwayTeam": "Chievo", "Date": "2018-09-16", "FTAG": 2, "FTHG": 2, "FTR": "D", "HC": 9, "HF": 10, "HR": 0, "HS": 15, "HST": 9, "HTAG": 0, "HTHG": 2, "HTR": "H", "HY": 1, "HomeTeam": "Roma"},{"AC": 8, "AF": 14, "AR": 0, "AS": 9, "AST": 4, "AY": 2, "AwayTeam": "Torino", "Date": "2018-09-16", "FTAG": 1, "FTHG": 1, "FTR": "D", "HC": 3, "HF": 16, "HR": 0, "HS": 7, "HST": 3, "HTAG": 0, "HTHG": 1, "HTR": "H", "HY": 2, "HomeTeam": "Udinese"},{"AC": 4, "AF": 16, "AR": 0, "AS": 13, "AST": 4, "AY": 5, "AwayTeam": "Atalanta", "Date": "2018-09-17", "FTAG": 0, "FTHG": 2, "FTR": "H", "HC": 4, "HF": 14, "HR": 0, "HS": 13, "HST": 6, "HTAG": 0, "HTHG": 0, "HTR": "D", "HY": 3, "HomeTeam": "Spal"},{"AC": 6, "AF": 15, "AR": 0, "AS": 14, "AST": 9, "AY": 2, "AwayTeam": "Fiorentina", "Date": "2018-09-19", "FTAG": 1, "FTHG": 1, "FTR": "D", "HC": 4, "HF": 14, "HR": 0, "HS": 8, "HST": 4, "HTAG": 1, "HTHG": 0, "HTR": "A", "HY": 3, "HomeTeam": "Sampdoria"},{"AC": 4, "AF": 9, "AR": 1, "AS": 16, "AST": 11, "AY": 4, "AwayTeam": "Empoli", "Date": "2018-09-21", "FTAG": 1, "FTHG": 3, "FTR": "H", "HC": 5, "HF": 15, "HR": 0, "HS": 20, "HST": 10, "HTAG": 1, "HTHG": 1, "HTR": "D", "HY": 1, "HomeTeam": "Sassuolo"},{"AC": 1, "AF": 11, "AR": 0, "AS": 5, "AST": 2, "AY": 2, "AwayTeam": "Spal", "Date": "2018-09-22", "FTAG": 0, "FTHG": 3, "FTR": "H", "HC": 11, "HF": 8, "HR": 0, "HS": 15, "HST": 5, "HTAG": 0, "HTHG": 2, "HTR": "H", "HY": 1, "HomeTeam": "Fiorentina"},{"AC": 11, "AF": 5, "AR": 0, "AS": 9, "AST": 3, "AY": 1, "AwayTeam": "Cagliari", "Date": "2018-09-22", "FTAG": 0, "FTHG": 2, "FTR": "H", "HC": 4, "HF": 17, "HR": 0, "HS": 14, "HST": 8, "HTAG": 0, "HTHG": 1, "HTR": "H", "HY": 2, "HomeTeam": "Parma"},{"AC": 12, "AF": 14, "AR": 0, "AS": 14, "AST": 5, "AY": 2, "AwayTeam": "Inter", "Date": "2018-09-22", "FTAG": 1, "FTHG": 0, "FTR": "A", "HC": 3, "HF": 12, "HR": 0, "HS": 9, "HST": 4, "HTAG": 0, "HTHG": 0, "HTR": "D", "HY": 3, "HomeTeam": "Sampdoria"},{"AC": 10, "AF": 13, "AR": 0, "AS": 20, "AST": 9, "AY": 4, "AwayTeam": "Roma", "Date": "2018-09-23", "FTAG": 0, "FTHG": 2, "FTR": "H", "HC": 1, "HF": 8, "HR": 0, "HS": 7, "HST": 2, "HTAG": 0, "HTHG": 1, "HTR": "H", "HY": 2, "HomeTeam": "Bologna"},{"AC": 3, "AF": 10, "AR": 0, "AS": 9, "AST": 7, "AY": 1, "AwayTeam": "Udinese", "Date": "2018-09-23", "FTAG": 2, "FTHG": 0, "FTR": "A", "HC": 7, "HF": 18, "HR": 0, "HS": 10, "HST": 4, "HTAG": 0, "HTHG": 0, "HTR": "D", "HY": 1, "HomeTeam": "Chievo"},{"AC": 5, "AF": 8, "AR": 0, "AS": 18, "AST": 8, "AY": 1, "AwayTeam": "Juventus", "Date": "2018-09-23", "FTAG": 2, "FTHG": 0, "FTR": "A", "HC": 3, "HF": 16, "HR": 0, "HS": 2, "HST": 0, "HTAG": 0, "HTHG": 0, "HTR": "D", "HY": 3, "HomeTeam": "Frosinone"},{"AC": 3, "AF": 7, "AR": 0, "AS": 8, "AST": 4, "AY": 2, "AwayTeam": "Genoa", "Date": "2018-09-23", "FTAG": 1, "FTHG": 4, "FTR": "H", "HC": 5, "HF": 9, "HR": 0, "HS": 16, "HST": 8, "HTAG": 0, "HTHG": 2, "HTR": "H", "HY": 1, "HomeTeam": "Lazio"},{"AC": 3, "AF": 4, "AR": 0, "AS": 13, "AST": 8, "AY": 1, "AwayTeam": "Atalanta", "Date": "2018-09-23", "FTAG": 2, "FTHG": 2, "FTR": "D", "HC": 4, "HF": 7, "HR": 0, "HS": 14, "HST": 8, "HTAG": 0, "HTHG": 1, "HTR": "H", "HY": 2, "HomeTeam": "Milan"},{"AC": 6, "AF": 17, "AR": 0, "AS": 13, "AST": 8, "AY": 3, "AwayTeam": "Napoli", "Date": "2018-09-23", "FTAG": 3, "FTHG": 1, "FTR": "A", "HC": 4, "HF": 14, "HR": 0, "HS": 9, "HST": 3, "HTAG": 2, "HTHG": 0, "HTR": "A", "HY": 2, "HomeTeam": "Torino"},{"AC": 3, "AF": 20, "AR": 0, "AS": 11, "AST": 8, "AY": 3, "AwayTeam": "Fiorentina", "Date": "2018-09-25", "FTAG": 1, "FTHG": 2, "FTR": "H", "HC": 6, "HF": 18, "HR": 0, "HS": 11, "HST": 3, "HTAG": 0, "HTHG": 1, "HTR": "H", "HY": 1, "HomeTeam": "Inter"},{"AC": 1, "AF": 15, "AR": 0, "AS": 3, "AST": 0, "AY": 1, "AwayTeam": "Torino", "Date": "2018-09-26", "FTAG": 0, "FTHG": 0, "FTR": "D", "HC": 11, "HF": 13, "HR": 0, "HS": 11, "HST": 4, "HTAG": 0, "HTHG": 0, "HTR": "D", "HY": 2, "HomeTeam": "Atalanta"},{"AC": 3, "AF": 22, "AR": 0, "AS": 10, "AST": 5, "AY": 3, "AwayTeam": "Sampdoria", "Date": "2018-09-26", "FTAG": 0, "FTHG": 0, "FTR": "D", "HC": 7, "HF": 16, "HR": 0, "HS": 10, "HST": 2, "HTAG": 0, "HTHG": 0, "HTR": "D", "HY": 1, "HomeTeam": "Cagliari"},{"AC": 4, "AF": 17, "AR": 0, "AS": 8, "AST": 2, "AY": 4, "AwayTeam": "Chievo", "Date": "2018-09-26", "FTAG": 0, "FTHG": 2, "FTR": "H", "HC": 7, "HF": 11, "HR": 0, "HS": 11, "HST": 5, "HTAG": 0, "HTHG": 1, "HTR": "H", "HY": 4, "HomeTeam": "Genoa"},{"AC": 0, "AF": 13, "AR": 0, "AS": 5, "AST": 2, "AY": 3, "AwayTeam": "Bologna", "Date": "2018-09-26", "FTAG": 0, "FTHG": 2, "FTR": "H", "HC": 3, "HF": 10, "HR": 0, "HS": 15, "HST": 9, "HTAG": 0, "HTHG": 2, "HTR": "H", "HY": 2, "HomeTeam": "Juventus"},{"AC": 2, "AF": 13, "AR": 0, "AS": 2, "AST": 0, "AY": 3, "AwayTeam": "Parma", "Date": "2018-09-26", "FTAG": 0, "FTHG": 3, "FTR": "H", "HC": 2, "HF": 9, "HR": 0, "HS": 20, "HST": 8, "HTAG": 0, "HTHG": 1, "HTR": "H", "HY": 0, "HomeTeam": "Napoli"},{"AC": 3, "AF": 8, "AR": 0, "AS": 8, "AST": 3, "AY": 1, "AwayTeam": "Frosinone", "Date": "2018-09-26", "FTAG": 0, "FTHG": 4, "FTR": "H", "HC": 4, "HF": 13, "HR": 0, "HS": 18, "HST": 13, "HTAG": 0, "HTHG": 3, "HTR": "H", "HY": 0, "HomeTeam": "Roma"},{"AC": 4, "AF": 17, "AR": 0, "AS": 5, "AST": 2, "AY": 6, "AwayTeam": "Lazio", "Date": "2018-09-26", "FTAG": 2, "FTHG": 1, "FTR": "A", "HC": 6, "HF": 7, "HR": 0, "HS": 10, "HST": 6, "HTAG": 0, "HTHG": 0, "HTR": "D", "HY": 2, "HomeTeam": "Udinese"},{"AC": 10, "AF": 9, "AR": 0, "AS": 16, "AST": 11, "AY": 2, "AwayTeam": "Milan", "Date": "2018-09-27", "FTAG": 1, "FTHG": 1, "FTR": "D", "HC": 3, "HF": 12, "HR": 0, "HS": 4, "HST": 3, "HTAG": 1, "HTHG": 0, "HTR": "A", "HY": 2, "HomeTeam": "Empoli"},{"AC": 7, "AF": 12, "AR": 0, "AS": 10, "AST": 5, "AY": 0, "AwayTeam": "Sassuolo", "Date": "2018-09-27", "FTAG": 2, "FTHG": 0, "FTR": "A", "HC": 6, "HF": 16, "HR": 0, "HS": 6, "HST": 2, "HTAG": 0, "HTHG": 0, "HTR": "D", "HY": 1, "HomeTeam": "Spal"},{"AC": 4, "AF": 11, "AR": 0, "AS": 4, "AST": 1, "AY": 4, "AwayTeam": "Cagliari", "Date": "2018-09-29", "FTAG": 0, "FTHG": 2, "FTR": "H", "HC": 9, "HF": 13, "HR": 0, "HS": 12, "HST": 8, "HTAG": 0, "HTHG": 1, "HTR": "H", "HY": 1, "HomeTeam": "Inter"},{"AC": 4, "AF": 11, "AR": 1, "AS": 9, "AST": 6, "AY": 5, "AwayTeam": "Napoli", "Date": "2018-09-29", "FTAG": 1, "FTHG": 3, "FTR": "H", "HC": 7, "HF": 14, "HR": 0, "HS": 14, "HST": 9, "HTAG": 1, "HTHG": 1, "HTR": "D", "HY": 3, "HomeTeam": "Juventus"},{"AC": 9, "AF": 10, "AR": 0, "AS": 11, "AST": 5, "AY": 1, "AwayTeam": "Lazio", "Date": "2018-09-29", "FTAG": 1, "FTHG": 3, "FTR": "H", "HC": 8, "HF": 11, "HR": 0, "HS": 10, "HST": 7, "HTAG": 0, "HTHG": 1, "HTR": "H", "HY": 3, "HomeTeam": "Roma"},{"AC": 4, "AF": 12, "AR": 0, "AS": 10, "AST": 2, "AY": 4, "AwayTeam": "Udinese", "Date": "2018-09-30", "FTAG": 1, "FTHG": 2, "FTR": "H", "HC": 3, "HF": 7, "HR": 0, "HS": 11, "HST": 6, "HTAG": 1, "HTHG": 1, "HTR": "D", "HY": 2, "HomeTeam": "Bologna"},{"AC": 8, "AF": 17, "AR": 0, "AS": 13, "AST": 5, "AY": 3, "AwayTeam": "Torino", "Date": "2018-09-30", "FTAG": 1, "FTHG": 0, "FTR": "A", "HC": 3, "HF": 15, "HR": 0, "HS": 8, "HST": 3, "HTAG": 0, "HTHG": 0, "HTR": "D", "HY": 3, "HomeTeam": "Chievo"},{"AC": 6, "AF": 10, "AR": 0, "AS": 11, "AST": 4, "AY": 3, "AwayTeam": "Atalanta", "Date": "2018-09-30", "FTAG": 0, "FTHG": 2, "FTR": "H", "HC": 5, "HF": 12, "HR": 0, "HS": 6, "HST": 4, "HTAG": 0, "HTHG": 0, "HTR": "D", "HY": 3, "HomeTeam": "Fiorentina"},{"AC": 2, "AF": 18, "AR": 0, "AS": 7, "AST": 5, "AY": 2, "AwayTeam": "Genoa", "Date": "2018-09-30", "FTAG": 2, "FTHG": 1, "FTR": "A", "HC": 5, "HF": 21, "HR": 0, "HS": 13, "HST": 6, "HTAG": 2, "HTHG": 1, "HTR": "A", "HY": 3, "HomeTeam": "Frosinone"},{"AC": 12, "AF": 8, "AR": 0, "AS": 10, "AST": 6, "AY": 3, "AwayTeam": "Empoli", "Date": "2018-09-30", "FTAG": 0, "FTHG": 1, "FTR": "H", "HC": 2, "HF": 13, "HR": 0, "HS": 7, "HST": 3, "HTAG": 0, "HTHG": 1, "HTR": "H", "HY": 2, "HomeTeam": "Parma"},{"AC": 5, "AF": 11, "AR": 0, "AS": 10, "AST": 10, "AY": 1, "AwayTeam": "Milan", "Date": "2018-09-30", "FTAG": 4, "FTHG": 1, "FTR": "A", "HC": 9, "HF": 14, "HR": 0, "HS": 8, "HST": 2, "HTAG": 1, "HTHG": 0, "HTR": "A", "HY": 1, "HomeTeam": "Sassuolo"},{"AC": 5, "AF": 18, "AR": 0, "AS": 10, "AST": 4, "AY": 3, "AwayTeam": "Spal", "Date": "2018-10-01", "FTAG": 1, "FTHG": 2, "FTR": "H", "HC": 6, "HF": 13, "HR": 0, "HS": 16, "HST": 9, "HTAG": 1, "HTHG": 1, "HTR": "D", "HY": 3, "HomeTeam": "Sampdoria"},{"AC": 4, "AF": 17, "AR": 0, "AS": 8, "AST": 4, "AY": 3, "AwayTeam": "Frosinone", "Date": "2018-10-05", "FTAG": 2, "FTHG": 3, "FTR": "H", "HC": 2, "HF": 16, "HR": 0, "HS": 15, "HST": 10, "HTAG": 0, "HTHG": 1, "HTR": "H", "HY": 3, "HomeTeam": "Torino"},{"AC": 4, "AF": 16, "AR": 0, "AS": 10, "AST": 4, "AY": 4, "AwayTeam": "Bologna", "Date": "2018-10-06", "FTAG": 0, "FTHG": 2, "FTR": "H", "HC": 4, "HF": 8, "HR": 0, "HS": 8, "HST": 5, "HTAG": 0, "HTHG": 1, "HTR": "H", "HY": 2, "HomeTeam": "Cagliari"},{"AC": 3, "AF": 10, "AR": 0, "AS": 7, "AST": 4, "AY": 1, "AwayTeam": "Roma", "Date": "2018-10-06", "FTAG": 2, "FTHG": 0, "FTR": "A", "HC": 4, "HF": 13, "HR": 0, "HS": 11, "HST": 4, "HTAG": 1, "HTHG": 0, "HTR": "A", "HY": 2, "HomeTeam": "Empoli"},{"AC": 8, "AF": 13, "AR": 0, "AS": 13, "AST": 7, "AY": 1, "AwayTeam": "Juventus", "Date": "2018-10-06", "FTAG": 2, "FTHG": 0, "FTR": "A", "HC": 4, "HF": 14, "HR": 0, "HS": 5, "HST": 4, "HTAG": 2, "HTHG": 0, "HTR": "A", "HY": 3, "HomeTeam": "Udinese"},{"AC": 4, "AF": 13, "AR": 0, "AS": 6, "AST": 3, "AY": 4, "AwayTeam": "Sampdoria", "Date": "2018-10-07", "FTAG": 1, "FTHG": 0, "FTR": "A", "HC": 9, "HF": 17, "HR": 0, "HS": 15, "HST": 6, "HTAG": 0, "HTHG": 0, "HTR": "D", "HY": 2, "HomeTeam": "Atalanta"},{"AC": 7, "AF": 9, "AR": 0, "AS": 7, "AST": 5, "AY": 1, "AwayTeam": "Parma", "Date": "2018-10-07", "FTAG": 3, "FTHG": 1, "FTR": "A", "HC": 9, "HF": 9, "HR": 0, "HS": 20, "HST": 13, "HTAG": 3, "HTHG": 1, "HTR": "A", "HY": 1, "HomeTeam": "Genoa"},{"AC": 6, "AF": 10, "AR": 0, "AS": 10, "AST": 6, "AY": 3, "AwayTeam": "Fiorentina", "Date": "2018-10-07", "FTAG": 0, "FTHG": 1, "FTR": "H", "HC": 5, "HF": 18, "HR": 0, "HS": 11, "HST": 5, "HTAG": 0, "HTHG": 1, "HTR": "H", "HY": 5, "HomeTeam": "Lazio"},{"AC": 7, "AF": 12, "AR": 0, "AS": 4, "AST": 2, "AY": 1, "AwayTeam": "Chievo", "Date": "2018-10-07", "FTAG": 1, "FTHG": 3, "FTR": "H", "HC": 12, "HF": 9, "HR": 0, "HS": 14, "HST": 7, "HTAG": 0, "HTHG": 2, "HTR": "H", "HY": 1, "HomeTeam": "Milan"},{"AC": 4, "AF": 8, "AR": 1, "AS": 10, "AST": 7, "AY": 2, "AwayTeam": "Sassuolo", "Date": "2018-10-07", "FTAG": 0, "FTHG": 2, "FTR": "H", "HC": 4, "HF": 11, "HR": 0, "HS": 12, "HST": 7, "HTAG": 0, "HTHG": 1, "HTR": "H", "HY": 2, "HomeTeam": "Napoli"},{"AC": 9, "AF": 20, "AR": 0, "AS": 6, "AST": 4, "AY": 2, "AwayTeam": "Inter", "Date": "2018-10-07", "FTAG": 2, "FTHG": 1, "FTR": "A", "HC": 10, "HF": 13, "HR": 0, "HS": 9, "HST": 6, "HTAG": 1, "HTHG": 0, "HTR": "A", "HY": 6, "HomeTeam": "Spal"},{"AC": 2, "AF": 15, "AR": 0, "AS": 5, "AST": 2, "AY": 3, "AwayTeam": "Genoa", "Date": "2018-10-20", "FTAG": 1, "FTHG": 1, "FTR": "D", "HC": 8, "HF": 10, "HR": 0, "HS": 13, "HST": 4, "HTAG": 0, "HTHG": 1, "HTR": "H", "HY": 1, "HomeTeam": "Juventus"},{"AC": 9, "AF": 5, "AR": 1, "AS": 5, "AST": 5, "AY": 5, "AwayTeam": "Spal", "Date": "2018-10-20", "FTAG": 2, "FTHG": 0, "FTR": "A", "HC": 8, "HF": 14, "HR": 0, "HS": 13, "HST": 9, "HTAG": 1, "HTHG": 0, "HTR": "A", "HY": 3, "HomeTeam": "Roma"},{"AC": 5, "AF": 9, "AR": 0, "AS": 9, "AST": 4, "AY": 4, "AwayTeam": "Napoli", "Date": "2018-10-20", "FTAG": 3, "FTHG": 0, "FTR": "A", "HC": 3, "HF": 11, "HR": 0, "HS": 7, "HST": 4, "HTAG": 1, "HTHG": 0, "HTR": "A", "HY": 3, "HomeTeam": "Udinese"},{"AC": 4, "AF": 21, "AR": 0, "AS": 12, "AST": 8, "AY": 2, "AwayTeam": "Torino", "Date": "2018-10-21", "FTAG": 2, "FTHG": 2, "FTR": "D", "HC": 3, "HF": 9, "HR": 0, "HS": 6, "HST": 3, "HTAG": 1, "HTHG": 0, "HTR": "A", "HY": 2, "HomeTeam": "Bologna"},{"AC": 2, "AF": 15, "AR": 0, "AS": 15, "AST": 8, "AY": 1, "AwayTeam": "Atalanta", "Date": "2018-10-21", "FTAG": 5, "FTHG": 1, "FTR": "A", "HC": 1, "HF": 12, "HR": 1, "HS": 3, "HST": 2, "HTAG": 2, "HTHG": 0, "HTR": "A", "HY": 3, "HomeTeam": "Chievo"},{"AC": 7, "AF": 19, "AR": 0, "AS": 8, "AST": 5, "AY": 2, "AwayTeam": "Cagliari", "Date": "2018-10-21", "FTAG": 1, "FTHG": 1, "FTR": "D", "HC": 6, "HF": 13, "HR": 0, "HS": 7, "HST": 3, "HTAG": 0, "HTHG": 0, "HTR": "D", "HY": 0, "HomeTeam": "Fiorentina"},{"AC": 8, "AF": 16, "AR": 0, "AS": 15, "AST": 10, "AY": 3, "AwayTeam": "Empoli", "Date": "2018-10-21", "FTAG": 3, "FTHG": 3, "FTR": "D", "HC": 6, "HF": 13, "HR": 0, "HS": 5, "HST": 4, "HTAG": 1, "HTHG": 1, "HTR": "D", "HY": 2, "HomeTeam": "Frosinone"},{"AC": 4, "AF": 7, "AR": 0, "AS": 9, "AST": 2, "AY": 5, "AwayTeam": "Milan", "Date": "2018-10-21", "FTAG": 0, "FTHG": 1, "FTR": "H", "HC": 9, "HF": 13, "HR": 0, "HS": 14, "HST": 7, "HTAG": 0, "HTHG": 0, "HTR": "D", "HY": 2, "HomeTeam": "Inter"},{"AC": 8, "AF": 11, "AR": 0, "AS": 15, "AST": 9, "AY": 3, "AwayTeam": "Lazio", "Date": "2018-10-21", "FTAG": 2, "FTHG": 0, "FTR": "A", "HC": 2, "HF": 5, "HR": 0, "HS": 3, "HST": 1, "HTAG": 0, "HTHG": 0, "HTR": "D", "HY": 2, "HomeTeam": "Parma"},{"AC": 3, "AF": 18, "AR": 0, "AS": 7, "AST": 2, "AY": 3, "AwayTeam": "Sassuolo", "Date": "2018-10-22", "FTAG": 0, "FTHG": 0, "FTR": "D", "HC": 4, "HF": 10, "HR": 0, "HS": 7, "HST": 2, "HTAG": 0, "HTHG": 0, "HTR": "D", "HY": 2, "HomeTeam": "Sampdoria"},{"AC": 6, "AF": 8, "AR": 0, "AS": 9, "AST": 5, "AY": 2, "AwayTeam": "Parma", "Date": "2018-10-27", "FTAG": 0, "FTHG": 3, "FTR": "H", "HC": 6, "HF": 6, "HR": 0, "HS": 21, "HST": 14, "HTAG": 0, "HTHG": 0, "HTR": "D", "HY": 0, "HomeTeam": "Atalanta"},{"AC": 10, "AF": 17, "AR": 0, "AS": 12, "AST": 7, "AY": 3, "AwayTeam": "Juventus", "Date": "2018-10-27", "FTAG": 2, "FTHG": 1, "FTR": "A", "HC": 6, "HF": 13, "HR": 0, "HS": 6, "HST": 4, "HTAG": 0, "HTHG": 1, "HTR": "H", "HY": 2, "HomeTeam": "Empoli"},{"AC": 5, "AF": 20, "AR": 0, "AS": 8, "AST": 5, "AY": 4, "AwayTeam": "Fiorentina", "Date": "2018-10-27", "FTAG": 1, "FTHG": 1, "FTR": "D", "HC": 4, "HF": 13, "HR": 0, "HS": 12, "HST": 4, "HTAG": 1, "HTHG": 1, "HTR": "D", "HY": 2, "HomeTeam": "Torino"},{"AC": 2, "AF": 15, "AR": 0, "AS": 12, "AST": 5, "AY": 6, "AwayTeam": "Chievo", "Date": "2018-10-28", "FTAG": 1, "FTHG": 2, "FTR": "H", "HC": 8, "HF": 16, "HR": 0, "HS": 12, "HST": 4, "HTAG": 0, "HTHG": 1, "HTR": "H", "HY": 1, "HomeTeam": "Cagliari"},{"AC": 8, "AF": 18, "AR": 0, "AS": 11, "AST": 8, "AY": 4, "AwayTeam": "Udinese", "Date": "2018-10-28", "FTAG": 2, "FTHG": 2, "FTR": "D", "HC": 4, "HF": 17, "HR": 1, "HS": 11, "HST": 5, "HTAG": 0, "HTHG": 1, "HTR": "H", "HY": 5, "HomeTeam": "Genoa"},{"AC": 1, "AF": 9, "AR": 0, "AS": 3, "AST": 2, "AY": 2, "AwayTeam": "Sampdoria", "Date": "2018-10-28", "FTAG": 2, "FTHG": 3, "FTR": "H", "HC": 5, "HF": 11, "HR": 0, "HS": 8, "HST": 7, "HTAG": 2, "HTHG": 2, "HTR": "D", "HY": 3, "HomeTeam": "Milan"},{"AC": 3, "AF": 6, "AR": 0, "AS": 7, "AST": 5, "AY": 5, "AwayTeam": "Roma", "Date": "2018-10-28", "FTAG": 1, "FTHG": 1, "FTR": "D", "HC": 17, "HF": 7, "HR": 0, "HS": 18, "HST": 6, "HTAG": 1, "HTHG": 0, "HTR": "A", "HY": 0, "HomeTeam": "Napoli"},{"AC": 5, "AF": 19, "AR": 0, "AS": 10, "AST": 6, "AY": 3, "AwayTeam": "Bologna", "Date": "2018-10-28", "FTAG": 2, "FTHG": 2, "FTR": "D", "HC": 9, "HF": 20, "HR": 0, "HS": 11, "HST": 6, "HTAG": 1, "HTHG": 1, "HTR": "D", "HY": 2, "HomeTeam": "Sassuolo"},{"AC": 1, "AF": 11, "AR": 0, "AS": 5, "AST": 4, "AY": 6, "AwayTeam": "Frosinone", "Date": "2018-10-28", "FTAG": 3, "FTHG": 0, "FTR": "A", "HC": 9, "HF": 15, "HR": 0, "HS": 10, "HST": 5, "HTAG": 1, "HTHG": 0, "HTR": "A", "HY": 3, "HomeTeam": "Spal"},{"AC": 6, "AF": 10, "AR": 0, "AS": 13, "AST": 7, "AY": 3, "AwayTeam": "Inter", "Date": "2018-10-29", "FTAG": 3, "FTHG": 0, "FTR": "A", "HC": 7, "HF": 14, "HR": 0, "HS": 11, "HST": 4, "HTAG": 2, "HTHG": 0, "HTR": "A", "HY": 3, "HomeTeam": "Lazio"},{"AC": 2, "AF": 17, "AR": 0, "AS": 7, "AST": 2, "AY": 2, "AwayTeam": "Genoa", "Date": "2018-10-31", "FTAG": 1, "FTHG": 2, "FTR": "H", "HC": 7, "HF": 11, "HR": 0, "HS": 19, "HST": 10, "HTAG": 0, "HTHG": 1, "HTR": "H", "HY": 2, "HomeTeam": "Milan"},{"AC": 7, "AF": 7, "AR": 0, "AS": 8, "AST": 4, "AY": 2, "AwayTeam": "Empoli", "Date": "2018-11-02", "FTAG": 1, "FTHG": 5, "FTR": "H", "HC": 0, "HF": 8, "HR": 0, "HS": 19, "HST": 13, "HTAG": 0, "HTHG": 2, "HTR": "H", "HY": 0, "HomeTeam": "Napoli"},{"AC": 6, "AF": 20, "AR": 0, "AS": 11, "AST": 6, "AY": 3, "AwayTeam": "Roma", "Date": "2018-11-03", "FTAG": 1, "FTHG": 1, "FTR": "D", "HC": 3, "HF": 9, "HR": 0, "HS": 11, "HST": 3, "HTAG": 0, "HTHG": 1, "HTR": "H", "HY": 3, "HomeTeam": "Fiorentina"},{"AC": 6, "AF": 15, "AR": 0, "AS": 8, "AST": 3, "AY": 3, "AwayTeam": "Genoa", "Date": "2018-11-03", "FTAG": 0, "FTHG": 5, "FTR": "H", "HC": 11, "HF": 7, "HR": 0, "HS": 17, "HST": 10, "HTAG": 0, "HTHG": 2, "HTR": "H", "HY": 2, "HomeTeam": "Inter"},{"AC": 4, "AF": 15, "AR": 0, "AS": 4, "AST": 3, "AY": 3, "AwayTeam": "Cagliari", "Date": "2018-11-03", "FTAG": 1, "FTHG": 3, "FTR": "H", "HC": 5, "HF": 10, "HR": 0, "HS": 11, "HST": 5, "HTAG": 1, "HTHG": 2, "HTR": "H", "HY": 1, "HomeTeam": "Juventus"},{"AC": 4, "AF": 12, "AR": 0, "AS": 12, "AST": 6, "AY": 2, "AwayTeam": "Atalanta", "Date": "2018-11-04", "FTAG": 2, "FTHG": 1, "FTR": "A", "HC": 1, "HF": 7, "HR": 0, "HS": 9, "HST": 5, "HTAG": 0, "HTHG": 1, "HTR": "H", "HY": 1, "HomeTeam": "Bologna"},{"AC": 2, "AF": 16, "AR": 0, "AS": 8, "AST": 4, "AY": 2, "AwayTeam": "Sassuolo", "Date": "2018-11-04", "FTAG": 2, "FTHG": 0, "FTR": "A", "HC": 3, "HF": 20, "HR": 1, "HS": 1, "HST": 1, "HTAG": 1, "HTHG": 0, "HTR": "A", "HY": 5, "HomeTeam": "Chievo"},{"AC": 4, "AF": 8, "AR": 0, "AS": 5, "AST": 3, "AY": 3, "AwayTeam": "Spal", "Date": "2018-11-04", "FTAG": 1, "FTHG": 4, "FTR": "H", "HC": 8, "HF": 7, "HR": 0, "HS": 18, "HST": 11, "HTAG": 1, "HTHG": 2, "HTR": "H", "HY": 1, "HomeTeam": "Lazio"},{"AC": 7, "AF": 15, "AR": 0, "AS": 9, "AST": 1, "AY": 4, "AwayTeam": "Frosinone", "Date": "2018-11-04", "FTAG": 0, "FTHG": 0, "FTR": "D", "HC": 3, "HF": 14, "HR": 1, "HS": 9, "HST": 1, "HTAG": 0, "HTHG": 0, "HTR": "D", "HY": 1, "HomeTeam": "Parma"},{"AC": 2, "AF": 25, "AR": 0, "AS": 15, "AST": 8, "AY": 2, "AwayTeam": "Torino", "Date": "2018-11-04", "FTAG": 4, "FTHG": 1, "FTR": "A", "HC": 0, "HF": 13, "HR": 0, "HS": 10, "HST": 4, "HTAG": 2, "HTHG": 0, "HTR": "A", "HY": 2, "HomeTeam": "Sampdoria"},{"AC": 7, "AF": 13, "AR": 0, "AS": 15, "AST": 9, "AY": 3, "AwayTeam": "Milan", "Date": "2018-11-04", "FTAG": 1, "FTHG": 0, "FTR": "A", "HC": 4, "HF": 11, "HR": 1, "HS": 11, "HST": 4, "HTAG": 0, "HTHG": 0, "HTR": "D", "HY": 3, "HomeTeam": "Udinese"},{"AC": 5, "AF": 12, "AR": 0, "AS": 16, "AST": 10, "AY": 0, "AwayTeam": "Fiorentina", "Date": "2018-11-09", "FTAG": 1, "FTHG": 1, "FTR": "D", "HC": 4, "HF": 8, "HR": 0, "HS": 5, "HST": 3, "HTAG": 0, "HTHG": 0, "HTR": "D", "HY": 3, "HomeTeam": "Frosinone"},{"AC": 7, "AF": 6, "AR": 0, "AS": 13, "AST": 7, "AY": 2, "AwayTeam": "Napoli", "Date": "2018-11-10", "FTAG": 2, "FTHG": 1, "FTR": "A", "HC": 2, "HF": 15, "HR": 0, "HS": 8, "HST": 3, "HTAG": 0, "HTHG": 1, "HTR": "H", "HY": 4, "HomeTeam": "Genoa"},{"AC": 6, "AF": 15, "AR": 0, "AS": 11, "AST": 3, "AY": 4, "AwayTeam": "Cagliari", "Date": "2018-11-10", "FTAG": 2, "FTHG": 2, "FTR": "D", "HC": 1, "HF": 13, "HR": 0, "HS": 8, "HST": 4, "HTAG": 0, "HTHG": 1, "HTR": "H", "HY": 2, "HomeTeam": "Spal"},{"AC": 7, "AF": 17, "AR": 0, "AS": 11, "AST": 7, "AY": 4, "AwayTeam": "Parma", "Date": "2018-11-10", "FTAG": 2, "FTHG": 1, "FTR": "A", "HC": 7, "HF": 14, "HR": 0, "HS": 12, "HST": 4, "HTAG": 2, "HTHG": 1, "HTR": "A", "HY": 2, "HomeTeam": "Torino"},{"AC": 6, "AF": 13, "AR": 1, "AS": 6, "AST": 2, "AY": 5, "AwayTeam": "Inter", "Date": "2018-11-11", "FTAG": 1, "FTHG": 4, "FTR": "H", "HC": 9, "HF": 11, "HR": 0, "HS": 16, "HST": 10, "HTAG": 0, "HTHG": 1, "HTR": "H", "HY": 3, "HomeTeam": "Atalanta"},{"AC": 6, "AF": 18, "AR": 0, "AS": 12, "AST": 6, "AY": 3, "AwayTeam": "Bologna", "Date": "2018-11-11", "FTAG": 2, "FTHG": 2, "FTR": "D", "HC": 5, "HF": 15, "HR": 0, "HS": 12, "HST": 6, "HTAG": 1, "HTHG": 2, "HTR": "H", "HY": 3, "HomeTeam": "Chievo"},{"AC": 13, "AF": 11, "AR": 0, "AS": 22, "AST": 9, "AY": 2, "AwayTeam": "Udinese", "Date": "2018-11-11", "FTAG": 1, "FTHG": 2, "FTR": "H", "HC": 4, "HF": 6, "HR": 0, "HS": 9, "HST": 5, "HTAG": 0, "HTHG": 1, "HTR": "H", "HY": 2, "HomeTeam": "Empoli"},{"AC": 5, "AF": 9, "AR": 0, "AS": 12, "AST": 8, "AY": 1, "AwayTeam": "Juventus", "Date": "2018-11-11", "FTAG": 2, "FTHG": 0, "FTR": "A", "HC": 2, "HF": 16, "HR": 1, "HS": 5, "HST": 2, "HTAG": 1, "HTHG": 0, "HTR": "A", "HY": 3, "HomeTeam": "Milan"},{"AC": 7, "AF": 10, "AR": 0, "AS": 4, "AST": 3, "AY": 1, "AwayTeam": "Sampdoria", "Date": "2018-11-11", "FTAG": 1, "FTHG": 4, "FTR": "H", "HC": 7, "HF": 8, "HR": 0, "HS": 10, "HST": 6, "HTAG": 0, "HTHG": 1, "HTR": "H", "HY": 1, "HomeTeam": "Roma"},{"AC": 6, "AF": 21, "AR": 0, "AS": 7, "AST": 3, "AY": 3, "AwayTeam": "Lazio", "Date": "2018-11-11", "FTAG": 1, "FTHG": 1, "FTR": "D", "HC": 2, "HF": 15, "HR": 0, "HS": 9, "HST": 4, "HTAG": 1, "HTHG": 1, "HTR": "D", "HY": 4, "HomeTeam": "Sassuolo"},{"AC": 0, "AF": 11, "AR": 0, "AS": 5, "AST": 4, "AY": 3, "AwayTeam": "Frosinone", "Date": "2018-11-24", "FTAG": 0, "FTHG": 3, "FTR": "H", "HC": 11, "HF": 11, "HR": 0, "HS": 25, "HST": 14, "HTAG": 0, "HTHG": 1, "HTR": "H", "HY": 1, "HomeTeam": "Inter"},{"AC": 3, "AF": 11, "AR": 0, "AS": 8, "AST": 1, "AY": 3, "AwayTeam": "Spal", "Date": "2018-11-24", "FTAG": 0, "FTHG": 2, "FTR": "H", "HC": 6, "HF": 20, "HR": 0, "HS": 12, "HST": 8, "HTAG": 0, "HTHG": 1, "HTR": "H", "HY": 1, "HomeTeam": "Juventus"},{"AC": 12, "AF": 10, "AR": 0, "AS": 23, "AST": 9, "AY": 0, "AwayTeam": "Roma", "Date": "2018-11-24", "FTAG": 0, "FTHG": 1, "FTR": "H", "HC": 0, "HF": 6, "HR": 0, "HS": 8, "HST": 3, "HTAG": 0, "HTHG": 0, "HTR": "D", "HY": 2, "HomeTeam": "Udinese"},{"AC": 9, "AF": 21, "AR": 0, "AS": 11, "AST": 6, "AY": 1, "AwayTeam": "Fiorentina", "Date": "2018-11-25", "FTAG": 0, "FTHG": 0, "FTR": "D", "HC": 4, "HF": 11, "HR": 0, "HS": 8, "HST": 4, "HTAG": 0, "HTHG": 0, "HTR": "D", "HY": 3, "HomeTeam": "Bologna"},{"AC": 3, "AF": 9, "AR": 1, "AS": 8, "AST": 5, "AY": 2, "AwayTeam": "Atalanta", "Date": "2018-11-25", "FTAG": 2, "FTHG": 3, "FTR": "H", "HC": 7, "HF": 12, "HR": 0, "HS": 12, "HST": 8, "HTAG": 2, "HTHG": 1, "HTR": "A", "HY": 2, "HomeTeam": "Empoli"},{"AC": 6, "AF": 15, "AR": 0, "AS": 6, "AST": 2, "AY": 1, "AwayTeam": "Sampdoria", "Date": "2018-11-25", "FTAG": 1, "FTHG": 1, "FTR": "D", "HC": 7, "HF": 17, "HR": 0, "HS": 10, "HST": 5, "HTAG": 1, "HTHG": 1, "HTR": "D", "HY": 2, "HomeTeam": "Genoa"},{"AC": 4, "AF": 4, "AR": 0, "AS": 9, "AST": 4, "AY": 1, "AwayTeam": "Milan", "Date": "2018-11-25", "FTAG": 1, "FTHG": 1, "FTR": "D", "HC": 9, "HF": 10, "HR": 0, "HS": 16, "HST": 6, "HTAG": 0, "HTHG": 0, "HTR": "D", "HY": 1, "HomeTeam": "Lazio"},{"AC": 2, "AF": 13, "AR": 0, "AS": 7, "AST": 3, "AY": 2, "AwayTeam": "Chievo", "Date": "2018-11-25", "FTAG": 0, "FTHG": 0, "FTR": "D", "HC": 20, "HF": 11, "HR": 0, "HS": 17, "HST": 10, "HTAG": 0, "HTHG": 0, "HTR": "D", "HY": 2, "HomeTeam": "Napoli"},{"AC": 3, "AF": 14, "AR": 0, "AS": 12, "AST": 5, "AY": 4, "AwayTeam": "Sassuolo", "Date": "2018-11-25", "FTAG": 1, "FTHG": 2, "FTR": "H", "HC": 2, "HF": 14, "HR": 0, "HS": 10, "HST": 4, "HTAG": 1, "HTHG": 2, "HTR": "H", "HY": 3, "HomeTeam": "Parma"},{"AC": 4, "AF": 13, "AR": 0, "AS": 8, "AST": 5, "AY": 0, "AwayTeam": "Torino", "Date": "2018-11-26", "FTAG": 0, "FTHG": 0, "FTR": "D", "HC": 3, "HF": 12, "HR": 0, "HS": 3, "HST": 1, "HTAG": 0, "HTHG": 0, "HTR": "D", "HY": 2, "HomeTeam": "Cagliari"},{"AC": 9, "AF": 8, "AR": 0, "AS": 9, "AST": 6, "AY": 3, "AwayTeam": "Juventus", "Date": "2018-12-01", "FTAG": 3, "FTHG": 0, "FTR": "A", "HC": 4, "HF": 14, "HR": 0, "HS": 12, "HST": 7, "HTAG": 1, "HTHG": 0, "HTR": "A", "HY": 6, "HomeTeam": "Fiorentina"},{"AC": 4, "AF": 10, "AR": 0, "AS": 8, "AST": 4, "AY": 3, "AwayTeam": "Bologna", "Date": "2018-12-01", "FTAG": 1, "FTHG": 4, "FTR": "H", "HC": 1, "HF": 14, "HR": 0, "HS": 8, "HST": 6, "HTAG": 1, "HTHG": 3, "HTR": "H", "HY": 3, "HomeTeam": "Sampdoria"},{"AC": 9, "AF": 14, "AR": 0, "AS": 13, "AST": 8, "AY": 3, "AwayTeam": "Empoli", "Date": "2018-12-01", "FTAG": 2, "FTHG": 2, "FTR": "D", "HC": 4, "HF": 14, "HR": 1, "HS": 9, "HST": 5, "HTAG": 2, "HTHG": 1, "HTR": "A", "HY": 3, "HomeTeam": "Spal"},{"AC": 6, "AF": 11, "AR": 0, "AS": 19, "AST": 7, "AY": 2, "AwayTeam": "Lazio", "Date": "2018-12-02", "FTAG": 1, "FTHG": 1, "FTR": "D", "HC": 4, "HF": 11, "HR": 0, "HS": 5, "HST": 2, "HTAG": 0, "HTHG": 1, "HTR": "H", "HY": 4, "HomeTeam": "Chievo"},{"AC": 1, "AF": 15, "AR": 1, "AS": 18, "AST": 7, "AY": 7, "AwayTeam": "Cagliari", "Date": "2018-12-02", "FTAG": 1, "FTHG": 1, "FTR": "D", "HC": 5, "HF": 13, "HR": 0, "HS": 25, "HST": 11, "HTAG": 0, "HTHG": 1, "HTR": "H", "HY": 1, "HomeTeam": "Frosinone"},{"AC": 8, "AF": 15, "AR": 0, "AS": 7, "AST": 1, "AY": 2, "AwayTeam": "Parma", "Date": "2018-12-02", "FTAG": 1, "FTHG": 2, "FTR": "H", "HC": 8, "HF": 9, "HR": 0, "HS": 19, "HST": 6, "HTAG": 0, "HTHG": 0, "HTR": "D", "HY": 2, "HomeTeam": "Milan"},{"AC": 7, "AF": 13, "AR": 0, "AS": 16, "AST": 7, "AY": 1, "AwayTeam": "Inter", "Date": "2018-12-02", "FTAG": 2, "FTHG": 2, "FTR": "D", "HC": 4, "HF": 11, "HR": 0, "HS": 15, "HST": 6, "HTAG": 1, "HTHG": 0, "HTR": "A", "HY": 1, "HomeTeam": "Roma"},{"AC": 2, "AF": 16, "AR": 0, "AS": 3, "AST": 1, "AY": 2, "AwayTeam": "Udinese", "Date": "2018-12-02", "FTAG": 0, "FTHG": 0, "FTR": "D", "HC": 13, "HF": 13, "HR": 0, "HS": 17, "HST": 3, "HTAG": 0, "HTHG": 0, "HTR": "D", "HY": 3, "HomeTeam": "Sassuolo"},{"AC": 5, "AF": 20, "AR": 1, "AS": 8, "AST": 2, "AY": 4, "AwayTeam": "Genoa", "Date": "2018-12-02", "FTAG": 1, "FTHG": 2, "FTR": "H", "HC": 5, "HF": 14, "HR": 0, "HS": 23, "HST": 10, "HTAG": 1, "HTHG": 2, "HTR": "H", "HY": 3, "HomeTeam": "Torino"},{"AC": 6, "AF": 7, "AR": 0, "AS": 9, "AST": 5, "AY": 2, "AwayTeam": "Napoli", "Date": "2018-12-03", "FTAG": 2, "FTHG": 1, "FTR": "A", "HC": 12, "HF": 8, "HR": 0, "HS": 9, "HST": 3, "HTAG": 1, "HTHG": 0, "HTR": "A", "HY": 1, "HomeTeam": "Atalanta"},{"AC": 8, "AF": 16, "AR": 0, "AS": 8, "AST": 4, "AY": 2, "AwayTeam": "Inter", "Date": "2018-12-07", "FTAG": 0, "FTHG": 1, "FTR": "H", "HC": 10, "HF": 13, "HR": 0, "HS": 14, "HST": 6, "HTAG": 0, "HTHG": 0, "HTR": "D", "HY": 2, "HomeTeam": "Juventus"},{"AC": 5, "AF": 12, "AR": 0, "AS": 14, "AST": 7, "AY": 1, "AwayTeam": "Roma", "Date": "2018-12-08", "FTAG": 2, "FTHG": 2, "FTR": "D", "HC": 7, "HF": 17, "HR": 2, "HS": 10, "HST": 5, "HTAG": 2, "HTHG": 0, "HTR": "A", "HY": 3, "HomeTeam": "Cagliari"},{"AC": 6, "AF": 11, "AR": 1, "AS": 4, "AST": 3, "AY": 6, "AwayTeam": "Sampdoria", "Date": "2018-12-08", "FTAG": 2, "FTHG": 2, "FTR": "D", "HC": 10, "HF": 13, "HR": 0, "HS": 20, "HST": 11, "HTAG": 1, "HTHG": 0, "HTR": "A", "HY": 3, "HomeTeam": "Lazio"},{"AC": 3, "AF": 10, "AR": 0, "AS": 6, "AST": 2, "AY": 2, "AwayTeam": "Frosinone", "Date": "2018-12-08", "FTAG": 0, "FTHG": 4, "FTR": "H", "HC": 9, "HF": 6, "HR": 0, "HS": 18, "HST": 10, "HTAG": 0, "HTHG": 2, "HTR": "H", "HY": 1, "HomeTeam": "Napoli"},{"AC": 8, "AF": 8, "AR": 0, "AS": 14, "AST": 8, "AY": 2, "AwayTeam": "Bologna", "Date": "2018-12-09", "FTAG": 1, "FTHG": 2, "FTR": "H", "HC": 4, "HF": 6, "HR": 0, "HS": 9, "HST": 5, "HTAG": 1, "HTHG": 1, "HTR": "D", "HY": 2, "HomeTeam": "Empoli"},{"AC": 6, "AF": 10, "AR": 0, "AS": 16, "AST": 7, "AY": 5, "AwayTeam": "Spal", "Date": "2018-12-09", "FTAG": 1, "FTHG": 1, "FTR": "D", "HC": 1, "HF": 9, "HR": 1, "HS": 6, "HST": 3, "HTAG": 1, "HTHG": 1, "HTR": "D", "HY": 1, "HomeTeam": "Genoa"},{"AC": 3, "AF": 16, "AR": 0, "AS": 10, "AST": 4, "AY": 3, "AwayTeam": "Torino", "Date": "2018-12-09", "FTAG": 0, "FTHG": 0, "FTR": "D", "HC": 11, "HF": 10, "HR": 0, "HS": 11, "HST": 4, "HTAG": 0, "HTHG": 0, "HTR": "D", "HY": 2, "HomeTeam": "Milan"},{"AC": 2, "AF": 18, "AR": 1, "AS": 7, "AST": 1, "AY": 4, "AwayTeam": "Chievo", "Date": "2018-12-09", "FTAG": 1, "FTHG": 1, "FTR": "D", "HC": 8, "HF": 17, "HR": 0, "HS": 12, "HST": 7, "HTAG": 0, "HTHG": 0, "HTR": "D", "HY": 4, "HomeTeam": "Parma"},{"AC": 10, "AF": 12, "AR": 1, "AS": 11, "AST": 6, "AY": 5, "AwayTeam": "Fiorentina", "Date": "2018-12-09", "FTAG": 3, "FTHG": 3, "FTR": "D", "HC": 6, "HF": 12, "HR": 1, "HS": 11, "HST": 7, "HTAG": 0, "HTHG": 0, "HTR": "D", "HY": 4, "HomeTeam": "Sassuolo"},{"AC": 7, "AF": 6, "AR": 0, "AS": 12, "AST": 4, "AY": 1, "AwayTeam": "Atalanta", "Date": "2018-12-09", "FTAG": 3, "FTHG": 1, "FTR": "A", "HC": 2, "HF": 17, "HR": 0, "HS": 5, "HST": 2, "HTAG": 1, "HTHG": 1, "HTR": "D", "HY": 1, "HomeTeam": "Udinese"},{"AC": 0, "AF": 8, "AR": 0, "AS": 7, "AST": 1, "AY": 1, "AwayTeam": "Udinese", "Date": "2018-12-15", "FTAG": 0, "FTHG": 1, "FTR": "H", "HC": 10, "HF": 11, "HR": 0, "HS": 15, "HST": 4, "HTAG": 0, "HTHG": 0, "HTR": "D", "HY": 3, "HomeTeam": "Inter"},{"AC": 5, "AF": 13, "AR": 0, "AS": 7, "AST": 4, "AY": 4, "AwayTeam": "Juventus", "Date": "2018-12-15", "FTAG": 1, "FTHG": 0, "FTR": "A", "HC": 7, "HF": 17, "HR": 0, "HS": 5, "HST": 3, "HTAG": 0, "HTHG": 0, "HTR": "D", "HY": 2, "HomeTeam": "Torino"},{"AC": 10, "AF": 9, "AR": 0, "AS": 13, "AST": 5, "AY": 2, "AwayTeam": "Napoli", "Date": "2018-12-16", "FTAG": 1, "FTHG": 0, "FTR": "A", "HC": 2, "HF": 15, "HR": 0, "HS": 6, "HST": 2, "HTAG": 0, "HTHG": 0, "HTR": "D", "HY": 2, "HomeTeam": "Cagliari"},{"AC": 3, "AF": 18, "AR": 0, "AS": 8, "AST": 4, "AY": 1, "AwayTeam": "Empoli", "Date": "2018-12-16", "FTAG": 1, "FTHG": 3, "FTR": "H", "HC": 2, "HF": 20, "HR": 0, "HS": 15, "HST": 9, "HTAG": 1, "HTHG": 1, "HTR": "D", "HY": 2, "HomeTeam": "Fiorentina"},{"AC": 5, "AF": 10, "AR": 0, "AS": 13, "AST": 3, "AY": 2, "AwayTeam": "Sassuolo", "Date": "2018-12-16", "FTAG": 2, "FTHG": 0, "FTR": "A", "HC": 6, "HF": 18, "HR": 0, "HS": 9, "HST": 3, "HTAG": 1, "HTHG": 0, "HTR": "A", "HY": 3, "HomeTeam": "Frosinone"},{"AC": 4, "AF": 15, "AR": 0, "AS": 11, "AST": 8, "AY": 2, "AwayTeam": "Genoa", "Date": "2018-12-16", "FTAG": 2, "FTHG": 3, "FTR": "H", "HC": 6, "HF": 10, "HR": 0, "HS": 14, "HST": 7, "HTAG": 2, "HTHG": 2, "HTR": "D", "HY": 2, "HomeTeam": "Roma"},{"AC": 4, "AF": 7, "AR": 0, "AS": 2, "AST": 0, "AY": 1, "AwayTeam": "Parma", "Date": "2018-12-16", "FTAG": 0, "FTHG": 2, "FTR": "H", "HC": 8, "HF": 10, "HR": 0, "HS": 12, "HST": 10, "HTAG": 0, "HTHG": 0, "HTR": "D", "HY": 2, "HomeTeam": "Sampdoria"},{"AC": 4, "AF": 18, "AR": 0, "AS": 8, "AST": 6, "AY": 4, "AwayTeam": "Chievo", "Date": "2018-12-16", "FTAG": 0, "FTHG": 0, "FTR": "D", "HC": 6, "HF": 14, "HR": 0, "HS": 10, "HST": 3, "HTAG": 0, "HTHG": 0, "HTR": "D", "HY": 2, "HomeTeam": "Spal"},{"AC": 7, "AF": 17, "AR": 0, "AS": 11, "AST": 3, "AY": 4, "AwayTeam": "Lazio", "Date": "2018-12-17", "FTAG": 0, "FTHG": 1, "FTR": "H", "HC": 7, "HF": 10, "HR": 0, "HS": 4, "HST": 2, "HTAG": 0, "HTHG": 1, "HTR": "H", "HY": 2, "HomeTeam": "Atalanta"},{"AC": 1, "AF": 12, "AR": 1, "AS": 11, "AST": 4, "AY": 5, "AwayTeam": "Milan", "Date": "2018-12-18", "FTAG": 0, "FTHG": 0, "FTR": "D", "HC": 2, "HF": 12, "HR": 0, "HS": 7, "HST": 6, "HTAG": 0, "HTHG": 0, "HTR": "D", "HY": 2, "HomeTeam": "Bologna"},{"AC": 7, "AF": 10, "AR": 0, "AS": 9, "AST": 3, "AY": 2, "AwayTeam": "Inter", "Date": "2018-12-22", "FTAG": 1, "FTHG": 1, "FTR": "D", "HC": 5, "HF": 10, "HR": 0, "HS": 6, "HST": 3, "HTAG": 1, "HTHG": 0, "HTR": "A", "HY": 3, "HomeTeam": "Chievo"},{"AC": 5, "AF": 9, "AR": 0, "AS": 15, "AST": 12, "AY": 4, "AwayTeam": "Sampdoria", "Date": "2018-12-22", "FTAG": 4, "FTHG": 2, "FTR": "A", "HC": 8, "HF": 14, "HR": 0, "HS": 6, "HST": 3, "HTAG": 1, "HTHG": 1, "HTR": "D", "HY": 3, "HomeTeam": "Empoli"},{"AC": 6, "AF": 13, "AR": 2, "AS": 10, "AST": 6, "AY": 2, "AwayTeam": "Atalanta", "Date": "2018-12-22", "FTAG": 1, "FTHG": 3, "FTR": "H", "HC": 9, "HF": 13, "HR": 0, "HS": 15, "HST": 7, "HTAG": 0, "HTHG": 1, "HTR": "H", "HY": 3, "HomeTeam": "Genoa"},{"AC": 2, "AF": 12, "AR": 0, "AS": 4, "AST": 4, "AY": 3, "AwayTeam": "Roma", "Date": "2018-12-22", "FTAG": 0, "FTHG": 1, "FTR": "H", "HC": 13, "HF": 9, "HR": 0, "HS": 15, "HST": 7, "HTAG": 0, "HTHG": 1, "HTR": "H", "HY": 0, "HomeTeam": "Juventus"},{"AC": 5, "AF": 9, "AR": 0, "AS": 9, "AST": 5, "AY": 1, "AwayTeam": "Cagliari", "Date": "2018-12-22", "FTAG": 1, "FTHG": 3, "FTR": "H", "HC": 7, "HF": 16, "HR": 0, "HS": 15, "HST": 10, "HTAG": 0, "HTHG": 2, "HTR": "H", "HY": 2, "HomeTeam": "Lazio"},{"AC": 7, "AF": 18, "AR": 0, "AS": 7, "AST": 1, "AY": 4, "AwayTeam": "Fiorentina", "Date": "2018-12-22", "FTAG": 1, "FTHG": 0, "FTR": "A", "HC": 9, "HF": 10, "HR": 0, "HS": 11, "HST": 7, "HTAG": 0, "HTHG": 0, "HTR": "D", "HY": 3, "HomeTeam": "Milan"},{"AC": 5, "AF": 8, "AR": 0, "AS": 10, "AST": 6, "AY": 2, "AwayTeam": "Spal", "Date": "2018-12-22", "FTAG": 0, "FTHG": 1, "FTR": "H", "HC": 3, "HF": 13, "HR": 0, "HS": 15, "HST": 8, "HTAG": 0, "HTHG": 1, "HTR": "H", "HY": 2, "HomeTeam": "Napoli"},{"AC": 2, "AF": 9, "AR": 0, "AS": 5, "AST": 2, "AY": 3, "AwayTeam": "Bologna", "Date": "2018-12-22", "FTAG": 0, "FTHG": 0, "FTR": "D", "HC": 4, "HF": 8, "HR": 0, "HS": 7, "HST": 1, "HTAG": 0, "HTHG": 0, "HTR": "D", "HY": 3, "HomeTeam": "Parma"},{"AC": 2, "AF": 15, "AR": 0, "AS": 4, "AST": 3, "AY": 3, "AwayTeam": "Torino", "Date": "2018-12-22", "FTAG": 1, "FTHG": 1, "FTR": "D", "HC": 12, "HF": 12, "HR": 0, "HS": 11, "HST": 6, "HTAG": 0, "HTHG": 0, "HTR": "D", "HY": 2, "HomeTeam": "Sassuolo"},{"AC": 5, "AF": 16, "AR": 0, "AS": 10, "AST": 6, "AY": 4, "AwayTeam": "Frosinone", "Date": "2018-12-22", "FTAG": 1, "FTHG": 1, "FTR": "D", "HC": 2, "HF": 11, "HR": 0, "HS": 9, "HST": 1, "HTAG": 0, "HTHG": 1, "HTR": "H", "HY": 2, "HomeTeam": "Udinese"},{"AC": 5, "AF": 16, "AR": 1, "AS": 10, "AST": 3, "AY": 4, "AwayTeam": "Juventus", "Date": "2018-12-26", "FTAG": 2, "FTHG": 2, "FTR": "D", "HC": 5, "HF": 17, "HR": 0, "HS": 10, "HST": 6, "HTAG": 1, "HTHG": 1, "HTR": "D", "HY": 4, "HomeTeam": "Atalanta"},{"AC": 7, "AF": 18, "AR": 0, "AS": 11, "AST": 7, "AY": 0, "AwayTeam": "Lazio", "Date": "2018-12-26", "FTAG": 2, "FTHG": 0, "FTR": "A", "HC": 1, "HF": 15, "HR": 0, "HS": 6, "HST": 3, "HTAG": 1, "HTHG": 0, "HTR": "A", "HY": 2, "HomeTeam": "Bologna"},{"AC": 4, "AF": 9, "AR": 0, "AS": 10, "AST": 4, "AY": 3, "AwayTeam": "Genoa", "Date": "2018-12-26", "FTAG": 0, "FTHG": 1, "FTR": "H", "HC": 4, "HF": 8, "HR": 0, "HS": 12, "HST": 7, "HTAG": 0, "HTHG": 1, "HTR": "H", "HY": 3, "HomeTeam": "Cagliari"},{"AC": 2, "AF": 15, "AR": 0, "AS": 3, "AST": 2, "AY": 4, "AwayTeam": "Parma", "Date": "2018-12-26", "FTAG": 1, "FTHG": 0, "FTR": "A", "HC": 9, "HF": 15, "HR": 1, "HS": 16, "HST": 7, "HTAG": 1, "HTHG": 0, "HTR": "A", "HY": 4, "HomeTeam": "Fiorentina"},{"AC": 6, "AF": 12, "AR": 0, "AS": 16, "AST": 8, "AY": 1, "AwayTeam": "Milan", "Date": "2018-12-26", "FTAG": 0, "FTHG": 0, "FTR": "D", "HC": 3, "HF": 10, "HR": 0, "HS": 11, "HST": 5, "HTAG": 0, "HTHG": 0, "HTR": "D", "HY": 2, "HomeTeam": "Frosinone"},{"AC": 0, "AF": 8, "AR": 2, "AS": 9, "AST": 4, "AY": 4, "AwayTeam": "Napoli", "Date": "2018-12-26", "FTAG": 0, "FTHG": 1, "FTR": "H", "HC": 5, "HF": 12, "HR": 0, "HS": 9, "HST": 5, "HTAG": 0, "HTHG": 0, "HTR": "D", "HY": 3, "HomeTeam": "Inter"},{"AC": 5, "AF": 16, "AR": 0, "AS": 8, "AST": 3, "AY": 1, "AwayTeam": "Sassuolo", "Date": "2018-12-26", "FTAG": 1, "FTHG": 3, "FTR": "H", "HC": 8, "HF": 15, "HR": 0, "HS": 16, "HST": 10, "HTAG": 0, "HTHG": 2, "HTR": "H", "HY": 1, "HomeTeam": "Roma"},{"AC": 1, "AF": 19, "AR": 0, "AS": 7, "AST": 1, "AY": 1, "AwayTeam": "Chievo", "Date": "2018-12-26", "FTAG": 0, "FTHG": 2, "FTR": "H", "HC": 4, "HF": 22, "HR": 0, "HS": 10, "HST": 6, "HTAG": 0, "HTHG": 0, "HTR": "D", "HY": 2, "HomeTeam": "Sampdoria"},{"AC": 2, "AF": 14, "AR": 0, "AS": 3, "AST": 1, "AY": 2, "AwayTeam": "Udinese", "Date": "2018-12-26", "FTAG": 0, "FTHG": 0, "FTR": "D", "HC": 7, "HF": 10, "HR": 0, "HS": 7, "HST": 4, "HTAG": 0, "HTHG": 0, "HTR": "D", "HY": 1, "HomeTeam": "Spal"},{"AC": 1, "AF": 9, "AR": 1, "AS": 5, "AST": 1, "AY": 3, "AwayTeam": "Empoli", "Date": "2018-12-26", "FTAG": 0, "FTHG": 3, "FTR": "H", "HC": 5, "HF": 9, "HR": 0, "HS": 13, "HST": 10, "HTAG": 0, "HTHG": 1, "HTR": "H", "HY": 1, "HomeTeam": "Torino"},{"AC": 2, "AF": 20, "AR": 1, "AS": 12, "AST": 4, "AY": 6, "AwayTeam": "Frosinone", "Date": "2018-12-29", "FTAG": 0, "FTHG": 1, "FTR": "H", "HC": 4, "HF": 16, "HR": 0, "HS": 9, "HST": 3, "HTAG": 0, "HTHG": 0, "HTR": "D", "HY": 4, "HomeTeam": "Chievo"},{"AC": 6, "AF": 4, "AR": 0, "AS": 7, "AST": 6, "AY": 1, "AwayTeam": "Inter", "Date": "2018-12-29", "FTAG": 1, "FTHG": 0, "FTR": "A", "HC": 4, "HF": 14, "HR": 0, "HS": 7, "HST": 3, "HTAG": 0, "HTHG": 0, "HTR": "D", "HY": 1, "HomeTeam": "Empoli"},{"AC": 3, "AF": 8, "AR": 0, "AS": 8, "AST": 6, "AY": 1, "AwayTeam": "Fiorentina", "Date": "2018-12-29", "FTAG": 0, "FTHG": 0, "FTR": "D", "HC": 7, "HF": 21, "HR": 0, "HS": 7, "HST": 3, "HTAG": 0, "HTHG": 0, "HTR": "D", "HY": 2, "HomeTeam": "Genoa"},{"AC": 3, "AF": 16, "AR": 0, "AS": 7, "AST": 3, "AY": 2, "AwayTeam": "Sampdoria", "Date": "2018-12-29", "FTAG": 1, "FTHG": 2, "FTR": "H", "HC": 6, "HF": 13, "HR": 0, "HS": 15, "HST": 8, "HTAG": 1, "HTHG": 1, "HTR": "D", "HY": 2, "HomeTeam": "Juventus"},{"AC": 3, "AF": 22, "AR": 1, "AS": 7, "AST": 6, "AY": 4, "AwayTeam": "Torino", "Date": "2018-12-29", "FTAG": 1, "FTHG": 1, "FTR": "D", "HC": 7, "HF": 20, "HR": 1, "HS": 10, "HST": 5, "HTAG": 1, "HTHG": 0, "HTR": "A", "HY": 4, "HomeTeam": "Lazio"},{"AC": 2, "AF": 10, "AR": 0, "AS": 9, "AST": 4, "AY": 2, "AwayTeam": "Spal", "Date": "2018-12-29", "FTAG": 1, "FTHG": 2, "FTR": "H", "HC": 11, "HF": 15, "HR": 1, "HS": 11, "HST": 6, "HTAG": 1, "HTHG": 1, "HTR": "D", "HY": 4, "HomeTeam": "Milan"},{"AC": 5, "AF": 10, "AR": 0, "AS": 10, "AST": 4, "AY": 2, "AwayTeam": "Bologna", "Date": "2018-12-29", "FTAG": 2, "FTHG": 3, "FTR": "H", "HC": 6, "HF": 14, "HR": 0, "HS": 14, "HST": 9, "HTAG": 1, "HTHG": 1, "HTR": "D", "HY": 2, "HomeTeam": "Napoli"},{"AC": 7, "AF": 11, "AR": 0, "AS": 19, "AST": 8, "AY": 1, "AwayTeam": "Roma", "Date": "2018-12-29", "FTAG": 2, "FTHG": 0, "FTR": "A", "HC": 2, "HF": 7, "HR": 0, "HS": 3, "HST": 2, "HTAG": 0, "HTHG": 0, "HTR": "D", "HY": 1, "HomeTeam": "Parma"},{"AC": 8, "AF": 10, "AR": 0, "AS": 13, "AST": 9, "AY": 2, "AwayTeam": "Atalanta", "Date": "2018-12-29", "FTAG": 6, "FTHG": 2, "FTR": "A", "HC": 1, "HF": 10, "HR": 0, "HS": 13, "HST": 8, "HTAG": 2, "HTHG": 0, "HTR": "A", "HY": 1, "HomeTeam": "Sassuolo"},{"AC": 6, "AF": 15, "AR": 1, "AS": 4, "AST": 1, "AY": 2, "AwayTeam": "Cagliari", "Date": "2018-12-29", "FTAG": 0, "FTHG": 2, "FTR": "H", "HC": 6, "HF": 11, "HR": 1, "HS": 19, "HST": 7, "HTAG": 0, "HTHG": 1, "HTR": "H", "HY": 3, "HomeTeam": "Udinese"}]